"Notes","Ten-Year Age Groups","Ten-Year Age Groups Code","Residence State","Residence State Code","Year","Year Code","Sex","Sex Code",Deaths,Population,Crude Rate,Crude Rate Lower 95% Confidence Interval,Crude Rate Upper 95% Confidence Interval
,"55-64 years","55-64","Alabama","01","2021","2021","Female","F",130,348142,37.3,30.9,43.8
,"55-64 years","55-64","Alabama","01","2021","2021","Male","M",171,324231,52.7,44.8,60.6
,"55-64 years","55-64","Alabama","01","2022","2022","Female","F",112,339944,32.9,26.8,39.0
,"55-64 years","55-64","Alabama","01","2022","2022","Male","M",205,318486,64.4,55.6,73.2
,"55-64 years","55-64","Alabama","01","2023","2023","Female","F",103,338419,30.4,24.6,36.3
,"55-64 years","55-64","Alabama","01","2023","2023","Male","M",177,315647,56.1,47.8,64.3
,"55-64 years","55-64","Alabama","01","2024","2024","Female","F",111,336308,33.0,26.9,39.1
,"55-64 years","55-64","Alabama","01","2024","2024","Male","M",189,313480,60.3,51.7,68.9
,"55-64 years","55-64","Alabama","01","2025 (provisional)","2025","Female","F",124,336308,36.9,30.4,43.4
,"55-64 years","55-64","Alabama","01","2025 (provisional)","2025","Male","M",182,313480,58.1,49.6,66.5
,"55-64 years","55-64","Alaska","02","2021","2021","Female","F",Suppressed,43150,Suppressed,Suppressed,Suppressed
,"55-64 years","55-64","Alaska","02","2021","2021","Male","M",Suppressed,47226,Suppressed,Suppressed,Suppressed
,"55-64 years","55-64","Alaska","02","2022","2022","Female","F",Suppressed,41431,Suppressed,Suppressed,Suppressed
,"55-64 years","55-64","Alaska","02","2022","2022","Male","M",10,45810,21.8,10.5,40.1
,"55-64 years","55-64","Alaska","02","2023","2023","Female","F",Suppressed,40587,Suppressed,Suppressed,Suppressed
,"55-64 years","55-64","Alaska","02","2023","2023","Male","M",Suppressed,44577,Suppressed,Suppressed,Suppressed
,"55-64 years","55-64","Alaska","02","2024","2024","Female","F",Suppressed,39767,Suppressed,Suppressed,Suppressed
,"55-64 years","55-64","Alaska","02","2024","2024","Male","M",10,43769,22.8,11.0,42.0
,"55-64 years","55-64","Alaska","02","2025 (provisional)","2025","Female","F",Suppressed,39767,Suppressed,Suppressed,Suppressed
,"55-64 years","55-64","Alaska","02","2025 (provisional)","2025","Male","M",Suppressed,43769,Suppressed,Suppressed,Suppressed
,"55-64 years","55-64","Arizona","04","2021","2021","Female","F",33,452647,7.3,5.0,10.2
,"55-64 years","55-64","Arizona","04","2021","2021","Male","M",79,427238,18.5,14.6,23.0
,"55-64 years","55-64","Arizona","04","2022","2022","Female","F",41,446674,9.2,6.6,12.5
,"55-64 years","55-64","Arizona","04","2022","2022","Male","M",104,425289,24.5,19.8,29.2
,"55-64 years","55-64","Arizona","04","2023","2023","Female","F",51,451318,11.3,8.4,14.9
,"55-64 years","55-64","Arizona","04","2023","2023","Male","M",88,428260,20.5,16.5,25.3
,"55-64 years","55-64","Arizona","04","2024","2024","Female","F",33,451811,7.3,5.0,10.3
,"55-64 years","55-64","Arizona","04","2024","2024","Male","M",85,429219,19.8,15.8,24.5
,"55-64 years","55-64","Arizona","04","2025 (provisional)","2025","Female","F",43,451811,9.5,6.9,12.8
,"55-64 years","55-64","Arizona","04","2025 (provisional)","2025","Male","M",83,429219,19.3,15.4,24.0
,"55-64 years","55-64","Arkansas","05","2021","2021","Female","F",48,196927,24.4,18.0,32.3
,"55-64 years","55-64","Arkansas","05","2021","2021","Male","M",61,187969,32.5,24.8,41.7
,"55-64 years","55-64","Arkansas","05","2022","2022","Female","F",59,193058,30.6,23.3,39.4
,"55-64 years","55-64","Arkansas","05","2022","2022","Male","M",84,185254,45.3,36.2,56.1
,"55-64 years","55-64","Arkansas","05","2023","2023","Female","F",65,191999,33.9,26.1,43.2
,"55-64 years","55-64","Arkansas","05","2023","2023","Male","M",95,183592,51.7,41.9,63.3
,"55-64 years","55-64","Arkansas","05","2024","2024","Female","F",53,190581,27.8,20.8,36.4
,"55-64 years","55-64","Arkansas","05","2024","2024","Male","M",91,181945,50.0,40.3,61.4
,"55-64 years","55-64","Arkansas","05","2025 (provisional)","2025","Female","F",55,190581,28.9,21.7,37.6
,"55-64 years","55-64","Arkansas","05","2025 (provisional)","2025","Male","M",79,181945,43.4,34.4,54.1
,"55-64 years","55-64","California","06","2021","2021","Female","F",215,2411891,8.9,7.7,10.1
,"55-64 years","55-64","California","06","2021","2021","Male","M",560,2365841,23.7,21.7,25.6
,"55-64 years","55-64","California","06","2022","2022","Female","F",259,2357156,11.0,9.6,12.3
,"55-64 years","55-64","California","06","2022","2022","Male","M",497,2330153,21.3,19.5,23.2
,"55-64 years","55-64","California","06","2023","2023","Female","F",242,2358266,10.3,9.0,11.6
,"55-64 years","55-64","California","06","2023","2023","Male","M",533,2318062,23.0,21.0,24.9
,"55-64 years","55-64","California","06","2024","2024","Female","F",237,2358271,10.0,8.8,11.3
,"55-64 years","55-64","California","06","2024","2024","Male","M",532,2319014,22.9,21.0,24.9
,"55-64 years","55-64","California","06","2025 (provisional)","2025","Female","F",214,2358271,9.1,7.9,10.3
,"55-64 years","55-64","California","06","2025 (provisional)","2025","Male","M",519,2319014,22.4,20.5,24.3
,"55-64 years","55-64","Colorado","08","2021","2021","Female","F",22,354867,6.2,3.9,9.4
,"55-64 years","55-64","Colorado","08","2021","2021","Male","M",48,347352,13.8,10.2,18.3
,"55-64 years","55-64","Colorado","08","2022","2022","Female","F",18,344628,5.2,3.1,8.3
,"55-64 years","55-64","Colorado","08","2022","2022","Male","M",50,339228,14.7,10.9,19.4
,"55-64 years","55-64","Colorado","08","2023","2023","Female","F",20,341432,5.9,3.6,9.0
,"55-64 years","55-64","Colorado","08","2023","2023","Male","M",47,335193,14.0,10.3,18.6
,"55-64 years","55-64","Colorado","08","2024","2024","Female","F",26,338004,7.7,5.0,11.3
,"55-64 years","55-64","Colorado","08","2024","2024","Male","M",46,333541,13.8,10.1,18.4
,"55-64 years","55-64","Colorado","08","2025 (provisional)","2025","Female","F",28,338004,8.3,5.5,12.0
,"55-64 years","55-64","Colorado","08","2025 (provisional)","2025","Male","M",34,333541,10.2,7.1,14.2
,"55-64 years","55-64","Connecticut","09","2021","2021","Female","F",14,266703,5.2,2.9,8.8
,"55-64 years","55-64","Connecticut","09","2021","2021","Male","M",34,254289,13.4,9.3,18.7
,"55-64 years","55-64","Connecticut","09","2022","2022","Female","F",20,264509,7.6,4.6,11.7
,"55-64 years","55-64","Connecticut","09","2022","2022","Male","M",29,251227,11.5,7.7,16.6
,"55-64 years","55-64","Connecticut","09","2023","2023","Female","F",20,260500,7.7,4.7,11.9
,"55-64 years","55-64","Connecticut","09","2023","2023","Male","M",36,246341,14.6,10.2,20.2
,"55-64 years","55-64","Connecticut","09","2024","2024","Female","F",23,258404,8.9,5.6,13.4
,"55-64 years","55-64","Connecticut","09","2024","2024","Male","M",28,243674,11.5,7.6,16.6
,"55-64 years","55-64","Connecticut","09","2025 (provisional)","2025","Female","F",25,258404,9.7,6.3,14.3
,"55-64 years","55-64","Connecticut","09","2025 (provisional)","2025","Male","M",32,243674,13.1,9.0,18.5
,"55-64 years","55-64","Delaware","10","2021","2021","Female","F",Suppressed,75601,Suppressed,Suppressed,Suppressed
,"55-64 years","55-64","Delaware","10","2021","2021","Male","M",13,67917,19.1,10.2,32.7
,"55-64 years","55-64","Delaware","10","2022","2022","Female","F",Suppressed,75472,Suppressed,Suppressed,Suppressed
,"55-64 years","55-64","Delaware","10","2022","2022","Male","M",11,68024,16.2,8.1,28.9
,"55-64 years","55-64","Delaware","10","2023","2023","Female","F",Suppressed,75781,Suppressed,Suppressed,Suppressed
,"55-64 years","55-64","Delaware","10","2023","2023","Male","M",20,67598,29.6,18.1,45.7
,"55-64 years","55-64","Delaware","10","2024","2024","Female","F",Suppressed,75349,Suppressed,Suppressed,Suppressed
,"55-64 years","55-64","Delaware","10","2024","2024","Male","M",11,67070,16.4,8.2,29.3
,"55-64 years","55-64","Delaware","10","2025 (provisional)","2025","Female","F",Suppressed,75349,Suppressed,Suppressed,Suppressed
,"55-64 years","55-64","Delaware","10","2025 (provisional)","2025","Male","M",17,67070,25.3,14.8,40.6
,"55-64 years","55-64","District of Columbia","11","2021","2021","Female","F",Suppressed,33867,Suppressed,Suppressed,Suppressed
,"55-64 years","55-64","District of Columbia","11","2021","2021","Male","M",14,32149,43.5,23.8,73.1
,"55-64 years","55-64","District of Columbia","11","2022","2022","Female","F",Suppressed,32582,Suppressed,Suppressed,Suppressed
,"55-64 years","55-64","District of Columbia","11","2022","2022","Male","M",Suppressed,31490,Suppressed,Suppressed,Suppressed
,"55-64 years","55-64","District of Columbia","11","2023","2023","Female","F",Suppressed,32355,Suppressed,Suppressed,Suppressed
,"55-64 years","55-64","District of Columbia","11","2023","2023","Male","M",Suppressed,31020,Suppressed,Suppressed,Suppressed
,"55-64 years","55-64","District of Columbia","11","2024","2024","Female","F",Suppressed,32596,Suppressed,Suppressed,Suppressed
,"55-64 years","55-64","District of Columbia","11","2024","2024","Male","M",13,31557,41.2,21.9,70.4
,"55-64 years","55-64","District of Columbia","11","2025 (provisional)","2025","Female","F",Suppressed,32596,Suppressed,Suppressed,Suppressed
,"55-64 years","55-64","District of Columbia","11","2025 (provisional)","2025","Male","M",13,31557,41.2,21.9,70.4
,"55-64 years","55-64","Florida","12","2021","2021","Female","F",145,1540942,9.4,7.9,10.9
,"55-64 years","55-64","Florida","12","2021","2021","Male","M",291,1438628,20.2,17.9,22.6
,"55-64 years","55-64","Florida","12","2022","2022","Female","F",174,1540467,11.3,9.6,13.0
,"55-64 years","55-64","Florida","12","2022","2022","Male","M",291,1449753,20.1,17.8,22.4
,"55-64 years","55-64","Florida","12","2023","2023","Female","F",143,1562475,9.2,7.7,10.7
,"55-64 years","55-64","Florida","12","2023","2023","Male","M",315,1464823,21.5,19.1,23.9
,"55-64 years","55-64","Florida","12","2024","2024","Female","F",141,1576603,8.9,7.5,10.4
,"55-64 years","55-64","Florida","12","2024","2024","Male","M",267,1479959,18.0,15.9,20.2
,"55-64 years","55-64","Florida","12","2025 (provisional)","2025","Female","F",141,1576603,8.9,7.5,10.4
,"55-64 years","55-64","Florida","12","2025 (provisional)","2025","Male","M",325,1479959,22.0,19.6,24.3
,"55-64 years","55-64","Georgia","13","2021","2021","Female","F",173,694494,24.9,21.2,28.6
,"55-64 years","55-64","Georgia","13","2021","2021","Male","M",313,648643,48.3,42.9,53.6
,"55-64 years","55-64","Georgia","13","2022","2022","Female","F",187,689832,27.1,23.2,31.0
,"55-64 years","55-64","Georgia","13","2022","2022","Male","M",328,647483,50.7,45.2,56.1
,"55-64 years","55-64","Georgia","13","2023","2023","Female","F",177,695824,25.4,21.7,29.2
,"55-64 years","55-64","Georgia","13","2023","2023","Male","M",281,649662,43.3,38.2,48.3
,"55-64 years","55-64","Georgia","13","2024","2024","Female","F",172,700374,24.6,20.9,28.2
,"55-64 years","55-64","Georgia","13","2024","2024","Male","M",298,653816,45.6,40.4,50.8
,"55-64 years","55-64","Georgia","13","2025 (provisional)","2025","Female","F",163,700374,23.3,19.7,26.8
,"55-64 years","55-64","Georgia","13","2025 (provisional)","2025","Male","M",291,653816,44.5,39.4,49.6
,"55-64 years","55-64","Hawaii","15","2021","2021","Female","F",Suppressed,91063,Suppressed,Suppressed,Suppressed
,"55-64 years","55-64","Hawaii","15","2021","2021","Male","M",13,90092,14.4,7.7,24.7
,"55-64 years","55-64","Hawaii","15","2022","2022","Female","F",12,88928,13.5,7.0,23.6
,"55-64 years","55-64","Hawaii","15","2022","2022","Male","M",17,88043,19.3,11.2,30.9
,"55-64 years","55-64","Hawaii","15","2023","2023","Female","F",Suppressed,88884,Suppressed,Suppressed,Suppressed
,"55-64 years","55-64","Hawaii","15","2023","2023","Male","M",16,87233,18.3,10.5,29.8
,"55-64 years","55-64","Hawaii","15","2024","2024","Female","F",10,88188,11.3,5.4,20.9
,"55-64 years","55-64","Hawaii","15","2024","2024","Male","M",14,86124,16.3,8.9,27.3
,"55-64 years","55-64","Hawaii","15","2025 (provisional)","2025","Female","F",Suppressed,88188,Suppressed,Suppressed,Suppressed
,"55-64 years","55-64","Hawaii","15","2025 (provisional)","2025","Male","M",25,86124,29.0,18.8,42.9
,"55-64 years","55-64","Idaho","16","2021","2021","Female","F",11,115794,9.5,4.7,17.0
,"55-64 years","55-64","Idaho","16","2021","2021","Male","M",12,112824,10.6,5.5,18.6
,"55-64 years","55-64","Idaho","16","2022","2022","Female","F",17,113837,14.9,8.7,23.9
,"55-64 years","55-64","Idaho","16","2022","2022","Male","M",19,112262,16.9,10.2,26.4
,"55-64 years","55-64","Idaho","16","2023","2023","Female","F",Suppressed,113746,Suppressed,Suppressed,Suppressed
,"55-64 years","55-64","Idaho","16","2023","2023","Male","M",17,112158,15.2,8.8,24.3
,"55-64 years","55-64","Idaho","16","2024","2024","Female","F",Suppressed,113775,Suppressed,Suppressed,Suppressed
,"55-64 years","55-64","Idaho","16","2024","2024","Male","M",21,112553,18.7,11.5,28.5
,"55-64 years","55-64","Idaho","16","2025 (provisional)","2025","Female","F",Suppressed,113775,Suppressed,Suppressed,Suppressed
,"55-64 years","55-64","Idaho","16","2025 (provisional)","2025","Male","M",14,112553,12.4,6.8,20.9
,"55-64 years","55-64","Illinois","17","2021","2021","Female","F",131,838191,15.6,13.0,18.3
,"55-64 years","55-64","Illinois","17","2021","2021","Male","M",215,812391,26.5,22.9,30.0
,"55-64 years","55-64","Illinois","17","2022","2022","Female","F",118,813699,14.5,11.9,17.1
,"55-64 years","55-64","Illinois","17","2022","2022","Male","M",200,792607,25.2,21.7,28.7
,"55-64 years","55-64","Illinois","17","2023","2023","Female","F",110,804509,13.7,11.1,16.2
,"55-64 years","55-64","Illinois","17","2023","2023","Male","M",224,779514,28.7,25.0,32.5
,"55-64 years","55-64","Illinois","17","2024","2024","Female","F",119,795022,15.0,12.3,17.7
,"55-64 years","55-64","Illinois","17","2024","2024","Male","M",168,771197,21.8,18.5,25.1
,"55-64 years","55-64","Illinois","17","2025 (provisional)","2025","Female","F",133,795022,16.7,13.9,19.6
,"55-64 years","55-64","Illinois","17","2025 (provisional)","2025","Male","M",214,771197,27.7,24.0,31.5
,"55-64 years","55-64","Indiana","18","2021","2021","Female","F",87,443216,19.6,15.7,24.2
,"55-64 years","55-64","Indiana","18","2021","2021","Male","M",120,430610,27.9,22.9,32.9
,"55-64 years","55-64","Indiana","18","2022","2022","Female","F",73,433465,16.8,13.2,21.2
,"55-64 years","55-64","Indiana","18","2022","2022","Male","M",129,423127,30.5,25.2,35.7
,"55-64 years","55-64","Indiana","18","2023","2023","Female","F",70,428389,16.3,12.7,20.6
,"55-64 years","55-64","Indiana","18","2023","2023","Male","M",123,415965,29.6,24.3,34.8
,"55-64 years","55-64","Indiana","18","2024","2024","Female","F",59,422864,14.0,10.6,18.0
,"55-64 years","55-64","Indiana","18","2024","2024","Male","M",109,411176,26.5,21.5,31.5
,"55-64 years","55-64","Indiana","18","2025 (provisional)","2025","Female","F",81,422864,19.2,15.2,23.8
,"55-64 years","55-64","Indiana","18","2025 (provisional)","2025","Male","M",133,411176,32.3,26.8,37.8
,"55-64 years","55-64","Iowa","19","2021","2021","Female","F",32,206308,15.5,10.6,21.9
,"55-64 years","55-64","Iowa","19","2021","2021","Male","M",44,205882,21.4,15.5,28.7
,"55-64 years","55-64","Iowa","19","2022","2022","Female","F",13,200517,6.5,3.5,11.1
,"55-64 years","55-64","Iowa","19","2022","2022","Male","M",34,201061,16.9,11.7,23.6
,"55-64 years","55-64","Iowa","19","2023","2023","Female","F",30,198145,15.1,10.2,21.6
,"55-64 years","55-64","Iowa","19","2023","2023","Male","M",36,197449,18.2,12.8,25.2
,"55-64 years","55-64","Iowa","19","2024","2024","Female","F",31,194957,15.9,10.8,22.6
,"55-64 years","55-64","Iowa","19","2024","2024","Male","M",38,194103,19.6,13.9,26.9
,"55-64 years","55-64","Iowa","19","2025 (provisional)","2025","Female","F",25,194957,12.8,8.3,18.9
,"55-64 years","55-64","Iowa","19","2025 (provisional)","2025","Male","M",50,194103,25.8,19.1,34.0
,"55-64 years","55-64","Kansas","20","2021","2021","Female","F",29,185358,15.6,10.5,22.5
,"55-64 years","55-64","Kansas","20","2021","2021","Male","M",40,180695,22.1,15.8,30.1
,"55-64 years","55-64","Kansas","20","2022","2022","Female","F",26,179056,14.5,9.5,21.3
,"55-64 years","55-64","Kansas","20","2022","2022","Male","M",47,175677,26.8,19.7,35.6
,"55-64 years","55-64","Kansas","20","2023","2023","Female","F",33,175622,18.8,12.9,26.4
,"55-64 years","55-64","Kansas","20","2023","2023","Male","M",48,171887,27.9,20.6,37.0
,"55-64 years","55-64","Kansas","20","2024","2024","Female","F",18,172733,10.4,6.2,16.5
,"55-64 years","55-64","Kansas","20","2024","2024","Male","M",46,169067,27.2,19.9,36.3
,"55-64 years","55-64","Kansas","20","2025 (provisional)","2025","Female","F",34,172733,19.7,13.6,27.5
,"55-64 years","55-64","Kansas","20","2025 (provisional)","2025","Male","M",40,169067,23.7,16.9,32.2
,"55-64 years","55-64","Kentucky","21","2021","2021","Female","F",79,306721,25.8,20.4,32.1
,"55-64 years","55-64","Kentucky","21","2021","2021","Male","M",92,291887,31.5,25.4,38.7
,"55-64 years","55-64","Kentucky","21","2022","2022","Female","F",47,300061,15.7,11.5,20.8
,"55-64 years","55-64","Kentucky","21","2022","2022","Male","M",82,287460,28.5,22.7,35.4
,"55-64 years","55-64","Kentucky","21","2023","2023","Female","F",65,296480,21.9,16.9,27.9
,"55-64 years","55-64","Kentucky","21","2023","2023","Male","M",104,283159,36.7,29.7,43.8
,"55-64 years","55-64","Kentucky","21","2024","2024","Female","F",57,293822,19.4,14.7,25.1
,"55-64 years","55-64","Kentucky","21","2024","2024","Male","M",105,280820,37.4,30.2,44.5
,"55-64 years","55-64","Kentucky","21","2025 (provisional)","2025","Female","F",53,293822,18.0,13.5,23.6
,"55-64 years","55-64","Kentucky","21","2025 (provisional)","2025","Male","M",90,280820,32.0,25.8,39.4
,"55-64 years","55-64","Louisiana","22","2021","2021","Female","F",100,308632,32.4,26.1,38.8
,"55-64 years","55-64","Louisiana","22","2021","2021","Male","M",177,286758,61.7,52.6,70.8
,"55-64 years","55-64","Louisiana","22","2022","2022","Female","F",95,299290,31.7,25.7,38.8
,"55-64 years","55-64","Louisiana","22","2022","2022","Male","M",149,278883,53.4,44.8,62.0
,"55-64 years","55-64","Louisiana","22","2023","2023","Female","F",88,294149,29.9,24.0,36.9
,"55-64 years","55-64","Louisiana","22","2023","2023","Male","M",143,271852,52.6,44.0,61.2
,"55-64 years","55-64","Louisiana","22","2024","2024","Female","F",91,288696,31.5,25.4,38.7
,"55-64 years","55-64","Louisiana","22","2024","2024","Male","M",171,266374,64.2,54.6,73.8
,"55-64 years","55-64","Louisiana","22","2025 (provisional)","2025","Female","F",89,288696,30.8,24.8,37.9
,"55-64 years","55-64","Louisiana","22","2025 (provisional)","2025","Male","M",150,266374,56.3,47.3,65.3
,"55-64 years","55-64","Maine","23","2021","2021","Female","F",Suppressed,109367,Suppressed,Suppressed,Suppressed
,"55-64 years","55-64","Maine","23","2021","2021","Male","M",17,103959,16.4,9.5,26.2
,"55-64 years","55-64","Maine","23","2022","2022","Female","F",Suppressed,107475,Suppressed,Suppressed,Suppressed
,"55-64 years","55-64","Maine","23","2022","2022","Male","M",13,102209,12.7,6.8,21.7
,"55-64 years","55-64","Maine","23","2023","2023","Female","F",Suppressed,106250,Suppressed,Suppressed,Suppressed
,"55-64 years","55-64","Maine","23","2023","2023","Male","M",Suppressed,100242,Suppressed,Suppressed,Suppressed
,"55-64 years","55-64","Maine","23","2024","2024","Female","F",Suppressed,104140,Suppressed,Suppressed,Suppressed
,"55-64 years","55-64","Maine","23","2024","2024","Male","M",13,98349,13.2,7.0,22.6
,"55-64 years","55-64","Maine","23","2025 (provisional)","2025","Female","F",Suppressed,104140,Suppressed,Suppressed,Suppressed
,"55-64 years","55-64","Maine","23","2025 (provisional)","2025","Male","M",23,98349,23.4,14.8,35.1
,"55-64 years","55-64","Maryland","24","2021","2021","Female","F",30,434520,6.9,4.7,9.9
,"55-64 years","55-64","Maryland","24","2021","2021","Male","M",59,403325,14.6,11.1,18.9
,"55-64 years","55-64","Maryland","24","2022","2022","Female","F",32,427067,7.5,5.1,10.6
,"55-64 years","55-64","Maryland","24","2022","2022","Male","M",52,397865,13.1,9.8,17.1
,"55-64 years","55-64","Maryland","24","2023","2023","Female","F",35,424771,8.2,5.7,11.5
,"55-64 years","55-64","Maryland","24","2023","2023","Male","M",50,392414,12.7,9.5,16.8
,"55-64 years","55-64","Maryland","24","2024","2024","Female","F",32,421926,7.6,5.2,10.7
,"55-64 years","55-64","Maryland","24","2024","2024","Male","M",68,389338,17.5,13.6,22.1
,"55-64 years","55-64","Maryland","24","2025 (provisional)","2025","Female","F",26,421926,6.2,4.0,9.0
,"55-64 years","55-64","Maryland","24","2025 (provisional)","2025","Male","M",44,389338,11.3,8.2,15.2
,"55-64 years","55-64","Massachusetts","25","2021","2021","Female","F",29,494430,5.9,3.9,8.4
,"55-64 years","55-64","Massachusetts","25","2021","2021","Male","M",48,470982,10.2,7.5,13.5
,"55-64 years","55-64","Massachusetts","25","2022","2022","Female","F",40,486238,8.2,5.9,11.2
,"55-64 years","55-64","Massachusetts","25","2022","2022","Male","M",70,465116,15.1,11.7,19.0
,"55-64 years","55-64","Massachusetts","25","2023","2023","Female","F",29,483737,6.0,4.0,8.6
,"55-64 years","55-64","Massachusetts","25","2023","2023","Male","M",63,459464,13.7,10.5,17.5
,"55-64 years","55-64","Massachusetts","25","2024","2024","Female","F",32,480352,6.7,4.6,9.4
,"55-64 years","55-64","Massachusetts","25","2024","2024","Male","M",46,455415,10.1,7.4,13.5
,"55-64 years","55-64","Massachusetts","25","2025 (provisional)","2025","Female","F",42,480352,8.7,6.3,11.8
,"55-64 years","55-64","Massachusetts","25","2025 (provisional)","2025","Male","M",65,455415,14.3,11.0,18.2
,"55-64 years","55-64","Michigan","26","2021","2021","Female","F",99,706907,14.0,11.4,17.1
,"55-64 years","55-64","Michigan","26","2021","2021","Male","M",142,687180,20.7,17.3,24.1
,"55-64 years","55-64","Michigan","26","2022","2022","Female","F",83,687038,12.1,9.6,15.0
,"55-64 years","55-64","Michigan","26","2022","2022","Male","M",139,671158,20.7,17.3,24.2
,"55-64 years","55-64","Michigan","26","2023","2023","Female","F",78,679252,11.5,9.1,14.3
,"55-64 years","55-64","Michigan","26","2023","2023","Male","M",152,659541,23.0,19.4,26.7
,"55-64 years","55-64","Michigan","26","2024","2024","Female","F",95,669790,14.2,11.5,17.3
,"55-64 years","55-64","Michigan","26","2024","2024","Male","M",136,650418,20.9,17.4,24.4
,"55-64 years","55-64","Michigan","26","2025 (provisional)","2025","Female","F",101,669790,15.1,12.1,18.0
,"55-64 years","55-64","Michigan","26","2025 (provisional)","2025","Male","M",140,650418,21.5,18.0,25.1
,"55-64 years","55-64","Minnesota","27","2021","2021","Female","F",20,377369,5.3,3.2,8.2
,"55-64 years","55-64","Minnesota","27","2021","2021","Male","M",46,378746,12.1,8.9,16.2
,"55-64 years","55-64","Minnesota","27","2022","2022","Female","F",16,367438,4.4,2.5,7.1
,"55-64 years","55-64","Minnesota","27","2022","2022","Male","M",38,371122,10.2,7.2,14.1
,"55-64 years","55-64","Minnesota","27","2023","2023","Female","F",24,361522,6.6,4.3,9.9
,"55-64 years","55-64","Minnesota","27","2023","2023","Male","M",29,363976,8.0,5.3,11.4
,"55-64 years","55-64","Minnesota","27","2024","2024","Female","F",23,354873,6.5,4.1,9.7
,"55-64 years","55-64","Minnesota","27","2024","2024","Male","M",29,357761,8.1,5.4,11.6
,"55-64 years","55-64","Minnesota","27","2025 (provisional)","2025","Female","F",17,354873,4.8,2.8,7.7
,"55-64 years","55-64","Minnesota","27","2025 (provisional)","2025","Male","M",43,357761,12.0,8.7,16.2
,"55-64 years","55-64","Mississippi","28","2021","2021","Female","F",91,197817,46.0,37.0,56.5
,"55-64 years","55-64","Mississippi","28","2021","2021","Male","M",137,182902,74.9,62.4,87.4
,"55-64 years","55-64","Mississippi","28","2022","2022","Female","F",93,192620,48.3,39.0,59.1
,"55-64 years","55-64","Mississippi","28","2022","2022","Male","M",148,178652,82.8,69.5,96.2
,"55-64 years","55-64","Mississippi","28","2023","2023","Female","F",99,191079,51.8,42.1,63.1
,"55-64 years","55-64","Mississippi","28","2023","2023","Male","M",109,175857,62.0,50.3,73.6
,"55-64 years","55-64","Mississippi","28","2024","2024","Female","F",84,188811,44.5,35.5,55.1
,"55-64 years","55-64","Mississippi","28","2024","2024","Male","M",142,173475,81.9,68.4,95.3
,"55-64 years","55-64","Mississippi","28","2025 (provisional)","2025","Female","F",84,188811,44.5,35.5,55.1
,"55-64 years","55-64","Mississippi","28","2025 (provisional)","2025","Male","M",142,173475,81.9,68.4,95.3
,"55-64 years","55-64","Missouri","29","2021","2021","Female","F",78,420245,18.6,14.7,23.2
,"55-64 years","55-64","Missouri","29","2021","2021","Male","M",131,403232,32.5,26.9,38.1
,"55-64 years","55-64","Missouri","29","2022","2022","Female","F",90,407911,22.1,17.7,27.1
,"55-64 years","55-64","Missouri","29","2022","2022","Male","M",161,393825,40.9,34.6,47.2
,"55-64 years","55-64","Missouri","29","2023","2023","Female","F",78,402817,19.4,15.3,24.2
,"55-64 years","55-64","Missouri","29","2023","2023","Male","M",110,386471,28.5,23.1,33.8
,"55-64 years","55-64","Missouri","29","2024","2024","Female","F",68,395985,17.2,13.3,21.8
,"55-64 years","55-64","Missouri","29","2024","2024","Male","M",124,379443,32.7,26.9,38.4
,"55-64 years","55-64","Missouri","29","2025 (provisional)","2025","Female","F",81,395985,20.5,16.2,25.4
,"55-64 years","55-64","Missouri","29","2025 (provisional)","2025","Male","M",134,379443,35.3,29.3,41.3
,"55-64 years","55-64","Montana","30","2021","2021","Female","F",Suppressed,74930,Suppressed,Suppressed,Suppressed
,"55-64 years","55-64","Montana","30","2021","2021","Male","M",13,73339,17.7,9.4,30.3
,"55-64 years","55-64","Montana","30","2022","2022","Female","F",Suppressed,72816,Suppressed,Suppressed,Suppressed
,"55-64 years","55-64","Montana","30","2022","2022","Male","M",Suppressed,71750,Suppressed,Suppressed,Suppressed
,"55-64 years","55-64","Montana","30","2023","2023","Female","F",Suppressed,71431,Suppressed,Suppressed,Suppressed
,"55-64 years","55-64","Montana","30","2023","2023","Male","M",Suppressed,70149,Suppressed,Suppressed,Suppressed
,"55-64 years","55-64","Montana","30","2024","2024","Female","F",Suppressed,69538,Suppressed,Suppressed,Suppressed
,"55-64 years","55-64","Montana","30","2024","2024","Male","M",Suppressed,68610,Suppressed,Suppressed,Suppressed
,"55-64 years","55-64","Montana","30","2025 (provisional)","2025","Female","F",Suppressed,69538,Suppressed,Suppressed,Suppressed
,"55-64 years","55-64","Montana","30","2025 (provisional)","2025","Male","M",Suppressed,68610,Suppressed,Suppressed,Suppressed
,"55-64 years","55-64","Nebraska","31","2021","2021","Female","F",11,120018,9.2,4.6,16.4
,"55-64 years","55-64","Nebraska","31","2021","2021","Male","M",29,120643,24.0,16.1,34.5
,"55-64 years","55-64","Nebraska","31","2022","2022","Female","F",16,116523,13.7,7.8,22.3
,"55-64 years","55-64","Nebraska","31","2022","2022","Male","M",30,117627,25.5,17.2,36.4
,"55-64 years","55-64","Nebraska","31","2023","2023","Female","F",20,114824,17.4,10.6,26.9
,"55-64 years","55-64","Nebraska","31","2023","2023","Male","M",34,115348,29.5,20.4,41.2
,"55-64 years","55-64","Nebraska","31","2024","2024","Female","F",15,112634,13.3,7.5,22.0
,"55-64 years","55-64","Nebraska","31","2024","2024","Male","M",30,113365,26.5,17.9,37.8
,"55-64 years","55-64","Nebraska","31","2025 (provisional)","2025","Female","F",12,112634,10.7,5.5,18.6
,"55-64 years","55-64","Nebraska","31","2025 (provisional)","2025","Male","M",25,113365,22.1,14.3,32.6
,"55-64 years","55-64","Nevada","32","2021","2021","Female","F",28,194997,14.4,9.5,20.8
,"55-64 years","55-64","Nevada","32","2021","2021","Male","M",49,197081,24.9,18.4,32.9
,"55-64 years","55-64","Nevada","32","2022","2022","Female","F",18,194057,9.3,5.5,14.7
,"55-64 years","55-64","Nevada","32","2022","2022","Male","M",41,197372,20.8,14.9,28.2
,"55-64 years","55-64","Nevada","32","2023","2023","Female","F",23,196281,11.7,7.4,17.6
,"55-64 years","55-64","Nevada","32","2023","2023","Male","M",52,198626,26.2,19.6,34.3
,"55-64 years","55-64","Nevada","32","2024","2024","Female","F",31,199034,15.6,10.6,22.1
,"55-64 years","55-64","Nevada","32","2024","2024","Male","M",44,202140,21.8,15.8,29.2
,"55-64 years","55-64","Nevada","32","2025 (provisional)","2025","Female","F",23,199034,11.6,7.3,17.3
,"55-64 years","55-64","Nevada","32","2025 (provisional)","2025","Male","M",51,202140,25.2,18.8,33.2
,"55-64 years","55-64","New Hampshire","33","2021","2021","Female","F",Suppressed,110443,Suppressed,Suppressed,Suppressed
,"55-64 years","55-64","New Hampshire","33","2021","2021","Male","M",10,108516,9.2,4.4,16.9
,"55-64 years","55-64","New Hampshire","33","2022","2022","Female","F",Suppressed,108706,Suppressed,Suppressed,Suppressed
,"55-64 years","55-64","New Hampshire","33","2022","2022","Male","M",17,107441,15.8,9.2,25.3
,"55-64 years","55-64","New Hampshire","33","2023","2023","Female","F",Suppressed,108155,Suppressed,Suppressed,Suppressed
,"55-64 years","55-64","New Hampshire","33","2023","2023","Male","M",13,105721,12.3,6.5,21.0
,"55-64 years","55-64","New Hampshire","33","2024","2024","Female","F",Suppressed,106304,Suppressed,Suppressed,Suppressed
,"55-64 years","55-64","New Hampshire","33","2024","2024","Male","M",15,103769,14.5,8.1,23.8
,"55-64 years","55-64","New Hampshire","33","2025 (provisional)","2025","Female","F",Suppressed,106304,Suppressed,Suppressed,Suppressed
,"55-64 years","55-64","New Hampshire","33","2025 (provisional)","2025","Male","M",17,103769,16.4,9.5,26.2
,"55-64 years","55-64","New Jersey","34","2021","2021","Female","F",38,654958,5.8,4.1,8.0
,"55-64 years","55-64","New Jersey","34","2021","2021","Male","M",65,627448,10.4,8.0,13.2
,"55-64 years","55-64","New Jersey","34","2022","2022","Female","F",42,641112,6.6,4.7,8.9
,"55-64 years","55-64","New Jersey","34","2022","2022","Male","M",106,615869,17.2,13.9,20.5
,"55-64 years","55-64","New Jersey","34","2023","2023","Female","F",48,638537,7.5,5.5,10.0
,"55-64 years","55-64","New Jersey","34","2023","2023","Male","M",86,610183,14.1,11.3,17.4
,"55-64 years","55-64","New Jersey","34","2024","2024","Female","F",49,635076,7.7,5.7,10.2
,"55-64 years","55-64","New Jersey","34","2024","2024","Male","M",84,607719,13.8,11.0,17.1
,"55-64 years","55-64","New Jersey","34","2025 (provisional)","2025","Female","F",38,635076,6.0,4.2,8.2
,"55-64 years","55-64","New Jersey","34","2025 (provisional)","2025","Male","M",103,607719,16.9,13.7,20.2
,"55-64 years","55-64","New Mexico","35","2021","2021","Female","F",10,138723,7.2,3.5,13.3
,"55-64 years","55-64","New Mexico","35","2021","2021","Male","M",22,130271,16.9,10.6,25.6
,"55-64 years","55-64","New Mexico","35","2022","2022","Female","F",Suppressed,134277,Suppressed,Suppressed,Suppressed
,"55-64 years","55-64","New Mexico","35","2022","2022","Male","M",20,126570,15.8,9.7,24.4
,"55-64 years","55-64","New Mexico","35","2023","2023","Female","F",Suppressed,133553,Suppressed,Suppressed,Suppressed
,"55-64 years","55-64","New Mexico","35","2023","2023","Male","M",27,124836,21.6,14.3,31.5
,"55-64 years","55-64","New Mexico","35","2024","2024","Female","F",15,131025,11.4,6.4,18.9
,"55-64 years","55-64","New Mexico","35","2024","2024","Male","M",24,122476,19.6,12.6,29.2
,"55-64 years","55-64","New Mexico","35","2025 (provisional)","2025","Female","F",14,131025,10.7,5.8,17.9
,"55-64 years","55-64","New Mexico","35","2025 (provisional)","2025","Male","M",20,122476,16.3,10.0,25.2
,"55-64 years","55-64","New York","36","2021","2021","Female","F",101,1383216,7.3,5.9,8.7
,"55-64 years","55-64","New York","36","2021","2021","Male","M",191,1304782,14.6,12.6,16.7
,"55-64 years","55-64","New York","36","2022","2022","Female","F",101,1344486,7.5,6.0,9.0
,"55-64 years","55-64","New York","36","2022","2022","Male","M",156,1275473,12.2,10.3,14.2
,"55-64 years","55-64","New York","36","2023","2023","Female","F",84,1333942,6.3,5.0,7.8
,"55-64 years","55-64","New York","36","2023","2023","Male","M",169,1257849,13.4,11.4,15.5
,"55-64 years","55-64","New York","36","2024","2024","Female","F",79,1322705,6.0,4.7,7.4
,"55-64 years","55-64","New York","36","2024","2024","Male","M",184,1249502,14.7,12.6,16.9
,"55-64 years","55-64","New York","36","2025 (provisional)","2025","Female","F",84,1322705,6.4,5.1,7.9
,"55-64 years","55-64","New York","36","2025 (provisional)","2025","Male","M",165,1249502,13.2,11.2,15.2
,"55-64 years","55-64","North Carolina","37","2021","2021","Female","F",128,712140,18.0,14.9,21.1
,"55-64 years","55-64","North Carolina","37","2021","2021","Male","M",194,661931,29.3,25.2,33.4
,"55-64 years","55-64","North Carolina","37","2022","2022","Female","F",134,706221,19.0,15.8,22.2
,"55-64 years","55-64","North Carolina","37","2022","2022","Male","M",190,661587,28.7,24.6,32.8
,"55-64 years","55-64","North Carolina","37","2023","2023","Female","F",131,710205,18.4,15.3,21.6
,"55-64 years","55-64","North Carolina","37","2023","2023","Male","M",233,662890,35.1,30.6,39.7
,"55-64 years","55-64","North Carolina","37","2024","2024","Female","F",131,714019,18.3,15.2,21.5
,"55-64 years","55-64","North Carolina","37","2024","2024","Male","M",230,665663,34.6,30.1,39.0
,"55-64 years","55-64","North Carolina","37","2025 (provisional)","2025","Female","F",133,714019,18.6,15.5,21.8
,"55-64 years","55-64","North Carolina","37","2025 (provisional)","2025","Male","M",227,665663,34.1,29.7,38.5
,"55-64 years","55-64","North Dakota","38","2021","2021","Female","F",Suppressed,45128,Suppressed,Suppressed,Suppressed
,"55-64 years","55-64","North Dakota","38","2021","2021","Male","M",18,46990,38.3,22.7,60.5
,"55-64 years","55-64","North Dakota","38","2022","2022","Female","F",Suppressed,43421,Suppressed,Suppressed,Suppressed
,"55-64 years","55-64","North Dakota","38","2022","2022","Male","M",Suppressed,45514,Suppressed,Suppressed,Suppressed
,"55-64 years","55-64","North Dakota","38","2023","2023","Female","F",Suppressed,42644,Suppressed,Suppressed,Suppressed
,"55-64 years","55-64","North Dakota","38","2023","2023","Male","M",13,44408,29.3,15.6,50.1
,"55-64 years","55-64","North Dakota","38","2024","2024","Female","F",Suppressed,41780,Suppressed,Suppressed,Suppressed
,"55-64 years","55-64","North Dakota","38","2024","2024","Male","M",Suppressed,43575,Suppressed,Suppressed,Suppressed
,"55-64 years","55-64","North Dakota","38","2025 (provisional)","2025","Female","F",Suppressed,41780,Suppressed,Suppressed,Suppressed
,"55-64 years","55-64","North Dakota","38","2025 (provisional)","2025","Male","M",Suppressed,43575,Suppressed,Suppressed,Suppressed
,"55-64 years","55-64","Ohio","39","2021","2021","Female","F",110,810336,13.6,11.0,16.1
,"55-64 years","55-64","Ohio","39","2021","2021","Male","M",177,779343,22.7,19.4,26.1
,"55-64 years","55-64","Ohio","39","2022","2022","Female","F",104,786042,13.2,10.7,15.8
,"55-64 years","55-64","Ohio","39","2022","2022","Male","M",190,760222,25.0,21.4,28.5
,"55-64 years","55-64","Ohio","39","2023","2023","Female","F",119,774278,15.4,12.6,18.1
,"55-64 years","55-64","Ohio","39","2023","2023","Male","M",190,745552,25.5,21.9,29.1
,"55-64 years","55-64","Ohio","39","2024","2024","Female","F",110,761053,14.5,11.8,17.2
,"55-64 years","55-64","Ohio","39","2024","2024","Male","M",196,734157,26.7,23.0,30.4
,"55-64 years","55-64","Ohio","39","2025 (provisional)","2025","Female","F",119,761053,15.6,12.8,18.4
,"55-64 years","55-64","Ohio","39","2025 (provisional)","2025","Male","M",186,734157,25.3,21.7,29.0
,"55-64 years","55-64","Oklahoma","40","2021","2021","Female","F",96,248359,38.7,31.3,47.2
,"55-64 years","55-64","Oklahoma","40","2021","2021","Male","M",154,237853,64.7,54.5,75.0
,"55-64 years","55-64","Oklahoma","40","2022","2022","Female","F",92,241964,38.0,30.7,46.6
,"55-64 years","55-64","Oklahoma","40","2022","2022","Male","M",187,233435,80.1,68.6,91.6
,"55-64 years","55-64","Oklahoma","40","2023","2023","Female","F",98,240034,40.8,33.1,49.8
,"55-64 years","55-64","Oklahoma","40","2023","2023","Male","M",143,230021,62.2,52.0,72.4
,"55-64 years","55-64","Oklahoma","40","2024","2024","Female","F",85,237457,35.8,28.6,44.3
,"55-64 years","55-64","Oklahoma","40","2024","2024","Male","M",159,228064,69.7,58.9,80.6
,"55-64 years","55-64","Oklahoma","40","2025 (provisional)","2025","Female","F",91,237457,38.3,30.9,47.1
,"55-64 years","55-64","Oklahoma","40","2025 (provisional)","2025","Male","M",131,228064,57.4,47.6,67.3
,"55-64 years","55-64","Oregon","41","2021","2021","Female","F",23,269773,8.5,5.4,12.8
,"55-64 years","55-64","Oregon","41","2021","2021","Male","M",61,258633,23.6,18.0,30.3
,"55-64 years","55-64","Oregon","41","2022","2022","Female","F",29,260763,11.1,7.4,16.0
,"55-64 years","55-64","Oregon","41","2022","2022","Male","M",61,252407,24.2,18.5,31.0
,"55-64 years","55-64","Oregon","41","2023","2023","Female","F",34,256883,13.2,9.2,18.5
,"55-64 years","55-64","Oregon","41","2023","2023","Male","M",45,248478,18.1,13.2,24.2
,"55-64 years","55-64","Oregon","41","2024","2024","Female","F",25,253958,9.8,6.4,14.5
,"55-64 years","55-64","Oregon","41","2024","2024","Male","M",63,246641,25.5,19.6,32.7
,"55-64 years","55-64","Oregon","41","2025 (provisional)","2025","Female","F",23,253958,9.1,5.7,13.6
,"55-64 years","55-64","Oregon","41","2025 (provisional)","2025","Male","M",57,246641,23.1,17.5,29.9
,"55-64 years","55-64","Pennsylvania","42","2021","2021","Female","F",82,922223,8.9,7.1,11.0
,"55-64 years","55-64","Pennsylvania","42","2021","2021","Male","M",163,889633,18.3,15.5,21.1
,"55-64 years","55-64","Pennsylvania","42","2022","2022","Female","F",100,897125,11.1,9.0,13.3
,"55-64 years","55-64","Pennsylvania","42","2022","2022","Male","M",176,868872,20.3,17.3,23.2
,"55-64 years","55-64","Pennsylvania","42","2023","2023","Female","F",97,885141,11.0,8.9,13.4
,"55-64 years","55-64","Pennsylvania","42","2023","2023","Male","M",189,852269,22.2,19.0,25.3
,"55-64 years","55-64","Pennsylvania","42","2024","2024","Female","F",97,870328,11.1,9.0,13.6
,"55-64 years","55-64","Pennsylvania","42","2024","2024","Male","M",172,838588,20.5,17.4,23.6
,"55-64 years","55-64","Pennsylvania","42","2025 (provisional)","2025","Female","F",95,870328,10.9,8.8,13.3
,"55-64 years","55-64","Pennsylvania","42","2025 (provisional)","2025","Male","M",160,838588,19.1,16.1,22.0
,"55-64 years","55-64","Rhode Island","44","2021","2021","Female","F",Suppressed,80239,Suppressed,Suppressed,Suppressed
,"55-64 years","55-64","Rhode Island","44","2021","2021","Male","M",12,75000,16.0,8.3,27.9
,"55-64 years","55-64","Rhode Island","44","2022","2022","Female","F",Suppressed,78263,Suppressed,Suppressed,Suppressed
,"55-64 years","55-64","Rhode Island","44","2022","2022","Male","M",Suppressed,73744,Suppressed,Suppressed,Suppressed
,"55-64 years","55-64","Rhode Island","44","2023","2023","Female","F",Suppressed,77918,Suppressed,Suppressed,Suppressed
,"55-64 years","55-64","Rhode Island","44","2023","2023","Male","M",Suppressed,73108,Suppressed,Suppressed,Suppressed
,"55-64 years","55-64","Rhode Island","44","2024","2024","Female","F",Suppressed,77379,Suppressed,Suppressed,Suppressed
,"55-64 years","55-64","Rhode Island","44","2024","2024","Male","M",17,72323,23.5,13.7,37.6
,"55-64 years","55-64","Rhode Island","44","2025 (provisional)","2025","Female","F",Suppressed,77379,Suppressed,Suppressed,Suppressed
,"55-64 years","55-64","Rhode Island","44","2025 (provisional)","2025","Male","M",13,72323,18.0,9.6,30.7
,"55-64 years","55-64","South Carolina","45","2021","2021","Female","F",76,365618,20.8,16.4,26.0
,"55-64 years","55-64","South Carolina","45","2021","2021","Male","M",149,331840,44.9,37.7,52.1
,"55-64 years","55-64","South Carolina","45","2022","2022","Female","F",92,363936,25.3,20.4,31.0
,"55-64 years","55-64","South Carolina","45","2022","2022","Male","M",120,332167,36.1,29.7,42.6
,"55-64 years","55-64","South Carolina","45","2023","2023","Female","F",72,367966,19.6,15.3,24.6
,"55-64 years","55-64","South Carolina","45","2023","2023","Male","M",126,334388,37.7,31.1,44.3
,"55-64 years","55-64","South Carolina","45","2024","2024","Female","F",66,370278,17.8,13.8,22.7
,"55-64 years","55-64","South Carolina","45","2024","2024","Male","M",133,335929,39.6,32.9,46.3
,"55-64 years","55-64","South Carolina","45","2025 (provisional)","2025","Female","F",92,370278,24.8,20.0,30.5
,"55-64 years","55-64","South Carolina","45","2025 (provisional)","2025","Male","M",166,335929,49.4,41.9,56.9
,"55-64 years","55-64","South Dakota","46","2021","2021","Female","F",Suppressed,57593,Suppressed,Suppressed,Suppressed
,"55-64 years","55-64","South Dakota","46","2021","2021","Male","M",Suppressed,58404,Suppressed,Suppressed,Suppressed
,"55-64 years","55-64","South Dakota","46","2022","2022","Female","F",Suppressed,56689,Suppressed,Suppressed,Suppressed
,"55-64 years","55-64","South Dakota","46","2022","2022","Male","M",Suppressed,58142,Suppressed,Suppressed,Suppressed
,"55-64 years","55-64","South Dakota","46","2023","2023","Female","F",Suppressed,56023,Suppressed,Suppressed,Suppressed
,"55-64 years","55-64","South Dakota","46","2023","2023","Male","M",Suppressed,57386,Suppressed,Suppressed,Suppressed
,"55-64 years","55-64","South Dakota","46","2024","2024","Female","F",Suppressed,54657,Suppressed,Suppressed,Suppressed
,"55-64 years","55-64","South Dakota","46","2024","2024","Male","M",12,56369,21.3,11.0,37.2
,"55-64 years","55-64","South Dakota","46","2025 (provisional)","2025","Female","F",Suppressed,54657,Suppressed,Suppressed,Suppressed
,"55-64 years","55-64","South Dakota","46","2025 (provisional)","2025","Male","M",Suppressed,56369,Suppressed,Suppressed,Suppressed
,"55-64 years","55-64","Tennessee","47","2021","2021","Female","F",89,472121,18.9,15.1,23.2
,"55-64 years","55-64","Tennessee","47","2021","2021","Male","M",126,441763,28.5,23.5,33.5
,"55-64 years","55-64","Tennessee","47","2022","2022","Female","F",78,466380,16.7,13.2,20.9
,"55-64 years","55-64","Tennessee","47","2022","2022","Male","M",145,440168,32.9,27.6,38.3
,"55-64 years","55-64","Tennessee","47","2023","2023","Female","F",90,465157,19.3,15.6,23.8
,"55-64 years","55-64","Tennessee","47","2023","2023","Male","M",135,438003,30.8,25.6,36.0
,"55-64 years","55-64","Tennessee","47","2024","2024","Female","F",91,464683,19.6,15.8,24.0
,"55-64 years","55-64","Tennessee","47","2024","2024","Male","M",137,438832,31.2,26.0,36.4
,"55-64 years","55-64","Tennessee","47","2025 (provisional)","2025","Female","F",90,464683,19.4,15.6,23.8
,"55-64 years","55-64","Tennessee","47","2025 (provisional)","2025","Male","M",176,438832,40.1,34.2,46.0
,"55-64 years","55-64","Texas","48","2021","2021","Female","F",274,1684234,16.3,14.3,18.2
,"55-64 years","55-64","Texas","48","2021","2021","Male","M",440,1636362,26.9,24.4,29.4
,"55-64 years","55-64","Texas","48","2022","2022","Female","F",264,1670431,15.8,13.9,17.7
,"55-64 years","55-64","Texas","48","2022","2022","Male","M",424,1631736,26.0,23.5,28.5
,"55-64 years","55-64","Texas","48","2023","2023","Female","F",240,1694282,14.2,12.4,16.0
,"55-64 years","55-64","Texas","48","2023","2023","Male","M",430,1645104,26.1,23.7,28.6
,"55-64 years","55-64","Texas","48","2024","2024","Female","F",251,1709207,14.7,12.9,16.5
,"55-64 years","55-64","Texas","48","2024","2024","Male","M",437,1660704,26.3,23.8,28.8
,"55-64 years","55-64","Texas","48","2025 (provisional)","2025","Female","F",284,1709207,16.6,14.7,18.5
,"55-64 years","55-64","Texas","48","2025 (provisional)","2025","Male","M",458,1660704,27.6,25.1,30.1
,"55-64 years","55-64","Utah","49","2021","2021","Female","F",11,156014,7.1,3.5,12.6
,"55-64 years","55-64","Utah","49","2021","2021","Male","M",30,154974,19.4,13.1,27.6
,"55-64 years","55-64","Utah","49","2022","2022","Female","F",11,153742,7.2,3.6,12.8
,"55-64 years","55-64","Utah","49","2022","2022","Male","M",20,154379,13.0,7.9,20.0
,"55-64 years","55-64","Utah","49","2023","2023","Female","F",13,154398,8.4,4.5,14.4
,"55-64 years","55-64","Utah","49","2023","2023","Male","M",19,154614,12.3,7.4,19.2
,"55-64 years","55-64","Utah","49","2024","2024","Female","F",15,156055,9.6,5.4,15.9
,"55-64 years","55-64","Utah","49","2024","2024","Male","M",20,156484,12.8,7.8,19.7
,"55-64 years","55-64","Utah","49","2025 (provisional)","2025","Female","F",21,156055,13.5,8.3,20.6
,"55-64 years","55-64","Utah","49","2025 (provisional)","2025","Male","M",23,156484,14.7,9.3,22.1
,"55-64 years","55-64","Vermont","50","2021","2021","Female","F",Suppressed,48902,Suppressed,Suppressed,Suppressed
,"55-64 years","55-64","Vermont","50","2021","2021","Male","M",Suppressed,47277,Suppressed,Suppressed,Suppressed
,"55-64 years","55-64","Vermont","50","2022","2022","Female","F",Suppressed,47561,Suppressed,Suppressed,Suppressed
,"55-64 years","55-64","Vermont","50","2022","2022","Male","M",Suppressed,46156,Suppressed,Suppressed,Suppressed
,"55-64 years","55-64","Vermont","50","2023","2023","Female","F",Suppressed,46872,Suppressed,Suppressed,Suppressed
,"55-64 years","55-64","Vermont","50","2023","2023","Male","M",Suppressed,44942,Suppressed,Suppressed,Suppressed
,"55-64 years","55-64","Vermont","50","2024","2024","Female","F",Suppressed,45738,Suppressed,Suppressed,Suppressed
,"55-64 years","55-64","Vermont","50","2024","2024","Male","M",Suppressed,43707,Suppressed,Suppressed,Suppressed
,"55-64 years","55-64","Vermont","50","2025 (provisional)","2025","Female","F",Suppressed,45738,Suppressed,Suppressed,Suppressed
,"55-64 years","55-64","Vermont","50","2025 (provisional)","2025","Male","M",Suppressed,43707,Suppressed,Suppressed,Suppressed
,"55-64 years","55-64","Virginia","51","2021","2021","Female","F",77,576264,13.4,10.5,16.7
,"55-64 years","55-64","Virginia","51","2021","2021","Male","M",145,549576,26.4,22.1,30.7
,"55-64 years","55-64","Virginia","51","2022","2022","Female","F",83,567119,14.6,11.7,18.1
,"55-64 years","55-64","Virginia","51","2022","2022","Male","M",127,542978,23.4,19.3,27.5
,"55-64 years","55-64","Virginia","51","2023","2023","Female","F",84,564221,14.9,11.9,18.4
,"55-64 years","55-64","Virginia","51","2023","2023","Male","M",154,537337,28.7,24.1,33.2
,"55-64 years","55-64","Virginia","51","2024","2024","Female","F",77,561169,13.7,10.8,17.1
,"55-64 years","55-64","Virginia","51","2024","2024","Male","M",149,534202,27.9,23.4,32.4
,"55-64 years","55-64","Virginia","51","2025 (provisional)","2025","Female","F",87,561169,15.5,12.4,19.1
,"55-64 years","55-64","Virginia","51","2025 (provisional)","2025","Male","M",151,534202,28.3,23.8,32.8
,"55-64 years","55-64","Washington","53","2021","2021","Female","F",29,479556,6.0,4.0,8.7
,"55-64 years","55-64","Washington","53","2021","2021","Male","M",63,473670,13.3,10.2,17.0
,"55-64 years","55-64","Washington","53","2022","2022","Female","F",32,467640,6.8,4.7,9.7
,"55-64 years","55-64","Washington","53","2022","2022","Male","M",75,464425,16.1,12.7,20.2
,"55-64 years","55-64","Washington","53","2023","2023","Female","F",48,463235,10.4,7.6,13.7
,"55-64 years","55-64","Washington","53","2023","2023","Male","M",71,458327,15.5,12.1,19.5
,"55-64 years","55-64","Washington","53","2024","2024","Female","F",35,461785,7.6,5.3,10.5
,"55-64 years","55-64","Washington","53","2024","2024","Male","M",77,457211,16.8,13.3,21.0
,"55-64 years","55-64","Washington","53","2025 (provisional)","2025","Female","F",32,461785,6.9,4.7,9.8
,"55-64 years","55-64","Washington","53","2025 (provisional)","2025","Male","M",50,457211,10.9,8.1,14.4
,"55-64 years","55-64","West Virginia","54","2021","2021","Female","F",27,126157,21.4,14.1,31.1
,"55-64 years","55-64","West Virginia","54","2021","2021","Male","M",23,122637,18.8,11.9,28.1
,"55-64 years","55-64","West Virginia","54","2022","2022","Female","F",26,121841,21.3,13.9,31.3
,"55-64 years","55-64","West Virginia","54","2022","2022","Male","M",33,118945,27.7,19.1,39.0
,"55-64 years","55-64","West Virginia","54","2023","2023","Female","F",15,119254,12.6,7.0,20.7
,"55-64 years","55-64","West Virginia","54","2023","2023","Male","M",31,116082,26.7,18.1,37.9
,"55-64 years","55-64","West Virginia","54","2024","2024","Female","F",16,117252,13.6,7.8,22.2
,"55-64 years","55-64","West Virginia","54","2024","2024","Male","M",30,114178,26.3,17.7,37.5
,"55-64 years","55-64","West Virginia","54","2025 (provisional)","2025","Female","F",18,117252,15.4,9.1,24.3
,"55-64 years","55-64","West Virginia","54","2025 (provisional)","2025","Male","M",37,114178,32.4,22.8,44.7
,"55-64 years","55-64","Wisconsin","55","2021","2021","Female","F",41,415296,9.9,7.1,13.4
,"55-64 years","55-64","Wisconsin","55","2021","2021","Male","M",58,414275,14.0,10.6,18.1
,"55-64 years","55-64","Wisconsin","55","2022","2022","Female","F",53,405941,13.1,9.8,17.1
,"55-64 years","55-64","Wisconsin","55","2022","2022","Male","M",53,406722,13.0,9.8,17.0
,"55-64 years","55-64","Wisconsin","55","2023","2023","Female","F",28,401485,7.0,4.6,10.1
,"55-64 years","55-64","Wisconsin","55","2023","2023","Male","M",65,400218,16.2,12.5,20.7
,"55-64 years","55-64","Wisconsin","55","2024","2024","Female","F",35,394877,8.9,6.2,12.3
,"55-64 years","55-64","Wisconsin","55","2024","2024","Male","M",58,392814,14.8,11.2,19.1
,"55-64 years","55-64","Wisconsin","55","2025 (provisional)","2025","Female","F",39,394877,9.9,7.0,13.5
,"55-64 years","55-64","Wisconsin","55","2025 (provisional)","2025","Male","M",59,392814,15.0,11.4,19.4
,"55-64 years","55-64","Wyoming","56","2021","2021","Female","F",0,37339,0.0,0.0,0.0
,"55-64 years","55-64","Wyoming","56","2021","2021","Male","M",Suppressed,38129,Suppressed,Suppressed,Suppressed
,"55-64 years","55-64","Wyoming","56","2022","2022","Female","F",Suppressed,36085,Suppressed,Suppressed,Suppressed
,"55-64 years","55-64","Wyoming","56","2022","2022","Male","M",Suppressed,36938,Suppressed,Suppressed,Suppressed
,"55-64 years","55-64","Wyoming","56","2023","2023","Female","F",Suppressed,35539,Suppressed,Suppressed,Suppressed
,"55-64 years","55-64","Wyoming","56","2023","2023","Male","M",Suppressed,36049,Suppressed,Suppressed,Suppressed
,"55-64 years","55-64","Wyoming","56","2024","2024","Female","F",Suppressed,34724,Suppressed,Suppressed,Suppressed
,"55-64 years","55-64","Wyoming","56","2024","2024","Male","M",Suppressed,35329,Suppressed,Suppressed,Suppressed
,"55-64 years","55-64","Wyoming","56","2025 (provisional)","2025","Female","F",Suppressed,34724,Suppressed,Suppressed,Suppressed
,"55-64 years","55-64","Wyoming","56","2025 (provisional)","2025","Male","M",10,35329,28.3,13.6,52.1
,"65-74 years","65-74","Alabama","01","2021","2021","Female","F",259,291012,89.0,78.2,99.8
,"65-74 years","65-74","Alabama","01","2021","2021","Male","M",369,250932,147.1,132.0,162.1
,"65-74 years","65-74","Alabama","01","2022","2022","Female","F",261,290974,89.7,78.8,100.6
,"65-74 years","65-74","Alabama","01","2022","2022","Male","M",342,249908,136.9,122.3,151.4
,"65-74 years","65-74","Alabama","01","2023","2023","Female","F",244,296530,82.3,72.0,92.6
,"65-74 years","65-74","Alabama","01","2023","2023","Male","M",336,254393,132.1,118.0,146.2
,"65-74 years","65-74","Alabama","01","2024","2024","Female","F",266,301451,88.2,77.6,98.8
,"65-74 years","65-74","Alabama","01","2024","2024","Male","M",375,258682,145.0,130.3,159.6
,"65-74 years","65-74","Alabama","01","2025 (provisional)","2025","Female","F",267,301451,88.6,77.9,99.2
,"65-74 years","65-74","Alabama","01","2025 (provisional)","2025","Male","M",364,258682,140.7,126.3,155.2
,"65-74 years","65-74","Alaska","02","2021","2021","Female","F",12,32325,37.1,19.2,64.8
,"65-74 years","65-74","Alaska","02","2021","2021","Male","M",14,34101,41.1,22.4,68.9
,"65-74 years","65-74","Alaska","02","2022","2022","Female","F",13,32851,39.6,21.1,67.7
,"65-74 years","65-74","Alaska","02","2022","2022","Male","M",17,34425,49.4,28.8,79.1
,"65-74 years","65-74","Alaska","02","2023","2023","Female","F",10,33914,29.5,14.1,54.2
,"65-74 years","65-74","Alaska","02","2023","2023","Male","M",18,35380,50.9,30.2,80.4
,"65-74 years","65-74","Alaska","02","2024","2024","Female","F",Suppressed,34635,Suppressed,Suppressed,Suppressed
,"65-74 years","65-74","Alaska","02","2024","2024","Male","M",21,35943,58.4,36.2,89.3
,"65-74 years","65-74","Alaska","02","2025 (provisional)","2025","Female","F",Suppressed,34635,Suppressed,Suppressed,Suppressed
,"65-74 years","65-74","Alaska","02","2025 (provisional)","2025","Male","M",21,35943,58.4,36.2,89.3
,"65-74 years","65-74","Arizona","04","2021","2021","Female","F",114,415187,27.5,22.4,32.5
,"65-74 years","65-74","Arizona","04","2021","2021","Male","M",167,367813,45.4,38.5,52.3
,"65-74 years","65-74","Arizona","04","2022","2022","Female","F",121,415285,29.1,23.9,34.3
,"65-74 years","65-74","Arizona","04","2022","2022","Male","M",186,365422,50.9,43.6,58.2
,"65-74 years","65-74","Arizona","04","2023","2023","Female","F",126,428903,29.4,24.2,34.5
,"65-74 years","65-74","Arizona","04","2023","2023","Male","M",184,376033,48.9,41.9,56.0
,"65-74 years","65-74","Arizona","04","2024","2024","Female","F",136,438281,31.0,25.8,36.2
,"65-74 years","65-74","Arizona","04","2024","2024","Male","M",206,384471,53.6,46.3,60.9
,"65-74 years","65-74","Arizona","04","2025 (provisional)","2025","Female","F",124,438281,28.3,23.3,33.3
,"65-74 years","65-74","Arizona","04","2025 (provisional)","2025","Male","M",220,384471,57.2,49.7,64.8
,"65-74 years","65-74","Arkansas","05","2021","2021","Female","F",94,167567,56.1,45.3,68.6
,"65-74 years","65-74","Arkansas","05","2021","2021","Male","M",164,147855,110.9,93.9,127.9
,"65-74 years","65-74","Arkansas","05","2022","2022","Female","F",132,167300,78.9,65.4,92.4
,"65-74 years","65-74","Arkansas","05","2022","2022","Male","M",162,147414,109.9,93.0,126.8
,"65-74 years","65-74","Arkansas","05","2023","2023","Female","F",123,170494,72.1,59.4,84.9
,"65-74 years","65-74","Arkansas","05","2023","2023","Male","M",176,149645,117.6,100.2,135.0
,"65-74 years","65-74","Arkansas","05","2024","2024","Female","F",133,172450,77.1,64.0,90.2
,"65-74 years","65-74","Arkansas","05","2024","2024","Male","M",172,152029,113.1,96.2,130.0
,"65-74 years","65-74","Arkansas","05","2025 (provisional)","2025","Female","F",148,172450,85.8,72.0,99.6
,"65-74 years","65-74","Arkansas","05","2025 (provisional)","2025","Male","M",200,152029,131.6,113.3,149.8
,"65-74 years","65-74","California","06","2021","2021","Female","F",607,1882333,32.2,29.7,34.8
,"65-74 years","65-74","California","06","2021","2021","Male","M",906,1675680,54.1,50.5,57.6
,"65-74 years","65-74","California","06","2022","2022","Female","F",619,1884494,32.8,30.3,35.4
,"65-74 years","65-74","California","06","2022","2022","Male","M",947,1676394,56.5,52.9,60.1
,"65-74 years","65-74","California","06","2023","2023","Female","F",618,1935241,31.9,29.4,34.5
,"65-74 years","65-74","California","06","2023","2023","Male","M",987,1725734,57.2,53.6,60.8
,"65-74 years","65-74","California","06","2024","2024","Female","F",600,1976844,30.4,27.9,32.8
,"65-74 years","65-74","California","06","2024","2024","Male","M",980,1768632,55.4,51.9,58.9
,"65-74 years","65-74","California","06","2025 (provisional)","2025","Female","F",641,1976844,32.4,29.9,34.9
,"65-74 years","65-74","California","06","2025 (provisional)","2025","Male","M",1039,1768632,58.7,55.2,62.3
,"65-74 years","65-74","Colorado","08","2021","2021","Female","F",75,289868,25.9,20.4,32.4
,"65-74 years","65-74","Colorado","08","2021","2021","Male","M",90,268976,33.5,26.9,41.1
,"65-74 years","65-74","Colorado","08","2022","2022","Female","F",80,291154,27.5,21.8,34.2
,"65-74 years","65-74","Colorado","08","2022","2022","Male","M",110,268885,40.9,33.3,48.6
,"65-74 years","65-74","Colorado","08","2023","2023","Female","F",76,299431,25.4,20.0,31.8
,"65-74 years","65-74","Colorado","08","2023","2023","Male","M",117,275613,42.5,34.8,50.1
,"65-74 years","65-74","Colorado","08","2024","2024","Female","F",68,305043,22.3,17.3,28.3
,"65-74 years","65-74","Colorado","08","2024","2024","Male","M",118,280635,42.0,34.5,49.6
,"65-74 years","65-74","Colorado","08","2025 (provisional)","2025","Female","F",59,305043,19.3,14.7,24.9
,"65-74 years","65-74","Colorado","08","2025 (provisional)","2025","Male","M",83,280635,29.6,23.6,36.7
,"65-74 years","65-74","Connecticut","09","2021","2021","Female","F",52,200274,26.0,19.4,34.0
,"65-74 years","65-74","Connecticut","09","2021","2021","Male","M",58,178258,32.5,24.7,42.1
,"65-74 years","65-74","Connecticut","09","2022","2022","Female","F",41,200757,20.4,14.7,27.7
,"65-74 years","65-74","Connecticut","09","2022","2022","Male","M",86,179173,48.0,38.4,59.3
,"65-74 years","65-74","Connecticut","09","2023","2023","Female","F",64,207970,30.8,23.7,39.3
,"65-74 years","65-74","Connecticut","09","2023","2023","Male","M",81,186745,43.4,34.4,53.9
,"65-74 years","65-74","Connecticut","09","2024","2024","Female","F",54,213725,25.3,19.0,33.0
,"65-74 years","65-74","Connecticut","09","2024","2024","Male","M",90,192186,46.8,37.7,57.6
,"65-74 years","65-74","Connecticut","09","2025 (provisional)","2025","Female","F",58,213725,27.1,20.6,35.1
,"65-74 years","65-74","Connecticut","09","2025 (provisional)","2025","Male","M",90,192186,46.8,37.7,57.6
,"65-74 years","65-74","Delaware","10","2021","2021","Female","F",16,66689,24.0,13.7,39.0
,"65-74 years","65-74","Delaware","10","2021","2021","Male","M",46,57708,79.7,58.4,106.3
,"65-74 years","65-74","Delaware","10","2022","2022","Female","F",19,68263,27.8,16.8,43.5
,"65-74 years","65-74","Delaware","10","2022","2022","Male","M",37,59012,62.7,44.1,86.4
,"65-74 years","65-74","Delaware","10","2023","2023","Female","F",15,70940,21.1,11.8,34.9
,"65-74 years","65-74","Delaware","10","2023","2023","Male","M",29,61223,47.4,31.7,68.0
,"65-74 years","65-74","Delaware","10","2024","2024","Female","F",23,73397,31.3,19.9,47.0
,"65-74 years","65-74","Delaware","10","2024","2024","Male","M",20,63115,31.7,19.4,48.9
,"65-74 years","65-74","Delaware","10","2025 (provisional)","2025","Female","F",24,73397,32.7,21.0,48.7
,"65-74 years","65-74","Delaware","10","2025 (provisional)","2025","Male","M",25,63115,39.6,25.6,58.5
,"65-74 years","65-74","District of Columbia","11","2021","2021","Female","F",12,28581,42.0,21.7,73.3
,"65-74 years","65-74","District of Columbia","11","2021","2021","Male","M",15,22136,67.8,37.9,111.8
,"65-74 years","65-74","District of Columbia","11","2022","2022","Female","F",Suppressed,28155,Suppressed,Suppressed,Suppressed
,"65-74 years","65-74","District of Columbia","11","2022","2022","Male","M",Suppressed,21820,Suppressed,Suppressed,Suppressed
,"65-74 years","65-74","District of Columbia","11","2023","2023","Female","F",10,28409,35.2,16.9,64.7
,"65-74 years","65-74","District of Columbia","11","2023","2023","Male","M",16,22286,71.8,41.0,116.6
,"65-74 years","65-74","District of Columbia","11","2024","2024","Female","F",Suppressed,28599,Suppressed,Suppressed,Suppressed
,"65-74 years","65-74","District of Columbia","11","2024","2024","Male","M",17,22616,75.2,43.8,120.4
,"65-74 years","65-74","District of Columbia","11","2025 (provisional)","2025","Female","F",12,28599,42.0,21.7,73.3
,"65-74 years","65-74","District of Columbia","11","2025 (provisional)","2025","Male","M",Suppressed,22616,Suppressed,Suppressed,Suppressed
,"65-74 years","65-74","Florida","12","2021","2021","Female","F",398,1386887,28.7,25.9,31.5
,"65-74 years","65-74","Florida","12","2021","2021","Male","M",562,1204371,46.7,42.8,50.5
,"65-74 years","65-74","Florida","12","2022","2022","Female","F",391,1394908,28.0,25.3,30.8
,"65-74 years","65-74","Florida","12","2022","2022","Male","M",568,1207231,47.0,43.2,50.9
,"65-74 years","65-74","Florida","12","2023","2023","Female","F",416,1432877,29.0,26.2,31.8
,"65-74 years","65-74","Florida","12","2023","2023","Male","M",600,1240386,48.4,44.5,52.2
,"65-74 years","65-74","Florida","12","2024","2024","Female","F",398,1470575,27.1,24.4,29.7
,"65-74 years","65-74","Florida","12","2024","2024","Male","M",604,1272980,47.4,43.7,51.2
,"65-74 years","65-74","Florida","12","2025 (provisional)","2025","Female","F",405,1470575,27.5,24.9,30.2
,"65-74 years","65-74","Florida","12","2025 (provisional)","2025","Male","M",667,1272980,52.4,48.4,56.4
,"65-74 years","65-74","Georgia","13","2021","2021","Female","F",365,535218,68.2,61.2,75.2
,"65-74 years","65-74","Georgia","13","2021","2021","Male","M",489,452769,108.0,98.4,117.6
,"65-74 years","65-74","Georgia","13","2022","2022","Female","F",382,539433,70.8,63.7,77.9
,"65-74 years","65-74","Georgia","13","2022","2022","Male","M",501,454824,110.2,100.5,119.8
,"65-74 years","65-74","Georgia","13","2023","2023","Female","F",325,553134,58.8,52.4,65.1
,"65-74 years","65-74","Georgia","13","2023","2023","Male","M",503,467710,107.5,98.1,116.9
,"65-74 years","65-74","Georgia","13","2024","2024","Female","F",402,566563,71.0,64.0,77.9
,"65-74 years","65-74","Georgia","13","2024","2024","Male","M",525,480110,109.3,100.0,118.7
,"65-74 years","65-74","Georgia","13","2025 (provisional)","2025","Female","F",375,566563,66.2,59.5,72.9
,"65-74 years","65-74","Georgia","13","2025 (provisional)","2025","Male","M",546,480110,113.7,104.2,123.3
,"65-74 years","65-74","Hawaii","15","2021","2021","Female","F",15,83936,17.9,10.0,29.5
,"65-74 years","65-74","Hawaii","15","2021","2021","Male","M",22,78686,28.0,17.5,42.3
,"65-74 years","65-74","Hawaii","15","2022","2022","Female","F",10,83896,11.9,5.7,21.9
,"65-74 years","65-74","Hawaii","15","2022","2022","Male","M",25,78339,31.9,20.7,47.1
,"65-74 years","65-74","Hawaii","15","2023","2023","Female","F",18,85931,20.9,12.4,33.1
,"65-74 years","65-74","Hawaii","15","2023","2023","Male","M",35,79946,43.8,30.5,60.9
,"65-74 years","65-74","Hawaii","15","2024","2024","Female","F",12,86146,13.9,7.2,24.3
,"65-74 years","65-74","Hawaii","15","2024","2024","Male","M",33,80335,41.1,28.3,57.7
,"65-74 years","65-74","Hawaii","15","2025 (provisional)","2025","Female","F",17,86146,19.7,11.5,31.6
,"65-74 years","65-74","Hawaii","15","2025 (provisional)","2025","Male","M",23,80335,28.6,18.1,43.0
,"65-74 years","65-74","Idaho","16","2021","2021","Female","F",28,100443,27.9,18.5,40.3
,"65-74 years","65-74","Idaho","16","2021","2021","Male","M",31,96903,32.0,21.7,45.4
,"65-74 years","65-74","Idaho","16","2022","2022","Female","F",26,101884,25.5,16.7,37.4
,"65-74 years","65-74","Idaho","16","2022","2022","Male","M",46,97601,47.1,34.5,62.9
,"65-74 years","65-74","Idaho","16","2023","2023","Female","F",39,105078,37.1,26.4,50.7
,"65-74 years","65-74","Idaho","16","2023","2023","Male","M",47,99935,47.0,34.6,62.5
,"65-74 years","65-74","Idaho","16","2024","2024","Female","F",35,108210,32.3,22.5,45.0
,"65-74 years","65-74","Idaho","16","2024","2024","Male","M",46,102283,45.0,32.9,60.0
,"65-74 years","65-74","Idaho","16","2025 (provisional)","2025","Female","F",35,108210,32.3,22.5,45.0
,"65-74 years","65-74","Idaho","16","2025 (provisional)","2025","Male","M",59,102283,57.7,43.9,74.4
,"65-74 years","65-74","Illinois","17","2021","2021","Female","F",294,666341,44.1,39.1,49.2
,"65-74 years","65-74","Illinois","17","2021","2021","Male","M",415,593505,69.9,63.2,76.7
,"65-74 years","65-74","Illinois","17","2022","2022","Female","F",298,667467,44.6,39.6,49.7
,"65-74 years","65-74","Illinois","17","2022","2022","Male","M",441,593796,74.3,67.3,81.2
,"65-74 years","65-74","Illinois","17","2023","2023","Female","F",314,682990,46.0,40.9,51.1
,"65-74 years","65-74","Illinois","17","2023","2023","Male","M",473,608897,77.7,70.7,84.7
,"65-74 years","65-74","Illinois","17","2024","2024","Female","F",324,696185,46.5,41.5,51.6
,"65-74 years","65-74","Illinois","17","2024","2024","Male","M",484,621850,77.8,70.9,84.8
,"65-74 years","65-74","Illinois","17","2025 (provisional)","2025","Female","F",357,696185,51.3,46.0,56.6
,"65-74 years","65-74","Illinois","17","2025 (provisional)","2025","Male","M",460,621850,74.0,67.2,80.7
,"65-74 years","65-74","Indiana","18","2021","2021","Female","F",203,358303,56.7,48.9,64.4
,"65-74 years","65-74","Indiana","18","2021","2021","Male","M",292,323225,90.3,80.0,100.7
,"65-74 years","65-74","Indiana","18","2022","2022","Female","F",217,360939,60.1,52.1,68.1
,"65-74 years","65-74","Indiana","18","2022","2022","Male","M",268,326272,82.1,72.3,92.0
,"65-74 years","65-74","Indiana","18","2023","2023","Female","F",216,369453,58.5,50.7,66.3
,"65-74 years","65-74","Indiana","18","2023","2023","Male","M",295,333551,88.4,78.3,98.5
,"65-74 years","65-74","Indiana","18","2024","2024","Female","F",198,376970,52.5,45.2,59.8
,"65-74 years","65-74","Indiana","18","2024","2024","Male","M",278,339793,81.8,72.2,91.4
,"65-74 years","65-74","Indiana","18","2025 (provisional)","2025","Female","F",224,376970,59.4,51.6,67.2
,"65-74 years","65-74","Indiana","18","2025 (provisional)","2025","Male","M",325,339793,95.6,85.2,106.0
,"65-74 years","65-74","Iowa","19","2021","2021","Female","F",58,172334,33.7,25.6,43.5
,"65-74 years","65-74","Iowa","19","2021","2021","Male","M",84,163770,51.3,40.9,63.5
,"65-74 years","65-74","Iowa","19","2022","2022","Female","F",65,172830,37.6,29.0,47.9
,"65-74 years","65-74","Iowa","19","2022","2022","Male","M",87,164657,52.8,42.3,65.2
,"65-74 years","65-74","Iowa","19","2023","2023","Female","F",69,177283,38.9,30.3,49.3
,"65-74 years","65-74","Iowa","19","2023","2023","Male","M",89,168692,52.8,42.4,64.9
,"65-74 years","65-74","Iowa","19","2024","2024","Female","F",62,180694,34.3,26.3,44.0
,"65-74 years","65-74","Iowa","19","2024","2024","Male","M",96,172185,55.8,45.2,68.1
,"65-74 years","65-74","Iowa","19","2025 (provisional)","2025","Female","F",84,180694,46.5,37.1,57.6
,"65-74 years","65-74","Iowa","19","2025 (provisional)","2025","Male","M",105,172185,61.0,49.3,72.6
,"65-74 years","65-74","Kansas","20","2021","2021","Female","F",53,152190,34.8,26.1,45.6
,"65-74 years","65-74","Kansas","20","2021","2021","Male","M",84,141988,59.2,47.2,73.2
,"65-74 years","65-74","Kansas","20","2022","2022","Female","F",65,152995,42.5,32.8,54.2
,"65-74 years","65-74","Kansas","20","2022","2022","Male","M",90,142515,63.2,50.8,77.6
,"65-74 years","65-74","Kansas","20","2023","2023","Female","F",61,157312,38.8,29.7,49.8
,"65-74 years","65-74","Kansas","20","2023","2023","Male","M",105,145295,72.3,58.4,86.1
,"65-74 years","65-74","Kansas","20","2024","2024","Female","F",75,160602,46.7,36.7,58.5
,"65-74 years","65-74","Kansas","20","2024","2024","Male","M",88,148100,59.4,47.7,73.2
,"65-74 years","65-74","Kansas","20","2025 (provisional)","2025","Female","F",81,160602,50.4,40.1,62.7
,"65-74 years","65-74","Kansas","20","2025 (provisional)","2025","Male","M",116,148100,78.3,64.1,92.6
,"65-74 years","65-74","Kentucky","21","2021","2021","Female","F",152,251636,60.4,50.8,70.0
,"65-74 years","65-74","Kentucky","21","2021","2021","Male","M",222,224504,98.9,85.9,111.9
,"65-74 years","65-74","Kentucky","21","2022","2022","Female","F",143,252210,56.7,47.4,66.0
,"65-74 years","65-74","Kentucky","21","2022","2022","Male","M",179,224513,79.7,68.0,91.4
,"65-74 years","65-74","Kentucky","21","2023","2023","Female","F",130,256575,50.7,42.0,59.4
,"65-74 years","65-74","Kentucky","21","2023","2023","Male","M",168,227752,73.8,62.6,84.9
,"65-74 years","65-74","Kentucky","21","2024","2024","Female","F",154,260282,59.2,49.8,68.5
,"65-74 years","65-74","Kentucky","21","2024","2024","Male","M",197,230984,85.3,73.4,97.2
,"65-74 years","65-74","Kentucky","21","2025 (provisional)","2025","Female","F",162,260282,62.2,52.7,71.8
,"65-74 years","65-74","Kentucky","21","2025 (provisional)","2025","Male","M",211,230984,91.3,79.0,103.7
,"65-74 years","65-74","Louisiana","22","2021","2021","Female","F",188,251009,74.9,64.2,85.6
,"65-74 years","65-74","Louisiana","22","2021","2021","Male","M",277,220400,125.7,110.9,140.5
,"65-74 years","65-74","Louisiana","22","2022","2022","Female","F",204,251286,81.2,70.0,92.3
,"65-74 years","65-74","Louisiana","22","2022","2022","Male","M",272,219582,123.9,109.2,138.6
,"65-74 years","65-74","Louisiana","22","2023","2023","Female","F",196,255746,76.6,65.9,87.4
,"65-74 years","65-74","Louisiana","22","2023","2023","Male","M",259,223035,116.1,102.0,130.3
,"65-74 years","65-74","Louisiana","22","2024","2024","Female","F",221,259915,85.0,73.8,96.2
,"65-74 years","65-74","Louisiana","22","2024","2024","Male","M",279,226387,123.2,108.8,137.7
,"65-74 years","65-74","Louisiana","22","2025 (provisional)","2025","Female","F",203,259915,78.1,67.4,88.8
,"65-74 years","65-74","Louisiana","22","2025 (provisional)","2025","Male","M",275,226387,121.5,107.1,135.8
,"65-74 years","65-74","Maine","23","2021","2021","Female","F",14,94985,14.7,8.1,24.7
,"65-74 years","65-74","Maine","23","2021","2021","Male","M",33,88154,37.4,25.8,52.6
,"65-74 years","65-74","Maine","23","2022","2022","Female","F",27,96311,28.0,18.5,40.8
,"65-74 years","65-74","Maine","23","2022","2022","Male","M",39,88859,43.9,31.2,60.0
,"65-74 years","65-74","Maine","23","2023","2023","Female","F",24,99405,24.1,15.5,35.9
,"65-74 years","65-74","Maine","23","2023","2023","Male","M",31,91022,34.1,23.1,48.3
,"65-74 years","65-74","Maine","23","2024","2024","Female","F",28,101213,27.7,18.4,40.0
,"65-74 years","65-74","Maine","23","2024","2024","Male","M",36,92016,39.1,27.4,54.2
,"65-74 years","65-74","Maine","23","2025 (provisional)","2025","Female","F",34,101213,33.6,23.3,46.9
,"65-74 years","65-74","Maine","23","2025 (provisional)","2025","Male","M",35,92016,38.0,26.5,52.9
,"65-74 years","65-74","Maryland","24","2021","2021","Female","F",76,326915,23.2,18.3,29.1
,"65-74 years","65-74","Maryland","24","2021","2021","Male","M",86,277571,31.0,24.8,38.3
,"65-74 years","65-74","Maryland","24","2022","2022","Female","F",72,329534,21.8,17.1,27.5
,"65-74 years","65-74","Maryland","24","2022","2022","Male","M",107,278747,38.4,31.1,45.7
,"65-74 years","65-74","Maryland","24","2023","2023","Female","F",76,336689,22.6,17.8,28.3
,"65-74 years","65-74","Maryland","24","2023","2023","Male","M",102,286082,35.7,28.7,42.6
,"65-74 years","65-74","Maryland","24","2024","2024","Female","F",96,344218,27.9,22.6,34.1
,"65-74 years","65-74","Maryland","24","2024","2024","Male","M",118,292887,40.3,33.0,47.6
,"65-74 years","65-74","Maryland","24","2025 (provisional)","2025","Female","F",86,344218,25.0,20.0,30.9
,"65-74 years","65-74","Maryland","24","2025 (provisional)","2025","Male","M",119,292887,40.6,33.3,47.9
,"65-74 years","65-74","Massachusetts","25","2021","2021","Female","F",96,386808,24.8,20.1,30.3
,"65-74 years","65-74","Massachusetts","25","2021","2021","Male","M",134,340099,39.4,32.7,46.1
,"65-74 years","65-74","Massachusetts","25","2022","2022","Female","F",106,389007,27.2,22.1,32.4
,"65-74 years","65-74","Massachusetts","25","2022","2022","Male","M",127,342537,37.1,30.6,43.5
,"65-74 years","65-74","Massachusetts","25","2023","2023","Female","F",85,400128,21.2,17.0,26.3
,"65-74 years","65-74","Massachusetts","25","2023","2023","Male","M",142,352645,40.3,33.6,46.9
,"65-74 years","65-74","Massachusetts","25","2024","2024","Female","F",118,408460,28.9,23.7,34.1
,"65-74 years","65-74","Massachusetts","25","2024","2024","Male","M",158,361486,43.7,36.9,50.5
,"65-74 years","65-74","Massachusetts","25","2025 (provisional)","2025","Female","F",97,408460,23.7,19.3,29.0
,"65-74 years","65-74","Massachusetts","25","2025 (provisional)","2025","Male","M",175,361486,48.4,41.2,55.6
,"65-74 years","65-74","Michigan","26","2021","2021","Female","F",244,585660,41.7,36.4,46.9
,"65-74 years","65-74","Michigan","26","2021","2021","Male","M",325,532418,61.0,54.4,67.7
,"65-74 years","65-74","Michigan","26","2022","2022","Female","F",242,588994,41.1,35.9,46.3
,"65-74 years","65-74","Michigan","26","2022","2022","Male","M",323,534287,60.5,53.9,67.0
,"65-74 years","65-74","Michigan","26","2023","2023","Female","F",278,605311,45.9,40.5,51.3
,"65-74 years","65-74","Michigan","26","2023","2023","Male","M",338,549137,61.6,55.0,68.1
,"65-74 years","65-74","Michigan","26","2024","2024","Female","F",287,617907,46.4,41.1,51.8
,"65-74 years","65-74","Michigan","26","2024","2024","Male","M",344,560805,61.3,54.9,67.8
,"65-74 years","65-74","Michigan","26","2025 (provisional)","2025","Female","F",260,617907,42.1,37.0,47.2
,"65-74 years","65-74","Michigan","26","2025 (provisional)","2025","Male","M",397,560805,70.8,63.8,77.8
,"65-74 years","65-74","Minnesota","27","2021","2021","Female","F",52,295793,17.6,13.1,23.1
,"65-74 years","65-74","Minnesota","27","2021","2021","Male","M",83,281394,29.5,23.5,36.6
,"65-74 years","65-74","Minnesota","27","2022","2022","Female","F",62,299229,20.7,15.9,26.6
,"65-74 years","65-74","Minnesota","27","2022","2022","Male","M",90,285488,31.5,25.3,38.7
,"65-74 years","65-74","Minnesota","27","2023","2023","Female","F",76,309060,24.6,19.4,30.8
,"65-74 years","65-74","Minnesota","27","2023","2023","Male","M",89,294083,30.3,24.3,37.2
,"65-74 years","65-74","Minnesota","27","2024","2024","Female","F",65,316858,20.5,15.8,26.1
,"65-74 years","65-74","Minnesota","27","2024","2024","Male","M",87,301241,28.9,23.1,35.6
,"65-74 years","65-74","Minnesota","27","2025 (provisional)","2025","Female","F",82,316858,25.9,20.6,32.1
,"65-74 years","65-74","Minnesota","27","2025 (provisional)","2025","Male","M",110,301241,36.5,29.7,43.3
,"65-74 years","65-74","Mississippi","28","2021","2021","Female","F",159,162924,97.6,82.4,112.8
,"65-74 years","65-74","Mississippi","28","2021","2021","Male","M",214,141045,151.7,131.4,172.1
,"65-74 years","65-74","Mississippi","28","2022","2022","Female","F",177,162715,108.8,92.8,124.8
,"65-74 years","65-74","Mississippi","28","2022","2022","Male","M",196,140137,139.9,120.3,159.4
,"65-74 years","65-74","Mississippi","28","2023","2023","Female","F",164,165937,98.8,83.7,114.0
,"65-74 years","65-74","Mississippi","28","2023","2023","Male","M",223,142656,156.3,135.8,176.8
,"65-74 years","65-74","Mississippi","28","2024","2024","Female","F",158,168624,93.7,79.1,108.3
,"65-74 years","65-74","Mississippi","28","2024","2024","Male","M",225,144655,155.5,135.2,175.9
,"65-74 years","65-74","Mississippi","28","2025 (provisional)","2025","Female","F",177,168624,105.0,89.5,120.4
,"65-74 years","65-74","Mississippi","28","2025 (provisional)","2025","Male","M",264,144655,182.5,160.5,204.5
,"65-74 years","65-74","Missouri","29","2021","2021","Female","F",154,343473,44.8,37.8,51.9
,"65-74 years","65-74","Missouri","29","2021","2021","Male","M",261,305988,85.3,74.9,95.6
,"65-74 years","65-74","Missouri","29","2022","2022","Female","F",204,344467,59.2,51.1,67.3
,"65-74 years","65-74","Missouri","29","2022","2022","Male","M",262,306790,85.4,75.1,95.7
,"65-74 years","65-74","Missouri","29","2023","2023","Female","F",201,353293,56.9,49.0,64.8
,"65-74 years","65-74","Missouri","29","2023","2023","Male","M",271,314533,86.2,75.9,96.4
,"65-74 years","65-74","Missouri","29","2024","2024","Female","F",211,360393,58.5,50.6,66.4
,"65-74 years","65-74","Missouri","29","2024","2024","Male","M",281,321559,87.4,77.2,97.6
,"65-74 years","65-74","Missouri","29","2025 (provisional)","2025","Female","F",201,360393,55.8,48.1,63.5
,"65-74 years","65-74","Missouri","29","2025 (provisional)","2025","Male","M",288,321559,89.6,79.2,99.9
,"65-74 years","65-74","Montana","30","2021","2021","Female","F",24,68255,35.2,22.5,52.3
,"65-74 years","65-74","Montana","30","2021","2021","Male","M",26,67184,38.7,25.3,56.7
,"65-74 years","65-74","Montana","30","2022","2022","Female","F",Suppressed,69335,Suppressed,Suppressed,Suppressed
,"65-74 years","65-74","Montana","30","2022","2022","Male","M",39,67432,57.8,41.1,79.1
,"65-74 years","65-74","Montana","30","2023","2023","Female","F",26,71506,36.4,23.8,53.3
,"65-74 years","65-74","Montana","30","2023","2023","Male","M",26,69109,37.6,24.6,55.1
,"65-74 years","65-74","Montana","30","2024","2024","Female","F",15,72989,20.6,11.5,33.9
,"65-74 years","65-74","Montana","30","2024","2024","Male","M",17,69789,24.4,14.2,39.0
,"65-74 years","65-74","Montana","30","2025 (provisional)","2025","Female","F",22,72989,30.1,18.9,45.6
,"65-74 years","65-74","Montana","30","2025 (provisional)","2025","Male","M",20,69789,28.7,17.5,44.3
,"65-74 years","65-74","Nebraska","31","2021","2021","Female","F",45,100222,44.9,32.8,60.1
,"65-74 years","65-74","Nebraska","31","2021","2021","Male","M",55,93755,58.7,44.2,76.4
,"65-74 years","65-74","Nebraska","31","2022","2022","Female","F",41,100910,40.6,29.2,55.1
,"65-74 years","65-74","Nebraska","31","2022","2022","Male","M",59,94610,62.4,47.5,80.4
,"65-74 years","65-74","Nebraska","31","2023","2023","Female","F",47,103744,45.3,33.3,60.2
,"65-74 years","65-74","Nebraska","31","2023","2023","Male","M",70,97025,72.1,56.2,91.2
,"65-74 years","65-74","Nebraska","31","2024","2024","Female","F",44,105879,41.6,30.2,55.8
,"65-74 years","65-74","Nebraska","31","2024","2024","Male","M",67,98838,67.8,52.5,86.1
,"65-74 years","65-74","Nebraska","31","2025 (provisional)","2025","Female","F",45,105879,42.5,31.0,56.9
,"65-74 years","65-74","Nebraska","31","2025 (provisional)","2025","Male","M",74,98838,74.9,58.8,94.0
,"65-74 years","65-74","Nevada","32","2021","2021","Female","F",56,167285,33.5,25.3,43.5
,"65-74 years","65-74","Nevada","32","2021","2021","Male","M",121,154623,78.3,64.3,92.2
,"65-74 years","65-74","Nevada","32","2022","2022","Female","F",50,167946,29.8,22.1,39.3
,"65-74 years","65-74","Nevada","32","2022","2022","Male","M",85,154160,55.1,44.0,68.2
,"65-74 years","65-74","Nevada","32","2023","2023","Female","F",63,172655,36.5,28.0,46.7
,"65-74 years","65-74","Nevada","32","2023","2023","Male","M",108,158173,68.3,55.4,81.2
,"65-74 years","65-74","Nevada","32","2024","2024","Female","F",66,176357,37.4,28.9,47.6
,"65-74 years","65-74","Nevada","32","2024","2024","Male","M",108,161631,66.8,54.2,79.4
,"65-74 years","65-74","Nevada","32","2025 (provisional)","2025","Female","F",63,176357,35.7,27.5,45.7
,"65-74 years","65-74","Nevada","32","2025 (provisional)","2025","Male","M",88,161631,54.4,43.7,67.1
,"65-74 years","65-74","New Hampshire","33","2021","2021","Female","F",21,85526,24.6,15.2,37.5
,"65-74 years","65-74","New Hampshire","33","2021","2021","Male","M",40,81165,49.3,35.2,67.1
,"65-74 years","65-74","New Hampshire","33","2022","2022","Female","F",19,86897,21.9,13.2,34.1
,"65-74 years","65-74","New Hampshire","33","2022","2022","Male","M",33,82377,40.1,27.6,56.3
,"65-74 years","65-74","New Hampshire","33","2023","2023","Female","F",25,90082,27.8,18.0,41.0
,"65-74 years","65-74","New Hampshire","33","2023","2023","Male","M",42,85368,49.2,35.5,66.5
,"65-74 years","65-74","New Hampshire","33","2024","2024","Female","F",27,92721,29.1,19.2,42.4
,"65-74 years","65-74","New Hampshire","33","2024","2024","Male","M",33,87921,37.5,25.8,52.7
,"65-74 years","65-74","New Hampshire","33","2025 (provisional)","2025","Female","F",26,92721,28.0,18.3,41.1
,"65-74 years","65-74","New Hampshire","33","2025 (provisional)","2025","Male","M",54,87921,61.4,46.1,80.1
,"65-74 years","65-74","New Jersey","34","2021","2021","Female","F",115,490984,23.4,19.1,27.7
,"65-74 years","65-74","New Jersey","34","2021","2021","Male","M",181,429887,42.1,36.0,48.2
,"65-74 years","65-74","New Jersey","34","2022","2022","Female","F",124,491904,25.2,20.8,29.6
,"65-74 years","65-74","New Jersey","34","2022","2022","Male","M",198,430474,46.0,39.6,52.4
,"65-74 years","65-74","New Jersey","34","2023","2023","Female","F",122,505240,24.1,19.9,28.4
,"65-74 years","65-74","New Jersey","34","2023","2023","Male","M",202,444299,45.5,39.2,51.7
,"65-74 years","65-74","New Jersey","34","2024","2024","Female","F",114,518673,22.0,17.9,26.0
,"65-74 years","65-74","New Jersey","34","2024","2024","Male","M",192,458030,41.9,36.0,47.8
,"65-74 years","65-74","New Jersey","34","2025 (provisional)","2025","Female","F",107,518673,20.6,16.7,24.5
,"65-74 years","65-74","New Jersey","34","2025 (provisional)","2025","Male","M",199,458030,43.4,37.4,49.5
,"65-74 years","65-74","New Mexico","35","2021","2021","Female","F",42,126022,33.3,24.0,45.0
,"65-74 years","65-74","New Mexico","35","2021","2021","Male","M",50,112498,44.4,33.0,58.6
,"65-74 years","65-74","New Mexico","35","2022","2022","Female","F",30,126162,23.8,16.0,33.9
,"65-74 years","65-74","New Mexico","35","2022","2022","Male","M",46,112275,41.0,30.0,54.6
,"65-74 years","65-74","New Mexico","35","2023","2023","Female","F",39,130193,30.0,21.3,41.0
,"65-74 years","65-74","New Mexico","35","2023","2023","Male","M",55,115321,47.7,35.9,62.1
,"65-74 years","65-74","New Mexico","35","2024","2024","Female","F",46,131526,35.0,25.6,46.7
,"65-74 years","65-74","New Mexico","35","2024","2024","Male","M",55,115911,47.5,35.7,61.8
,"65-74 years","65-74","New Mexico","35","2025 (provisional)","2025","Female","F",51,131526,38.8,28.9,51.0
,"65-74 years","65-74","New Mexico","35","2025 (provisional)","2025","Male","M",47,115911,40.5,29.8,53.9
,"65-74 years","65-74","New York","36","2021","2021","Female","F",245,1086347,22.6,19.7,25.4
,"65-74 years","65-74","New York","36","2021","2021","Male","M",306,951370,32.2,28.6,35.8
,"65-74 years","65-74","New York","36","2022","2022","Female","F",226,1081408,20.9,18.2,23.6
,"65-74 years","65-74","New York","36","2022","2022","Male","M",338,947424,35.7,31.9,39.5
,"65-74 years","65-74","New York","36","2023","2023","Female","F",245,1105291,22.2,19.4,24.9
,"65-74 years","65-74","New York","36","2023","2023","Male","M",344,972803,35.4,31.6,39.1
,"65-74 years","65-74","New York","36","2024","2024","Female","F",258,1128009,22.9,20.1,25.7
,"65-74 years","65-74","New York","36","2024","2024","Male","M",364,996578,36.5,32.8,40.3
,"65-74 years","65-74","New York","36","2025 (provisional)","2025","Female","F",252,1128009,22.3,19.6,25.1
,"65-74 years","65-74","New York","36","2025 (provisional)","2025","Male","M",393,996578,39.4,35.5,43.3
,"65-74 years","65-74","North Carolina","37","2021","2021","Female","F",302,592885,50.9,45.2,56.7
,"65-74 years","65-74","North Carolina","37","2021","2021","Male","M",386,508262,75.9,68.4,83.5
,"65-74 years","65-74","North Carolina","37","2022","2022","Female","F",286,596222,48.0,42.4,53.5
,"65-74 years","65-74","North Carolina","37","2022","2022","Male","M",410,510356,80.3,72.6,88.1
,"65-74 years","65-74","North Carolina","37","2023","2023","Female","F",297,610508,48.6,43.1,54.2
,"65-74 years","65-74","North Carolina","37","2023","2023","Male","M",411,522951,78.6,71.0,86.2
,"65-74 years","65-74","North Carolina","37","2024","2024","Female","F",313,624601,50.1,44.6,55.7
,"65-74 years","65-74","North Carolina","37","2024","2024","Male","M",397,534882,74.2,66.9,81.5
,"65-74 years","65-74","North Carolina","37","2025 (provisional)","2025","Female","F",358,624601,57.3,51.4,63.3
,"65-74 years","65-74","North Carolina","37","2025 (provisional)","2025","Male","M",456,534882,85.3,77.4,93.1
,"65-74 years","65-74","North Dakota","38","2021","2021","Female","F",18,36518,49.3,29.2,77.9
,"65-74 years","65-74","North Dakota","38","2021","2021","Male","M",16,37124,43.1,24.6,70.0
,"65-74 years","65-74","North Dakota","38","2022","2022","Female","F",14,37174,37.7,20.6,63.2
,"65-74 years","65-74","North Dakota","38","2022","2022","Male","M",20,37706,53.0,32.4,81.9
,"65-74 years","65-74","North Dakota","38","2023","2023","Female","F",Suppressed,38530,Suppressed,Suppressed,Suppressed
,"65-74 years","65-74","North Dakota","38","2023","2023","Male","M",18,38995,46.2,27.4,73.0
,"65-74 years","65-74","North Dakota","38","2024","2024","Female","F",16,39650,40.4,23.1,65.5
,"65-74 years","65-74","North Dakota","38","2024","2024","Male","M",26,39856,65.2,42.6,95.6
,"65-74 years","65-74","North Dakota","38","2025 (provisional)","2025","Female","F",11,39650,27.7,13.8,49.6
,"65-74 years","65-74","North Dakota","38","2025 (provisional)","2025","Male","M",22,39856,55.2,34.6,83.6
,"65-74 years","65-74","Ohio","39","2021","2021","Female","F",326,673900,48.4,43.1,53.6
,"65-74 years","65-74","Ohio","39","2021","2021","Male","M",418,604392,69.2,62.5,75.8
,"65-74 years","65-74","Ohio","39","2022","2022","Female","F",329,676354,48.6,43.4,53.9
,"65-74 years","65-74","Ohio","39","2022","2022","Male","M",415,605151,68.6,62.0,75.2
,"65-74 years","65-74","Ohio","39","2023","2023","Female","F",290,693197,41.8,37.0,46.7
,"65-74 years","65-74","Ohio","39","2023","2023","Male","M",392,620622,63.2,56.9,69.4
,"65-74 years","65-74","Ohio","39","2024","2024","Female","F",320,704364,45.4,40.5,50.4
,"65-74 years","65-74","Ohio","39","2024","2024","Male","M",409,630701,64.8,58.6,71.1
,"65-74 years","65-74","Ohio","39","2025 (provisional)","2025","Female","F",368,704364,52.2,46.9,57.6
,"65-74 years","65-74","Ohio","39","2025 (provisional)","2025","Male","M",461,630701,73.1,66.4,79.8
,"65-74 years","65-74","Oklahoma","40","2021","2021","Female","F",224,205074,109.2,94.9,123.5
,"65-74 years","65-74","Oklahoma","40","2021","2021","Male","M",289,183358,157.6,139.4,175.8
,"65-74 years","65-74","Oklahoma","40","2022","2022","Female","F",217,205438,105.6,91.6,119.7
,"65-74 years","65-74","Oklahoma","40","2022","2022","Male","M",269,183070,146.9,129.4,164.5
,"65-74 years","65-74","Oklahoma","40","2023","2023","Female","F",187,210531,88.8,76.1,101.6
,"65-74 years","65-74","Oklahoma","40","2023","2023","Male","M",291,187308,155.4,137.5,173.2
,"65-74 years","65-74","Oklahoma","40","2024","2024","Female","F",214,214343,99.8,86.5,113.2
,"65-74 years","65-74","Oklahoma","40","2024","2024","Male","M",277,190859,145.1,128.0,162.2
,"65-74 years","65-74","Oklahoma","40","2025 (provisional)","2025","Female","F",210,214343,98.0,84.7,111.2
,"65-74 years","65-74","Oklahoma","40","2025 (provisional)","2025","Male","M",292,190859,153.0,135.4,170.5
,"65-74 years","65-74","Oregon","41","2021","2021","Female","F",105,256792,40.9,33.1,48.7
,"65-74 years","65-74","Oregon","41","2021","2021","Male","M",122,232845,52.4,43.1,61.7
,"65-74 years","65-74","Oregon","41","2022","2022","Female","F",93,255212,36.4,29.4,44.6
,"65-74 years","65-74","Oregon","41","2022","2022","Male","M",131,230757,56.8,47.0,66.5
,"65-74 years","65-74","Oregon","41","2023","2023","Female","F",73,258759,28.2,22.1,35.5
,"65-74 years","65-74","Oregon","41","2023","2023","Male","M",147,232183,63.3,53.1,73.5
,"65-74 years","65-74","Oregon","41","2024","2024","Female","F",93,260331,35.7,28.8,43.8
,"65-74 years","65-74","Oregon","41","2024","2024","Male","M",146,232298,62.9,52.7,73.0
,"65-74 years","65-74","Oregon","41","2025 (provisional)","2025","Female","F",94,260331,36.1,29.2,44.2
,"65-74 years","65-74","Oregon","41","2025 (provisional)","2025","Male","M",131,232298,56.4,46.7,66.1
,"65-74 years","65-74","Pennsylvania","42","2021","2021","Female","F",259,769163,33.7,29.6,37.8
,"65-74 years","65-74","Pennsylvania","42","2021","2021","Male","M",396,696013,56.9,51.3,62.5
,"65-74 years","65-74","Pennsylvania","42","2022","2022","Female","F",301,771128,39.0,34.6,43.4
,"65-74 years","65-74","Pennsylvania","42","2022","2022","Male","M",372,697917,53.3,47.9,58.7
,"65-74 years","65-74","Pennsylvania","42","2023","2023","Female","F",282,791491,35.6,31.5,39.8
,"65-74 years","65-74","Pennsylvania","42","2023","2023","Male","M",432,715875,60.3,54.7,66.0
,"65-74 years","65-74","Pennsylvania","42","2024","2024","Female","F",302,805847,37.5,33.2,41.7
,"65-74 years","65-74","Pennsylvania","42","2024","2024","Male","M",413,730248,56.6,51.1,62.0
,"65-74 years","65-74","Pennsylvania","42","2025 (provisional)","2025","Female","F",282,805847,35.0,30.9,39.1
,"65-74 years","65-74","Pennsylvania","42","2025 (provisional)","2025","Male","M",459,730248,62.9,57.1,68.6
,"65-74 years","65-74","Rhode Island","44","2021","2021","Female","F",13,62542,20.8,11.1,35.5
,"65-74 years","65-74","Rhode Island","44","2021","2021","Male","M",22,55831,39.4,24.7,59.7
,"65-74 years","65-74","Rhode Island","44","2022","2022","Female","F",16,63155,25.3,14.5,41.1
,"65-74 years","65-74","Rhode Island","44","2022","2022","Male","M",20,56308,35.5,21.7,54.9
,"65-74 years","65-74","Rhode Island","44","2023","2023","Female","F",21,65236,32.2,19.9,49.2
,"65-74 years","65-74","Rhode Island","44","2023","2023","Male","M",23,58122,39.6,25.1,59.4
,"65-74 years","65-74","Rhode Island","44","2024","2024","Female","F",19,67114,28.3,17.0,44.2
,"65-74 years","65-74","Rhode Island","44","2024","2024","Male","M",23,59447,38.7,24.5,58.1
,"65-74 years","65-74","Rhode Island","44","2025 (provisional)","2025","Female","F",23,67114,34.3,21.7,51.4
,"65-74 years","65-74","Rhode Island","44","2025 (provisional)","2025","Male","M",31,59447,52.1,35.4,74.0
,"65-74 years","65-74","South Carolina","45","2021","2021","Female","F",197,323427,60.9,52.4,69.4
,"65-74 years","65-74","South Carolina","45","2021","2021","Male","M",244,277469,87.9,76.9,99.0
,"65-74 years","65-74","South Carolina","45","2022","2022","Female","F",155,326180,47.5,40.0,55.0
,"65-74 years","65-74","South Carolina","45","2022","2022","Male","M",257,278466,92.3,81.0,103.6
,"65-74 years","65-74","South Carolina","45","2023","2023","Female","F",161,334895,48.1,40.6,55.5
,"65-74 years","65-74","South Carolina","45","2023","2023","Male","M",266,284913,93.4,82.1,104.6
,"65-74 years","65-74","South Carolina","45","2024","2024","Female","F",171,343340,49.8,42.3,57.3
,"65-74 years","65-74","South Carolina","45","2024","2024","Male","M",276,291736,94.6,83.4,105.8
,"65-74 years","65-74","South Carolina","45","2025 (provisional)","2025","Female","F",202,343340,58.8,50.7,66.9
,"65-74 years","65-74","South Carolina","45","2025 (provisional)","2025","Male","M",310,291736,106.3,94.4,118.1
,"65-74 years","65-74","South Dakota","46","2021","2021","Female","F",10,48519,20.6,9.9,37.9
,"65-74 years","65-74","South Dakota","46","2021","2021","Male","M",12,49170,24.4,12.6,42.6
,"65-74 years","65-74","South Dakota","46","2022","2022","Female","F",Suppressed,49663,Suppressed,Suppressed,Suppressed
,"65-74 years","65-74","South Dakota","46","2022","2022","Male","M",10,50217,19.9,9.5,36.6
,"65-74 years","65-74","South Dakota","46","2023","2023","Female","F",Suppressed,51508,Suppressed,Suppressed,Suppressed
,"65-74 years","65-74","South Dakota","46","2023","2023","Male","M",18,51956,34.6,20.5,54.8
,"65-74 years","65-74","South Dakota","46","2024","2024","Female","F",Suppressed,52778,Suppressed,Suppressed,Suppressed
,"65-74 years","65-74","South Dakota","46","2024","2024","Male","M",13,52962,24.5,13.1,42.0
,"65-74 years","65-74","South Dakota","46","2025 (provisional)","2025","Female","F",13,52778,24.6,13.1,42.1
,"65-74 years","65-74","South Dakota","46","2025 (provisional)","2025","Male","M",16,52962,30.2,17.3,49.1
,"65-74 years","65-74","Tennessee","47","2021","2021","Female","F",198,388462,51.0,43.9,58.1
,"65-74 years","65-74","Tennessee","47","2021","2021","Male","M",233,339806,68.6,59.8,77.4
,"65-74 years","65-74","Tennessee","47","2022","2022","Female","F",216,389858,55.4,48.0,62.8
,"65-74 years","65-74","Tennessee","47","2022","2022","Male","M",253,339666,74.5,65.3,83.7
,"65-74 years","65-74","Tennessee","47","2023","2023","Female","F",211,396746,53.2,46.0,60.4
,"65-74 years","65-74","Tennessee","47","2023","2023","Male","M",258,345749,74.6,65.5,83.7
,"65-74 years","65-74","Tennessee","47","2024","2024","Female","F",222,404337,54.9,47.7,62.1
,"65-74 years","65-74","Tennessee","47","2024","2024","Male","M",275,351850,78.2,68.9,87.4
,"65-74 years","65-74","Tennessee","47","2025 (provisional)","2025","Female","F",287,404337,71.0,62.8,79.2
,"65-74 years","65-74","Tennessee","47","2025 (provisional)","2025","Male","M",307,351850,87.3,77.5,97.0
,"65-74 years","65-74","Texas","48","2021","2021","Female","F",590,1275060,46.3,42.5,50.0
,"65-74 years","65-74","Texas","48","2021","2021","Male","M",782,1133513,69.0,64.2,73.8
,"65-74 years","65-74","Texas","48","2022","2022","Female","F",628,1293289,48.6,44.8,52.4
,"65-74 years","65-74","Texas","48","2022","2022","Male","M",847,1145201,74.0,69.0,78.9
,"65-74 years","65-74","Texas","48","2023","2023","Female","F",631,1343251,47.0,43.3,50.6
,"65-74 years","65-74","Texas","48","2023","2023","Male","M",885,1190789,74.3,69.4,79.2
,"65-74 years","65-74","Texas","48","2024","2024","Female","F",681,1385442,49.2,45.5,52.8
,"65-74 years","65-74","Texas","48","2024","2024","Male","M",943,1230334,76.6,71.8,81.5
,"65-74 years","65-74","Texas","48","2025 (provisional)","2025","Female","F",684,1385442,49.4,45.7,53.1
,"65-74 years","65-74","Texas","48","2025 (provisional)","2025","Male","M",1044,1230334,84.9,79.7,90.0
,"65-74 years","65-74","Utah","49","2021","2021","Female","F",72,124596,57.8,45.2,72.8
,"65-74 years","65-74","Utah","49","2021","2021","Male","M",54,117771,45.9,34.4,59.8
,"65-74 years","65-74","Utah","49","2022","2022","Female","F",62,126546,49.0,37.6,62.8
,"65-74 years","65-74","Utah","49","2022","2022","Male","M",73,119330,61.2,48.0,76.9
,"65-74 years","65-74","Utah","49","2023","2023","Female","F",51,130603,39.0,29.1,51.3
,"65-74 years","65-74","Utah","49","2023","2023","Male","M",60,123104,48.7,37.2,62.7
,"65-74 years","65-74","Utah","49","2024","2024","Female","F",63,134508,46.8,36.0,59.9
,"65-74 years","65-74","Utah","49","2024","2024","Male","M",74,127042,58.2,45.7,73.1
,"65-74 years","65-74","Utah","49","2025 (provisional)","2025","Female","F",72,134508,53.5,41.9,67.4
,"65-74 years","65-74","Utah","49","2025 (provisional)","2025","Male","M",101,127042,79.5,64.0,95.0
,"65-74 years","65-74","Vermont","50","2021","2021","Female","F",Suppressed,42335,Suppressed,Suppressed,Suppressed
,"65-74 years","65-74","Vermont","50","2021","2021","Male","M",Suppressed,40205,Suppressed,Suppressed,Suppressed
,"65-74 years","65-74","Vermont","50","2022","2022","Female","F",Suppressed,42880,Suppressed,Suppressed,Suppressed
,"65-74 years","65-74","Vermont","50","2022","2022","Male","M",10,40602,24.6,11.8,45.3
,"65-74 years","65-74","Vermont","50","2023","2023","Female","F",Suppressed,43928,Suppressed,Suppressed,Suppressed
,"65-74 years","65-74","Vermont","50","2023","2023","Male","M",Suppressed,41613,Suppressed,Suppressed,Suppressed
,"65-74 years","65-74","Vermont","50","2024","2024","Female","F",Suppressed,44579,Suppressed,Suppressed,Suppressed
,"65-74 years","65-74","Vermont","50","2024","2024","Male","M",Suppressed,42099,Suppressed,Suppressed,Suppressed
,"65-74 years","65-74","Vermont","50","2025 (provisional)","2025","Female","F",Suppressed,44579,Suppressed,Suppressed,Suppressed
,"65-74 years","65-74","Vermont","50","2025 (provisional)","2025","Male","M",11,42099,26.1,13.0,46.8
,"65-74 years","65-74","Virginia","51","2021","2021","Female","F",199,453828,43.8,37.8,49.9
,"65-74 years","65-74","Virginia","51","2021","2021","Male","M",260,399470,65.1,57.2,73.0
,"65-74 years","65-74","Virginia","51","2022","2022","Female","F",210,456376,46.0,39.8,52.2
,"65-74 years","65-74","Virginia","51","2022","2022","Male","M",260,401713,64.7,56.9,72.6
,"65-74 years","65-74","Virginia","51","2023","2023","Female","F",235,466687,50.4,43.9,56.8
,"65-74 years","65-74","Virginia","51","2023","2023","Male","M",284,410182,69.2,61.2,77.3
,"65-74 years","65-74","Virginia","51","2024","2024","Female","F",232,476099,48.7,42.5,55.0
,"65-74 years","65-74","Virginia","51","2024","2024","Male","M",310,418062,74.2,65.9,82.4
,"65-74 years","65-74","Virginia","51","2025 (provisional)","2025","Female","F",230,476099,48.3,42.1,54.6
,"65-74 years","65-74","Virginia","51","2025 (provisional)","2025","Male","M",338,418062,80.8,72.2,89.5
,"65-74 years","65-74","Washington","53","2021","2021","Female","F",107,409388,26.1,21.2,31.1
,"65-74 years","65-74","Washington","53","2021","2021","Male","M",115,373143,30.8,25.2,36.5
,"65-74 years","65-74","Washington","53","2022","2022","Female","F",93,410792,22.6,18.3,27.7
,"65-74 years","65-74","Washington","53","2022","2022","Male","M",145,373790,38.8,32.5,45.1
,"65-74 years","65-74","Washington","53","2023","2023","Female","F",107,419071,25.5,20.7,30.4
,"65-74 years","65-74","Washington","53","2023","2023","Male","M",136,381370,35.7,29.7,41.7
,"65-74 years","65-74","Washington","53","2024","2024","Female","F",136,425886,31.9,26.6,37.3
,"65-74 years","65-74","Washington","53","2024","2024","Male","M",159,387173,41.1,34.7,47.5
,"65-74 years","65-74","Washington","53","2025 (provisional)","2025","Female","F",91,425886,21.4,17.2,26.2
,"65-74 years","65-74","Washington","53","2025 (provisional)","2025","Male","M",130,387173,33.6,27.8,39.3
,"65-74 years","65-74","West Virginia","54","2021","2021","Female","F",71,117590,60.4,47.2,76.2
,"65-74 years","65-74","West Virginia","54","2021","2021","Male","M",53,108477,48.9,36.6,63.9
,"65-74 years","65-74","West Virginia","54","2022","2022","Female","F",63,116385,54.1,41.6,69.3
,"65-74 years","65-74","West Virginia","54","2022","2022","Male","M",72,106571,67.6,52.9,85.1
,"65-74 years","65-74","West Virginia","54","2023","2023","Female","F",56,117108,47.8,36.1,62.1
,"65-74 years","65-74","West Virginia","54","2023","2023","Male","M",74,106991,69.2,54.3,86.8
,"65-74 years","65-74","West Virginia","54","2024","2024","Female","F",49,116864,41.9,31.0,55.4
,"65-74 years","65-74","West Virginia","54","2024","2024","Male","M",79,107083,73.8,58.4,91.9
,"65-74 years","65-74","West Virginia","54","2025 (provisional)","2025","Female","F",74,116864,63.3,49.7,79.5
,"65-74 years","65-74","West Virginia","54","2025 (provisional)","2025","Male","M",79,107083,73.8,58.4,91.9
,"65-74 years","65-74","Wisconsin","55","2021","2021","Female","F",99,331156,29.9,24.3,36.4
,"65-74 years","65-74","Wisconsin","55","2021","2021","Male","M",135,317989,42.5,35.3,49.6
,"65-74 years","65-74","Wisconsin","55","2022","2022","Female","F",122,336081,36.3,29.9,42.7
,"65-74 years","65-74","Wisconsin","55","2022","2022","Male","M",157,322545,48.7,41.1,56.3
,"65-74 years","65-74","Wisconsin","55","2023","2023","Female","F",111,347307,32.0,26.0,37.9
,"65-74 years","65-74","Wisconsin","55","2023","2023","Male","M",155,332920,46.6,39.2,53.9
,"65-74 years","65-74","Wisconsin","55","2024","2024","Female","F",112,355813,31.5,25.6,37.3
,"65-74 years","65-74","Wisconsin","55","2024","2024","Male","M",143,340820,42.0,35.1,48.8
,"65-74 years","65-74","Wisconsin","55","2025 (provisional)","2025","Female","F",125,355813,35.1,29.0,41.3
,"65-74 years","65-74","Wisconsin","55","2025 (provisional)","2025","Male","M",162,340820,47.5,40.2,54.9
,"65-74 years","65-74","Wyoming","56","2021","2021","Female","F",Suppressed,32469,Suppressed,Suppressed,Suppressed
,"65-74 years","65-74","Wyoming","56","2021","2021","Male","M",17,33517,50.7,29.5,81.2
,"65-74 years","65-74","Wyoming","56","2022","2022","Female","F",Suppressed,33134,Suppressed,Suppressed,Suppressed
,"65-74 years","65-74","Wyoming","56","2022","2022","Male","M",19,33926,56.0,33.7,87.5
,"65-74 years","65-74","Wyoming","56","2023","2023","Female","F",14,34103,41.1,22.4,68.9
,"65-74 years","65-74","Wyoming","56","2023","2023","Male","M",15,34930,42.9,24.0,70.8
,"65-74 years","65-74","Wyoming","56","2024","2024","Female","F",16,35003,45.7,26.1,74.2
,"65-74 years","65-74","Wyoming","56","2024","2024","Male","M",18,35554,50.6,30.0,80.0
,"65-74 years","65-74","Wyoming","56","2025 (provisional)","2025","Female","F",17,35003,48.6,28.3,77.8
,"65-74 years","65-74","Wyoming","56","2025 (provisional)","2025","Male","M",21,35554,59.1,36.6,90.3
,"75-84 years","75-84","Alabama","01","2021","2021","Female","F",495,149086,332.0,302.8,361.3
,"75-84 years","75-84","Alabama","01","2021","2021","Male","M",468,112585,415.7,378.0,453.3
,"75-84 years","75-84","Alabama","01","2022","2022","Female","F",526,160007,328.7,300.6,356.8
,"75-84 years","75-84","Alabama","01","2022","2022","Male","M",506,120473,420.0,383.4,456.6
,"75-84 years","75-84","Alabama","01","2023","2023","Female","F",533,165168,322.7,295.3,350.1
,"75-84 years","75-84","Alabama","01","2023","2023","Male","M",530,125802,421.3,385.4,457.2
,"75-84 years","75-84","Alabama","01","2024","2024","Female","F",570,171859,331.7,304.4,358.9
,"75-84 years","75-84","Alabama","01","2024","2024","Male","M",523,131195,398.6,364.5,432.8
,"75-84 years","75-84","Alabama","01","2025 (provisional)","2025","Female","F",573,171859,333.4,306.1,360.7
,"75-84 years","75-84","Alabama","01","2025 (provisional)","2025","Male","M",599,131195,456.6,420.0,493.1
,"75-84 years","75-84","Alaska","02","2021","2021","Female","F",13,12429,104.6,55.7,178.9
,"75-84 years","75-84","Alaska","02","2021","2021","Male","M",14,12070,116.0,63.4,194.6
,"75-84 years","75-84","Alaska","02","2022","2022","Female","F",13,13875,93.7,49.9,160.2
,"75-84 years","75-84","Alaska","02","2022","2022","Male","M",25,13132,190.4,123.2,281.0
,"75-84 years","75-84","Alaska","02","2023","2023","Female","F",20,14703,136.0,83.1,210.1
,"75-84 years","75-84","Alaska","02","2023","2023","Male","M",26,14275,182.1,119.0,266.9
,"75-84 years","75-84","Alaska","02","2024","2024","Female","F",Suppressed,15674,Suppressed,Suppressed,Suppressed
,"75-84 years","75-84","Alaska","02","2024","2024","Male","M",20,15409,129.8,79.3,200.5
,"75-84 years","75-84","Alaska","02","2025 (provisional)","2025","Female","F",17,15674,108.5,63.2,173.7
,"75-84 years","75-84","Alaska","02","2025 (provisional)","2025","Male","M",36,15409,233.6,163.6,323.4
,"75-84 years","75-84","Arizona","04","2021","2021","Female","F",241,222181,108.5,94.8,122.2
,"75-84 years","75-84","Arizona","04","2021","2021","Male","M",300,194174,154.5,137.0,172.0
,"75-84 years","75-84","Arizona","04","2022","2022","Female","F",291,242889,119.8,106.0,133.6
,"75-84 years","75-84","Arizona","04","2022","2022","Male","M",344,209430,164.3,146.9,181.6
,"75-84 years","75-84","Arizona","04","2023","2023","Female","F",298,257760,115.6,102.5,128.7
,"75-84 years","75-84","Arizona","04","2023","2023","Male","M",366,222698,164.3,147.5,181.2
,"75-84 years","75-84","Arizona","04","2024","2024","Female","F",376,273146,137.7,123.7,151.6
,"75-84 years","75-84","Arizona","04","2024","2024","Male","M",385,234214,164.4,148.0,180.8
,"75-84 years","75-84","Arizona","04","2025 (provisional)","2025","Female","F",386,273146,141.3,127.2,155.4
,"75-84 years","75-84","Arizona","04","2025 (provisional)","2025","Male","M",474,234214,202.4,184.2,220.6
,"75-84 years","75-84","Arkansas","05","2021","2021","Female","F",220,88346,249.0,216.1,281.9
,"75-84 years","75-84","Arkansas","05","2021","2021","Male","M",230,70242,327.4,285.1,369.8
,"75-84 years","75-84","Arkansas","05","2022","2022","Female","F",258,94703,272.4,239.2,305.7
,"75-84 years","75-84","Arkansas","05","2022","2022","Male","M",271,74622,363.2,319.9,406.4
,"75-84 years","75-84","Arkansas","05","2023","2023","Female","F",251,97313,257.9,226.0,289.8
,"75-84 years","75-84","Arkansas","05","2023","2023","Male","M",279,77562,359.7,317.5,401.9
,"75-84 years","75-84","Arkansas","05","2024","2024","Female","F",302,100527,300.4,266.5,334.3
,"75-84 years","75-84","Arkansas","05","2024","2024","Male","M",286,79839,358.2,316.7,399.7
,"75-84 years","75-84","Arkansas","05","2025 (provisional)","2025","Female","F",274,100527,272.6,240.3,304.8
,"75-84 years","75-84","Arkansas","05","2025 (provisional)","2025","Male","M",345,79839,432.1,386.5,477.7
,"75-84 years","75-84","California","06","2021","2021","Female","F",1317,961800,136.9,129.5,144.3
,"75-84 years","75-84","California","06","2021","2021","Male","M",1372,759888,180.6,171.0,190.1
,"75-84 years","75-84","California","06","2022","2022","Female","F",1454,1038517,140.0,132.8,147.2
,"75-84 years","75-84","California","06","2022","2022","Male","M",1547,816915,189.4,179.9,198.8
,"75-84 years","75-84","California","06","2023","2023","Female","F",1490,1084671,137.4,130.4,144.3
,"75-84 years","75-84","California","06","2023","2023","Male","M",1624,862052,188.4,179.2,197.6
,"75-84 years","75-84","California","06","2024","2024","Female","F",1476,1141019,129.4,122.8,136.0
,"75-84 years","75-84","California","06","2024","2024","Male","M",1645,906636,181.4,172.7,190.2
,"75-84 years","75-84","California","06","2025 (provisional)","2025","Female","F",1607,1141019,140.8,134.0,147.7
,"75-84 years","75-84","California","06","2025 (provisional)","2025","Male","M",1688,906636,186.2,177.3,195.1
,"75-84 years","75-84","Colorado","08","2021","2021","Female","F",147,130411,112.7,94.5,130.9
,"75-84 years","75-84","Colorado","08","2021","2021","Male","M",160,109110,146.6,123.9,169.4
,"75-84 years","75-84","Colorado","08","2022","2022","Female","F",169,144467,117.0,99.3,134.6
,"75-84 years","75-84","Colorado","08","2022","2022","Male","M",154,120005,128.3,108.1,148.6
,"75-84 years","75-84","Colorado","08","2023","2023","Female","F",184,152758,120.5,103.0,137.9
,"75-84 years","75-84","Colorado","08","2023","2023","Male","M",182,128930,141.2,120.7,161.7
,"75-84 years","75-84","Colorado","08","2024","2024","Female","F",190,162396,117.0,100.4,133.6
,"75-84 years","75-84","Colorado","08","2024","2024","Male","M",180,137805,130.6,111.5,149.7
,"75-84 years","75-84","Colorado","08","2025 (provisional)","2025","Female","F",221,162396,136.1,118.1,154.0
,"75-84 years","75-84","Colorado","08","2025 (provisional)","2025","Male","M",183,137805,132.8,113.6,152.0
,"75-84 years","75-84","Connecticut","09","2021","2021","Female","F",154,107368,143.4,120.8,166.1
,"75-84 years","75-84","Connecticut","09","2021","2021","Male","M",147,82909,177.3,148.6,206.0
,"75-84 years","75-84","Connecticut","09","2022","2022","Female","F",152,114317,133.0,111.8,154.1
,"75-84 years","75-84","Connecticut","09","2022","2022","Male","M",153,88568,172.7,145.4,200.1
,"75-84 years","75-84","Connecticut","09","2023","2023","Female","F",163,121328,134.3,113.7,155.0
,"75-84 years","75-84","Connecticut","09","2023","2023","Male","M",183,94529,193.6,165.5,221.6
,"75-84 years","75-84","Connecticut","09","2024","2024","Female","F",194,126878,152.9,131.4,174.4
,"75-84 years","75-84","Connecticut","09","2024","2024","Male","M",226,99289,227.6,197.9,257.3
,"75-84 years","75-84","Connecticut","09","2025 (provisional)","2025","Female","F",202,126878,159.2,137.3,181.2
,"75-84 years","75-84","Connecticut","09","2025 (provisional)","2025","Male","M",242,99289,243.7,213.0,274.4
,"75-84 years","75-84","Delaware","10","2021","2021","Female","F",38,32176,118.1,83.6,162.1
,"75-84 years","75-84","Delaware","10","2021","2021","Male","M",44,26410,166.6,121.1,223.7
,"75-84 years","75-84","Delaware","10","2022","2022","Female","F",49,35426,138.3,102.3,182.9
,"75-84 years","75-84","Delaware","10","2022","2022","Male","M",50,28982,172.5,128.0,227.4
,"75-84 years","75-84","Delaware","10","2023","2023","Female","F",45,37227,120.9,88.2,161.7
,"75-84 years","75-84","Delaware","10","2023","2023","Male","M",42,30420,138.1,99.5,186.6
,"75-84 years","75-84","Delaware","10","2024","2024","Female","F",52,39428,131.9,98.5,173.0
,"75-84 years","75-84","Delaware","10","2024","2024","Male","M",55,32386,169.8,127.9,221.1
,"75-84 years","75-84","Delaware","10","2025 (provisional)","2025","Female","F",59,39428,149.6,113.9,193.0
,"75-84 years","75-84","Delaware","10","2025 (provisional)","2025","Male","M",49,32386,151.3,111.9,200.0
,"75-84 years","75-84","District of Columbia","11","2021","2021","Female","F",13,14671,88.6,47.2,151.5
,"75-84 years","75-84","District of Columbia","11","2021","2021","Male","M",Suppressed,9847,Suppressed,Suppressed,Suppressed
,"75-84 years","75-84","District of Columbia","11","2022","2022","Female","F",18,15693,114.7,68.0,181.3
,"75-84 years","75-84","District of Columbia","11","2022","2022","Male","M",15,10421,143.9,80.6,237.4
,"75-84 years","75-84","District of Columbia","11","2023","2023","Female","F",10,16286,61.4,29.4,112.9
,"75-84 years","75-84","District of Columbia","11","2023","2023","Male","M",11,10965,100.3,50.1,179.5
,"75-84 years","75-84","District of Columbia","11","2024","2024","Female","F",16,17048,93.9,53.6,152.4
,"75-84 years","75-84","District of Columbia","11","2024","2024","Male","M",13,11593,112.1,59.7,191.8
,"75-84 years","75-84","District of Columbia","11","2025 (provisional)","2025","Female","F",29,17048,170.1,113.9,244.3
,"75-84 years","75-84","District of Columbia","11","2025 (provisional)","2025","Male","M",24,11593,207.0,132.6,308.0
,"75-84 years","75-84","Florida","12","2021","2021","Female","F",834,800710,104.2,97.1,111.2
,"75-84 years","75-84","Florida","12","2021","2021","Male","M",890,670097,132.8,124.1,141.5
,"75-84 years","75-84","Florida","12","2022","2022","Female","F",842,869802,96.8,90.3,103.3
,"75-84 years","75-84","Florida","12","2022","2022","Male","M",964,720379,133.8,125.4,142.3
,"75-84 years","75-84","Florida","12","2023","2023","Female","F",956,905527,105.6,98.9,112.3
,"75-84 years","75-84","Florida","12","2023","2023","Male","M",1164,754953,154.2,145.3,163.0
,"75-84 years","75-84","Florida","12","2024","2024","Female","F",1041,950160,109.6,102.9,116.2
,"75-84 years","75-84","Florida","12","2024","2024","Male","M",1197,785480,152.4,143.8,161.0
,"75-84 years","75-84","Florida","12","2025 (provisional)","2025","Female","F",1028,950160,108.2,101.6,114.8
,"75-84 years","75-84","Florida","12","2025 (provisional)","2025","Male","M",1257,785480,160.0,151.2,168.9
,"75-84 years","75-84","Georgia","13","2021","2021","Female","F",675,258084,261.5,241.8,281.3
,"75-84 years","75-84","Georgia","13","2021","2021","Male","M",590,196943,299.6,275.4,323.8
,"75-84 years","75-84","Georgia","13","2022","2022","Female","F",682,282222,241.7,223.5,259.8
,"75-84 years","75-84","Georgia","13","2022","2022","Male","M",679,213436,318.1,294.2,342.1
,"75-84 years","75-84","Georgia","13","2023","2023","Female","F",675,296975,227.3,210.1,244.4
,"75-84 years","75-84","Georgia","13","2023","2023","Male","M",729,226995,321.2,297.8,344.5
,"75-84 years","75-84","Georgia","13","2024","2024","Female","F",686,314577,218.1,201.8,234.4
,"75-84 years","75-84","Georgia","13","2024","2024","Male","M",770,239232,321.9,299.1,344.6
,"75-84 years","75-84","Georgia","13","2025 (provisional)","2025","Female","F",777,314577,247.0,229.6,264.4
,"75-84 years","75-84","Georgia","13","2025 (provisional)","2025","Male","M",752,239232,314.3,291.9,336.8
,"75-84 years","75-84","Hawaii","15","2021","2021","Female","F",31,43942,70.5,47.9,100.1
,"75-84 years","75-84","Hawaii","15","2021","2021","Male","M",35,36924,94.8,66.0,131.8
,"75-84 years","75-84","Hawaii","15","2022","2022","Female","F",20,48086,41.6,25.4,64.2
,"75-84 years","75-84","Hawaii","15","2022","2022","Male","M",45,40648,110.7,80.8,148.1
,"75-84 years","75-84","Hawaii","15","2023","2023","Female","F",25,51261,48.8,31.6,72.0
,"75-84 years","75-84","Hawaii","15","2023","2023","Male","M",41,44166,92.8,66.6,125.9
,"75-84 years","75-84","Hawaii","15","2024","2024","Female","F",38,54159,70.2,49.7,96.3
,"75-84 years","75-84","Hawaii","15","2024","2024","Male","M",50,47014,106.4,78.9,140.2
,"75-84 years","75-84","Hawaii","15","2025 (provisional)","2025","Female","F",38,54159,70.2,49.7,96.3
,"75-84 years","75-84","Hawaii","15","2025 (provisional)","2025","Male","M",54,47014,114.9,86.3,149.9
,"75-84 years","75-84","Idaho","16","2021","2021","Female","F",84,47485,176.9,141.1,219.0
,"75-84 years","75-84","Idaho","16","2021","2021","Male","M",88,43009,204.6,164.1,252.1
,"75-84 years","75-84","Idaho","16","2022","2022","Female","F",89,52441,169.7,136.3,208.8
,"75-84 years","75-84","Idaho","16","2022","2022","Male","M",77,47225,163.0,128.7,203.8
,"75-84 years","75-84","Idaho","16","2023","2023","Female","F",100,55553,180.0,144.7,215.3
,"75-84 years","75-84","Idaho","16","2023","2023","Male","M",99,50154,197.4,160.4,240.3
,"75-84 years","75-84","Idaho","16","2024","2024","Female","F",101,58739,171.9,138.4,205.5
,"75-84 years","75-84","Idaho","16","2024","2024","Male","M",92,53248,172.8,139.3,211.9
,"75-84 years","75-84","Idaho","16","2025 (provisional)","2025","Female","F",117,58739,199.2,163.1,235.3
,"75-84 years","75-84","Idaho","16","2025 (provisional)","2025","Male","M",111,53248,208.5,169.7,247.2
,"75-84 years","75-84","Illinois","17","2021","2021","Female","F",670,341667,196.1,181.2,210.9
,"75-84 years","75-84","Illinois","17","2021","2021","Male","M",660,259728,254.1,234.7,273.5
,"75-84 years","75-84","Illinois","17","2022","2022","Female","F",711,366594,193.9,179.7,208.2
,"75-84 years","75-84","Illinois","17","2022","2022","Male","M",715,278347,256.9,238.0,275.7
,"75-84 years","75-84","Illinois","17","2023","2023","Female","F",739,377928,195.5,181.4,209.6
,"75-84 years","75-84","Illinois","17","2023","2023","Male","M",749,291496,257.0,238.5,275.4
,"75-84 years","75-84","Illinois","17","2024","2024","Female","F",726,395197,183.7,170.3,197.1
,"75-84 years","75-84","Illinois","17","2024","2024","Male","M",796,306129,260.0,242.0,278.1
,"75-84 years","75-84","Illinois","17","2025 (provisional)","2025","Female","F",842,395197,213.1,198.7,227.4
,"75-84 years","75-84","Illinois","17","2025 (provisional)","2025","Male","M",865,306129,282.6,263.7,301.4
,"75-84 years","75-84","Indiana","18","2021","2021","Female","F",380,178518,212.9,191.5,234.3
,"75-84 years","75-84","Indiana","18","2021","2021","Male","M",363,138210,262.6,235.6,289.7
,"75-84 years","75-84","Indiana","18","2022","2022","Female","F",402,193256,208.0,187.7,228.3
,"75-84 years","75-84","Indiana","18","2022","2022","Male","M",423,148531,284.8,257.6,311.9
,"75-84 years","75-84","Indiana","18","2023","2023","Female","F",439,199642,219.9,199.3,240.5
,"75-84 years","75-84","Indiana","18","2023","2023","Male","M",459,155659,294.9,267.9,321.9
,"75-84 years","75-84","Indiana","18","2024","2024","Female","F",484,208431,232.2,211.5,252.9
,"75-84 years","75-84","Indiana","18","2024","2024","Male","M",426,163443,260.6,235.9,285.4
,"75-84 years","75-84","Indiana","18","2025 (provisional)","2025","Female","F",527,208431,252.8,231.3,274.4
,"75-84 years","75-84","Indiana","18","2025 (provisional)","2025","Male","M",517,163443,316.3,289.1,343.6
,"75-84 years","75-84","Iowa","19","2021","2021","Female","F",131,88493,148.0,122.7,173.4
,"75-84 years","75-84","Iowa","19","2021","2021","Male","M",139,71330,194.9,162.5,227.3
,"75-84 years","75-84","Iowa","19","2022","2022","Female","F",174,95345,182.5,155.4,209.6
,"75-84 years","75-84","Iowa","19","2022","2022","Male","M",133,76936,172.9,143.5,202.3
,"75-84 years","75-84","Iowa","19","2023","2023","Female","F",189,98181,192.5,165.1,219.9
,"75-84 years","75-84","Iowa","19","2023","2023","Male","M",141,80196,175.8,146.8,204.8
,"75-84 years","75-84","Iowa","19","2024","2024","Female","F",159,102066,155.8,131.6,180.0
,"75-84 years","75-84","Iowa","19","2024","2024","Male","M",167,83903,199.0,168.9,229.2
,"75-84 years","75-84","Iowa","19","2025 (provisional)","2025","Female","F",190,102066,186.2,159.7,212.6
,"75-84 years","75-84","Iowa","19","2025 (provisional)","2025","Male","M",158,83903,188.3,158.9,217.7
,"75-84 years","75-84","Kansas","20","2021","2021","Female","F",127,76149,166.8,137.8,195.8
,"75-84 years","75-84","Kansas","20","2021","2021","Male","M",139,61171,227.2,189.5,265.0
,"75-84 years","75-84","Kansas","20","2022","2022","Female","F",128,81883,156.3,129.2,183.4
,"75-84 years","75-84","Kansas","20","2022","2022","Male","M",146,65627,222.5,186.4,258.6
,"75-84 years","75-84","Kansas","20","2023","2023","Female","F",167,84537,197.5,167.6,227.5
,"75-84 years","75-84","Kansas","20","2023","2023","Male","M",171,68708,248.9,211.6,286.2
,"75-84 years","75-84","Kansas","20","2024","2024","Female","F",192,88122,217.9,187.1,248.7
,"75-84 years","75-84","Kansas","20","2024","2024","Male","M",168,72271,232.5,197.3,267.6
,"75-84 years","75-84","Kansas","20","2025 (provisional)","2025","Female","F",167,88122,189.5,160.8,218.3
,"75-84 years","75-84","Kansas","20","2025 (provisional)","2025","Male","M",166,72271,229.7,194.7,264.6
,"75-84 years","75-84","Kentucky","21","2021","2021","Female","F",245,124219,197.2,172.5,221.9
,"75-84 years","75-84","Kentucky","21","2021","2021","Male","M",270,96288,280.4,247.0,313.9
,"75-84 years","75-84","Kentucky","21","2022","2022","Female","F",297,133892,221.8,196.6,247.0
,"75-84 years","75-84","Kentucky","21","2022","2022","Male","M",250,103724,241.0,211.1,270.9
,"75-84 years","75-84","Kentucky","21","2023","2023","Female","F",248,138409,179.2,156.9,201.5
,"75-84 years","75-84","Kentucky","21","2023","2023","Male","M",261,108146,241.3,212.1,270.6
,"75-84 years","75-84","Kentucky","21","2024","2024","Female","F",303,143528,211.1,187.3,234.9
,"75-84 years","75-84","Kentucky","21","2024","2024","Male","M",285,113310,251.5,222.3,280.7
,"75-84 years","75-84","Kentucky","21","2025 (provisional)","2025","Female","F",251,143528,174.9,153.2,196.5
,"75-84 years","75-84","Kentucky","21","2025 (provisional)","2025","Male","M",281,113310,248.0,219.0,277.0
,"75-84 years","75-84","Louisiana","22","2021","2021","Female","F",366,122942,297.7,267.2,328.2
,"75-84 years","75-84","Louisiana","22","2021","2021","Male","M",406,93204,435.6,393.2,478.0
,"75-84 years","75-84","Louisiana","22","2022","2022","Female","F",366,131093,279.2,250.6,307.8
,"75-84 years","75-84","Louisiana","22","2022","2022","Male","M",358,99398,360.2,322.9,397.5
,"75-84 years","75-84","Louisiana","22","2023","2023","Female","F",381,135404,281.4,253.1,309.6
,"75-84 years","75-84","Louisiana","22","2023","2023","Male","M",411,104150,394.6,356.5,432.8
,"75-84 years","75-84","Louisiana","22","2024","2024","Female","F",402,141236,284.6,256.8,312.5
,"75-84 years","75-84","Louisiana","22","2024","2024","Male","M",442,109045,405.3,367.5,443.1
,"75-84 years","75-84","Louisiana","22","2025 (provisional)","2025","Female","F",424,141236,300.2,271.6,328.8
,"75-84 years","75-84","Louisiana","22","2025 (provisional)","2025","Male","M",443,109045,406.3,368.4,444.1
,"75-84 years","75-84","Maine","23","2021","2021","Female","F",45,45630,98.6,71.9,132.0
,"75-84 years","75-84","Maine","23","2021","2021","Male","M",58,38427,150.9,114.6,195.1
,"75-84 years","75-84","Maine","23","2022","2022","Female","F",53,50715,104.5,78.3,136.7
,"75-84 years","75-84","Maine","23","2022","2022","Male","M",63,42804,147.2,113.1,188.3
,"75-84 years","75-84","Maine","23","2023","2023","Female","F",65,53153,122.3,94.4,155.9
,"75-84 years","75-84","Maine","23","2023","2023","Male","M",69,45562,151.4,117.8,191.7
,"75-84 years","75-84","Maine","23","2024","2024","Female","F",66,56163,117.5,90.9,149.5
,"75-84 years","75-84","Maine","23","2024","2024","Male","M",63,48266,130.5,100.3,167.0
,"75-84 years","75-84","Maine","23","2025 (provisional)","2025","Female","F",88,56163,156.7,125.7,193.0
,"75-84 years","75-84","Maine","23","2025 (provisional)","2025","Male","M",85,48266,176.1,140.7,217.8
,"75-84 years","75-84","Maryland","24","2021","2021","Female","F",137,165247,82.9,69.0,96.8
,"75-84 years","75-84","Maryland","24","2021","2021","Male","M",127,123911,102.5,84.7,120.3
,"75-84 years","75-84","Maryland","24","2022","2022","Female","F",168,180900,92.9,78.8,106.9
,"75-84 years","75-84","Maryland","24","2022","2022","Male","M",173,134797,128.3,109.2,147.5
,"75-84 years","75-84","Maryland","24","2023","2023","Female","F",172,188243,91.4,77.7,105.0
,"75-84 years","75-84","Maryland","24","2023","2023","Male","M",201,141688,141.9,122.2,161.5
,"75-84 years","75-84","Maryland","24","2024","2024","Female","F",167,197998,84.3,71.6,97.1
,"75-84 years","75-84","Maryland","24","2024","2024","Male","M",186,149018,124.8,106.9,142.8
,"75-84 years","75-84","Maryland","24","2025 (provisional)","2025","Female","F",201,197998,101.5,87.5,115.6
,"75-84 years","75-84","Maryland","24","2025 (provisional)","2025","Male","M",203,149018,136.2,117.5,155.0
,"75-84 years","75-84","Massachusetts","25","2021","2021","Female","F",274,197181,139.0,122.5,155.4
,"75-84 years","75-84","Massachusetts","25","2021","2021","Male","M",257,149044,172.4,151.4,193.5
,"75-84 years","75-84","Massachusetts","25","2022","2022","Female","F",259,214562,120.7,106.0,135.4
,"75-84 years","75-84","Massachusetts","25","2022","2022","Male","M",317,163538,193.8,172.5,215.2
,"75-84 years","75-84","Massachusetts","25","2023","2023","Female","F",280,224940,124.5,109.9,139.1
,"75-84 years","75-84","Massachusetts","25","2023","2023","Male","M",299,173552,172.3,152.8,191.8
,"75-84 years","75-84","Massachusetts","25","2024","2024","Female","F",290,237343,122.2,108.1,136.2
,"75-84 years","75-84","Massachusetts","25","2024","2024","Male","M",303,183829,164.8,146.3,183.4
,"75-84 years","75-84","Massachusetts","25","2025 (provisional)","2025","Female","F",313,237343,131.9,117.3,146.5
,"75-84 years","75-84","Massachusetts","25","2025 (provisional)","2025","Male","M",321,183829,174.6,155.5,193.7
,"75-84 years","75-84","Michigan","26","2021","2021","Female","F",511,286825,178.2,162.7,193.6
,"75-84 years","75-84","Michigan","26","2021","2021","Male","M",573,230371,248.7,228.4,269.1
,"75-84 years","75-84","Michigan","26","2022","2022","Female","F",586,309609,189.3,173.9,204.6
,"75-84 years","75-84","Michigan","26","2022","2022","Male","M",572,248294,230.4,211.5,249.3
,"75-84 years","75-84","Michigan","26","2023","2023","Female","F",591,322652,183.2,168.4,197.9
,"75-84 years","75-84","Michigan","26","2023","2023","Male","M",648,261678,247.6,228.6,266.7
,"75-84 years","75-84","Michigan","26","2024","2024","Female","F",648,338777,191.3,176.5,206.0
,"75-84 years","75-84","Michigan","26","2024","2024","Male","M",658,275214,239.1,220.8,257.4
,"75-84 years","75-84","Michigan","26","2025 (provisional)","2025","Female","F",698,338777,206.0,190.8,221.3
,"75-84 years","75-84","Michigan","26","2025 (provisional)","2025","Male","M",721,275214,262.0,242.9,281.1
,"75-84 years","75-84","Minnesota","27","2021","2021","Female","F",158,147194,107.3,90.6,124.1
,"75-84 years","75-84","Minnesota","27","2021","2021","Male","M",128,121399,105.4,87.2,123.7
,"75-84 years","75-84","Minnesota","27","2022","2022","Female","F",177,159174,111.2,94.8,127.6
,"75-84 years","75-84","Minnesota","27","2022","2022","Male","M",170,131673,129.1,109.7,148.5
,"75-84 years","75-84","Minnesota","27","2023","2023","Female","F",203,165561,122.6,105.7,139.5
,"75-84 years","75-84","Minnesota","27","2023","2023","Male","M",166,138430,119.9,101.7,138.2
,"75-84 years","75-84","Minnesota","27","2024","2024","Female","F",208,173583,119.8,103.5,136.1
,"75-84 years","75-84","Minnesota","27","2024","2024","Male","M",226,145506,155.3,135.1,175.6
,"75-84 years","75-84","Minnesota","27","2025 (provisional)","2025","Female","F",246,173583,141.7,124.0,159.4
,"75-84 years","75-84","Minnesota","27","2025 (provisional)","2025","Male","M",224,145506,153.9,133.8,174.1
,"75-84 years","75-84","Mississippi","28","2021","2021","Female","F",297,81716,363.5,322.1,404.8
,"75-84 years","75-84","Mississippi","28","2021","2021","Male","M",258,61123,422.1,370.6,473.6
,"75-84 years","75-84","Mississippi","28","2022","2022","Female","F",298,87345,341.2,302.4,379.9
,"75-84 years","75-84","Mississippi","28","2022","2022","Male","M",266,65442,406.5,357.6,455.3
,"75-84 years","75-84","Mississippi","28","2023","2023","Female","F",297,90129,329.5,292.1,367.0
,"75-84 years","75-84","Mississippi","28","2023","2023","Male","M",277,68306,405.5,357.8,453.3
,"75-84 years","75-84","Mississippi","28","2024","2024","Female","F",287,93180,308.0,272.4,343.6
,"75-84 years","75-84","Mississippi","28","2024","2024","Male","M",269,70950,379.1,333.8,424.4
,"75-84 years","75-84","Mississippi","28","2025 (provisional)","2025","Female","F",341,93180,366.0,327.1,404.8
,"75-84 years","75-84","Mississippi","28","2025 (provisional)","2025","Male","M",338,70950,476.4,425.6,527.2
,"75-84 years","75-84","Missouri","29","2021","2021","Female","F",371,176386,210.3,188.9,231.7
,"75-84 years","75-84","Missouri","29","2021","2021","Male","M",417,138869,300.3,271.5,329.1
,"75-84 years","75-84","Missouri","29","2022","2022","Female","F",425,188929,225.0,203.6,246.3
,"75-84 years","75-84","Missouri","29","2022","2022","Male","M",483,147257,328.0,298.7,357.2
,"75-84 years","75-84","Missouri","29","2023","2023","Female","F",392,194712,201.3,181.4,221.3
,"75-84 years","75-84","Missouri","29","2023","2023","Male","M",443,153853,287.9,261.1,314.8
,"75-84 years","75-84","Missouri","29","2024","2024","Female","F",508,202890,250.4,228.6,272.2
,"75-84 years","75-84","Missouri","29","2024","2024","Male","M",465,160116,290.4,264.0,316.8
,"75-84 years","75-84","Missouri","29","2025 (provisional)","2025","Female","F",510,202890,251.4,229.6,273.2
,"75-84 years","75-84","Missouri","29","2025 (provisional)","2025","Male","M",533,160116,332.9,304.6,361.1
,"75-84 years","75-84","Montana","30","2021","2021","Female","F",40,31030,128.9,92.1,175.5
,"75-84 years","75-84","Montana","30","2021","2021","Male","M",45,29167,154.3,112.5,206.4
,"75-84 years","75-84","Montana","30","2022","2022","Female","F",55,34018,161.7,121.8,210.4
,"75-84 years","75-84","Montana","30","2022","2022","Male","M",66,31735,208.0,160.8,264.6
,"75-84 years","75-84","Montana","30","2023","2023","Female","F",37,35816,103.3,72.7,142.4
,"75-84 years","75-84","Montana","30","2023","2023","Male","M",39,33808,115.4,82.0,157.7
,"75-84 years","75-84","Montana","30","2024","2024","Female","F",45,37980,118.5,86.4,158.5
,"75-84 years","75-84","Montana","30","2024","2024","Male","M",39,35786,109.0,77.5,149.0
,"75-84 years","75-84","Montana","30","2025 (provisional)","2025","Female","F",52,37980,136.9,102.3,179.5
,"75-84 years","75-84","Montana","30","2025 (provisional)","2025","Male","M",51,35786,142.5,106.1,187.4
,"75-84 years","75-84","Nebraska","31","2021","2021","Female","F",88,49673,177.2,142.1,218.3
,"75-84 years","75-84","Nebraska","31","2021","2021","Male","M",87,40209,216.4,173.3,266.9
,"75-84 years","75-84","Nebraska","31","2022","2022","Female","F",96,53352,179.9,145.7,219.7
,"75-84 years","75-84","Nebraska","31","2022","2022","Male","M",108,43478,248.4,201.6,295.3
,"75-84 years","75-84","Nebraska","31","2023","2023","Female","F",109,55455,196.6,159.7,233.5
,"75-84 years","75-84","Nebraska","31","2023","2023","Male","M",125,45560,274.4,226.3,322.5
,"75-84 years","75-84","Nebraska","31","2024","2024","Female","F",110,58214,189.0,153.6,224.3
,"75-84 years","75-84","Nebraska","31","2024","2024","Male","M",129,48363,266.7,220.7,312.8
,"75-84 years","75-84","Nebraska","31","2025 (provisional)","2025","Female","F",114,58214,195.8,159.9,231.8
,"75-84 years","75-84","Nebraska","31","2025 (provisional)","2025","Male","M",101,48363,208.8,168.1,249.6
,"75-84 years","75-84","Nevada","32","2021","2021","Female","F",115,80861,142.2,116.2,168.2
,"75-84 years","75-84","Nevada","32","2021","2021","Male","M",128,73180,174.9,144.6,205.2
,"75-84 years","75-84","Nevada","32","2022","2022","Female","F",138,88628,155.7,129.7,181.7
,"75-84 years","75-84","Nevada","32","2022","2022","Male","M",141,79404,177.6,148.3,206.9
,"75-84 years","75-84","Nevada","32","2023","2023","Female","F",135,94032,143.6,119.3,167.8
,"75-84 years","75-84","Nevada","32","2023","2023","Male","M",167,84069,198.6,168.5,228.8
,"75-84 years","75-84","Nevada","32","2024","2024","Female","F",129,99809,129.2,106.9,151.6
,"75-84 years","75-84","Nevada","32","2024","2024","Male","M",158,88242,179.1,151.1,207.0
,"75-84 years","75-84","Nevada","32","2025 (provisional)","2025","Female","F",133,99809,133.3,110.6,155.9
,"75-84 years","75-84","Nevada","32","2025 (provisional)","2025","Male","M",199,88242,225.5,194.2,256.8
,"75-84 years","75-84","New Hampshire","33","2021","2021","Female","F",63,39845,158.1,121.5,202.3
,"75-84 years","75-84","New Hampshire","33","2021","2021","Male","M",72,33561,214.5,167.9,270.2
,"75-84 years","75-84","New Hampshire","33","2022","2022","Female","F",73,44481,164.1,128.6,206.4
,"75-84 years","75-84","New Hampshire","33","2022","2022","Male","M",68,37554,181.1,140.6,229.6
,"75-84 years","75-84","New Hampshire","33","2023","2023","Female","F",72,46951,153.4,120.0,193.1
,"75-84 years","75-84","New Hampshire","33","2023","2023","Male","M",79,40266,196.2,155.3,244.5
,"75-84 years","75-84","New Hampshire","33","2024","2024","Female","F",60,49864,120.3,91.8,154.9
,"75-84 years","75-84","New Hampshire","33","2024","2024","Male","M",78,42900,181.8,143.7,226.9
,"75-84 years","75-84","New Hampshire","33","2025 (provisional)","2025","Female","F",82,49864,164.4,130.8,204.1
,"75-84 years","75-84","New Hampshire","33","2025 (provisional)","2025","Male","M",86,42900,200.5,160.3,247.6
,"75-84 years","75-84","New Jersey","34","2021","2021","Female","F",347,263194,131.8,118.0,145.7
,"75-84 years","75-84","New Jersey","34","2021","2021","Male","M",336,195468,171.9,153.5,190.3
,"75-84 years","75-84","New Jersey","34","2022","2022","Female","F",343,281513,121.8,108.9,134.7
,"75-84 years","75-84","New Jersey","34","2022","2022","Male","M",364,209459,173.8,155.9,191.6
,"75-84 years","75-84","New Jersey","34","2023","2023","Female","F",358,291896,122.6,109.9,135.4
,"75-84 years","75-84","New Jersey","34","2023","2023","Male","M",383,220204,173.9,156.5,191.3
,"75-84 years","75-84","New Jersey","34","2024","2024","Female","F",350,305117,114.7,102.7,126.7
,"75-84 years","75-84","New Jersey","34","2024","2024","Male","M",433,231036,187.4,169.8,205.1
,"75-84 years","75-84","New Jersey","34","2025 (provisional)","2025","Female","F",395,305117,129.5,116.7,142.2
,"75-84 years","75-84","New Jersey","34","2025 (provisional)","2025","Male","M",450,231036,194.8,176.8,212.8
,"75-84 years","75-84","New Mexico","35","2021","2021","Female","F",81,62281,130.1,103.3,161.6
,"75-84 years","75-84","New Mexico","35","2021","2021","Male","M",67,52676,127.2,98.6,161.5
,"75-84 years","75-84","New Mexico","35","2022","2022","Female","F",85,67375,126.2,100.8,156.0
,"75-84 years","75-84","New Mexico","35","2022","2022","Male","M",74,56710,130.5,102.5,163.8
,"75-84 years","75-84","New Mexico","35","2023","2023","Female","F",112,71910,155.8,126.9,184.6
,"75-84 years","75-84","New Mexico","35","2023","2023","Male","M",108,60987,177.1,143.7,210.5
,"75-84 years","75-84","New Mexico","35","2024","2024","Female","F",109,75671,144.0,117.0,171.1
,"75-84 years","75-84","New Mexico","35","2024","2024","Male","M",115,64367,178.7,146.0,211.3
,"75-84 years","75-84","New Mexico","35","2025 (provisional)","2025","Female","F",119,75671,157.3,129.0,185.5
,"75-84 years","75-84","New Mexico","35","2025 (provisional)","2025","Male","M",136,64367,211.3,175.8,246.8
,"75-84 years","75-84","New York","36","2021","2021","Female","F",611,582237,104.9,96.6,113.3
,"75-84 years","75-84","New York","36","2021","2021","Male","M",521,429061,121.4,111.0,131.9
,"75-84 years","75-84","New York","36","2022","2022","Female","F",577,620561,93.0,85.4,100.6
,"75-84 years","75-84","New York","36","2022","2022","Male","M",614,456999,134.4,123.7,145.0
,"75-84 years","75-84","New York","36","2023","2023","Female","F",607,641229,94.7,87.1,102.2
,"75-84 years","75-84","New York","36","2023","2023","Male","M",651,482131,135.0,124.7,145.4
,"75-84 years","75-84","New York","36","2024","2024","Female","F",622,672231,92.5,85.3,99.8
,"75-84 years","75-84","New York","36","2024","2024","Male","M",649,507086,128.0,118.1,137.8
,"75-84 years","75-84","New York","36","2025 (provisional)","2025","Female","F",672,672231,100.0,92.4,107.5
,"75-84 years","75-84","New York","36","2025 (provisional)","2025","Male","M",705,507086,139.0,128.8,149.3
,"75-84 years","75-84","North Carolina","37","2021","2021","Female","F",548,293272,186.9,171.2,202.5
,"75-84 years","75-84","North Carolina","37","2021","2021","Male","M",597,227256,262.7,241.6,283.8
,"75-84 years","75-84","North Carolina","37","2022","2022","Female","F",674,320209,210.5,194.6,226.4
,"75-84 years","75-84","North Carolina","37","2022","2022","Male","M",586,248062,236.2,217.1,255.4
,"75-84 years","75-84","North Carolina","37","2023","2023","Female","F",665,335135,198.4,183.3,213.5
,"75-84 years","75-84","North Carolina","37","2023","2023","Male","M",655,262253,249.8,230.6,268.9
,"75-84 years","75-84","North Carolina","37","2024","2024","Female","F",703,353722,198.7,184.1,213.4
,"75-84 years","75-84","North Carolina","37","2024","2024","Male","M",695,275712,252.1,233.3,270.8
,"75-84 years","75-84","North Carolina","37","2025 (provisional)","2025","Female","F",773,353722,218.5,203.1,233.9
,"75-84 years","75-84","North Carolina","37","2025 (provisional)","2025","Male","M",800,275712,290.2,270.1,310.3
,"75-84 years","75-84","North Dakota","38","2021","2021","Female","F",34,18637,182.4,126.3,254.9
,"75-84 years","75-84","North Dakota","38","2021","2021","Male","M",20,15673,127.6,77.9,197.1
,"75-84 years","75-84","North Dakota","38","2022","2022","Female","F",23,19922,115.5,73.2,173.2
,"75-84 years","75-84","North Dakota","38","2022","2022","Male","M",31,16834,184.2,125.1,261.4
,"75-84 years","75-84","North Dakota","38","2023","2023","Female","F",38,20436,185.9,131.6,255.2
,"75-84 years","75-84","North Dakota","38","2023","2023","Male","M",44,17820,246.9,179.4,331.5
,"75-84 years","75-84","North Dakota","38","2024","2024","Female","F",31,21441,144.6,98.2,205.2
,"75-84 years","75-84","North Dakota","38","2024","2024","Male","M",46,18906,243.3,178.1,324.5
,"75-84 years","75-84","North Dakota","38","2025 (provisional)","2025","Female","F",27,21441,125.9,83.0,183.2
,"75-84 years","75-84","North Dakota","38","2025 (provisional)","2025","Male","M",42,18906,222.2,160.1,300.3
,"75-84 years","75-84","Ohio","39","2021","2021","Female","F",728,337006,216.0,200.3,231.7
,"75-84 years","75-84","Ohio","39","2021","2021","Male","M",618,256826,240.6,221.7,259.6
,"75-84 years","75-84","Ohio","39","2022","2022","Female","F",715,363126,196.9,182.5,211.3
,"75-84 years","75-84","Ohio","39","2022","2022","Male","M",673,277073,242.9,224.5,261.2
,"75-84 years","75-84","Ohio","39","2023","2023","Female","F",678,377305,179.7,166.2,193.2
,"75-84 years","75-84","Ohio","39","2023","2023","Male","M",632,291278,217.0,200.1,233.9
,"75-84 years","75-84","Ohio","39","2024","2024","Female","F",827,394656,209.5,195.3,223.8
,"75-84 years","75-84","Ohio","39","2024","2024","Male","M",706,306833,230.1,213.1,247.1
,"75-84 years","75-84","Ohio","39","2025 (provisional)","2025","Female","F",868,394656,219.9,205.3,234.6
,"75-84 years","75-84","Ohio","39","2025 (provisional)","2025","Male","M",820,306833,267.2,249.0,285.5
,"75-84 years","75-84","Oklahoma","40","2021","2021","Female","F",339,106158,319.3,285.3,353.3
,"75-84 years","75-84","Oklahoma","40","2021","2021","Male","M",386,83838,460.4,414.5,506.3
,"75-84 years","75-84","Oklahoma","40","2022","2022","Female","F",363,113396,320.1,287.2,353.0
,"75-84 years","75-84","Oklahoma","40","2022","2022","Male","M",356,88642,401.6,359.9,443.3
,"75-84 years","75-84","Oklahoma","40","2023","2023","Female","F",332,116683,284.5,253.9,315.1
,"75-84 years","75-84","Oklahoma","40","2023","2023","Male","M",377,91764,410.8,369.4,452.3
,"75-84 years","75-84","Oklahoma","40","2024","2024","Female","F",372,121102,307.2,276.0,338.4
,"75-84 years","75-84","Oklahoma","40","2024","2024","Male","M",377,95470,394.9,355.0,434.8
,"75-84 years","75-84","Oklahoma","40","2025 (provisional)","2025","Female","F",408,121102,336.9,304.2,369.6
,"75-84 years","75-84","Oklahoma","40","2025 (provisional)","2025","Male","M",362,95470,379.2,340.1,418.2
,"75-84 years","75-84","Oregon","41","2021","2021","Female","F",158,120928,130.7,110.3,151.0
,"75-84 years","75-84","Oregon","41","2021","2021","Male","M",212,103325,205.2,177.6,232.8
,"75-84 years","75-84","Oregon","41","2022","2022","Female","F",187,133889,139.7,119.6,159.7
,"75-84 years","75-84","Oregon","41","2022","2022","Male","M",213,113383,187.9,162.6,213.1
,"75-84 years","75-84","Oregon","41","2023","2023","Female","F",215,141097,152.4,132.0,172.7
,"75-84 years","75-84","Oregon","41","2023","2023","Male","M",212,120227,176.3,152.6,200.1
,"75-84 years","75-84","Oregon","41","2024","2024","Female","F",213,150157,141.9,122.8,160.9
,"75-84 years","75-84","Oregon","41","2024","2024","Male","M",247,126991,194.5,170.2,218.8
,"75-84 years","75-84","Oregon","41","2025 (provisional)","2025","Female","F",254,150157,169.2,148.4,190.0
,"75-84 years","75-84","Oregon","41","2025 (provisional)","2025","Male","M",262,126991,206.3,181.3,231.3
,"75-84 years","75-84","Pennsylvania","42","2021","2021","Female","F",744,400119,185.9,172.6,199.3
,"75-84 years","75-84","Pennsylvania","42","2021","2021","Male","M",722,306739,235.4,218.2,252.5
,"75-84 years","75-84","Pennsylvania","42","2022","2022","Female","F",776,431228,180.0,167.3,192.6
,"75-84 years","75-84","Pennsylvania","42","2022","2022","Male","M",789,331252,238.2,221.6,254.8
,"75-84 years","75-84","Pennsylvania","42","2023","2023","Female","F",890,447410,198.9,185.9,212.0
,"75-84 years","75-84","Pennsylvania","42","2023","2023","Male","M",778,348405,223.3,207.6,239.0
,"75-84 years","75-84","Pennsylvania","42","2024","2024","Female","F",813,466439,174.3,162.3,186.3
,"75-84 years","75-84","Pennsylvania","42","2024","2024","Male","M",801,364811,219.6,204.4,234.8
,"75-84 years","75-84","Pennsylvania","42","2025 (provisional)","2025","Female","F",891,466439,191.0,178.5,203.6
,"75-84 years","75-84","Pennsylvania","42","2025 (provisional)","2025","Male","M",974,364811,267.0,250.2,283.8
,"75-84 years","75-84","Rhode Island","44","2021","2021","Female","F",42,31678,132.6,95.6,179.2
,"75-84 years","75-84","Rhode Island","44","2021","2021","Male","M",45,24334,184.9,134.9,247.4
,"75-84 years","75-84","Rhode Island","44","2022","2022","Female","F",52,34319,151.5,113.2,198.7
,"75-84 years","75-84","Rhode Island","44","2022","2022","Male","M",31,26614,116.5,79.1,165.3
,"75-84 years","75-84","Rhode Island","44","2023","2023","Female","F",57,35702,159.7,120.9,206.9
,"75-84 years","75-84","Rhode Island","44","2023","2023","Male","M",41,28162,145.6,104.5,197.5
,"75-84 years","75-84","Rhode Island","44","2024","2024","Female","F",43,37445,114.8,83.1,154.7
,"75-84 years","75-84","Rhode Island","44","2024","2024","Male","M",43,29761,144.5,104.6,194.6
,"75-84 years","75-84","Rhode Island","44","2025 (provisional)","2025","Female","F",64,37445,170.9,131.6,218.3
,"75-84 years","75-84","Rhode Island","44","2025 (provisional)","2025","Male","M",71,29761,238.6,186.3,300.9
,"75-84 years","75-84","South Carolina","45","2021","2021","Female","F",317,155589,203.7,181.3,226.2
,"75-84 years","75-84","South Carolina","45","2021","2021","Male","M",329,126242,260.6,232.4,288.8
,"75-84 years","75-84","South Carolina","45","2022","2022","Female","F",371,171968,215.7,193.8,237.7
,"75-84 years","75-84","South Carolina","45","2022","2022","Male","M",380,138764,273.8,246.3,301.4
,"75-84 years","75-84","South Carolina","45","2023","2023","Female","F",407,180792,225.1,203.2,247.0
,"75-84 years","75-84","South Carolina","45","2023","2023","Male","M",391,147762,264.6,238.4,290.8
,"75-84 years","75-84","South Carolina","45","2024","2024","Female","F",403,192204,209.7,189.2,230.1
,"75-84 years","75-84","South Carolina","45","2024","2024","Male","M",440,155860,282.3,255.9,308.7
,"75-84 years","75-84","South Carolina","45","2025 (provisional)","2025","Female","F",442,192204,230.0,208.5,251.4
,"75-84 years","75-84","South Carolina","45","2025 (provisional)","2025","Male","M",481,155860,308.6,281.0,336.2
,"75-84 years","75-84","South Dakota","46","2021","2021","Female","F",16,21828,73.3,41.9,119.0
,"75-84 years","75-84","South Dakota","46","2021","2021","Male","M",17,18735,90.7,52.9,145.3
,"75-84 years","75-84","South Dakota","46","2022","2022","Female","F",22,23746,92.6,58.1,140.3
,"75-84 years","75-84","South Dakota","46","2022","2022","Male","M",15,20388,73.6,41.2,121.3
,"75-84 years","75-84","South Dakota","46","2023","2023","Female","F",30,24706,121.4,81.9,173.3
,"75-84 years","75-84","South Dakota","46","2023","2023","Male","M",23,21926,104.9,66.5,157.4
,"75-84 years","75-84","South Dakota","46","2024","2024","Female","F",20,25809,77.5,47.3,119.7
,"75-84 years","75-84","South Dakota","46","2024","2024","Male","M",26,23174,112.2,73.3,164.4
,"75-84 years","75-84","South Dakota","46","2025 (provisional)","2025","Female","F",21,25809,81.4,50.4,124.4
,"75-84 years","75-84","South Dakota","46","2025 (provisional)","2025","Male","M",24,23174,103.6,66.4,154.1
,"75-84 years","75-84","Tennessee","47","2021","2021","Female","F",348,193357,180.0,161.1,198.9
,"75-84 years","75-84","Tennessee","47","2021","2021","Male","M",340,152198,223.4,199.6,247.1
,"75-84 years","75-84","Tennessee","47","2022","2022","Female","F",455,208840,217.9,197.9,237.9
,"75-84 years","75-84","Tennessee","47","2022","2022","Male","M",430,163390,263.2,238.3,288.0
,"75-84 years","75-84","Tennessee","47","2023","2023","Female","F",469,215433,217.7,198.0,237.4
,"75-84 years","75-84","Tennessee","47","2023","2023","Male","M",441,171257,257.5,233.5,281.5
,"75-84 years","75-84","Tennessee","47","2024","2024","Female","F",462,225548,204.8,186.2,223.5
,"75-84 years","75-84","Tennessee","47","2024","2024","Male","M",461,178721,257.9,234.4,281.5
,"75-84 years","75-84","Tennessee","47","2025 (provisional)","2025","Female","F",581,225548,257.6,236.6,278.5
,"75-84 years","75-84","Tennessee","47","2025 (provisional)","2025","Male","M",547,178721,306.1,280.4,331.7
,"75-84 years","75-84","Texas","48","2021","2021","Female","F",1167,612279,190.6,179.7,201.5
,"75-84 years","75-84","Texas","48","2021","2021","Male","M",1097,485223,226.1,212.7,239.5
,"75-84 years","75-84","Texas","48","2022","2022","Female","F",1186,664974,178.4,168.2,188.5
,"75-84 years","75-84","Texas","48","2022","2022","Male","M",1205,521959,230.9,217.8,243.9
,"75-84 years","75-84","Texas","48","2023","2023","Female","F",1290,702268,183.7,173.7,193.7
,"75-84 years","75-84","Texas","48","2023","2023","Male","M",1368,559990,244.3,231.3,257.2
,"75-84 years","75-84","Texas","48","2024","2024","Female","F",1399,744919,187.8,178.0,197.6
,"75-84 years","75-84","Texas","48","2024","2024","Male","M",1405,590740,237.8,225.4,250.3
,"75-84 years","75-84","Texas","48","2025 (provisional)","2025","Female","F",1579,744919,212.0,201.5,222.4
,"75-84 years","75-84","Texas","48","2025 (provisional)","2025","Male","M",1664,590740,281.7,268.1,295.2
,"75-84 years","75-84","Utah","49","2021","2021","Female","F",156,59757,261.1,220.1,302.0
,"75-84 years","75-84","Utah","49","2021","2021","Male","M",124,51372,241.4,198.9,283.9
,"75-84 years","75-84","Utah","49","2022","2022","Female","F",174,64899,268.1,228.3,307.9
,"75-84 years","75-84","Utah","49","2022","2022","Male","M",163,55593,293.2,248.2,338.2
,"75-84 years","75-84","Utah","49","2023","2023","Female","F",171,67919,251.8,214.0,289.5
,"75-84 years","75-84","Utah","49","2023","2023","Male","M",154,58875,261.6,220.3,302.9
,"75-84 years","75-84","Utah","49","2024","2024","Female","F",179,71495,250.4,213.7,287.0
,"75-84 years","75-84","Utah","49","2024","2024","Male","M",184,62205,295.8,253.1,338.5
,"75-84 years","75-84","Utah","49","2025 (provisional)","2025","Female","F",251,71495,351.1,307.6,394.5
,"75-84 years","75-84","Utah","49","2025 (provisional)","2025","Male","M",212,62205,340.8,294.9,386.7
,"75-84 years","75-84","Vermont","50","2021","2021","Female","F",21,20271,103.6,64.1,158.4
,"75-84 years","75-84","Vermont","50","2021","2021","Male","M",Suppressed,17284,Suppressed,Suppressed,Suppressed
,"75-84 years","75-84","Vermont","50","2022","2022","Female","F",16,22345,71.6,40.9,116.3
,"75-84 years","75-84","Vermont","50","2022","2022","Male","M",25,19187,130.3,84.3,192.3
,"75-84 years","75-84","Vermont","50","2023","2023","Female","F",22,23616,93.2,58.4,141.0
,"75-84 years","75-84","Vermont","50","2023","2023","Male","M",19,20489,92.7,55.8,144.8
,"75-84 years","75-84","Vermont","50","2024","2024","Female","F",25,25134,99.5,64.4,146.8
,"75-84 years","75-84","Vermont","50","2024","2024","Male","M",23,21657,106.2,67.3,159.4
,"75-84 years","75-84","Vermont","50","2025 (provisional)","2025","Female","F",23,25134,91.5,58.0,137.3
,"75-84 years","75-84","Vermont","50","2025 (provisional)","2025","Male","M",27,21657,124.7,82.2,181.4
,"75-84 years","75-84","Virginia","51","2021","2021","Female","F",418,230624,181.2,163.9,198.6
,"75-84 years","75-84","Virginia","51","2021","2021","Male","M",450,181745,247.6,224.7,270.5
,"75-84 years","75-84","Virginia","51","2022","2022","Female","F",450,252156,178.5,162.0,194.9
,"75-84 years","75-84","Virginia","51","2022","2022","Male","M",455,197885,229.9,208.8,251.1
,"75-84 years","75-84","Virginia","51","2023","2023","Female","F",471,263869,178.5,162.4,194.6
,"75-84 years","75-84","Virginia","51","2023","2023","Male","M",519,208524,248.9,227.5,270.3
,"75-84 years","75-84","Virginia","51","2024","2024","Female","F",529,277174,190.9,174.6,207.1
,"75-84 years","75-84","Virginia","51","2024","2024","Male","M",492,219140,224.5,204.7,244.4
,"75-84 years","75-84","Virginia","51","2025 (provisional)","2025","Female","F",551,277174,198.8,182.2,215.4
,"75-84 years","75-84","Virginia","51","2025 (provisional)","2025","Male","M",582,219140,265.6,244.0,287.2
,"75-84 years","75-84","Washington","53","2021","2021","Female","F",192,191006,100.5,86.3,114.7
,"75-84 years","75-84","Washington","53","2021","2021","Male","M",188,160994,116.8,100.1,133.5
,"75-84 years","75-84","Washington","53","2022","2022","Female","F",204,211596,96.4,83.2,109.6
,"75-84 years","75-84","Washington","53","2022","2022","Male","M",245,177263,138.2,120.9,155.5
,"75-84 years","75-84","Washington","53","2023","2023","Female","F",275,222822,123.4,108.8,138.0
,"75-84 years","75-84","Washington","53","2023","2023","Male","M",273,187354,145.7,128.4,163.0
,"75-84 years","75-84","Washington","53","2024","2024","Female","F",298,236046,126.2,111.9,140.6
,"75-84 years","75-84","Washington","53","2024","2024","Male","M",314,198042,158.6,141.0,176.1
,"75-84 years","75-84","Washington","53","2025 (provisional)","2025","Female","F",249,236046,105.5,92.4,118.6
,"75-84 years","75-84","Washington","53","2025 (provisional)","2025","Male","M",278,198042,140.4,123.9,156.9
,"75-84 years","75-84","West Virginia","54","2021","2021","Female","F",111,58681,189.2,154.0,224.3
,"75-84 years","75-84","West Virginia","54","2021","2021","Male","M",98,48763,201.0,163.2,244.9
,"75-84 years","75-84","West Virginia","54","2022","2022","Female","F",112,62559,179.0,145.9,212.2
,"75-84 years","75-84","West Virginia","54","2022","2022","Male","M",89,51843,171.7,137.9,211.3
,"75-84 years","75-84","West Virginia","54","2023","2023","Female","F",105,64823,162.0,131.0,193.0
,"75-84 years","75-84","West Virginia","54","2023","2023","Male","M",87,54732,159.0,127.3,196.1
,"75-84 years","75-84","West Virginia","54","2024","2024","Female","F",135,67751,199.3,165.6,232.9
,"75-84 years","75-84","West Virginia","54","2024","2024","Male","M",126,57128,220.6,182.0,259.1
,"75-84 years","75-84","West Virginia","54","2025 (provisional)","2025","Female","F",143,67751,211.1,176.5,245.7
,"75-84 years","75-84","West Virginia","54","2025 (provisional)","2025","Male","M",136,57128,238.1,198.1,278.1
,"75-84 years","75-84","Wisconsin","55","2021","2021","Female","F",288,161684,178.1,157.6,198.7
,"75-84 years","75-84","Wisconsin","55","2021","2021","Male","M",263,133905,196.4,172.7,220.1
,"75-84 years","75-84","Wisconsin","55","2022","2022","Female","F",293,175018,167.4,148.2,186.6
,"75-84 years","75-84","Wisconsin","55","2022","2022","Male","M",258,146016,176.7,155.1,198.3
,"75-84 years","75-84","Wisconsin","55","2023","2023","Female","F",301,181506,165.8,147.1,184.6
,"75-84 years","75-84","Wisconsin","55","2023","2023","Male","M",304,154036,197.4,175.2,219.5
,"75-84 years","75-84","Wisconsin","55","2024","2024","Female","F",285,191257,149.0,131.7,166.3
,"75-84 years","75-84","Wisconsin","55","2024","2024","Male","M",293,162906,179.9,159.3,200.5
,"75-84 years","75-84","Wisconsin","55","2025 (provisional)","2025","Female","F",351,191257,183.5,164.3,202.7
,"75-84 years","75-84","Wisconsin","55","2025 (provisional)","2025","Male","M",303,162906,186.0,165.1,206.9
,"75-84 years","75-84","Wyoming","56","2021","2021","Female","F",21,14710,142.8,88.4,218.2
,"75-84 years","75-84","Wyoming","56","2021","2021","Male","M",24,13457,178.3,114.3,265.4
,"75-84 years","75-84","Wyoming","56","2022","2022","Female","F",25,15840,157.8,102.1,233.0
,"75-84 years","75-84","Wyoming","56","2022","2022","Male","M",24,14754,162.7,104.2,242.0
,"75-84 years","75-84","Wyoming","56","2023","2023","Female","F",24,16766,143.1,91.7,213.0
,"75-84 years","75-84","Wyoming","56","2023","2023","Male","M",27,15695,172.0,113.4,250.3
,"75-84 years","75-84","Wyoming","56","2024","2024","Female","F",21,17573,119.5,74.0,182.7
,"75-84 years","75-84","Wyoming","56","2024","2024","Male","M",38,16754,226.8,160.5,311.3
,"75-84 years","75-84","Wyoming","56","2025 (provisional)","2025","Female","F",21,17573,119.5,74.0,182.7
,"75-84 years","75-84","Wyoming","56","2025 (provisional)","2025","Male","M",22,16754,131.3,82.3,198.8
,"85+ years","85+","Alabama","01","2021","2021","Female","F",972,55651,1746.6,1636.8,1856.4
,"85+ years","85+","Alabama","01","2021","2021","Male","M",524,29551,1773.2,1621.4,1925.0
,"85+ years","85+","Alabama","01","2022","2022","Female","F",1042,62199,1675.3,1573.5,1777.0
,"85+ years","85+","Alabama","01","2022","2022","Male","M",552,31172,1770.8,1623.1,1918.5
,"85+ years","85+","Alabama","01","2023","2023","Female","F",950,58478,1624.5,1521.2,1727.8
,"85+ years","85+","Alabama","01","2023","2023","Male","M",566,31941,1772.0,1626.0,1918.0
,"85+ years","85+","Alabama","01","2024","2024","Female","F",1030,59114,1742.4,1636.0,1848.8
,"85+ years","85+","Alabama","01","2024","2024","Male","M",539,33600,1604.2,1468.7,1739.6
,"85+ years","85+","Alabama","01","2025 (provisional)","2025","Female","F",1030,59114,1742.4,1636.0,1848.8
,"85+ years","85+","Alabama","01","2025 (provisional)","2025","Male","M",605,33600,1800.6,1657.1,1944.1
,"85+ years","85+","Alaska","02","2021","2021","Female","F",27,4067,663.9,437.5,965.9
,"85+ years","85+","Alaska","02","2021","2021","Male","M",23,2671,861.1,545.9,1292.1
,"85+ years","85+","Alaska","02","2022","2022","Female","F",40,4544,880.3,628.9,1198.7
,"85+ years","85+","Alaska","02","2022","2022","Male","M",18,2784,646.6,383.2,1021.8
,"85+ years","85+","Alaska","02","2023","2023","Female","F",40,4302,929.8,664.3,1266.1
,"85+ years","85+","Alaska","02","2023","2023","Male","M",18,2737,657.7,389.8,1039.4
,"85+ years","85+","Alaska","02","2024","2024","Female","F",35,4499,778.0,541.9,1081.9
,"85+ years","85+","Alaska","02","2024","2024","Male","M",33,3046,1083.4,745.8,1521.5
,"85+ years","85+","Alaska","02","2025 (provisional)","2025","Female","F",37,4499,822.4,579.0,1133.6
,"85+ years","85+","Alaska","02","2025 (provisional)","2025","Male","M",28,3046,919.2,610.8,1328.6
,"85+ years","85+","Arizona","04","2021","2021","Female","F",721,76915,937.4,869.0,1005.8
,"85+ years","85+","Arizona","04","2021","2021","Male","M",429,56776,755.6,684.1,827.1
,"85+ years","85+","Arizona","04","2022","2022","Female","F",734,87904,835.0,774.6,895.4
,"85+ years","85+","Arizona","04","2022","2022","Male","M",487,61456,792.4,722.1,862.8
,"85+ years","85+","Arizona","04","2023","2023","Female","F",792,84985,931.9,867.0,996.8
,"85+ years","85+","Arizona","04","2023","2023","Male","M",520,64140,810.7,741.0,880.4
,"85+ years","85+","Arizona","04","2024","2024","Female","F",839,88892,943.8,880.0,1007.7
,"85+ years","85+","Arizona","04","2024","2024","Male","M",554,69448,797.7,731.3,864.1
,"85+ years","85+","Arizona","04","2025 (provisional)","2025","Female","F",846,88892,951.7,887.6,1015.8
,"85+ years","85+","Arizona","04","2025 (provisional)","2025","Male","M",585,69448,842.4,774.1,910.6
,"85+ years","85+","Arkansas","05","2021","2021","Female","F",443,34284,1292.1,1171.8,1412.5
,"85+ years","85+","Arkansas","05","2021","2021","Male","M",247,19807,1247.0,1091.5,1402.6
,"85+ years","85+","Arkansas","05","2022","2022","Female","F",485,37436,1295.5,1180.2,1410.8
,"85+ years","85+","Arkansas","05","2022","2022","Male","M",267,20881,1278.7,1125.3,1432.1
,"85+ years","85+","Arkansas","05","2023","2023","Female","F",527,35393,1489.0,1361.9,1616.1
,"85+ years","85+","Arkansas","05","2023","2023","Male","M",283,20887,1354.9,1197.0,1512.8
,"85+ years","85+","Arkansas","05","2024","2024","Female","F",510,36003,1416.5,1293.6,1539.5
,"85+ years","85+","Arkansas","05","2024","2024","Male","M",334,21994,1518.6,1355.7,1681.5
,"85+ years","85+","Arkansas","05","2025 (provisional)","2025","Female","F",507,36003,1408.2,1285.6,1530.8
,"85+ years","85+","Arkansas","05","2025 (provisional)","2025","Male","M",328,21994,1491.3,1329.9,1652.7
,"85+ years","85+","California","06","2021","2021","Female","F",4235,423128,1000.9,970.7,1031.0
,"85+ years","85+","California","06","2021","2021","Male","M",2644,254263,1039.9,1000.2,1079.5
,"85+ years","85+","California","06","2022","2022","Female","F",4435,471983,939.7,912.0,967.3
,"85+ years","85+","California","06","2022","2022","Male","M",2833,267444,1059.3,1020.3,1098.3
,"85+ years","85+","California","06","2023","2023","Female","F",4553,438008,1039.5,1009.3,1069.7
,"85+ years","85+","California","06","2023","2023","Male","M",3111,266227,1168.6,1127.5,1209.6
,"85+ years","85+","California","06","2024","2024","Female","F",4505,449230,1002.8,973.5,1032.1
,"85+ years","85+","California","06","2024","2024","Male","M",2976,279512,1064.7,1026.5,1103.0
,"85+ years","85+","California","06","2025 (provisional)","2025","Female","F",4463,449230,993.5,964.3,1022.6
,"85+ years","85+","California","06","2025 (provisional)","2025","Male","M",2998,279512,1072.6,1034.2,1111.0
,"85+ years","85+","Colorado","08","2021","2021","Female","F",472,50830,928.6,844.8,1012.4
,"85+ years","85+","Colorado","08","2021","2021","Male","M",239,30458,784.7,685.2,884.2
,"85+ years","85+","Colorado","08","2022","2022","Female","F",521,57262,909.9,831.7,988.0
,"85+ years","85+","Colorado","08","2022","2022","Male","M",251,32265,777.9,681.7,874.2
,"85+ years","85+","Colorado","08","2023","2023","Female","F",546,53895,1013.1,928.1,1098.1
,"85+ years","85+","Colorado","08","2023","2023","Male","M",305,32388,941.7,836.0,1047.4
,"85+ years","85+","Colorado","08","2024","2024","Female","F",583,55700,1046.7,961.7,1131.6
,"85+ years","85+","Colorado","08","2024","2024","Male","M",344,34322,1002.3,896.4,1108.2
,"85+ years","85+","Colorado","08","2025 (provisional)","2025","Female","F",534,55700,958.7,877.4,1040.0
,"85+ years","85+","Colorado","08","2025 (provisional)","2025","Male","M",322,34322,938.2,835.7,1040.6
,"85+ years","85+","Connecticut","09","2021","2021","Female","F",582,52666,1105.1,1015.3,1194.9
,"85+ years","85+","Connecticut","09","2021","2021","Male","M",376,27760,1354.5,1217.6,1491.4
,"85+ years","85+","Connecticut","09","2022","2022","Female","F",678,52856,1282.7,1186.2,1379.3
,"85+ years","85+","Connecticut","09","2022","2022","Male","M",379,27647,1370.9,1232.8,1508.9
,"85+ years","85+","Connecticut","09","2023","2023","Female","F",674,51971,1296.9,1199.0,1394.8
,"85+ years","85+","Connecticut","09","2023","2023","Male","M",424,28231,1501.9,1358.9,1644.9
,"85+ years","85+","Connecticut","09","2024","2024","Female","F",714,52667,1355.7,1256.2,1455.1
,"85+ years","85+","Connecticut","09","2024","2024","Male","M",416,29458,1412.2,1276.5,1547.9
,"85+ years","85+","Connecticut","09","2025 (provisional)","2025","Female","F",771,52667,1463.9,1360.6,1567.2
,"85+ years","85+","Connecticut","09","2025 (provisional)","2025","Male","M",478,29458,1622.6,1477.2,1768.1
,"85+ years","85+","Delaware","10","2021","2021","Female","F",102,11598,879.5,708.8,1050.1
,"85+ years","85+","Delaware","10","2021","2021","Male","M",78,7065,1104.0,872.7,1377.9
,"85+ years","85+","Delaware","10","2022","2022","Female","F",109,12628,863.2,701.1,1025.2
,"85+ years","85+","Delaware","10","2022","2022","Male","M",66,7533,876.1,677.6,1114.7
,"85+ years","85+","Delaware","10","2023","2023","Female","F",99,12114,817.2,664.2,995.0
,"85+ years","85+","Delaware","10","2023","2023","Male","M",66,7394,892.6,690.3,1135.6
,"85+ years","85+","Delaware","10","2024","2024","Female","F",93,12625,736.6,594.6,902.4
,"85+ years","85+","Delaware","10","2024","2024","Male","M",72,8077,891.4,697.5,1122.6
,"85+ years","85+","Delaware","10","2025 (provisional)","2025","Female","F",103,12625,815.8,658.3,973.4
,"85+ years","85+","Delaware","10","2025 (provisional)","2025","Male","M",60,8077,742.9,566.9,956.2
,"85+ years","85+","District of Columbia","11","2021","2021","Female","F",28,7010,399.4,265.4,577.3
,"85+ years","85+","District of Columbia","11","2021","2021","Male","M",12,3593,334.0,172.6,583.4
,"85+ years","85+","District of Columbia","11","2022","2022","Female","F",33,7487,440.8,303.4,619.0
,"85+ years","85+","District of Columbia","11","2022","2022","Male","M",14,3684,380.0,207.8,637.6
,"85+ years","85+","District of Columbia","11","2023","2023","Female","F",21,6993,300.3,185.9,459.0
,"85+ years","85+","District of Columbia","11","2023","2023","Male","M",11,3793,290.0,144.8,518.9
,"85+ years","85+","District of Columbia","11","2024","2024","Female","F",40,7149,559.5,399.7,761.9
,"85+ years","85+","District of Columbia","11","2024","2024","Male","M",23,3954,581.7,368.7,872.8
,"85+ years","85+","District of Columbia","11","2025 (provisional)","2025","Female","F",50,7149,699.4,519.1,922.1
,"85+ years","85+","District of Columbia","11","2025 (provisional)","2025","Male","M",28,3954,708.1,470.6,1023.5
,"85+ years","85+","Florida","12","2021","2021","Female","F",2079,317203,655.4,627.2,683.6
,"85+ years","85+","Florida","12","2021","2021","Male","M",1363,219118,622.0,589.0,655.1
,"85+ years","85+","Florida","12","2022","2022","Female","F",2227,365366,609.5,584.2,634.8
,"85+ years","85+","Florida","12","2022","2022","Male","M",1426,236510,602.9,571.6,634.2
,"85+ years","85+","Florida","12","2023","2023","Female","F",2310,343897,671.7,644.3,699.1
,"85+ years","85+","Florida","12","2023","2023","Male","M",1600,239052,669.3,636.5,702.1
,"85+ years","85+","Florida","12","2024","2024","Female","F",2463,357339,689.3,662.0,716.5
,"85+ years","85+","Florida","12","2024","2024","Male","M",1732,254728,679.9,647.9,712.0
,"85+ years","85+","Florida","12","2025 (provisional)","2025","Female","F",2496,357339,698.5,671.1,725.9
,"85+ years","85+","Florida","12","2025 (provisional)","2025","Male","M",1761,254728,691.3,659.0,723.6
,"85+ years","85+","Georgia","13","2021","2021","Female","F",1211,91632,1321.6,1247.2,1396.0
,"85+ years","85+","Georgia","13","2021","2021","Male","M",679,49425,1373.8,1270.5,1477.1
,"85+ years","85+","Georgia","13","2022","2022","Female","F",1274,102528,1242.6,1174.4,1310.8
,"85+ years","85+","Georgia","13","2022","2022","Male","M",741,52584,1409.2,1307.7,1510.6
,"85+ years","85+","Georgia","13","2023","2023","Female","F",1281,96965,1321.1,1248.7,1393.4
,"85+ years","85+","Georgia","13","2023","2023","Male","M",731,54438,1342.8,1245.5,1440.2
,"85+ years","85+","Georgia","13","2024","2024","Female","F",1352,101771,1328.5,1257.7,1399.3
,"85+ years","85+","Georgia","13","2024","2024","Male","M",816,58088,1404.8,1308.4,1501.2
,"85+ years","85+","Georgia","13","2025 (provisional)","2025","Female","F",1379,101771,1355.0,1283.5,1426.5
,"85+ years","85+","Georgia","13","2025 (provisional)","2025","Male","M",836,58088,1439.2,1341.6,1536.8
,"85+ years","85+","Hawaii","15","2021","2021","Female","F",107,24882,430.0,348.5,511.5
,"85+ years","85+","Hawaii","15","2021","2021","Male","M",72,13934,516.7,404.3,650.7
,"85+ years","85+","Hawaii","15","2022","2022","Female","F",104,28164,369.3,298.3,440.2
,"85+ years","85+","Hawaii","15","2022","2022","Male","M",83,15232,544.9,434.0,675.5
,"85+ years","85+","Hawaii","15","2023","2023","Female","F",116,26042,445.4,364.4,526.5
,"85+ years","85+","Hawaii","15","2023","2023","Male","M",67,15160,442.0,342.5,561.3
,"85+ years","85+","Hawaii","15","2024","2024","Female","F",139,26646,521.7,434.9,608.4
,"85+ years","85+","Hawaii","15","2024","2024","Male","M",80,16024,499.3,395.9,621.4
,"85+ years","85+","Hawaii","15","2025 (provisional)","2025","Female","F",113,26646,424.1,345.9,502.3
,"85+ years","85+","Hawaii","15","2025 (provisional)","2025","Male","M",77,16024,480.5,379.2,600.6
,"85+ years","85+","Idaho","16","2021","2021","Female","F",243,16467,1475.7,1290.1,1661.2
,"85+ years","85+","Idaho","16","2021","2021","Male","M",132,11149,1184.0,982.0,1385.9
,"85+ years","85+","Idaho","16","2022","2022","Female","F",232,19296,1202.3,1047.6,1357.0
,"85+ years","85+","Idaho","16","2022","2022","Male","M",133,12005,1107.9,919.6,1296.2
,"85+ years","85+","Idaho","16","2023","2023","Female","F",222,17999,1233.4,1071.2,1395.7
,"85+ years","85+","Idaho","16","2023","2023","Male","M",127,12411,1023.3,845.3,1201.3
,"85+ years","85+","Idaho","16","2024","2024","Female","F",281,18674,1504.8,1328.8,1680.7
,"85+ years","85+","Idaho","16","2024","2024","Male","M",157,13253,1184.6,999.3,1369.9
,"85+ years","85+","Idaho","16","2025 (provisional)","2025","Female","F",276,18674,1478.0,1303.6,1652.4
,"85+ years","85+","Idaho","16","2025 (provisional)","2025","Male","M",160,13253,1207.3,1020.2,1394.3
,"85+ years","85+","Illinois","17","2021","2021","Female","F",1825,157222,1160.8,1107.5,1214.0
,"85+ years","85+","Illinois","17","2021","2021","Male","M",1109,82999,1336.2,1257.5,1414.8
,"85+ years","85+","Illinois","17","2022","2022","Female","F",2037,170940,1191.6,1139.9,1243.4
,"85+ years","85+","Illinois","17","2022","2022","Male","M",1166,86153,1353.4,1275.7,1431.1
,"85+ years","85+","Illinois","17","2023","2023","Female","F",2033,157404,1291.6,1235.4,1347.7
,"85+ years","85+","Illinois","17","2023","2023","Male","M",1307,85207,1533.9,1450.8,1617.1
,"85+ years","85+","Illinois","17","2024","2024","Female","F",2188,162398,1347.3,1290.9,1403.8
,"85+ years","85+","Illinois","17","2024","2024","Male","M",1253,89539,1399.4,1321.9,1476.9
,"85+ years","85+","Illinois","17","2025 (provisional)","2025","Female","F",2156,162398,1327.6,1271.6,1383.6
,"85+ years","85+","Illinois","17","2025 (provisional)","2025","Male","M",1346,89539,1503.3,1422.9,1583.6
,"85+ years","85+","Indiana","18","2021","2021","Female","F",922,76372,1207.2,1129.3,1285.2
,"85+ years","85+","Indiana","18","2021","2021","Male","M",535,40060,1335.5,1222.3,1448.7
,"85+ years","85+","Indiana","18","2022","2022","Female","F",1000,84786,1179.4,1106.3,1252.5
,"85+ years","85+","Indiana","18","2022","2022","Male","M",545,41894,1300.9,1191.7,1410.1
,"85+ years","85+","Indiana","18","2023","2023","Female","F",1014,79019,1283.2,1204.3,1362.2
,"85+ years","85+","Indiana","18","2023","2023","Male","M",616,41824,1472.8,1356.5,1589.1
,"85+ years","85+","Indiana","18","2024","2024","Female","F",1105,80977,1364.6,1284.1,1445.0
,"85+ years","85+","Indiana","18","2024","2024","Male","M",617,44296,1392.9,1283.0,1502.8
,"85+ years","85+","Indiana","18","2025 (provisional)","2025","Female","F",1206,80977,1489.3,1405.3,1573.4
,"85+ years","85+","Indiana","18","2025 (provisional)","2025","Male","M",665,44296,1501.3,1387.2,1615.4
,"85+ years","85+","Iowa","19","2021","2021","Female","F",437,45312,964.4,874.0,1054.8
,"85+ years","85+","Iowa","19","2021","2021","Male","M",268,24034,1115.1,981.6,1248.6
,"85+ years","85+","Iowa","19","2022","2022","Female","F",509,51151,995.1,908.6,1081.5
,"85+ years","85+","Iowa","19","2022","2022","Male","M",301,25111,1198.7,1063.3,1334.1
,"85+ years","85+","Iowa","19","2023","2023","Female","F",554,46948,1180.0,1081.8,1278.3
,"85+ years","85+","Iowa","19","2023","2023","Male","M",275,24537,1120.8,988.3,1253.2
,"85+ years","85+","Iowa","19","2024","2024","Female","F",567,47800,1186.2,1088.6,1283.8
,"85+ years","85+","Iowa","19","2024","2024","Male","M",313,25731,1216.4,1081.7,1351.2
,"85+ years","85+","Iowa","19","2025 (provisional)","2025","Female","F",591,47800,1236.4,1136.7,1336.1
,"85+ years","85+","Iowa","19","2025 (provisional)","2025","Male","M",362,25731,1406.9,1261.9,1551.8
,"85+ years","85+","Kansas","20","2021","2021","Female","F",404,37345,1081.8,976.3,1187.3
,"85+ years","85+","Kansas","20","2021","2021","Male","M",208,20795,1000.2,864.3,1136.2
,"85+ years","85+","Kansas","20","2022","2022","Female","F",446,40104,1112.1,1008.9,1215.3
,"85+ years","85+","Kansas","20","2022","2022","Male","M",235,20893,1124.8,981.0,1268.6
,"85+ years","85+","Kansas","20","2023","2023","Female","F",494,36798,1342.5,1224.1,1460.8
,"85+ years","85+","Kansas","20","2023","2023","Male","M",296,20744,1426.9,1264.4,1589.5
,"85+ years","85+","Kansas","20","2024","2024","Female","F",513,37247,1377.3,1258.1,1496.5
,"85+ years","85+","Kansas","20","2024","2024","Male","M",284,21835,1300.7,1149.4,1451.9
,"85+ years","85+","Kansas","20","2025 (provisional)","2025","Female","F",545,37247,1463.2,1340.4,1586.1
,"85+ years","85+","Kansas","20","2025 (provisional)","2025","Male","M",313,21835,1433.5,1274.7,1592.3
,"85+ years","85+","Kentucky","21","2021","2021","Female","F",502,47962,1046.7,955.1,1138.2
,"85+ years","85+","Kentucky","21","2021","2021","Male","M",268,25651,1044.8,919.7,1169.9
,"85+ years","85+","Kentucky","21","2022","2022","Female","F",471,52000,905.8,824.0,987.6
,"85+ years","85+","Kentucky","21","2022","2022","Male","M",266,26668,997.5,877.6,1117.3
,"85+ years","85+","Kentucky","21","2023","2023","Female","F",507,48654,1042.1,951.3,1132.8
,"85+ years","85+","Kentucky","21","2023","2023","Male","M",254,27221,933.1,818.3,1047.9
,"85+ years","85+","Kentucky","21","2024","2024","Female","F",511,49782,1026.5,937.5,1115.5
,"85+ years","85+","Kentucky","21","2024","2024","Male","M",299,28809,1037.9,920.2,1155.5
,"85+ years","85+","Kentucky","21","2025 (provisional)","2025","Female","F",489,49782,982.3,895.2,1069.3
,"85+ years","85+","Kentucky","21","2025 (provisional)","2025","Male","M",277,28809,961.5,848.3,1074.7
,"85+ years","85+","Louisiana","22","2021","2021","Female","F",628,47933,1310.2,1207.7,1412.6
,"85+ years","85+","Louisiana","22","2021","2021","Male","M",418,26322,1588.0,1435.8,1740.3
,"85+ years","85+","Louisiana","22","2022","2022","Female","F",683,51677,1321.7,1222.5,1420.8
,"85+ years","85+","Louisiana","22","2022","2022","Male","M",454,27025,1679.9,1525.4,1834.5
,"85+ years","85+","Louisiana","22","2023","2023","Female","F",729,48106,1515.4,1405.4,1625.4
,"85+ years","85+","Louisiana","22","2023","2023","Male","M",427,27214,1569.0,1420.2,1717.9
,"85+ years","85+","Louisiana","22","2024","2024","Female","F",789,49034,1609.1,1496.8,1721.4
,"85+ years","85+","Louisiana","22","2024","2024","Male","M",527,28910,1822.9,1667.3,1978.5
,"85+ years","85+","Louisiana","22","2025 (provisional)","2025","Female","F",794,49034,1619.3,1506.7,1731.9
,"85+ years","85+","Louisiana","22","2025 (provisional)","2025","Male","M",475,28910,1643.0,1495.3,1790.8
,"85+ years","85+","Maine","23","2021","2021","Female","F",149,19048,782.2,656.6,907.8
,"85+ years","85+","Maine","23","2021","2021","Male","M",94,10921,860.7,695.6,1053.3
,"85+ years","85+","Maine","23","2022","2022","Female","F",178,21694,820.5,700.0,941.0
,"85+ years","85+","Maine","23","2022","2022","Male","M",108,11841,912.1,740.1,1084.1
,"85+ years","85+","Maine","23","2023","2023","Female","F",189,20012,944.4,809.8,1079.1
,"85+ years","85+","Maine","23","2023","2023","Male","M",124,11687,1061.0,874.3,1247.8
,"85+ years","85+","Maine","23","2024","2024","Female","F",173,20425,847.0,720.8,973.2
,"85+ years","85+","Maine","23","2024","2024","Male","M",111,12182,911.2,741.7,1080.7
,"85+ years","85+","Maine","23","2025 (provisional)","2025","Female","F",156,20425,763.8,643.9,883.6
,"85+ years","85+","Maine","23","2025 (provisional)","2025","Male","M",119,12182,976.9,801.3,1152.4
,"85+ years","85+","Maryland","24","2021","2021","Female","F",373,71296,523.2,470.1,576.3
,"85+ years","85+","Maryland","24","2021","2021","Male","M",219,38217,573.0,497.1,648.9
,"85+ years","85+","Maryland","24","2022","2022","Female","F",418,79450,526.1,475.7,576.6
,"85+ years","85+","Maryland","24","2022","2022","Male","M",267,40781,654.7,576.2,733.2
,"85+ years","85+","Maryland","24","2023","2023","Female","F",421,73369,573.8,519.0,628.6
,"85+ years","85+","Maryland","24","2023","2023","Male","M",264,40313,654.9,575.9,733.9
,"85+ years","85+","Maryland","24","2024","2024","Female","F",414,75793,546.2,493.6,598.8
,"85+ years","85+","Maryland","24","2024","2024","Male","M",258,42086,613.0,538.2,687.8
,"85+ years","85+","Maryland","24","2025 (provisional)","2025","Female","F",469,75793,618.8,562.8,674.8
,"85+ years","85+","Maryland","24","2025 (provisional)","2025","Male","M",260,42086,617.8,542.7,692.9
,"85+ years","85+","Massachusetts","25","2021","2021","Female","F",946,93429,1012.5,948.0,1077.1
,"85+ years","85+","Massachusetts","25","2021","2021","Male","M",533,48132,1107.4,1013.4,1201.4
,"85+ years","85+","Massachusetts","25","2022","2022","Female","F",1054,100784,1045.8,982.7,1108.9
,"85+ years","85+","Massachusetts","25","2022","2022","Male","M",515,50110,1027.7,939.0,1116.5
,"85+ years","85+","Massachusetts","25","2023","2023","Female","F",965,93420,1033.0,967.8,1098.1
,"85+ years","85+","Massachusetts","25","2023","2023","Male","M",563,48989,1149.2,1054.3,1244.2
,"85+ years","85+","Massachusetts","25","2024","2024","Female","F",1025,94453,1085.2,1018.8,1151.6
,"85+ years","85+","Massachusetts","25","2024","2024","Male","M",572,51363,1113.6,1022.4,1204.9
,"85+ years","85+","Massachusetts","25","2025 (provisional)","2025","Female","F",1003,94453,1061.9,996.2,1127.6
,"85+ years","85+","Massachusetts","25","2025 (provisional)","2025","Male","M",630,51363,1226.6,1130.8,1322.3
,"85+ years","85+","Michigan","26","2021","2021","Female","F",1515,120912,1253.0,1189.9,1316.1
,"85+ years","85+","Michigan","26","2021","2021","Male","M",887,66596,1331.9,1244.3,1419.6
,"85+ years","85+","Michigan","26","2022","2022","Female","F",1581,130761,1209.1,1149.5,1268.7
,"85+ years","85+","Michigan","26","2022","2022","Male","M",900,68390,1316.0,1230.0,1402.0
,"85+ years","85+","Michigan","26","2023","2023","Female","F",1688,120154,1404.9,1337.8,1471.9
,"85+ years","85+","Michigan","26","2023","2023","Male","M",945,67820,1393.4,1304.6,1482.2
,"85+ years","85+","Michigan","26","2024","2024","Female","F",1703,121854,1397.6,1331.2,1464.0
,"85+ years","85+","Michigan","26","2024","2024","Male","M",1015,71366,1422.2,1334.7,1509.7
,"85+ years","85+","Michigan","26","2025 (provisional)","2025","Female","F",1868,121854,1533.0,1463.5,1602.5
,"85+ years","85+","Michigan","26","2025 (provisional)","2025","Male","M",1116,71366,1563.8,1472.0,1655.5
,"85+ years","85+","Minnesota","27","2021","2021","Female","F",611,70164,870.8,801.8,939.9
,"85+ years","85+","Minnesota","27","2021","2021","Male","M",369,39739,928.6,833.8,1023.3
,"85+ years","85+","Minnesota","27","2022","2022","Female","F",662,79608,831.6,768.2,894.9
,"85+ years","85+","Minnesota","27","2022","2022","Male","M",363,42360,856.9,768.8,945.1
,"85+ years","85+","Minnesota","27","2023","2023","Female","F",724,74082,977.3,906.1,1048.5
,"85+ years","85+","Minnesota","27","2023","2023","Male","M",383,42031,911.2,820.0,1002.5
,"85+ years","85+","Minnesota","27","2024","2024","Female","F",756,75825,997.0,926.0,1068.1
,"85+ years","85+","Minnesota","27","2024","2024","Male","M",418,44134,947.1,856.3,1037.9
,"85+ years","85+","Minnesota","27","2025 (provisional)","2025","Female","F",767,75825,1011.5,940.0,1083.1
,"85+ years","85+","Minnesota","27","2025 (provisional)","2025","Male","M",441,44134,999.2,906.0,1092.5
,"85+ years","85+","Mississippi","28","2021","2021","Female","F",530,31401,1687.8,1544.1,1831.5
,"85+ years","85+","Mississippi","28","2021","2021","Male","M",272,16035,1696.3,1494.7,1897.9
,"85+ years","85+","Mississippi","28","2022","2022","Female","F",515,35202,1463.0,1336.6,1589.3
,"85+ years","85+","Mississippi","28","2022","2022","Male","M",276,16699,1652.8,1457.8,1847.8
,"85+ years","85+","Mississippi","28","2023","2023","Female","F",540,33398,1616.9,1480.5,1753.2
,"85+ years","85+","Mississippi","28","2023","2023","Male","M",269,17236,1560.7,1374.2,1747.2
,"85+ years","85+","Mississippi","28","2024","2024","Female","F",561,33493,1675.0,1536.4,1813.6
,"85+ years","85+","Mississippi","28","2024","2024","Male","M",312,17885,1744.5,1550.9,1938.1
,"85+ years","85+","Mississippi","28","2025 (provisional)","2025","Female","F",580,33493,1731.7,1590.8,1872.6
,"85+ years","85+","Mississippi","28","2025 (provisional)","2025","Male","M",314,17885,1755.7,1561.5,1949.9
,"85+ years","85+","Missouri","29","2021","2021","Female","F",936,76819,1218.4,1140.4,1296.5
,"85+ years","85+","Missouri","29","2021","2021","Male","M",541,42232,1281.0,1173.1,1389.0
,"85+ years","85+","Missouri","29","2022","2022","Female","F",966,83417,1158.0,1085.0,1231.1
,"85+ years","85+","Missouri","29","2022","2022","Male","M",600,43495,1379.5,1269.1,1489.8
,"85+ years","85+","Missouri","29","2023","2023","Female","F",1009,77174,1307.4,1226.8,1388.1
,"85+ years","85+","Missouri","29","2023","2023","Male","M",613,43050,1423.9,1311.2,1536.6
,"85+ years","85+","Missouri","29","2024","2024","Female","F",1067,79114,1348.7,1267.8,1429.6
,"85+ years","85+","Missouri","29","2024","2024","Male","M",639,45511,1404.1,1295.2,1512.9
,"85+ years","85+","Missouri","29","2025 (provisional)","2025","Female","F",1146,79114,1448.5,1364.7,1532.4
,"85+ years","85+","Missouri","29","2025 (provisional)","2025","Male","M",712,45511,1564.5,1449.5,1679.4
,"85+ years","85+","Montana","30","2021","2021","Female","F",113,12627,894.9,729.9,1059.9
,"85+ years","85+","Montana","30","2021","2021","Male","M",85,8160,1041.7,832.0,1288.0
,"85+ years","85+","Montana","30","2022","2022","Female","F",136,14027,969.6,806.6,1132.5
,"85+ years","85+","Montana","30","2022","2022","Male","M",90,8579,1049.1,843.6,1289.5
,"85+ years","85+","Montana","30","2023","2023","Female","F",161,13082,1230.7,1040.6,1420.8
,"85+ years","85+","Montana","30","2023","2023","Male","M",94,8663,1085.1,876.8,1327.9
,"85+ years","85+","Montana","30","2024","2024","Female","F",135,13435,1004.8,835.3,1174.3
,"85+ years","85+","Montana","30","2024","2024","Male","M",75,9372,800.3,629.4,1003.1
,"85+ years","85+","Montana","30","2025 (provisional)","2025","Female","F",113,13435,841.1,686.0,996.2
,"85+ years","85+","Montana","30","2025 (provisional)","2025","Male","M",88,9372,939.0,753.1,1156.8
,"85+ years","85+","Nebraska","31","2021","2021","Female","F",298,24215,1230.6,1090.9,1370.4
,"85+ years","85+","Nebraska","31","2021","2021","Male","M",160,13816,1158.1,978.6,1337.5
,"85+ years","85+","Nebraska","31","2022","2022","Female","F",325,26352,1233.3,1099.2,1367.4
,"85+ years","85+","Nebraska","31","2022","2022","Male","M",179,14354,1247.0,1064.4,1429.7
,"85+ years","85+","Nebraska","31","2023","2023","Female","F",329,23946,1373.9,1225.5,1522.4
,"85+ years","85+","Nebraska","31","2023","2023","Male","M",220,13816,1592.4,1381.9,1802.8
,"85+ years","85+","Nebraska","31","2024","2024","Female","F",361,23819,1515.6,1359.3,1671.9
,"85+ years","85+","Nebraska","31","2024","2024","Male","M",163,14336,1137.0,962.4,1311.5
,"85+ years","85+","Nebraska","31","2025 (provisional)","2025","Female","F",357,23819,1498.8,1343.3,1654.3
,"85+ years","85+","Nebraska","31","2025 (provisional)","2025","Male","M",213,14336,1485.8,1286.2,1685.3
,"85+ years","85+","Nevada","32","2021","2021","Female","F",198,24708,801.4,689.7,913.0
,"85+ years","85+","Nevada","32","2021","2021","Male","M",126,17810,707.5,583.9,831.0
,"85+ years","85+","Nevada","32","2022","2022","Female","F",218,27606,789.7,684.9,894.5
,"85+ years","85+","Nevada","32","2022","2022","Male","M",167,19260,867.1,735.6,998.6
,"85+ years","85+","Nevada","32","2023","2023","Female","F",197,26576,741.3,637.8,844.8
,"85+ years","85+","Nevada","32","2023","2023","Male","M",152,20204,752.3,632.7,871.9
,"85+ years","85+","Nevada","32","2024","2024","Female","F",237,28145,842.1,734.9,949.3
,"85+ years","85+","Nevada","32","2024","2024","Male","M",154,21782,707.0,595.3,818.7
,"85+ years","85+","Nevada","32","2025 (provisional)","2025","Female","F",242,28145,859.8,751.5,968.2
,"85+ years","85+","Nevada","32","2025 (provisional)","2025","Male","M",191,21782,876.9,752.5,1001.2
,"85+ years","85+","New Hampshire","33","2021","2021","Female","F",182,17606,1033.7,883.6,1183.9
,"85+ years","85+","New Hampshire","33","2021","2021","Male","M",101,9818,1028.7,828.1,1229.4
,"85+ years","85+","New Hampshire","33","2022","2022","Female","F",203,19805,1025.0,884.0,1166.0
,"85+ years","85+","New Hampshire","33","2022","2022","Male","M",118,10392,1135.5,930.6,1340.4
,"85+ years","85+","New Hampshire","33","2023","2023","Female","F",194,18427,1052.8,904.7,1201.0
,"85+ years","85+","New Hampshire","33","2023","2023","Male","M",102,10432,977.8,788.0,1167.5
,"85+ years","85+","New Hampshire","33","2024","2024","Female","F",200,18973,1054.1,908.0,1200.2
,"85+ years","85+","New Hampshire","33","2024","2024","Male","M",133,10965,1213.0,1006.8,1419.1
,"85+ years","85+","New Hampshire","33","2025 (provisional)","2025","Female","F",170,18973,896.0,761.3,1030.7
,"85+ years","85+","New Hampshire","33","2025 (provisional)","2025","Male","M",146,10965,1331.5,1115.5,1547.5
,"85+ years","85+","New Jersey","34","2021","2021","Female","F",1157,122061,947.9,893.3,1002.5
,"85+ years","85+","New Jersey","34","2021","2021","Male","M",676,64323,1050.9,971.7,1130.2
,"85+ years","85+","New Jersey","34","2022","2022","Female","F",1343,131615,1020.4,965.8,1075.0
,"85+ years","85+","New Jersey","34","2022","2022","Male","M",802,66802,1200.6,1117.5,1283.7
,"85+ years","85+","New Jersey","34","2023","2023","Female","F",1269,120647,1051.8,994.0,1109.7
,"85+ years","85+","New Jersey","34","2023","2023","Male","M",760,66058,1150.5,1068.7,1232.3
,"85+ years","85+","New Jersey","34","2024","2024","Female","F",1289,123618,1042.7,985.8,1099.7
,"85+ years","85+","New Jersey","34","2024","2024","Male","M",857,69628,1230.8,1148.4,1313.2
,"85+ years","85+","New Jersey","34","2025 (provisional)","2025","Female","F",1327,123618,1073.5,1015.7,1131.2
,"85+ years","85+","New Jersey","34","2025 (provisional)","2025","Male","M",868,69628,1246.6,1163.7,1329.6
,"85+ years","85+","New Mexico","35","2021","2021","Female","F",202,23381,863.9,744.8,983.1
,"85+ years","85+","New Mexico","35","2021","2021","Male","M",126,15088,835.1,689.3,980.9
,"85+ years","85+","New Mexico","35","2022","2022","Female","F",217,25269,858.8,744.5,973.0
,"85+ years","85+","New Mexico","35","2022","2022","Male","M",140,15612,896.7,748.2,1045.3
,"85+ years","85+","New Mexico","35","2023","2023","Female","F",246,24132,1019.4,892.0,1146.8
,"85+ years","85+","New Mexico","35","2023","2023","Male","M",131,16008,818.3,678.2,958.5
,"85+ years","85+","New Mexico","35","2024","2024","Female","F",242,25106,963.9,842.5,1085.4
,"85+ years","85+","New Mexico","35","2024","2024","Male","M",156,17000,917.6,773.6,1061.6
,"85+ years","85+","New Mexico","35","2025 (provisional)","2025","Female","F",270,25106,1075.4,947.2,1203.7
,"85+ years","85+","New Mexico","35","2025 (provisional)","2025","Male","M",184,17000,1082.4,926.0,1238.7
,"85+ years","85+","New York","36","2021","2021","Female","F",1860,280406,663.3,633.2,693.5
,"85+ years","85+","New York","36","2021","2021","Male","M",998,148300,673.0,631.2,714.7
,"85+ years","85+","New York","36","2022","2022","Female","F",1958,304052,644.0,615.4,672.5
,"85+ years","85+","New York","36","2022","2022","Male","M",1100,153132,718.3,675.9,760.8
,"85+ years","85+","New York","36","2023","2023","Female","F",1923,281386,683.4,652.9,713.9
,"85+ years","85+","New York","36","2023","2023","Male","M",1116,151261,737.8,694.5,781.1
,"85+ years","85+","New York","36","2024","2024","Female","F",1961,290417,675.2,645.3,705.1
,"85+ years","85+","New York","36","2024","2024","Male","M",1136,160231,709.0,667.7,750.2
,"85+ years","85+","New York","36","2025 (provisional)","2025","Female","F",2057,290417,708.3,677.7,738.9
,"85+ years","85+","New York","36","2025 (provisional)","2025","Male","M",1268,160231,791.4,747.8,834.9
,"85+ years","85+","North Carolina","37","2021","2021","Female","F",1286,111497,1153.4,1090.4,1216.4
,"85+ years","85+","North Carolina","37","2021","2021","Male","M",727,60142,1208.8,1120.9,1296.7
,"85+ years","85+","North Carolina","37","2022","2022","Female","F",1332,123044,1082.5,1024.4,1140.7
,"85+ years","85+","North Carolina","37","2022","2022","Male","M",763,63986,1192.4,1107.8,1277.1
,"85+ years","85+","North Carolina","37","2023","2023","Female","F",1360,114126,1191.7,1128.3,1255.0
,"85+ years","85+","North Carolina","37","2023","2023","Male","M",830,63516,1306.8,1217.9,1395.7
,"85+ years","85+","North Carolina","37","2024","2024","Female","F",1540,117744,1307.9,1242.6,1373.2
,"85+ years","85+","North Carolina","37","2024","2024","Male","M",825,67408,1223.9,1140.4,1307.4
,"85+ years","85+","North Carolina","37","2025 (provisional)","2025","Female","F",1500,117744,1274.0,1209.5,1338.4
,"85+ years","85+","North Carolina","37","2025 (provisional)","2025","Male","M",902,67408,1338.1,1250.8,1425.4
,"85+ years","85+","North Dakota","38","2021","2021","Female","F",91,10921,833.3,670.9,1023.1
,"85+ years","85+","North Dakota","38","2021","2021","Male","M",59,5768,1022.9,778.7,1319.4
,"85+ years","85+","North Dakota","38","2022","2022","Female","F",114,12236,931.7,760.6,1102.7
,"85+ years","85+","North Dakota","38","2022","2022","Male","M",68,6056,1122.9,871.9,1423.5
,"85+ years","85+","North Dakota","38","2023","2023","Female","F",134,11550,1160.2,963.7,1356.6
,"85+ years","85+","North Dakota","38","2023","2023","Male","M",83,5985,1386.8,1104.6,1719.1
,"85+ years","85+","North Dakota","38","2024","2024","Female","F",138,11690,1180.5,983.5,1377.5
,"85+ years","85+","North Dakota","38","2024","2024","Male","M",92,6221,1478.9,1192.2,1813.7
,"85+ years","85+","North Dakota","38","2025 (provisional)","2025","Female","F",149,11690,1274.6,1069.9,1479.3
,"85+ years","85+","North Dakota","38","2025 (provisional)","2025","Male","M",86,6221,1382.4,1105.8,1707.3
,"85+ years","85+","Ohio","39","2021","2021","Female","F",1774,147784,1200.4,1144.5,1256.3
,"85+ years","85+","Ohio","39","2021","2021","Male","M",995,79091,1258.0,1179.9,1336.2
,"85+ years","85+","Ohio","39","2022","2022","Female","F",1862,159663,1166.2,1113.2,1219.2
,"85+ years","85+","Ohio","39","2022","2022","Male","M",1019,80831,1260.7,1183.3,1338.1
,"85+ years","85+","Ohio","39","2023","2023","Female","F",1908,147124,1296.9,1238.7,1355.1
,"85+ years","85+","Ohio","39","2023","2023","Male","M",1055,79424,1328.3,1248.2,1408.5
,"85+ years","85+","Ohio","39","2024","2024","Female","F",1848,150249,1230.0,1173.9,1286.0
,"85+ years","85+","Ohio","39","2024","2024","Male","M",1080,82736,1305.4,1227.5,1383.2
,"85+ years","85+","Ohio","39","2025 (provisional)","2025","Female","F",2014,150249,1340.4,1281.9,1399.0
,"85+ years","85+","Ohio","39","2025 (provisional)","2025","Male","M",1220,82736,1474.6,1391.8,1557.3
,"85+ years","85+","Oklahoma","40","2021","2021","Female","F",614,41680,1473.1,1356.6,1589.7
,"85+ years","85+","Oklahoma","40","2021","2021","Male","M",354,24603,1438.8,1289.0,1588.7
,"85+ years","85+","Oklahoma","40","2022","2022","Female","F",582,45526,1278.4,1174.5,1382.3
,"85+ years","85+","Oklahoma","40","2022","2022","Male","M",379,24823,1526.8,1373.1,1680.5
,"85+ years","85+","Oklahoma","40","2023","2023","Female","F",613,42343,1447.7,1333.1,1562.3
,"85+ years","85+","Oklahoma","40","2023","2023","Male","M",389,25009,1555.4,1400.9,1710.0
,"85+ years","85+","Oklahoma","40","2024","2024","Female","F",655,43800,1495.4,1380.9,1610.0
,"85+ years","85+","Oklahoma","40","2024","2024","Male","M",370,26309,1406.4,1263.1,1549.7
,"85+ years","85+","Oklahoma","40","2025 (provisional)","2025","Female","F",687,43800,1568.5,1451.2,1685.8
,"85+ years","85+","Oklahoma","40","2025 (provisional)","2025","Male","M",391,26309,1486.2,1338.9,1633.5
,"85+ years","85+","Oregon","41","2021","2021","Female","F",497,45913,1082.5,987.3,1177.7
,"85+ years","85+","Oregon","41","2021","2021","Male","M",324,28576,1133.8,1010.4,1257.3
,"85+ years","85+","Oregon","41","2022","2022","Female","F",561,51774,1083.6,993.9,1173.2
,"85+ years","85+","Oregon","41","2022","2022","Male","M",332,30663,1082.7,966.3,1199.2
,"85+ years","85+","Oregon","41","2023","2023","Female","F",535,47139,1134.9,1038.8,1231.1
,"85+ years","85+","Oregon","41","2023","2023","Male","M",325,29869,1088.1,969.8,1206.4
,"85+ years","85+","Oregon","41","2024","2024","Female","F",548,49062,1117.0,1023.4,1210.5
,"85+ years","85+","Oregon","41","2024","2024","Male","M",360,31965,1126.2,1009.9,1242.6
,"85+ years","85+","Oregon","41","2025 (provisional)","2025","Female","F",558,49062,1137.3,1043.0,1231.7
,"85+ years","85+","Oregon","41","2025 (provisional)","2025","Male","M",336,31965,1051.1,938.8,1163.5
,"85+ years","85+","Pennsylvania","42","2021","2021","Female","F",2149,192703,1115.2,1068.0,1162.3
,"85+ years","85+","Pennsylvania","42","2021","2021","Male","M",1297,99717,1300.7,1229.9,1371.5
,"85+ years","85+","Pennsylvania","42","2022","2022","Female","F",2434,207732,1171.7,1125.2,1218.3
,"85+ years","85+","Pennsylvania","42","2022","2022","Male","M",1370,102669,1334.4,1263.7,1405.0
,"85+ years","85+","Pennsylvania","42","2023","2023","Female","F",2390,192003,1244.8,1194.9,1294.7
,"85+ years","85+","Pennsylvania","42","2023","2023","Male","M",1390,100490,1383.2,1310.5,1455.9
,"85+ years","85+","Pennsylvania","42","2024","2024","Female","F",2436,193735,1257.4,1207.5,1307.3
,"85+ years","85+","Pennsylvania","42","2024","2024","Male","M",1440,104852,1373.4,1302.4,1444.3
,"85+ years","85+","Pennsylvania","42","2025 (provisional)","2025","Female","F",2584,193735,1333.8,1282.4,1385.2
,"85+ years","85+","Pennsylvania","42","2025 (provisional)","2025","Male","M",1493,104852,1423.9,1351.7,1496.1
,"85+ years","85+","Rhode Island","44","2021","2021","Female","F",156,16420,950.1,801.0,1099.1
,"85+ years","85+","Rhode Island","44","2021","2021","Male","M",82,7986,1026.8,816.6,1274.5
,"85+ years","85+","Rhode Island","44","2022","2022","Female","F",141,17925,786.6,656.8,916.5
,"85+ years","85+","Rhode Island","44","2022","2022","Male","M",70,8089,865.4,674.6,1093.3
,"85+ years","85+","Rhode Island","44","2023","2023","Female","F",162,16237,997.7,844.1,1151.4
,"85+ years","85+","Rhode Island","44","2023","2023","Male","M",85,8089,1050.8,839.3,1299.3
,"85+ years","85+","Rhode Island","44","2024","2024","Female","F",181,16557,1093.2,933.9,1252.5
,"85+ years","85+","Rhode Island","44","2024","2024","Male","M",102,8275,1232.6,993.4,1471.8
,"85+ years","85+","Rhode Island","44","2025 (provisional)","2025","Female","F",162,16557,978.4,827.8,1129.1
,"85+ years","85+","Rhode Island","44","2025 (provisional)","2025","Male","M",85,8275,1027.2,820.5,1270.1
,"85+ years","85+","South Carolina","45","2021","2021","Female","F",646,53378,1210.2,1116.9,1303.6
,"85+ years","85+","South Carolina","45","2021","2021","Male","M",402,30294,1327.0,1197.3,1456.7
,"85+ years","85+","South Carolina","45","2022","2022","Female","F",713,60237,1183.7,1096.8,1270.5
,"85+ years","85+","South Carolina","45","2022","2022","Male","M",394,32394,1216.3,1096.2,1336.4
,"85+ years","85+","South Carolina","45","2023","2023","Female","F",712,56934,1250.6,1158.7,1342.4
,"85+ years","85+","South Carolina","45","2023","2023","Male","M",462,32635,1415.7,1286.6,1544.7
,"85+ years","85+","South Carolina","45","2024","2024","Female","F",760,58605,1296.8,1204.6,1389.0
,"85+ years","85+","South Carolina","45","2024","2024","Male","M",479,35200,1360.8,1238.9,1482.7
,"85+ years","85+","South Carolina","45","2025 (provisional)","2025","Female","F",781,58605,1332.7,1239.2,1426.1
,"85+ years","85+","South Carolina","45","2025 (provisional)","2025","Male","M",515,35200,1463.1,1336.7,1589.4
,"85+ years","85+","South Dakota","46","2021","2021","Female","F",77,11841,650.3,513.2,812.7
,"85+ years","85+","South Dakota","46","2021","2021","Male","M",32,6325,505.9,346.1,714.2
,"85+ years","85+","South Dakota","46","2022","2022","Female","F",111,13539,819.9,667.3,972.4
,"85+ years","85+","South Dakota","46","2022","2022","Male","M",38,6264,606.6,429.3,832.7
,"85+ years","85+","South Dakota","46","2023","2023","Female","F",97,12475,777.6,630.5,948.6
,"85+ years","85+","South Dakota","46","2023","2023","Male","M",61,6266,973.5,744.7,1250.5
,"85+ years","85+","South Dakota","46","2024","2024","Female","F",104,12546,828.9,669.6,988.3
,"85+ years","85+","South Dakota","46","2024","2024","Male","M",53,6531,811.5,607.9,1061.5
,"85+ years","85+","South Dakota","46","2025 (provisional)","2025","Female","F",110,12546,876.8,712.9,1040.6
,"85+ years","85+","South Dakota","46","2025 (provisional)","2025","Male","M",35,6531,535.9,373.3,745.3
,"85+ years","85+","Tennessee","47","2021","2021","Female","F",801,72535,1104.3,1027.8,1180.8
,"85+ years","85+","Tennessee","47","2021","2021","Male","M",404,38914,1038.2,936.9,1139.4
,"85+ years","85+","Tennessee","47","2022","2022","Female","F",947,78610,1204.7,1128.0,1281.4
,"85+ years","85+","Tennessee","47","2022","2022","Male","M",466,40625,1147.1,1042.9,1251.2
,"85+ years","85+","Tennessee","47","2023","2023","Female","F",965,72098,1338.5,1254.0,1422.9
,"85+ years","85+","Tennessee","47","2023","2023","Male","M",497,40713,1220.7,1113.4,1328.1
,"85+ years","85+","Tennessee","47","2024","2024","Female","F",996,74108,1344.0,1260.5,1427.5
,"85+ years","85+","Tennessee","47","2024","2024","Male","M",537,43395,1237.5,1132.8,1342.1
,"85+ years","85+","Tennessee","47","2025 (provisional)","2025","Female","F",1086,74108,1465.4,1378.3,1552.6
,"85+ years","85+","Tennessee","47","2025 (provisional)","2025","Male","M",620,43395,1428.7,1316.3,1541.2
,"85+ years","85+","Texas","48","2021","2021","Female","F",2605,232964,1118.2,1075.3,1161.1
,"85+ years","85+","Texas","48","2021","2021","Male","M",1482,136945,1082.2,1027.1,1137.3
,"85+ years","85+","Texas","48","2022","2022","Female","F",2725,259586,1049.7,1010.3,1089.2
,"85+ years","85+","Texas","48","2022","2022","Male","M",1582,142044,1113.7,1058.9,1168.6
,"85+ years","85+","Texas","48","2023","2023","Female","F",2845,246095,1156.1,1113.6,1198.5
,"85+ years","85+","Texas","48","2023","2023","Male","M",1756,145670,1205.5,1149.1,1261.8
,"85+ years","85+","Texas","48","2024","2024","Female","F",2925,256599,1139.9,1098.6,1181.2
,"85+ years","85+","Texas","48","2024","2024","Male","M",1844,154678,1192.2,1137.7,1246.6
,"85+ years","85+","Texas","48","2025 (provisional)","2025","Female","F",3143,256599,1224.9,1182.0,1267.7
,"85+ years","85+","Texas","48","2025 (provisional)","2025","Male","M",2065,154678,1335.0,1277.4,1392.6
,"85+ years","85+","Utah","49","2021","2021","Female","F",440,20803,2115.1,1917.4,2312.7
,"85+ years","85+","Utah","49","2021","2021","Male","M",252,14849,1697.1,1487.5,1906.6
,"85+ years","85+","Utah","49","2022","2022","Female","F",455,23186,1962.4,1782.1,2142.7
,"85+ years","85+","Utah","49","2022","2022","Male","M",305,15646,1949.4,1730.6,2168.2
,"85+ years","85+","Utah","49","2023","2023","Female","F",474,21291,2226.3,2025.9,2426.7
,"85+ years","85+","Utah","49","2023","2023","Male","M",314,15344,2046.4,1820.1,2272.8
,"85+ years","85+","Utah","49","2024","2024","Female","F",509,21737,2341.6,2138.2,2545.1
,"85+ years","85+","Utah","49","2024","2024","Male","M",309,16086,1920.9,1706.7,2135.1
,"85+ years","85+","Utah","49","2025 (provisional)","2025","Female","F",562,21737,2585.5,2371.7,2799.2
,"85+ years","85+","Utah","49","2025 (provisional)","2025","Male","M",329,16086,2045.3,1824.2,2266.3
,"85+ years","85+","Vermont","50","2021","2021","Female","F",75,8377,895.3,704.2,1122.3
,"85+ years","85+","Vermont","50","2021","2021","Male","M",30,4786,626.8,422.9,894.8
,"85+ years","85+","Vermont","50","2022","2022","Female","F",82,9353,876.7,697.3,1088.2
,"85+ years","85+","Vermont","50","2022","2022","Male","M",35,5084,688.4,479.5,957.4
,"85+ years","85+","Vermont","50","2023","2023","Female","F",70,8525,821.1,640.1,1037.4
,"85+ years","85+","Vermont","50","2023","2023","Male","M",33,4952,666.4,458.7,935.9
,"85+ years","85+","Vermont","50","2024","2024","Female","F",90,8807,1021.9,821.7,1256.1
,"85+ years","85+","Vermont","50","2024","2024","Male","M",42,5345,785.8,566.3,1062.1
,"85+ years","85+","Vermont","50","2025 (provisional)","2025","Female","F",86,8807,976.5,781.1,1206.0
,"85+ years","85+","Vermont","50","2025 (provisional)","2025","Male","M",34,5345,636.1,440.5,888.9
,"85+ years","85+","Virginia","51","2021","2021","Female","F",950,90133,1054.0,987.0,1121.0
,"85+ years","85+","Virginia","51","2021","2021","Male","M",594,50852,1168.1,1074.2,1262.0
,"85+ years","85+","Virginia","51","2022","2022","Female","F",1040,102279,1016.8,955.0,1078.6
,"85+ years","85+","Virginia","51","2022","2022","Male","M",635,54579,1163.5,1073.0,1253.9
,"85+ years","85+","Virginia","51","2023","2023","Female","F",1089,94940,1147.0,1078.9,1215.2
,"85+ years","85+","Virginia","51","2023","2023","Male","M",668,54677,1221.7,1129.1,1314.4
,"85+ years","85+","Virginia","51","2024","2024","Female","F",1074,98393,1091.5,1026.3,1156.8
,"85+ years","85+","Virginia","51","2024","2024","Male","M",712,58245,1222.4,1132.6,1312.2
,"85+ years","85+","Virginia","51","2025 (provisional)","2025","Female","F",1125,98393,1143.4,1076.6,1210.2
,"85+ years","85+","Virginia","51","2025 (provisional)","2025","Male","M",745,58245,1279.1,1187.2,1370.9
,"85+ years","85+","Washington","53","2021","2021","Female","F",712,75386,944.5,875.1,1013.8
,"85+ years","85+","Washington","53","2021","2021","Male","M",347,45261,766.7,686.0,847.3
,"85+ years","85+","Washington","53","2022","2022","Female","F",673,86126,781.4,722.4,840.5
,"85+ years","85+","Washington","53","2022","2022","Male","M",358,48993,730.7,655.0,806.4
,"85+ years","85+","Washington","53","2023","2023","Female","F",744,78727,945.0,877.1,1012.9
,"85+ years","85+","Washington","53","2023","2023","Male","M",447,48415,923.3,837.7,1008.9
,"85+ years","85+","Washington","53","2024","2024","Female","F",795,81462,975.9,908.1,1043.8
,"85+ years","85+","Washington","53","2024","2024","Male","M",478,50980,937.6,853.6,1021.7
,"85+ years","85+","Washington","53","2025 (provisional)","2025","Female","F",760,81462,933.0,866.6,999.3
,"85+ years","85+","Washington","53","2025 (provisional)","2025","Male","M",449,50980,880.7,799.3,962.2
,"85+ years","85+","West Virginia","54","2021","2021","Female","F",212,22828,928.7,803.7,1053.7
,"85+ years","85+","West Virginia","54","2021","2021","Male","M",109,13081,833.3,676.8,989.7
,"85+ years","85+","West Virginia","54","2022","2022","Female","F",223,25022,891.2,774.2,1008.2
,"85+ years","85+","West Virginia","54","2022","2022","Male","M",127,13719,925.7,764.7,1086.7
,"85+ years","85+","West Virginia","54","2023","2023","Female","F",226,22969,983.9,855.7,1112.2
,"85+ years","85+","West Virginia","54","2023","2023","Male","M",113,14056,803.9,655.7,952.2
,"85+ years","85+","West Virginia","54","2024","2024","Female","F",234,23670,988.6,861.9,1115.3
,"85+ years","85+","West Virginia","54","2024","2024","Male","M",131,14950,876.3,726.2,1026.3
,"85+ years","85+","West Virginia","54","2025 (provisional)","2025","Female","F",266,23670,1123.8,988.7,1258.8
,"85+ years","85+","West Virginia","54","2025 (provisional)","2025","Male","M",152,14950,1016.7,855.1,1178.4
,"85+ years","85+","Wisconsin","55","2021","2021","Female","F",817,72099,1133.2,1055.5,1210.9
,"85+ years","85+","Wisconsin","55","2021","2021","Male","M",485,40410,1200.2,1093.4,1307.0
,"85+ years","85+","Wisconsin","55","2022","2022","Female","F",869,79706,1090.3,1017.8,1162.7
,"85+ years","85+","Wisconsin","55","2022","2022","Male","M",515,42753,1204.6,1100.6,1308.6
,"85+ years","85+","Wisconsin","55","2023","2023","Female","F",971,72454,1340.2,1255.9,1424.5
,"85+ years","85+","Wisconsin","55","2023","2023","Male","M",553,41579,1330.0,1219.1,1440.9
,"85+ years","85+","Wisconsin","55","2024","2024","Female","F",992,73911,1342.2,1258.6,1425.7
,"85+ years","85+","Wisconsin","55","2024","2024","Male","M",559,44026,1269.7,1164.4,1375.0
,"85+ years","85+","Wisconsin","55","2025 (provisional)","2025","Female","F",1022,73911,1382.7,1298.0,1467.5
,"85+ years","85+","Wisconsin","55","2025 (provisional)","2025","Male","M",648,44026,1471.9,1358.5,1585.2
,"85+ years","85+","Wyoming","56","2021","2021","Female","F",46,5999,766.8,561.4,1022.8
,"85+ years","85+","Wyoming","56","2021","2021","Male","M",28,3725,751.7,499.5,1086.4
,"85+ years","85+","Wyoming","56","2022","2022","Female","F",52,6544,794.6,593.5,1042.0
,"85+ years","85+","Wyoming","56","2022","2022","Male","M",29,3861,751.1,503.0,1078.7
,"85+ years","85+","Wyoming","56","2023","2023","Female","F",61,6213,981.8,751.0,1261.2
,"85+ years","85+","Wyoming","56","2023","2023","Male","M",43,4158,1034.2,748.4,1393.0
,"85+ years","85+","Wyoming","56","2024","2024","Female","F",48,6438,745.6,549.7,988.5
,"85+ years","85+","Wyoming","56","2024","2024","Male","M",43,4346,989.4,716.0,1332.7
,"85+ years","85+","Wyoming","56","2025 (provisional)","2025","Female","F",65,6438,1009.6,779.2,1286.9
,"85+ years","85+","Wyoming","56","2025 (provisional)","2025","Male","M",44,4346,1012.4,735.6,1359.1
"---"
"Dataset: Provisional Mortality Statistics, 2018 through Last Week"
"Query Parameters:"
"Ten-Year Age Groups: 55-64 years; 65-74 years; 75-84 years; 85+ years"
"UCD - ICD-10 Codes: I11.0 (Hypertensive heart disease with (congestive) heart failure); I13.0 (Hypertensive heart and renal"
"disease with (congestive) heart failure); I13.2 (Hypertensive heart and renal disease with both (congestive) heart failure and"
"renal failure); I50.0 (Congestive heart failure); I50.1 (Left ventricular failure); I50.9 (Heart failure, unspecified)"
"Year/Month: 2021; 2022; 2023; 2024; 2025 (provisional)"
"Group By: Ten-Year Age Groups; Residence State; Year; Sex"
"Show Totals: Disabled"
"Show Zero Values: True"
"Show Suppressed: True"
"Calculate Rates Per: 100,000"
"Rate Options: Default intercensal populations for years 2001-2009 (except Infant Age Groups)"
"---"
"Help: See http://wonder.cdc.gov/wonder/help/mcd-provisional.html for more information."
"---"
"Query Date: May 4, 2026 6:23:15 PM"
"---"
"Suggested Citation: Centers for Disease Control and Prevention, National Center for Health Statistics. National Vital Statistics"
"System, Provisional Mortality on CDC WONDER Online Database. Data are from the final Multiple Cause of Death Files, 2018-2024,"
"and from provisional data for years 2025 and later, as compiled from data provided by the 57 vital statistics jurisdictions"
"through the Vital Statistics Cooperative Program. Accessed at http://wonder.cdc.gov/mcd-icd10-provisional.html on May 4, 2026"
"6:23:15 PM"
"---"
Messages:
"1. Totals are not available for these results due to suppression constraints. More Information:"
"http://wonder.cdc.gov/wonder/help/faq.html#Privacy."
"---"
Caveats:
"1. Data are Suppressed when the data meet the criteria for confidentiality constraints. More information:"
"http://wonder.cdc.gov/wonder/help/mcd-provisional.html#Assurance of Confidentiality."
"2. Deaths of persons with Age ""Not Stated"" are included in ""All"" counts and rates, but are not distributed among age groups,"
"so are not included in age-specific counts, age-specific rates or in any age-adjusted rates. More information:"
"http://wonder.cdc.gov/wonder/help/mcd-provisional.html#Not Stated."
"3. The method used to calculate 95% confidence intervals is documented here: More information:"
"http://wonder.cdc.gov/wonder/help/mcd-provisional.html#Confidence-Intervals."
"4. The population estimates for years 2022 - 2026 are from separate series of estimates based on the Modified Blended Base"
"produced by the US Census Bureau in lieu of the April 1, 2020 decennial population count. The Modified Blended Base consists of"
"the blend of Vintage 2020 postcensal population estimates for April 1, 2020, 2020 Demographic Analysis Estimates, and 2020"
"Census data from the internal Census Edited File (CEF). Each subsequent series of estimates adjusts the methodology. The"
"population figures for years 2024 and later are single-race estimates of the July 1 resident population, from the Vintage 2024"
"postcensal series released by the Census Bureau on June 26, 2025. The population figures for year 2023 are single-race estimates"
"of the July 1 resident population, from the Vintage 2023 postcensal series released by the Census Bureau on June 27, 2024. The"
"population figures for year 2022 are single-race estimates of the July 1 resident population, from the Vintage 2022 postcensal"
"series released by the Census Bureau on June 22, 2023. The population figures for year 2021 are single-race estimates of the"
"July 1 resident population, based on the Blended Base produced by the US Census Bureau in lieu of the April 1, 2020 decennial"
"population count, from the Vintage 2021 postcensal series released by the Census Bureau on June 30, 2022. The population figures"
"for year 2020 are single-race estimates of the July 1 resident population, from the Vintage 2020 postcensal series based on"
"April 2010 Census, released by the Census Bureau on July 27, 2021. The population figures for year 2019 are single-race"
"estimates of the July 1 resident population, from the Vintage 2019 postcensal series based on April 2010 Census, released by the"
"Census Bureau on June 25, 2020. The population figures for year 2018 are single-race estimates of the July 1 resident"
"population, from the Vintage 2018 postcensal series based on April 2010 Census, released by the Census Bureau on June 20, 2019."
"More information: http://wonder.cdc.gov/wonder/help/mcd-provisional.html#Population Data."
"5. Connecticut population estimates for 2022 and later years are reported for 9 planning regions as county equivalent areas,"
"instead of the former 8 legacy counties in the Vintage 2022 postcensal series released by the Census Bureau on June 22, 2023,"
"and in the Vintage 2023 postcensal series released by the Census Bureau on June 27, 2024. Populations estimates for the former"
"counties are not available for 2022 and later years. More information:"
"http://wonder.cdc.gov/wonder/help/mcd-provisional.html#Connecticut-2022."
"6. After the creation of the final 2023 dataset, North Carolina updated the cause of death information for over 900 death"
"certificates to include a cause of death code indicating drug overdose (ICD-10 underlying cause-of-death codes: X40-X44,"
"X60-X64, X85, and Y10-Y14). Jurisdictions can continue to update death certificates after the closing of the mortality file. As"
"a result, users should consider that the actual death count for drug overdose deaths for North Carolina in 2023 is over 4,400"
"deaths, with a crude rate of approximately 41.0 per 100,000 population, and an age-adjusted rate of approximately 42.1 per"
"100,000 population. These deaths will not be updated on the final mortality datasets."
"7. Changes to cause of death classification affect reporting trends. More information:"
"http://wonder.cdc.gov/wonder/help/mcd-provisional.html#ICD-10 Changes."
"8. Deaths occurring through April 18, 2026 as of April 26, 2026."