"Notes","Ten-Year Age Groups","Ten-Year Age Groups Code","State","State Code","Year","Year Code","Sex","Sex Code",Deaths,Population,Crude Rate
,"55-64 years","55-64","Alabama","01","1999","1999","Female","F",55,216486,25.4
,"55-64 years","55-64","Alabama","01","1999","1999","Male","M",75,194056,38.6
,"55-64 years","55-64","Alabama","01","2000","2000","Female","F",47,218838,21.5
,"55-64 years","55-64","Alabama","01","2000","2000","Male","M",78,196694,39.7
,"55-64 years","55-64","Alabama","01","2001","2001","Female","F",63,223539,28.2
,"55-64 years","55-64","Alabama","01","2001","2001","Male","M",84,201485,41.7
,"55-64 years","55-64","Alabama","01","2002","2002","Female","F",64,234530,27.3
,"55-64 years","55-64","Alabama","01","2002","2002","Male","M",81,212993,38.0
,"55-64 years","55-64","Alabama","01","2003","2003","Female","F",64,243415,26.3
,"55-64 years","55-64","Alabama","01","2003","2003","Male","M",89,222255,40.0
,"55-64 years","55-64","Alabama","01","2004","2004","Female","F",64,253296,25.3
,"55-64 years","55-64","Alabama","01","2004","2004","Male","M",99,232067,42.7
,"55-64 years","55-64","Alabama","01","2005","2005","Female","F",75,263210,28.5
,"55-64 years","55-64","Alabama","01","2005","2005","Male","M",101,241277,41.9
,"55-64 years","55-64","Alabama","01","2006","2006","Female","F",68,273519,24.9
,"55-64 years","55-64","Alabama","01","2006","2006","Male","M",106,250793,42.3
,"55-64 years","55-64","Alabama","01","2007","2007","Female","F",70,282783,24.8
,"55-64 years","55-64","Alabama","01","2007","2007","Male","M",80,259292,30.9
,"55-64 years","55-64","Alabama","01","2008","2008","Female","F",61,290035,21.0
,"55-64 years","55-64","Alabama","01","2008","2008","Male","M",93,266305,34.9
,"55-64 years","55-64","Alabama","01","2009","2009","Female","F",62,298994,20.7
,"55-64 years","55-64","Alabama","01","2009","2009","Male","M",96,273893,35.1
,"55-64 years","55-64","Alabama","01","2010","2010","Female","F",61,306797,19.9
,"55-64 years","55-64","Alabama","01","2010","2010","Male","M",111,281236,39.5
,"55-64 years","55-64","Alabama","01","2011","2011","Female","F",65,318639,20.4
,"55-64 years","55-64","Alabama","01","2011","2011","Male","M",110,291585,37.7
,"55-64 years","55-64","Alabama","01","2012","2012","Female","F",70,321543,21.8
,"55-64 years","55-64","Alabama","01","2012","2012","Male","M",123,293865,41.9
,"55-64 years","55-64","Alabama","01","2013","2013","Female","F",80,325850,24.6
,"55-64 years","55-64","Alabama","01","2013","2013","Male","M",108,296949,36.4
,"55-64 years","55-64","Alabama","01","2014","2014","Female","F",70,329505,21.2
,"55-64 years","55-64","Alabama","01","2014","2014","Male","M",140,299971,46.7
,"55-64 years","55-64","Alabama","01","2015","2015","Female","F",77,334123,23.0
,"55-64 years","55-64","Alabama","01","2015","2015","Male","M",135,303874,44.4
,"55-64 years","55-64","Alabama","01","2016","2016","Female","F",78,337993,23.1
,"55-64 years","55-64","Alabama","01","2016","2016","Male","M",146,307099,47.5
,"55-64 years","55-64","Alabama","01","2017","2017","Female","F",82,341133,24.0
,"55-64 years","55-64","Alabama","01","2017","2017","Male","M",154,309412,49.8
,"55-64 years","55-64","Alabama","01","2018","2018","Female","F",74,343624,21.5
,"55-64 years","55-64","Alabama","01","2018","2018","Male","M",125,311555,40.1
,"55-64 years","55-64","Alabama","01","2019","2019","Female","F",91,344792,26.4
,"55-64 years","55-64","Alabama","01","2019","2019","Male","M",140,312875,44.7
,"55-64 years","55-64","Alabama","01","2020","2020","Female","F",117,344359,34.0
,"55-64 years","55-64","Alabama","01","2020","2020","Male","M",164,312922,52.4
,"55-64 years","55-64","Alaska","02","1999","1999","Female","F",0,20168,Unreliable
,"55-64 years","55-64","Alaska","02","1999","1999","Male","M",Suppressed,23173,Suppressed
,"55-64 years","55-64","Alaska","02","2000","2000","Female","F",0,20844,Unreliable
,"55-64 years","55-64","Alaska","02","2000","2000","Male","M",Suppressed,23906,Suppressed
,"55-64 years","55-64","Alaska","02","2001","2001","Female","F",Suppressed,22200,Suppressed
,"55-64 years","55-64","Alaska","02","2001","2001","Male","M",0,25443,Unreliable
,"55-64 years","55-64","Alaska","02","2002","2002","Female","F",Suppressed,24370,Suppressed
,"55-64 years","55-64","Alaska","02","2002","2002","Male","M",Suppressed,28058,Suppressed
,"55-64 years","55-64","Alaska","02","2003","2003","Female","F",Suppressed,26162,Suppressed
,"55-64 years","55-64","Alaska","02","2003","2003","Male","M",Suppressed,30106,Suppressed
,"55-64 years","55-64","Alaska","02","2004","2004","Female","F",Suppressed,28370,Suppressed
,"55-64 years","55-64","Alaska","02","2004","2004","Male","M",Suppressed,32618,Suppressed
,"55-64 years","55-64","Alaska","02","2005","2005","Female","F",Suppressed,30403,Suppressed
,"55-64 years","55-64","Alaska","02","2005","2005","Male","M",Suppressed,35104,Suppressed
,"55-64 years","55-64","Alaska","02","2006","2006","Female","F",Suppressed,32349,Suppressed
,"55-64 years","55-64","Alaska","02","2006","2006","Male","M",Suppressed,37404,Suppressed
,"55-64 years","55-64","Alaska","02","2007","2007","Female","F",0,34318,Unreliable
,"55-64 years","55-64","Alaska","02","2007","2007","Male","M",Suppressed,39361,Suppressed
,"55-64 years","55-64","Alaska","02","2008","2008","Female","F",Suppressed,36348,Suppressed
,"55-64 years","55-64","Alaska","02","2008","2008","Male","M",Suppressed,41619,Suppressed
,"55-64 years","55-64","Alaska","02","2009","2009","Female","F",Suppressed,38763,Suppressed
,"55-64 years","55-64","Alaska","02","2009","2009","Male","M",Suppressed,44312,Suppressed
,"55-64 years","55-64","Alaska","02","2010","2010","Female","F",Suppressed,40284,Suppressed
,"55-64 years","55-64","Alaska","02","2010","2010","Male","M",Suppressed,45625,Suppressed
,"55-64 years","55-64","Alaska","02","2011","2011","Female","F",Suppressed,42894,Suppressed
,"55-64 years","55-64","Alaska","02","2011","2011","Male","M",Suppressed,47991,Suppressed
,"55-64 years","55-64","Alaska","02","2012","2012","Female","F",0,44158,Unreliable
,"55-64 years","55-64","Alaska","02","2012","2012","Male","M",Suppressed,48658,Suppressed
,"55-64 years","55-64","Alaska","02","2013","2013","Female","F",Suppressed,44312,Suppressed
,"55-64 years","55-64","Alaska","02","2013","2013","Male","M",Suppressed,48508,Suppressed
,"55-64 years","55-64","Alaska","02","2014","2014","Female","F",Suppressed,44639,Suppressed
,"55-64 years","55-64","Alaska","02","2014","2014","Male","M",Suppressed,48411,Suppressed
,"55-64 years","55-64","Alaska","02","2015","2015","Female","F",Suppressed,45160,Suppressed
,"55-64 years","55-64","Alaska","02","2015","2015","Male","M",Suppressed,48464,Suppressed
,"55-64 years","55-64","Alaska","02","2016","2016","Female","F",Suppressed,46100,Suppressed
,"55-64 years","55-64","Alaska","02","2016","2016","Male","M",Suppressed,49222,Suppressed
,"55-64 years","55-64","Alaska","02","2017","2017","Female","F",Suppressed,46245,Suppressed
,"55-64 years","55-64","Alaska","02","2017","2017","Male","M",Suppressed,49121,Suppressed
,"55-64 years","55-64","Alaska","02","2018","2018","Female","F",Suppressed,45975,Suppressed
,"55-64 years","55-64","Alaska","02","2018","2018","Male","M",Suppressed,48627,Suppressed
,"55-64 years","55-64","Alaska","02","2019","2019","Female","F",Suppressed,45269,Suppressed
,"55-64 years","55-64","Alaska","02","2019","2019","Male","M",Suppressed,48070,Suppressed
,"55-64 years","55-64","Alaska","02","2020","2020","Female","F",Suppressed,44296,Suppressed
,"55-64 years","55-64","Alaska","02","2020","2020","Male","M",Suppressed,47240,Suppressed
,"55-64 years","55-64","Arizona","04","1999","1999","Female","F",11,224305,Unreliable
,"55-64 years","55-64","Arizona","04","1999","1999","Male","M",19,203442,Unreliable
,"55-64 years","55-64","Arizona","04","2000","2000","Female","F",12,231962,Unreliable
,"55-64 years","55-64","Arizona","04","2000","2000","Male","M",15,210410,Unreliable
,"55-64 years","55-64","Arizona","04","2001","2001","Female","F",Suppressed,243300,Suppressed
,"55-64 years","55-64","Arizona","04","2001","2001","Male","M",18,221049,Unreliable
,"55-64 years","55-64","Arizona","04","2002","2002","Female","F",Suppressed,259998,Suppressed
,"55-64 years","55-64","Arizona","04","2002","2002","Male","M",11,236953,Unreliable
,"55-64 years","55-64","Arizona","04","2003","2003","Female","F",Suppressed,276088,Suppressed
,"55-64 years","55-64","Arizona","04","2003","2003","Male","M",23,251298,9.2
,"55-64 years","55-64","Arizona","04","2004","2004","Female","F",11,292897,Unreliable
,"55-64 years","55-64","Arizona","04","2004","2004","Male","M",22,266773,8.2
,"55-64 years","55-64","Arizona","04","2005","2005","Female","F",16,312274,Unreliable
,"55-64 years","55-64","Arizona","04","2005","2005","Male","M",14,284720,Unreliable
,"55-64 years","55-64","Arizona","04","2006","2006","Female","F",11,331379,Unreliable
,"55-64 years","55-64","Arizona","04","2006","2006","Male","M",28,301884,9.3
,"55-64 years","55-64","Arizona","04","2007","2007","Female","F",Suppressed,345568,Suppressed
,"55-64 years","55-64","Arizona","04","2007","2007","Male","M",23,314829,7.3
,"55-64 years","55-64","Arizona","04","2008","2008","Female","F",10,357174,Unreliable
,"55-64 years","55-64","Arizona","04","2008","2008","Male","M",20,325075,6.2
,"55-64 years","55-64","Arizona","04","2009","2009","Female","F",10,369577,Unreliable
,"55-64 years","55-64","Arizona","04","2009","2009","Male","M",20,335251,6.0
,"55-64 years","55-64","Arizona","04","2010","2010","Female","F",Suppressed,380609,Suppressed
,"55-64 years","55-64","Arizona","04","2010","2010","Male","M",27,345619,7.8
,"55-64 years","55-64","Arizona","04","2011","2011","Female","F",15,396693,Unreliable
,"55-64 years","55-64","Arizona","04","2011","2011","Male","M",22,359537,6.1
,"55-64 years","55-64","Arizona","04","2012","2012","Female","F",15,401281,Unreliable
,"55-64 years","55-64","Arizona","04","2012","2012","Male","M",18,363552,Unreliable
,"55-64 years","55-64","Arizona","04","2013","2013","Female","F",Suppressed,407830,Suppressed
,"55-64 years","55-64","Arizona","04","2013","2013","Male","M",30,369020,8.1
,"55-64 years","55-64","Arizona","04","2014","2014","Female","F",12,417103,Unreliable
,"55-64 years","55-64","Arizona","04","2014","2014","Male","M",23,376811,6.1
,"55-64 years","55-64","Arizona","04","2015","2015","Female","F",16,427277,Unreliable
,"55-64 years","55-64","Arizona","04","2015","2015","Male","M",36,386424,9.3
,"55-64 years","55-64","Arizona","04","2016","2016","Female","F",18,436323,Unreliable
,"55-64 years","55-64","Arizona","04","2016","2016","Male","M",36,394819,9.1
,"55-64 years","55-64","Arizona","04","2017","2017","Female","F",23,443427,5.2
,"55-64 years","55-64","Arizona","04","2017","2017","Male","M",39,402826,9.7
,"55-64 years","55-64","Arizona","04","2018","2018","Female","F",21,453093,4.6
,"55-64 years","55-64","Arizona","04","2018","2018","Male","M",63,413184,15.2
,"55-64 years","55-64","Arizona","04","2019","2019","Female","F",35,460049,7.6
,"55-64 years","55-64","Arizona","04","2019","2019","Male","M",46,420745,10.9
,"55-64 years","55-64","Arizona","04","2020","2020","Female","F",30,466773,6.4
,"55-64 years","55-64","Arizona","04","2020","2020","Male","M",77,428136,18.0
,"55-64 years","55-64","Arkansas","05","1999","1999","Female","F",33,131136,25.2
,"55-64 years","55-64","Arkansas","05","1999","1999","Male","M",31,119881,25.9
,"55-64 years","55-64","Arkansas","05","2000","2000","Female","F",20,133913,14.9
,"55-64 years","55-64","Arkansas","05","2000","2000","Male","M",39,122870,31.7
,"55-64 years","55-64","Arkansas","05","2001","2001","Female","F",24,136736,17.6
,"55-64 years","55-64","Arkansas","05","2001","2001","Male","M",42,125992,33.3
,"55-64 years","55-64","Arkansas","05","2002","2002","Female","F",26,143679,18.1
,"55-64 years","55-64","Arkansas","05","2002","2002","Male","M",28,132792,21.1
,"55-64 years","55-64","Arkansas","05","2003","2003","Female","F",11,148639,Unreliable
,"55-64 years","55-64","Arkansas","05","2003","2003","Male","M",26,137956,18.8
,"55-64 years","55-64","Arkansas","05","2004","2004","Female","F",18,154024,Unreliable
,"55-64 years","55-64","Arkansas","05","2004","2004","Male","M",14,143634,Unreliable
,"55-64 years","55-64","Arkansas","05","2005","2005","Female","F",14,159434,Unreliable
,"55-64 years","55-64","Arkansas","05","2005","2005","Male","M",28,148637,18.8
,"55-64 years","55-64","Arkansas","05","2006","2006","Female","F",17,164859,Unreliable
,"55-64 years","55-64","Arkansas","05","2006","2006","Male","M",34,153834,22.1
,"55-64 years","55-64","Arkansas","05","2007","2007","Female","F",26,169412,15.3
,"55-64 years","55-64","Arkansas","05","2007","2007","Male","M",40,158511,25.2
,"55-64 years","55-64","Arkansas","05","2008","2008","Female","F",22,173251,12.7
,"55-64 years","55-64","Arkansas","05","2008","2008","Male","M",34,162061,21.0
,"55-64 years","55-64","Arkansas","05","2009","2009","Female","F",15,177789,Unreliable
,"55-64 years","55-64","Arkansas","05","2009","2009","Male","M",30,165860,18.1
,"55-64 years","55-64","Arkansas","05","2010","2010","Female","F",16,181700,Unreliable
,"55-64 years","55-64","Arkansas","05","2010","2010","Male","M",32,169291,18.9
,"55-64 years","55-64","Arkansas","05","2011","2011","Female","F",23,188533,12.2
,"55-64 years","55-64","Arkansas","05","2011","2011","Male","M",26,175066,14.9
,"55-64 years","55-64","Arkansas","05","2012","2012","Female","F",18,189157,Unreliable
,"55-64 years","55-64","Arkansas","05","2012","2012","Male","M",45,174995,25.7
,"55-64 years","55-64","Arkansas","05","2013","2013","Female","F",30,190685,15.7
,"55-64 years","55-64","Arkansas","05","2013","2013","Male","M",46,176280,26.1
,"55-64 years","55-64","Arkansas","05","2014","2014","Female","F",45,192076,23.4
,"55-64 years","55-64","Arkansas","05","2014","2014","Male","M",39,177597,22.0
,"55-64 years","55-64","Arkansas","05","2015","2015","Female","F",38,194468,19.5
,"55-64 years","55-64","Arkansas","05","2015","2015","Male","M",50,180052,27.8
,"55-64 years","55-64","Arkansas","05","2016","2016","Female","F",42,196379,21.4
,"55-64 years","55-64","Arkansas","05","2016","2016","Male","M",65,181966,35.7
,"55-64 years","55-64","Arkansas","05","2017","2017","Female","F",41,198167,20.7
,"55-64 years","55-64","Arkansas","05","2017","2017","Male","M",52,183689,28.3
,"55-64 years","55-64","Arkansas","05","2018","2018","Female","F",45,199462,22.6
,"55-64 years","55-64","Arkansas","05","2018","2018","Male","M",62,185005,33.5
,"55-64 years","55-64","Arkansas","05","2019","2019","Female","F",42,200176,21.0
,"55-64 years","55-64","Arkansas","05","2019","2019","Male","M",66,185818,35.5
,"55-64 years","55-64","Arkansas","05","2020","2020","Female","F",54,200163,27.0
,"55-64 years","55-64","Arkansas","05","2020","2020","Male","M",77,186037,41.4
,"55-64 years","55-64","California","06","1999","1999","Female","F",102,1319908,7.7
,"55-64 years","55-64","California","06","1999","1999","Male","M",107,1223139,8.7
,"55-64 years","55-64","California","06","2000","2000","Female","F",81,1356785,6.0
,"55-64 years","55-64","California","06","2000","2000","Male","M",121,1257308,9.6
,"55-64 years","55-64","California","06","2001","2001","Female","F",79,1414777,5.6
,"55-64 years","55-64","California","06","2001","2001","Male","M",122,1313640,9.3
,"55-64 years","55-64","California","06","2002","2002","Female","F",90,1506733,6.0
,"55-64 years","55-64","California","06","2002","2002","Male","M",157,1402754,11.2
,"55-64 years","55-64","California","06","2003","2003","Female","F",109,1585922,6.9
,"55-64 years","55-64","California","06","2003","2003","Male","M",149,1476641,10.1
,"55-64 years","55-64","California","06","2004","2004","Female","F",113,1661110,6.8
,"55-64 years","55-64","California","06","2004","2004","Male","M",154,1544835,10.0
,"55-64 years","55-64","California","06","2005","2005","Female","F",108,1735963,6.2
,"55-64 years","55-64","California","06","2005","2005","Male","M",174,1616930,10.8
,"55-64 years","55-64","California","06","2006","2006","Female","F",149,1805575,8.3
,"55-64 years","55-64","California","06","2006","2006","Male","M",191,1682305,11.4
,"55-64 years","55-64","California","06","2007","2007","Female","F",121,1873090,6.5
,"55-64 years","55-64","California","06","2007","2007","Male","M",172,1745333,9.9
,"55-64 years","55-64","California","06","2008","2008","Female","F",132,1939797,6.8
,"55-64 years","55-64","California","06","2008","2008","Male","M",185,1809088,10.2
,"55-64 years","55-64","California","06","2009","2009","Female","F",102,2021341,5.0
,"55-64 years","55-64","California","06","2009","2009","Male","M",201,1884209,10.7
,"55-64 years","55-64","California","06","2010","2010","Female","F",121,2087346,5.8
,"55-64 years","55-64","California","06","2010","2010","Male","M",186,1949147,9.5
,"55-64 years","55-64","California","06","2011","2011","Female","F",124,2182069,5.7
,"55-64 years","55-64","California","06","2011","2011","Male","M",200,2037687,9.8
,"55-64 years","55-64","California","06","2012","2012","Female","F",123,2225786,5.5
,"55-64 years","55-64","California","06","2012","2012","Male","M",209,2078087,10.1
,"55-64 years","55-64","California","06","2013","2013","Female","F",136,2275101,6.0
,"55-64 years","55-64","California","06","2013","2013","Male","M",223,2128335,10.5
,"55-64 years","55-64","California","06","2014","2014","Female","F",154,2333467,6.6
,"55-64 years","55-64","California","06","2014","2014","Male","M",267,2186133,12.2
,"55-64 years","55-64","California","06","2015","2015","Female","F",156,2386715,6.5
,"55-64 years","55-64","California","06","2015","2015","Male","M",323,2243148,14.4
,"55-64 years","55-64","California","06","2016","2016","Female","F",208,2415118,8.6
,"55-64 years","55-64","California","06","2016","2016","Male","M",339,2273600,14.9
,"55-64 years","55-64","California","06","2017","2017","Female","F",177,2450872,7.2
,"55-64 years","55-64","California","06","2017","2017","Male","M",378,2311806,16.4
,"55-64 years","55-64","California","06","2018","2018","Female","F",196,2456773,8.0
,"55-64 years","55-64","California","06","2018","2018","Male","M",407,2324453,17.5
,"55-64 years","55-64","California","06","2019","2019","Female","F",225,2455116,9.2
,"55-64 years","55-64","California","06","2019","2019","Male","M",450,2331519,19.3
,"55-64 years","55-64","California","06","2020","2020","Female","F",241,2437984,9.9
,"55-64 years","55-64","California","06","2020","2020","Male","M",548,2324437,23.6
,"55-64 years","55-64","Colorado","08","1999","1999","Female","F",Suppressed,167246,Suppressed
,"55-64 years","55-64","Colorado","08","1999","1999","Male","M",Suppressed,161800,Suppressed
,"55-64 years","55-64","Colorado","08","2000","2000","Female","F",17,172223,Unreliable
,"55-64 years","55-64","Colorado","08","2000","2000","Male","M",Suppressed,167084,Suppressed
,"55-64 years","55-64","Colorado","08","2001","2001","Female","F",12,181370,Unreliable
,"55-64 years","55-64","Colorado","08","2001","2001","Male","M",10,176624,Unreliable
,"55-64 years","55-64","Colorado","08","2002","2002","Female","F",10,196201,Unreliable
,"55-64 years","55-64","Colorado","08","2002","2002","Male","M",13,191359,Unreliable
,"55-64 years","55-64","Colorado","08","2003","2003","Female","F",12,209195,Unreliable
,"55-64 years","55-64","Colorado","08","2003","2003","Male","M",17,204480,Unreliable
,"55-64 years","55-64","Colorado","08","2004","2004","Female","F",12,221319,Unreliable
,"55-64 years","55-64","Colorado","08","2004","2004","Male","M",12,216641,Unreliable
,"55-64 years","55-64","Colorado","08","2005","2005","Female","F",16,235778,Unreliable
,"55-64 years","55-64","Colorado","08","2005","2005","Male","M",13,230162,Unreliable
,"55-64 years","55-64","Colorado","08","2006","2006","Female","F",12,250306,Unreliable
,"55-64 years","55-64","Colorado","08","2006","2006","Male","M",20,244418,8.2
,"55-64 years","55-64","Colorado","08","2007","2007","Female","F",10,264948,Unreliable
,"55-64 years","55-64","Colorado","08","2007","2007","Male","M",13,258484,Unreliable
,"55-64 years","55-64","Colorado","08","2008","2008","Female","F",10,278667,Unreliable
,"55-64 years","55-64","Colorado","08","2008","2008","Male","M",22,270978,8.1
,"55-64 years","55-64","Colorado","08","2009","2009","Female","F",20,292920,6.8
,"55-64 years","55-64","Colorado","08","2009","2009","Male","M",20,284297,7.0
,"55-64 years","55-64","Colorado","08","2010","2010","Female","F",16,303489,Unreliable
,"55-64 years","55-64","Colorado","08","2010","2010","Male","M",25,294155,8.5
,"55-64 years","55-64","Colorado","08","2011","2011","Female","F",14,319710,Unreliable
,"55-64 years","55-64","Colorado","08","2011","2011","Male","M",24,308910,7.8
,"55-64 years","55-64","Colorado","08","2012","2012","Female","F",13,326872,Unreliable
,"55-64 years","55-64","Colorado","08","2012","2012","Male","M",27,315006,8.6
,"55-64 years","55-64","Colorado","08","2013","2013","Female","F",22,334900,6.6
,"55-64 years","55-64","Colorado","08","2013","2013","Male","M",32,321261,10.0
,"55-64 years","55-64","Colorado","08","2014","2014","Female","F",16,342404,Unreliable
,"55-64 years","55-64","Colorado","08","2014","2014","Male","M",33,327882,10.1
,"55-64 years","55-64","Colorado","08","2015","2015","Female","F",20,350468,5.7
,"55-64 years","55-64","Colorado","08","2015","2015","Male","M",43,335092,12.8
,"55-64 years","55-64","Colorado","08","2016","2016","Female","F",27,357920,7.5
,"55-64 years","55-64","Colorado","08","2016","2016","Male","M",41,341390,12.0
,"55-64 years","55-64","Colorado","08","2017","2017","Female","F",21,361672,5.8
,"55-64 years","55-64","Colorado","08","2017","2017","Male","M",46,344808,13.3
,"55-64 years","55-64","Colorado","08","2018","2018","Female","F",21,364075,5.8
,"55-64 years","55-64","Colorado","08","2018","2018","Male","M",45,346525,13.0
,"55-64 years","55-64","Colorado","08","2019","2019","Female","F",32,365065,8.8
,"55-64 years","55-64","Colorado","08","2019","2019","Male","M",51,347948,14.7
,"55-64 years","55-64","Colorado","08","2020","2020","Female","F",32,362781,8.8
,"55-64 years","55-64","Colorado","08","2020","2020","Male","M",53,345964,15.3
,"55-64 years","55-64","Connecticut","09","1999","1999","Female","F",10,157350,Unreliable
,"55-64 years","55-64","Connecticut","09","1999","1999","Male","M",Suppressed,145109,Suppressed
,"55-64 years","55-64","Connecticut","09","2000","2000","Female","F",12,160583,Unreliable
,"55-64 years","55-64","Connecticut","09","2000","2000","Male","M",17,148030,Unreliable
,"55-64 years","55-64","Connecticut","09","2001","2001","Female","F",11,166233,Unreliable
,"55-64 years","55-64","Connecticut","09","2001","2001","Male","M",Suppressed,153381,Suppressed
,"55-64 years","55-64","Connecticut","09","2002","2002","Female","F",Suppressed,177531,Suppressed
,"55-64 years","55-64","Connecticut","09","2002","2002","Male","M",11,163483,Unreliable
,"55-64 years","55-64","Connecticut","09","2003","2003","Female","F",Suppressed,185778,Suppressed
,"55-64 years","55-64","Connecticut","09","2003","2003","Male","M",11,171089,Unreliable
,"55-64 years","55-64","Connecticut","09","2004","2004","Female","F",10,192839,Unreliable
,"55-64 years","55-64","Connecticut","09","2004","2004","Male","M",16,177450,Unreliable
,"55-64 years","55-64","Connecticut","09","2005","2005","Female","F",13,199489,Unreliable
,"55-64 years","55-64","Connecticut","09","2005","2005","Male","M",13,183726,Unreliable
,"55-64 years","55-64","Connecticut","09","2006","2006","Female","F",Suppressed,206349,Suppressed
,"55-64 years","55-64","Connecticut","09","2006","2006","Male","M",Suppressed,189897,Suppressed
,"55-64 years","55-64","Connecticut","09","2007","2007","Female","F",12,211796,Unreliable
,"55-64 years","55-64","Connecticut","09","2007","2007","Male","M",15,195718,Unreliable
,"55-64 years","55-64","Connecticut","09","2008","2008","Female","F",Suppressed,216388,Suppressed
,"55-64 years","55-64","Connecticut","09","2008","2008","Male","M",10,200102,Unreliable
,"55-64 years","55-64","Connecticut","09","2009","2009","Female","F",12,223365,Unreliable
,"55-64 years","55-64","Connecticut","09","2009","2009","Male","M",16,207419,Unreliable
,"55-64 years","55-64","Connecticut","09","2010","2010","Female","F",Suppressed,229814,Suppressed
,"55-64 years","55-64","Connecticut","09","2010","2010","Male","M",12,213638,Unreliable
,"55-64 years","55-64","Connecticut","09","2011","2011","Female","F",11,239199,Unreliable
,"55-64 years","55-64","Connecticut","09","2011","2011","Male","M",Suppressed,222464,Suppressed
,"55-64 years","55-64","Connecticut","09","2012","2012","Female","F",Suppressed,241762,Suppressed
,"55-64 years","55-64","Connecticut","09","2012","2012","Male","M",16,225711,Unreliable
,"55-64 years","55-64","Connecticut","09","2013","2013","Female","F",Suppressed,246380,Suppressed
,"55-64 years","55-64","Connecticut","09","2013","2013","Male","M",13,231003,Unreliable
,"55-64 years","55-64","Connecticut","09","2014","2014","Female","F",10,251543,Unreliable
,"55-64 years","55-64","Connecticut","09","2014","2014","Male","M",20,235718,8.5
,"55-64 years","55-64","Connecticut","09","2015","2015","Female","F",Suppressed,256325,Suppressed
,"55-64 years","55-64","Connecticut","09","2015","2015","Male","M",12,240641,Unreliable
,"55-64 years","55-64","Connecticut","09","2016","2016","Female","F",12,260519,Unreliable
,"55-64 years","55-64","Connecticut","09","2016","2016","Male","M",25,244036,10.2
,"55-64 years","55-64","Connecticut","09","2017","2017","Female","F",12,263698,Unreliable
,"55-64 years","55-64","Connecticut","09","2017","2017","Male","M",30,246821,12.2
,"55-64 years","55-64","Connecticut","09","2018","2018","Female","F",Suppressed,264509,Suppressed
,"55-64 years","55-64","Connecticut","09","2018","2018","Male","M",35,247296,14.2
,"55-64 years","55-64","Connecticut","09","2019","2019","Female","F",14,265580,Unreliable
,"55-64 years","55-64","Connecticut","09","2019","2019","Male","M",29,247875,11.7
,"55-64 years","55-64","Connecticut","09","2020","2020","Female","F",17,265459,Unreliable
,"55-64 years","55-64","Connecticut","09","2020","2020","Male","M",25,247336,10.1
,"55-64 years","55-64","Delaware","10","1999","1999","Female","F",Suppressed,36656,Suppressed
,"55-64 years","55-64","Delaware","10","1999","1999","Male","M",Suppressed,33230,Suppressed
,"55-64 years","55-64","Delaware","10","2000","2000","Female","F",Suppressed,37529,Suppressed
,"55-64 years","55-64","Delaware","10","2000","2000","Male","M",Suppressed,33990,Suppressed
,"55-64 years","55-64","Delaware","10","2001","2001","Female","F",Suppressed,38918,Suppressed
,"55-64 years","55-64","Delaware","10","2001","2001","Male","M",Suppressed,35324,Suppressed
,"55-64 years","55-64","Delaware","10","2002","2002","Female","F",Suppressed,41617,Suppressed
,"55-64 years","55-64","Delaware","10","2002","2002","Male","M",Suppressed,37963,Suppressed
,"55-64 years","55-64","Delaware","10","2003","2003","Female","F",Suppressed,44137,Suppressed
,"55-64 years","55-64","Delaware","10","2003","2003","Male","M",Suppressed,40029,Suppressed
,"55-64 years","55-64","Delaware","10","2004","2004","Female","F",Suppressed,46562,Suppressed
,"55-64 years","55-64","Delaware","10","2004","2004","Male","M",Suppressed,42007,Suppressed
,"55-64 years","55-64","Delaware","10","2005","2005","Female","F",Suppressed,49068,Suppressed
,"55-64 years","55-64","Delaware","10","2005","2005","Male","M",Suppressed,44059,Suppressed
,"55-64 years","55-64","Delaware","10","2006","2006","Female","F",Suppressed,51555,Suppressed
,"55-64 years","55-64","Delaware","10","2006","2006","Male","M",12,46169,Unreliable
,"55-64 years","55-64","Delaware","10","2007","2007","Female","F",Suppressed,53677,Suppressed
,"55-64 years","55-64","Delaware","10","2007","2007","Male","M",Suppressed,47550,Suppressed
,"55-64 years","55-64","Delaware","10","2008","2008","Female","F",Suppressed,55587,Suppressed
,"55-64 years","55-64","Delaware","10","2008","2008","Male","M",Suppressed,49190,Suppressed
,"55-64 years","55-64","Delaware","10","2009","2009","Female","F",Suppressed,57221,Suppressed
,"55-64 years","55-64","Delaware","10","2009","2009","Male","M",Suppressed,50433,Suppressed
,"55-64 years","55-64","Delaware","10","2010","2010","Female","F",Suppressed,58866,Suppressed
,"55-64 years","55-64","Delaware","10","2010","2010","Male","M",Suppressed,52063,Suppressed
,"55-64 years","55-64","Delaware","10","2011","2011","Female","F",Suppressed,61515,Suppressed
,"55-64 years","55-64","Delaware","10","2011","2011","Male","M",Suppressed,54717,Suppressed
,"55-64 years","55-64","Delaware","10","2012","2012","Female","F",Suppressed,62472,Suppressed
,"55-64 years","55-64","Delaware","10","2012","2012","Male","M",Suppressed,55243,Suppressed
,"55-64 years","55-64","Delaware","10","2013","2013","Female","F",Suppressed,64162,Suppressed
,"55-64 years","55-64","Delaware","10","2013","2013","Male","M",Suppressed,56665,Suppressed
,"55-64 years","55-64","Delaware","10","2014","2014","Female","F",0,65849,Unreliable
,"55-64 years","55-64","Delaware","10","2014","2014","Male","M",Suppressed,58183,Suppressed
,"55-64 years","55-64","Delaware","10","2015","2015","Female","F",Suppressed,67884,Suppressed
,"55-64 years","55-64","Delaware","10","2015","2015","Male","M",13,59904,Unreliable
,"55-64 years","55-64","Delaware","10","2016","2016","Female","F",Suppressed,69556,Suppressed
,"55-64 years","55-64","Delaware","10","2016","2016","Male","M",Suppressed,61089,Suppressed
,"55-64 years","55-64","Delaware","10","2017","2017","Female","F",Suppressed,70791,Suppressed
,"55-64 years","55-64","Delaware","10","2017","2017","Male","M",Suppressed,62435,Suppressed
,"55-64 years","55-64","Delaware","10","2018","2018","Female","F",Suppressed,72038,Suppressed
,"55-64 years","55-64","Delaware","10","2018","2018","Male","M",Suppressed,63601,Suppressed
,"55-64 years","55-64","Delaware","10","2019","2019","Female","F",Suppressed,73132,Suppressed
,"55-64 years","55-64","Delaware","10","2019","2019","Male","M",12,64598,Unreliable
,"55-64 years","55-64","Delaware","10","2020","2020","Female","F",Suppressed,74361,Suppressed
,"55-64 years","55-64","Delaware","10","2020","2020","Male","M",Suppressed,65399,Suppressed
,"55-64 years","55-64","District of Columbia","11","1999","1999","Female","F",Suppressed,26467,Suppressed
,"55-64 years","55-64","District of Columbia","11","1999","1999","Male","M",Suppressed,22242,Suppressed
,"55-64 years","55-64","District of Columbia","11","2000","2000","Female","F",Suppressed,27056,Suppressed
,"55-64 years","55-64","District of Columbia","11","2000","2000","Male","M",Suppressed,22727,Suppressed
,"55-64 years","55-64","District of Columbia","11","2001","2001","Female","F",Suppressed,27777,Suppressed
,"55-64 years","55-64","District of Columbia","11","2001","2001","Male","M",Suppressed,23313,Suppressed
,"55-64 years","55-64","District of Columbia","11","2002","2002","Female","F",Suppressed,29055,Suppressed
,"55-64 years","55-64","District of Columbia","11","2002","2002","Male","M",Suppressed,24507,Suppressed
,"55-64 years","55-64","District of Columbia","11","2003","2003","Female","F",Suppressed,29981,Suppressed
,"55-64 years","55-64","District of Columbia","11","2003","2003","Male","M",Suppressed,25100,Suppressed
,"55-64 years","55-64","District of Columbia","11","2004","2004","Female","F",Suppressed,30978,Suppressed
,"55-64 years","55-64","District of Columbia","11","2004","2004","Male","M",Suppressed,25756,Suppressed
,"55-64 years","55-64","District of Columbia","11","2005","2005","Female","F",Suppressed,31726,Suppressed
,"55-64 years","55-64","District of Columbia","11","2005","2005","Male","M",Suppressed,26523,Suppressed
,"55-64 years","55-64","District of Columbia","11","2006","2006","Female","F",Suppressed,32512,Suppressed
,"55-64 years","55-64","District of Columbia","11","2006","2006","Male","M",Suppressed,27333,Suppressed
,"55-64 years","55-64","District of Columbia","11","2007","2007","Female","F",Suppressed,33204,Suppressed
,"55-64 years","55-64","District of Columbia","11","2007","2007","Male","M",Suppressed,27694,Suppressed
,"55-64 years","55-64","District of Columbia","11","2008","2008","Female","F",Suppressed,33411,Suppressed
,"55-64 years","55-64","District of Columbia","11","2008","2008","Male","M",Suppressed,28213,Suppressed
,"55-64 years","55-64","District of Columbia","11","2009","2009","Female","F",Suppressed,33928,Suppressed
,"55-64 years","55-64","District of Columbia","11","2009","2009","Male","M",Suppressed,28822,Suppressed
,"55-64 years","55-64","District of Columbia","11","2010","2010","Female","F",Suppressed,34585,Suppressed
,"55-64 years","55-64","District of Columbia","11","2010","2010","Male","M",Suppressed,29392,Suppressed
,"55-64 years","55-64","District of Columbia","11","2011","2011","Female","F",Suppressed,36039,Suppressed
,"55-64 years","55-64","District of Columbia","11","2011","2011","Male","M",Suppressed,30713,Suppressed
,"55-64 years","55-64","District of Columbia","11","2012","2012","Female","F",Suppressed,36526,Suppressed
,"55-64 years","55-64","District of Columbia","11","2012","2012","Male","M",Suppressed,31012,Suppressed
,"55-64 years","55-64","District of Columbia","11","2013","2013","Female","F",Suppressed,36782,Suppressed
,"55-64 years","55-64","District of Columbia","11","2013","2013","Male","M",Suppressed,31822,Suppressed
,"55-64 years","55-64","District of Columbia","11","2014","2014","Female","F",Suppressed,36775,Suppressed
,"55-64 years","55-64","District of Columbia","11","2014","2014","Male","M",Suppressed,32225,Suppressed
,"55-64 years","55-64","District of Columbia","11","2015","2015","Female","F",Suppressed,36934,Suppressed
,"55-64 years","55-64","District of Columbia","11","2015","2015","Male","M",12,32755,Unreliable
,"55-64 years","55-64","District of Columbia","11","2016","2016","Female","F",Suppressed,36915,Suppressed
,"55-64 years","55-64","District of Columbia","11","2016","2016","Male","M",12,33129,Unreliable
,"55-64 years","55-64","District of Columbia","11","2017","2017","Female","F",Suppressed,36983,Suppressed
,"55-64 years","55-64","District of Columbia","11","2017","2017","Male","M",10,33144,Unreliable
,"55-64 years","55-64","District of Columbia","11","2018","2018","Female","F",Suppressed,36838,Suppressed
,"55-64 years","55-64","District of Columbia","11","2018","2018","Male","M",Suppressed,33464,Suppressed
,"55-64 years","55-64","District of Columbia","11","2019","2019","Female","F",Suppressed,36356,Suppressed
,"55-64 years","55-64","District of Columbia","11","2019","2019","Male","M",Suppressed,33520,Suppressed
,"55-64 years","55-64","District of Columbia","11","2020","2020","Female","F",Suppressed,36253,Suppressed
,"55-64 years","55-64","District of Columbia","11","2020","2020","Male","M",12,33546,Unreliable
,"55-64 years","55-64","Florida","12","1999","1999","Female","F",46,800611,5.7
,"55-64 years","55-64","Florida","12","1999","1999","Male","M",37,708839,5.2
,"55-64 years","55-64","Florida","12","2000","2000","Female","F",38,826309,4.6
,"55-64 years","55-64","Florida","12","2000","2000","Male","M",44,732704,6.0
,"55-64 years","55-64","Florida","12","2001","2001","Female","F",40,861219,4.6
,"55-64 years","55-64","Florida","12","2001","2001","Male","M",43,766856,5.6
,"55-64 years","55-64","Florida","12","2002","2002","Female","F",45,915817,4.9
,"55-64 years","55-64","Florida","12","2002","2002","Male","M",34,818394,4.2
,"55-64 years","55-64","Florida","12","2003","2003","Female","F",38,963062,3.9
,"55-64 years","55-64","Florida","12","2003","2003","Male","M",44,862008,5.1
,"55-64 years","55-64","Florida","12","2004","2004","Female","F",34,1015190,3.3
,"55-64 years","55-64","Florida","12","2004","2004","Male","M",55,908588,6.1
,"55-64 years","55-64","Florida","12","2005","2005","Female","F",44,1067296,4.1
,"55-64 years","55-64","Florida","12","2005","2005","Male","M",56,956321,5.9
,"55-64 years","55-64","Florida","12","2006","2006","Female","F",49,1112385,4.4
,"55-64 years","55-64","Florida","12","2006","2006","Male","M",64,995923,6.4
,"55-64 years","55-64","Florida","12","2007","2007","Female","F",51,1145603,4.5
,"55-64 years","55-64","Florida","12","2007","2007","Male","M",81,1026194,7.9
,"55-64 years","55-64","Florida","12","2008","2008","Female","F",48,1170297,4.1
,"55-64 years","55-64","Florida","12","2008","2008","Male","M",79,1047537,7.5
,"55-64 years","55-64","Florida","12","2009","2009","Female","F",51,1201143,4.2
,"55-64 years","55-64","Florida","12","2009","2009","Male","M",86,1073456,8.0
,"55-64 years","55-64","Florida","12","2010","2010","Female","F",54,1234791,4.4
,"55-64 years","55-64","Florida","12","2010","2010","Male","M",77,1102877,7.0
,"55-64 years","55-64","Florida","12","2011","2011","Female","F",61,1284822,4.7
,"55-64 years","55-64","Florida","12","2011","2011","Male","M",85,1148847,7.4
,"55-64 years","55-64","Florida","12","2012","2012","Female","F",76,1302461,5.8
,"55-64 years","55-64","Florida","12","2012","2012","Male","M",106,1161317,9.1
,"55-64 years","55-64","Florida","12","2013","2013","Female","F",76,1324118,5.7
,"55-64 years","55-64","Florida","12","2013","2013","Male","M",117,1182200,9.9
,"55-64 years","55-64","Florida","12","2014","2014","Female","F",75,1360343,5.5
,"55-64 years","55-64","Florida","12","2014","2014","Male","M",134,1213403,11.0
,"55-64 years","55-64","Florida","12","2015","2015","Female","F",90,1401456,6.4
,"55-64 years","55-64","Florida","12","2015","2015","Male","M",162,1252207,12.9
,"55-64 years","55-64","Florida","12","2016","2016","Female","F",97,1438830,6.7
,"55-64 years","55-64","Florida","12","2016","2016","Male","M",178,1288333,13.8
,"55-64 years","55-64","Florida","12","2017","2017","Female","F",97,1476572,6.6
,"55-64 years","55-64","Florida","12","2017","2017","Male","M",183,1321056,13.9
,"55-64 years","55-64","Florida","12","2018","2018","Female","F",129,1503801,8.6
,"55-64 years","55-64","Florida","12","2018","2018","Male","M",232,1350800,17.2
,"55-64 years","55-64","Florida","12","2019","2019","Female","F",114,1523362,7.5
,"55-64 years","55-64","Florida","12","2019","2019","Male","M",239,1374993,17.4
,"55-64 years","55-64","Florida","12","2020","2020","Female","F",135,1543278,8.7
,"55-64 years","55-64","Florida","12","2020","2020","Male","M",257,1399141,18.4
,"55-64 years","55-64","Georgia","13","1999","1999","Female","F",61,334480,18.2
,"55-64 years","55-64","Georgia","13","1999","1999","Male","M",65,308354,21.1
,"55-64 years","55-64","Georgia","13","2000","2000","Female","F",53,343541,15.4
,"55-64 years","55-64","Georgia","13","2000","2000","Male","M",85,317915,26.7
,"55-64 years","55-64","Georgia","13","2001","2001","Female","F",67,359271,18.6
,"55-64 years","55-64","Georgia","13","2001","2001","Male","M",81,332781,24.3
,"55-64 years","55-64","Georgia","13","2002","2002","Female","F",68,385685,17.6
,"55-64 years","55-64","Georgia","13","2002","2002","Male","M",83,356990,23.2
,"55-64 years","55-64","Georgia","13","2003","2003","Female","F",79,408845,19.3
,"55-64 years","55-64","Georgia","13","2003","2003","Male","M",78,378497,20.6
,"55-64 years","55-64","Georgia","13","2004","2004","Female","F",83,431527,19.2
,"55-64 years","55-64","Georgia","13","2004","2004","Male","M",108,397981,27.1
,"55-64 years","55-64","Georgia","13","2005","2005","Female","F",62,456830,13.6
,"55-64 years","55-64","Georgia","13","2005","2005","Male","M",102,419233,24.3
,"55-64 years","55-64","Georgia","13","2006","2006","Female","F",66,481445,13.7
,"55-64 years","55-64","Georgia","13","2006","2006","Male","M",142,438605,32.4
,"55-64 years","55-64","Georgia","13","2007","2007","Female","F",68,505671,13.4
,"55-64 years","55-64","Georgia","13","2007","2007","Male","M",135,457816,29.5
,"55-64 years","55-64","Georgia","13","2008","2008","Female","F",79,524068,15.1
,"55-64 years","55-64","Georgia","13","2008","2008","Male","M",107,473199,22.6
,"55-64 years","55-64","Georgia","13","2009","2009","Female","F",77,545615,14.1
,"55-64 years","55-64","Georgia","13","2009","2009","Male","M",134,490869,27.3
,"55-64 years","55-64","Georgia","13","2010","2010","Female","F",81,563228,14.4
,"55-64 years","55-64","Georgia","13","2010","2010","Male","M",132,506329,26.1
,"55-64 years","55-64","Georgia","13","2011","2011","Female","F",96,587909,16.3
,"55-64 years","55-64","Georgia","13","2011","2011","Male","M",147,528046,27.8
,"55-64 years","55-64","Georgia","13","2012","2012","Female","F",94,598223,15.7
,"55-64 years","55-64","Georgia","13","2012","2012","Male","M",145,536288,27.0
,"55-64 years","55-64","Georgia","13","2013","2013","Female","F",105,608900,17.2
,"55-64 years","55-64","Georgia","13","2013","2013","Male","M",171,546288,31.3
,"55-64 years","55-64","Georgia","13","2014","2014","Female","F",100,621319,16.1
,"55-64 years","55-64","Georgia","13","2014","2014","Male","M",173,557884,31.0
,"55-64 years","55-64","Georgia","13","2015","2015","Female","F",123,636377,19.3
,"55-64 years","55-64","Georgia","13","2015","2015","Male","M",192,572795,33.5
,"55-64 years","55-64","Georgia","13","2016","2016","Female","F",143,650104,22.0
,"55-64 years","55-64","Georgia","13","2016","2016","Male","M",220,586707,37.5
,"55-64 years","55-64","Georgia","13","2017","2017","Female","F",158,663673,23.8
,"55-64 years","55-64","Georgia","13","2017","2017","Male","M",237,599889,39.5
,"55-64 years","55-64","Georgia","13","2018","2018","Female","F",160,674890,23.7
,"55-64 years","55-64","Georgia","13","2018","2018","Male","M",245,610792,40.1
,"55-64 years","55-64","Georgia","13","2019","2019","Female","F",159,685205,23.2
,"55-64 years","55-64","Georgia","13","2019","2019","Male","M",274,622328,44.0
,"55-64 years","55-64","Georgia","13","2020","2020","Female","F",176,692868,25.4
,"55-64 years","55-64","Georgia","13","2020","2020","Male","M",309,630343,49.0
,"55-64 years","55-64","Hawaii","15","1999","1999","Female","F",Suppressed,53218,Suppressed
,"55-64 years","55-64","Hawaii","15","1999","1999","Male","M",Suppressed,50424,Suppressed
,"55-64 years","55-64","Hawaii","15","2000","2000","Female","F",Suppressed,54763,Suppressed
,"55-64 years","55-64","Hawaii","15","2000","2000","Male","M",Suppressed,52198,Suppressed
,"55-64 years","55-64","Hawaii","15","2001","2001","Female","F",Suppressed,57612,Suppressed
,"55-64 years","55-64","Hawaii","15","2001","2001","Male","M",Suppressed,55214,Suppressed
,"55-64 years","55-64","Hawaii","15","2002","2002","Female","F",Suppressed,60961,Suppressed
,"55-64 years","55-64","Hawaii","15","2002","2002","Male","M",Suppressed,59189,Suppressed
,"55-64 years","55-64","Hawaii","15","2003","2003","Female","F",Suppressed,64706,Suppressed
,"55-64 years","55-64","Hawaii","15","2003","2003","Male","M",Suppressed,63073,Suppressed
,"55-64 years","55-64","Hawaii","15","2004","2004","Female","F",Suppressed,69024,Suppressed
,"55-64 years","55-64","Hawaii","15","2004","2004","Male","M",Suppressed,67717,Suppressed
,"55-64 years","55-64","Hawaii","15","2005","2005","Female","F",Suppressed,72788,Suppressed
,"55-64 years","55-64","Hawaii","15","2005","2005","Male","M",Suppressed,71880,Suppressed
,"55-64 years","55-64","Hawaii","15","2006","2006","Female","F",Suppressed,76452,Suppressed
,"55-64 years","55-64","Hawaii","15","2006","2006","Male","M",Suppressed,75481,Suppressed
,"55-64 years","55-64","Hawaii","15","2007","2007","Female","F",Suppressed,80192,Suppressed
,"55-64 years","55-64","Hawaii","15","2007","2007","Male","M",Suppressed,79144,Suppressed
,"55-64 years","55-64","Hawaii","15","2008","2008","Female","F",Suppressed,83355,Suppressed
,"55-64 years","55-64","Hawaii","15","2008","2008","Male","M",Suppressed,82148,Suppressed
,"55-64 years","55-64","Hawaii","15","2009","2009","Female","F",Suppressed,86320,Suppressed
,"55-64 years","55-64","Hawaii","15","2009","2009","Male","M",Suppressed,84759,Suppressed
,"55-64 years","55-64","Hawaii","15","2010","2010","Female","F",Suppressed,88535,Suppressed
,"55-64 years","55-64","Hawaii","15","2010","2010","Male","M",Suppressed,87027,Suppressed
,"55-64 years","55-64","Hawaii","15","2011","2011","Female","F",Suppressed,90635,Suppressed
,"55-64 years","55-64","Hawaii","15","2011","2011","Male","M",Suppressed,88961,Suppressed
,"55-64 years","55-64","Hawaii","15","2012","2012","Female","F",Suppressed,91718,Suppressed
,"55-64 years","55-64","Hawaii","15","2012","2012","Male","M",13,89482,Unreliable
,"55-64 years","55-64","Hawaii","15","2013","2013","Female","F",Suppressed,91114,Suppressed
,"55-64 years","55-64","Hawaii","15","2013","2013","Male","M",Suppressed,88232,Suppressed
,"55-64 years","55-64","Hawaii","15","2014","2014","Female","F",Suppressed,91498,Suppressed
,"55-64 years","55-64","Hawaii","15","2014","2014","Male","M",Suppressed,88291,Suppressed
,"55-64 years","55-64","Hawaii","15","2015","2015","Female","F",Suppressed,91504,Suppressed
,"55-64 years","55-64","Hawaii","15","2015","2015","Male","M",19,87939,Unreliable
,"55-64 years","55-64","Hawaii","15","2016","2016","Female","F",Suppressed,93987,Suppressed
,"55-64 years","55-64","Hawaii","15","2016","2016","Male","M",21,90419,23.2
,"55-64 years","55-64","Hawaii","15","2017","2017","Female","F",Suppressed,93250,Suppressed
,"55-64 years","55-64","Hawaii","15","2017","2017","Male","M",Suppressed,89822,Suppressed
,"55-64 years","55-64","Hawaii","15","2018","2018","Female","F",Suppressed,92015,Suppressed
,"55-64 years","55-64","Hawaii","15","2018","2018","Male","M",Suppressed,88712,Suppressed
,"55-64 years","55-64","Hawaii","15","2019","2019","Female","F",Suppressed,91237,Suppressed
,"55-64 years","55-64","Hawaii","15","2019","2019","Male","M",16,87900,Unreliable
,"55-64 years","55-64","Hawaii","15","2020","2020","Female","F",10,90136,Unreliable
,"55-64 years","55-64","Hawaii","15","2020","2020","Male","M",12,86739,Unreliable
,"55-64 years","55-64","Idaho","16","1999","1999","Female","F",Suppressed,52413,Suppressed
,"55-64 years","55-64","Idaho","16","1999","1999","Male","M",Suppressed,52239,Suppressed
,"55-64 years","55-64","Idaho","16","2000","2000","Female","F",Suppressed,53805,Suppressed
,"55-64 years","55-64","Idaho","16","2000","2000","Male","M",Suppressed,53724,Suppressed
,"55-64 years","55-64","Idaho","16","2001","2001","Female","F",Suppressed,56208,Suppressed
,"55-64 years","55-64","Idaho","16","2001","2001","Male","M",Suppressed,56484,Suppressed
,"55-64 years","55-64","Idaho","16","2002","2002","Female","F",Suppressed,60095,Suppressed
,"55-64 years","55-64","Idaho","16","2002","2002","Male","M",Suppressed,60386,Suppressed
,"55-64 years","55-64","Idaho","16","2003","2003","Female","F",Suppressed,63684,Suppressed
,"55-64 years","55-64","Idaho","16","2003","2003","Male","M",Suppressed,64226,Suppressed
,"55-64 years","55-64","Idaho","16","2004","2004","Female","F",Suppressed,67470,Suppressed
,"55-64 years","55-64","Idaho","16","2004","2004","Male","M",10,67913,Unreliable
,"55-64 years","55-64","Idaho","16","2005","2005","Female","F",Suppressed,72107,Suppressed
,"55-64 years","55-64","Idaho","16","2005","2005","Male","M",Suppressed,72124,Suppressed
,"55-64 years","55-64","Idaho","16","2006","2006","Female","F",Suppressed,76728,Suppressed
,"55-64 years","55-64","Idaho","16","2006","2006","Male","M",Suppressed,76489,Suppressed
,"55-64 years","55-64","Idaho","16","2007","2007","Female","F",Suppressed,81018,Suppressed
,"55-64 years","55-64","Idaho","16","2007","2007","Male","M",10,80612,Unreliable
,"55-64 years","55-64","Idaho","16","2008","2008","Female","F",Suppressed,84512,Suppressed
,"55-64 years","55-64","Idaho","16","2008","2008","Male","M",Suppressed,83736,Suppressed
,"55-64 years","55-64","Idaho","16","2009","2009","Female","F",Suppressed,87924,Suppressed
,"55-64 years","55-64","Idaho","16","2009","2009","Male","M",Suppressed,86973,Suppressed
,"55-64 years","55-64","Idaho","16","2010","2010","Female","F",Suppressed,90676,Suppressed
,"55-64 years","55-64","Idaho","16","2010","2010","Male","M",Suppressed,89637,Suppressed
,"55-64 years","55-64","Idaho","16","2011","2011","Female","F",Suppressed,95142,Suppressed
,"55-64 years","55-64","Idaho","16","2011","2011","Male","M",Suppressed,93675,Suppressed
,"55-64 years","55-64","Idaho","16","2012","2012","Female","F",Suppressed,97335,Suppressed
,"55-64 years","55-64","Idaho","16","2012","2012","Male","M",Suppressed,94830,Suppressed
,"55-64 years","55-64","Idaho","16","2013","2013","Female","F",Suppressed,99621,Suppressed
,"55-64 years","55-64","Idaho","16","2013","2013","Male","M",Suppressed,96391,Suppressed
,"55-64 years","55-64","Idaho","16","2014","2014","Female","F",Suppressed,101677,Suppressed
,"55-64 years","55-64","Idaho","16","2014","2014","Male","M",Suppressed,97888,Suppressed
,"55-64 years","55-64","Idaho","16","2015","2015","Female","F",Suppressed,103732,Suppressed
,"55-64 years","55-64","Idaho","16","2015","2015","Male","M",12,99838,Unreliable
,"55-64 years","55-64","Idaho","16","2016","2016","Female","F",Suppressed,106152,Suppressed
,"55-64 years","55-64","Idaho","16","2016","2016","Male","M",14,102098,Unreliable
,"55-64 years","55-64","Idaho","16","2017","2017","Female","F",Suppressed,108074,Suppressed
,"55-64 years","55-64","Idaho","16","2017","2017","Male","M",13,103673,Unreliable
,"55-64 years","55-64","Idaho","16","2018","2018","Female","F",10,110071,Unreliable
,"55-64 years","55-64","Idaho","16","2018","2018","Male","M",Suppressed,104779,Suppressed
,"55-64 years","55-64","Idaho","16","2019","2019","Female","F",Suppressed,111991,Suppressed
,"55-64 years","55-64","Idaho","16","2019","2019","Male","M",11,106369,Unreliable
,"55-64 years","55-64","Idaho","16","2020","2020","Female","F",Suppressed,113391,Suppressed
,"55-64 years","55-64","Idaho","16","2020","2020","Male","M",18,107433,Unreliable
,"55-64 years","55-64","Illinois","17","1999","1999","Female","F",49,537661,9.1
,"55-64 years","55-64","Illinois","17","1999","1999","Male","M",68,491627,13.8
,"55-64 years","55-64","Illinois","17","2000","2000","Female","F",48,543529,8.8
,"55-64 years","55-64","Illinois","17","2000","2000","Male","M",59,497104,11.9
,"55-64 years","55-64","Illinois","17","2001","2001","Female","F",69,554616,12.4
,"55-64 years","55-64","Illinois","17","2001","2001","Male","M",86,509041,16.9
,"55-64 years","55-64","Illinois","17","2002","2002","Female","F",55,584435,9.4
,"55-64 years","55-64","Illinois","17","2002","2002","Male","M",61,536673,11.4
,"55-64 years","55-64","Illinois","17","2003","2003","Female","F",50,606822,8.2
,"55-64 years","55-64","Illinois","17","2003","2003","Male","M",78,558062,14.0
,"55-64 years","55-64","Illinois","17","2004","2004","Female","F",68,628226,10.8
,"55-64 years","55-64","Illinois","17","2004","2004","Male","M",86,578674,14.9
,"55-64 years","55-64","Illinois","17","2005","2005","Female","F",65,651460,10.0
,"55-64 years","55-64","Illinois","17","2005","2005","Male","M",75,602692,12.4
,"55-64 years","55-64","Illinois","17","2006","2006","Female","F",84,675463,12.4
,"55-64 years","55-64","Illinois","17","2006","2006","Male","M",100,625704,16.0
,"55-64 years","55-64","Illinois","17","2007","2007","Female","F",74,696063,10.6
,"55-64 years","55-64","Illinois","17","2007","2007","Male","M",95,646453,14.7
,"55-64 years","55-64","Illinois","17","2008","2008","Female","F",76,714905,10.6
,"55-64 years","55-64","Illinois","17","2008","2008","Male","M",94,665429,14.1
,"55-64 years","55-64","Illinois","17","2009","2009","Female","F",64,739760,8.7
,"55-64 years","55-64","Illinois","17","2009","2009","Male","M",106,689207,15.4
,"55-64 years","55-64","Illinois","17","2010","2010","Female","F",66,761982,8.7
,"55-64 years","55-64","Illinois","17","2010","2010","Male","M",117,711225,16.5
,"55-64 years","55-64","Illinois","17","2011","2011","Female","F",75,795414,9.4
,"55-64 years","55-64","Illinois","17","2011","2011","Male","M",106,741934,14.3
,"55-64 years","55-64","Illinois","17","2012","2012","Female","F",80,805532,9.9
,"55-64 years","55-64","Illinois","17","2012","2012","Male","M",126,752349,16.7
,"55-64 years","55-64","Illinois","17","2013","2013","Female","F",83,821649,10.1
,"55-64 years","55-64","Illinois","17","2013","2013","Male","M",136,768255,17.7
,"55-64 years","55-64","Illinois","17","2014","2014","Female","F",78,836344,9.3
,"55-64 years","55-64","Illinois","17","2014","2014","Male","M",149,782736,19.0
,"55-64 years","55-64","Illinois","17","2015","2015","Female","F",97,848761,11.4
,"55-64 years","55-64","Illinois","17","2015","2015","Male","M",143,795855,18.0
,"55-64 years","55-64","Illinois","17","2016","2016","Female","F",93,853647,10.9
,"55-64 years","55-64","Illinois","17","2016","2016","Male","M",165,802066,20.6
,"55-64 years","55-64","Illinois","17","2017","2017","Female","F",92,858785,10.7
,"55-64 years","55-64","Illinois","17","2017","2017","Male","M",175,807403,21.7
,"55-64 years","55-64","Illinois","17","2018","2018","Female","F",115,858102,13.4
,"55-64 years","55-64","Illinois","17","2018","2018","Male","M",168,807085,20.8
,"55-64 years","55-64","Illinois","17","2019","2019","Female","F",100,854099,11.7
,"55-64 years","55-64","Illinois","17","2019","2019","Male","M",175,804184,21.8
,"55-64 years","55-64","Illinois","17","2020","2020","Female","F",127,843142,15.1
,"55-64 years","55-64","Illinois","17","2020","2020","Male","M",226,795318,28.4
,"55-64 years","55-64","Indiana","18","1999","1999","Female","F",37,270411,13.7
,"55-64 years","55-64","Indiana","18","1999","1999","Male","M",54,252551,21.4
,"55-64 years","55-64","Indiana","18","2000","2000","Female","F",28,273675,10.2
,"55-64 years","55-64","Indiana","18","2000","2000","Male","M",45,256169,17.6
,"55-64 years","55-64","Indiana","18","2001","2001","Female","F",39,279883,13.9
,"55-64 years","55-64","Indiana","18","2001","2001","Male","M",39,262727,14.8
,"55-64 years","55-64","Indiana","18","2002","2002","Female","F",32,296338,10.8
,"55-64 years","55-64","Indiana","18","2002","2002","Male","M",45,278013,16.2
,"55-64 years","55-64","Indiana","18","2003","2003","Female","F",40,308591,13.0
,"55-64 years","55-64","Indiana","18","2003","2003","Male","M",57,289681,19.7
,"55-64 years","55-64","Indiana","18","2004","2004","Female","F",28,321062,8.7
,"55-64 years","55-64","Indiana","18","2004","2004","Male","M",65,301536,21.6
,"55-64 years","55-64","Indiana","18","2005","2005","Female","F",46,334748,13.7
,"55-64 years","55-64","Indiana","18","2005","2005","Male","M",68,314288,21.6
,"55-64 years","55-64","Indiana","18","2006","2006","Female","F",29,347510,8.3
,"55-64 years","55-64","Indiana","18","2006","2006","Male","M",60,326717,18.4
,"55-64 years","55-64","Indiana","18","2007","2007","Female","F",37,360116,10.3
,"55-64 years","55-64","Indiana","18","2007","2007","Male","M",60,339042,17.7
,"55-64 years","55-64","Indiana","18","2008","2008","Female","F",43,370431,11.6
,"55-64 years","55-64","Indiana","18","2008","2008","Male","M",63,349388,18.0
,"55-64 years","55-64","Indiana","18","2009","2009","Female","F",43,384035,11.2
,"55-64 years","55-64","Indiana","18","2009","2009","Male","M",69,363071,19.0
,"55-64 years","55-64","Indiana","18","2010","2010","Female","F",40,394907,10.1
,"55-64 years","55-64","Indiana","18","2010","2010","Male","M",71,374236,19.0
,"55-64 years","55-64","Indiana","18","2011","2011","Female","F",26,412419,6.3
,"55-64 years","55-64","Indiana","18","2011","2011","Male","M",48,390758,12.3
,"55-64 years","55-64","Indiana","18","2012","2012","Female","F",28,416817,6.7
,"55-64 years","55-64","Indiana","18","2012","2012","Male","M",66,395812,16.7
,"55-64 years","55-64","Indiana","18","2013","2013","Female","F",42,425343,9.9
,"55-64 years","55-64","Indiana","18","2013","2013","Male","M",65,404143,16.1
,"55-64 years","55-64","Indiana","18","2014","2014","Female","F",58,431938,13.4
,"55-64 years","55-64","Indiana","18","2014","2014","Male","M",71,410443,17.3
,"55-64 years","55-64","Indiana","18","2015","2015","Female","F",43,438420,9.8
,"55-64 years","55-64","Indiana","18","2015","2015","Male","M",68,417344,16.3
,"55-64 years","55-64","Indiana","18","2016","2016","Female","F",65,443295,14.7
,"55-64 years","55-64","Indiana","18","2016","2016","Male","M",73,421172,17.3
,"55-64 years","55-64","Indiana","18","2017","2017","Female","F",53,446642,11.9
,"55-64 years","55-64","Indiana","18","2017","2017","Male","M",102,423965,24.1
,"55-64 years","55-64","Indiana","18","2018","2018","Female","F",69,448253,15.4
,"55-64 years","55-64","Indiana","18","2018","2018","Male","M",78,425033,18.4
,"55-64 years","55-64","Indiana","18","2019","2019","Female","F",67,449163,14.9
,"55-64 years","55-64","Indiana","18","2019","2019","Male","M",106,425919,24.9
,"55-64 years","55-64","Indiana","18","2020","2020","Female","F",67,447218,15.0
,"55-64 years","55-64","Indiana","18","2020","2020","Male","M",110,423864,26.0
,"55-64 years","55-64","Iowa","19","1999","1999","Female","F",Suppressed,131546,Suppressed
,"55-64 years","55-64","Iowa","19","1999","1999","Male","M",Suppressed,124230,Suppressed
,"55-64 years","55-64","Iowa","19","2000","2000","Female","F",0,132276,Unreliable
,"55-64 years","55-64","Iowa","19","2000","2000","Male","M",Suppressed,125136,Suppressed
,"55-64 years","55-64","Iowa","19","2001","2001","Female","F",Suppressed,134339,Suppressed
,"55-64 years","55-64","Iowa","19","2001","2001","Male","M",Suppressed,127912,Suppressed
,"55-64 years","55-64","Iowa","19","2002","2002","Female","F",Suppressed,140816,Suppressed
,"55-64 years","55-64","Iowa","19","2002","2002","Male","M",Suppressed,134720,Suppressed
,"55-64 years","55-64","Iowa","19","2003","2003","Female","F",Suppressed,145958,Suppressed
,"55-64 years","55-64","Iowa","19","2003","2003","Male","M",Suppressed,140493,Suppressed
,"55-64 years","55-64","Iowa","19","2004","2004","Female","F",Suppressed,151551,Suppressed
,"55-64 years","55-64","Iowa","19","2004","2004","Male","M",Suppressed,146260,Suppressed
,"55-64 years","55-64","Iowa","19","2005","2005","Female","F",Suppressed,157069,Suppressed
,"55-64 years","55-64","Iowa","19","2005","2005","Male","M",Suppressed,152859,Suppressed
,"55-64 years","55-64","Iowa","19","2006","2006","Female","F",Suppressed,163322,Suppressed
,"55-64 years","55-64","Iowa","19","2006","2006","Male","M",Suppressed,159703,Suppressed
,"55-64 years","55-64","Iowa","19","2007","2007","Female","F",Suppressed,170021,Suppressed
,"55-64 years","55-64","Iowa","19","2007","2007","Male","M",Suppressed,166890,Suppressed
,"55-64 years","55-64","Iowa","19","2008","2008","Female","F",Suppressed,175440,Suppressed
,"55-64 years","55-64","Iowa","19","2008","2008","Male","M",Suppressed,172664,Suppressed
,"55-64 years","55-64","Iowa","19","2009","2009","Female","F",Suppressed,181873,Suppressed
,"55-64 years","55-64","Iowa","19","2009","2009","Male","M",Suppressed,179549,Suppressed
,"55-64 years","55-64","Iowa","19","2010","2010","Female","F",Suppressed,187191,Suppressed
,"55-64 years","55-64","Iowa","19","2010","2010","Male","M",Suppressed,185559,Suppressed
,"55-64 years","55-64","Iowa","19","2011","2011","Female","F",12,195342,Unreliable
,"55-64 years","55-64","Iowa","19","2011","2011","Male","M",Suppressed,193707,Suppressed
,"55-64 years","55-64","Iowa","19","2012","2012","Female","F",11,197843,Unreliable
,"55-64 years","55-64","Iowa","19","2012","2012","Male","M",14,195789,Unreliable
,"55-64 years","55-64","Iowa","19","2013","2013","Female","F",10,201658,Unreliable
,"55-64 years","55-64","Iowa","19","2013","2013","Male","M",13,199887,Unreliable
,"55-64 years","55-64","Iowa","19","2014","2014","Female","F",Suppressed,204587,Suppressed
,"55-64 years","55-64","Iowa","19","2014","2014","Male","M",13,202554,Unreliable
,"55-64 years","55-64","Iowa","19","2015","2015","Female","F",Suppressed,208063,Suppressed
,"55-64 years","55-64","Iowa","19","2015","2015","Male","M",16,205254,Unreliable
,"55-64 years","55-64","Iowa","19","2016","2016","Female","F",Suppressed,209765,Suppressed
,"55-64 years","55-64","Iowa","19","2016","2016","Male","M",24,206233,11.6
,"55-64 years","55-64","Iowa","19","2017","2017","Female","F",Suppressed,210991,Suppressed
,"55-64 years","55-64","Iowa","19","2017","2017","Male","M",18,206568,Unreliable
,"55-64 years","55-64","Iowa","19","2018","2018","Female","F",16,211221,Unreliable
,"55-64 years","55-64","Iowa","19","2018","2018","Male","M",25,206316,12.1
,"55-64 years","55-64","Iowa","19","2019","2019","Female","F",11,210481,Unreliable
,"55-64 years","55-64","Iowa","19","2019","2019","Male","M",24,205215,11.7
,"55-64 years","55-64","Iowa","19","2020","2020","Female","F",17,208336,Unreliable
,"55-64 years","55-64","Iowa","19","2020","2020","Male","M",32,202698,15.8
,"55-64 years","55-64","Kansas","20","1999","1999","Female","F",15,111987,Unreliable
,"55-64 years","55-64","Kansas","20","1999","1999","Male","M",10,105733,Unreliable
,"55-64 years","55-64","Kansas","20","2000","2000","Female","F",Suppressed,113164,Suppressed
,"55-64 years","55-64","Kansas","20","2000","2000","Male","M",Suppressed,107089,Suppressed
,"55-64 years","55-64","Kansas","20","2001","2001","Female","F",14,115839,Unreliable
,"55-64 years","55-64","Kansas","20","2001","2001","Male","M",14,110151,Unreliable
,"55-64 years","55-64","Kansas","20","2002","2002","Female","F",Suppressed,122555,Suppressed
,"55-64 years","55-64","Kansas","20","2002","2002","Male","M",19,117000,Unreliable
,"55-64 years","55-64","Kansas","20","2003","2003","Female","F",17,128016,Unreliable
,"55-64 years","55-64","Kansas","20","2003","2003","Male","M",17,122695,Unreliable
,"55-64 years","55-64","Kansas","20","2004","2004","Female","F",12,133367,Unreliable
,"55-64 years","55-64","Kansas","20","2004","2004","Male","M",14,128190,Unreliable
,"55-64 years","55-64","Kansas","20","2005","2005","Female","F",12,138939,Unreliable
,"55-64 years","55-64","Kansas","20","2005","2005","Male","M",16,134681,Unreliable
,"55-64 years","55-64","Kansas","20","2006","2006","Female","F",14,144544,Unreliable
,"55-64 years","55-64","Kansas","20","2006","2006","Male","M",15,140914,Unreliable
,"55-64 years","55-64","Kansas","20","2007","2007","Female","F",18,150692,Unreliable
,"55-64 years","55-64","Kansas","20","2007","2007","Male","M",24,147281,16.3
,"55-64 years","55-64","Kansas","20","2008","2008","Female","F",12,155820,Unreliable
,"55-64 years","55-64","Kansas","20","2008","2008","Male","M",29,152303,19.0
,"55-64 years","55-64","Kansas","20","2009","2009","Female","F",11,162325,Unreliable
,"55-64 years","55-64","Kansas","20","2009","2009","Male","M",28,158526,17.7
,"55-64 years","55-64","Kansas","20","2010","2010","Female","F",12,167559,Unreliable
,"55-64 years","55-64","Kansas","20","2010","2010","Male","M",22,163688,13.4
,"55-64 years","55-64","Kansas","20","2011","2011","Female","F",18,175246,Unreliable
,"55-64 years","55-64","Kansas","20","2011","2011","Male","M",25,170906,14.6
,"55-64 years","55-64","Kansas","20","2012","2012","Female","F",13,177960,Unreliable
,"55-64 years","55-64","Kansas","20","2012","2012","Male","M",21,173150,12.1
,"55-64 years","55-64","Kansas","20","2013","2013","Female","F",19,181395,Unreliable
,"55-64 years","55-64","Kansas","20","2013","2013","Male","M",24,175452,13.7
,"55-64 years","55-64","Kansas","20","2014","2014","Female","F",12,184615,Unreliable
,"55-64 years","55-64","Kansas","20","2014","2014","Male","M",32,177847,18.0
,"55-64 years","55-64","Kansas","20","2015","2015","Female","F",20,187540,10.7
,"55-64 years","55-64","Kansas","20","2015","2015","Male","M",27,179663,15.0
,"55-64 years","55-64","Kansas","20","2016","2016","Female","F",22,190396,11.6
,"55-64 years","55-64","Kansas","20","2016","2016","Male","M",24,181798,13.2
,"55-64 years","55-64","Kansas","20","2017","2017","Female","F",18,191128,Unreliable
,"55-64 years","55-64","Kansas","20","2017","2017","Male","M",33,182516,18.1
,"55-64 years","55-64","Kansas","20","2018","2018","Female","F",15,191365,Unreliable
,"55-64 years","55-64","Kansas","20","2018","2018","Male","M",29,182060,15.9
,"55-64 years","55-64","Kansas","20","2019","2019","Female","F",19,190103,Unreliable
,"55-64 years","55-64","Kansas","20","2019","2019","Male","M",38,181402,20.9
,"55-64 years","55-64","Kansas","20","2020","2020","Female","F",23,188054,12.2
,"55-64 years","55-64","Kansas","20","2020","2020","Male","M",37,178681,20.7
,"55-64 years","55-64","Kentucky","21","1999","1999","Female","F",32,190169,16.8
,"55-64 years","55-64","Kentucky","21","1999","1999","Male","M",46,175819,26.2
,"55-64 years","55-64","Kentucky","21","2000","2000","Female","F",35,193415,18.1
,"55-64 years","55-64","Kentucky","21","2000","2000","Male","M",44,179180,24.6
,"55-64 years","55-64","Kentucky","21","2001","2001","Female","F",37,198213,18.7
,"55-64 years","55-64","Kentucky","21","2001","2001","Male","M",52,184085,28.2
,"55-64 years","55-64","Kentucky","21","2002","2002","Female","F",49,210005,23.3
,"55-64 years","55-64","Kentucky","21","2002","2002","Male","M",58,195550,29.7
,"55-64 years","55-64","Kentucky","21","2003","2003","Female","F",41,219066,18.7
,"55-64 years","55-64","Kentucky","21","2003","2003","Male","M",49,204527,24.0
,"55-64 years","55-64","Kentucky","21","2004","2004","Female","F",51,227362,22.4
,"55-64 years","55-64","Kentucky","21","2004","2004","Male","M",55,213123,25.8
,"55-64 years","55-64","Kentucky","21","2005","2005","Female","F",30,236695,12.7
,"55-64 years","55-64","Kentucky","21","2005","2005","Male","M",59,222225,26.5
,"55-64 years","55-64","Kentucky","21","2006","2006","Female","F",45,246090,18.3
,"55-64 years","55-64","Kentucky","21","2006","2006","Male","M",55,231395,23.8
,"55-64 years","55-64","Kentucky","21","2007","2007","Female","F",41,254200,16.1
,"55-64 years","55-64","Kentucky","21","2007","2007","Male","M",51,239119,21.3
,"55-64 years","55-64","Kentucky","21","2008","2008","Female","F",29,262117,11.1
,"55-64 years","55-64","Kentucky","21","2008","2008","Male","M",49,246524,19.9
,"55-64 years","55-64","Kentucky","21","2009","2009","Female","F",37,270338,13.7
,"55-64 years","55-64","Kentucky","21","2009","2009","Male","M",47,254045,18.5
,"55-64 years","55-64","Kentucky","21","2010","2010","Female","F",40,277968,14.4
,"55-64 years","55-64","Kentucky","21","2010","2010","Male","M",47,261025,18.0
,"55-64 years","55-64","Kentucky","21","2011","2011","Female","F",41,289120,14.2
,"55-64 years","55-64","Kentucky","21","2011","2011","Male","M",57,271348,21.0
,"55-64 years","55-64","Kentucky","21","2012","2012","Female","F",35,290507,12.0
,"55-64 years","55-64","Kentucky","21","2012","2012","Male","M",60,272271,22.0
,"55-64 years","55-64","Kentucky","21","2013","2013","Female","F",33,295416,11.2
,"55-64 years","55-64","Kentucky","21","2013","2013","Male","M",57,276328,20.6
,"55-64 years","55-64","Kentucky","21","2014","2014","Female","F",49,299119,16.4
,"55-64 years","55-64","Kentucky","21","2014","2014","Male","M",70,279003,25.1
,"55-64 years","55-64","Kentucky","21","2015","2015","Female","F",44,303029,14.5
,"55-64 years","55-64","Kentucky","21","2015","2015","Male","M",76,282516,26.9
,"55-64 years","55-64","Kentucky","21","2016","2016","Female","F",61,305773,19.9
,"55-64 years","55-64","Kentucky","21","2016","2016","Male","M",74,284697,26.0
,"55-64 years","55-64","Kentucky","21","2017","2017","Female","F",53,308275,17.2
,"55-64 years","55-64","Kentucky","21","2017","2017","Male","M",66,286284,23.1
,"55-64 years","55-64","Kentucky","21","2018","2018","Female","F",49,309737,15.8
,"55-64 years","55-64","Kentucky","21","2018","2018","Male","M",92,287608,32.0
,"55-64 years","55-64","Kentucky","21","2019","2019","Female","F",74,310463,23.8
,"55-64 years","55-64","Kentucky","21","2019","2019","Male","M",97,287826,33.7
,"55-64 years","55-64","Kentucky","21","2020","2020","Female","F",79,309290,25.5
,"55-64 years","55-64","Kentucky","21","2020","2020","Male","M",105,286694,36.6
,"55-64 years","55-64","Louisiana","22","1999","1999","Female","F",39,196784,19.8
,"55-64 years","55-64","Louisiana","22","1999","1999","Male","M",45,176452,25.5
,"55-64 years","55-64","Louisiana","22","2000","2000","Female","F",41,199594,20.5
,"55-64 years","55-64","Louisiana","22","2000","2000","Male","M",50,179454,27.9
,"55-64 years","55-64","Louisiana","22","2001","2001","Female","F",40,204507,19.6
,"55-64 years","55-64","Louisiana","22","2001","2001","Male","M",53,184096,28.8
,"55-64 years","55-64","Louisiana","22","2002","2002","Female","F",53,215416,24.6
,"55-64 years","55-64","Louisiana","22","2002","2002","Male","M",46,195381,23.5
,"55-64 years","55-64","Louisiana","22","2003","2003","Female","F",42,224520,18.7
,"55-64 years","55-64","Louisiana","22","2003","2003","Male","M",63,204877,30.8
,"55-64 years","55-64","Louisiana","22","2004","2004","Female","F",51,233390,21.9
,"55-64 years","55-64","Louisiana","22","2004","2004","Male","M",69,213936,32.3
,"55-64 years","55-64","Louisiana","22","2005","2005","Female","F",52,242880,21.4
,"55-64 years","55-64","Louisiana","22","2005","2005","Male","M",68,223867,30.4
,"55-64 years","55-64","Louisiana","22","2006","2006","Female","F",53,240554,22.0
,"55-64 years","55-64","Louisiana","22","2006","2006","Male","M",65,223365,29.1
,"55-64 years","55-64","Louisiana","22","2007","2007","Female","F",56,249976,22.4
,"55-64 years","55-64","Louisiana","22","2007","2007","Male","M",62,232419,26.7
,"55-64 years","55-64","Louisiana","22","2008","2008","Female","F",51,258547,19.7
,"55-64 years","55-64","Louisiana","22","2008","2008","Male","M",74,241125,30.7
,"55-64 years","55-64","Louisiana","22","2009","2009","Female","F",51,268541,19.0
,"55-64 years","55-64","Louisiana","22","2009","2009","Male","M",71,250776,28.3
,"55-64 years","55-64","Louisiana","22","2010","2010","Female","F",61,276997,22.0
,"55-64 years","55-64","Louisiana","22","2010","2010","Male","M",74,258565,28.6
,"55-64 years","55-64","Louisiana","22","2011","2011","Female","F",47,289902,16.2
,"55-64 years","55-64","Louisiana","22","2011","2011","Male","M",73,270123,27.0
,"55-64 years","55-64","Louisiana","22","2012","2012","Female","F",76,293808,25.9
,"55-64 years","55-64","Louisiana","22","2012","2012","Male","M",106,273079,38.8
,"55-64 years","55-64","Louisiana","22","2013","2013","Female","F",66,299892,22.0
,"55-64 years","55-64","Louisiana","22","2013","2013","Male","M",106,277759,38.2
,"55-64 years","55-64","Louisiana","22","2014","2014","Female","F",63,305333,20.6
,"55-64 years","55-64","Louisiana","22","2014","2014","Male","M",103,282533,36.5
,"55-64 years","55-64","Louisiana","22","2015","2015","Female","F",83,310706,26.7
,"55-64 years","55-64","Louisiana","22","2015","2015","Male","M",118,286824,41.1
,"55-64 years","55-64","Louisiana","22","2016","2016","Female","F",85,313905,27.1
,"55-64 years","55-64","Louisiana","22","2016","2016","Male","M",132,289116,45.7
,"55-64 years","55-64","Louisiana","22","2017","2017","Female","F",82,316217,25.9
,"55-64 years","55-64","Louisiana","22","2017","2017","Male","M",155,289974,53.5
,"55-64 years","55-64","Louisiana","22","2018","2018","Female","F",89,316760,28.1
,"55-64 years","55-64","Louisiana","22","2018","2018","Male","M",147,289506,50.8
,"55-64 years","55-64","Louisiana","22","2019","2019","Female","F",96,316073,30.4
,"55-64 years","55-64","Louisiana","22","2019","2019","Male","M",163,288597,56.5
,"55-64 years","55-64","Louisiana","22","2020","2020","Female","F",88,314119,28.0
,"55-64 years","55-64","Louisiana","22","2020","2020","Male","M",159,285828,55.6
,"55-64 years","55-64","Maine","23","1999","1999","Female","F",Suppressed,61267,Suppressed
,"55-64 years","55-64","Maine","23","1999","1999","Male","M",Suppressed,58545,Suppressed
,"55-64 years","55-64","Maine","23","2000","2000","Female","F",Suppressed,62909,Suppressed
,"55-64 years","55-64","Maine","23","2000","2000","Male","M",Suppressed,60278,Suppressed
,"55-64 years","55-64","Maine","23","2001","2001","Female","F",Suppressed,64942,Suppressed
,"55-64 years","55-64","Maine","23","2001","2001","Male","M",Suppressed,62620,Suppressed
,"55-64 years","55-64","Maine","23","2002","2002","Female","F",Suppressed,69318,Suppressed
,"55-64 years","55-64","Maine","23","2002","2002","Male","M",Suppressed,67350,Suppressed
,"55-64 years","55-64","Maine","23","2003","2003","Female","F",Suppressed,73170,Suppressed
,"55-64 years","55-64","Maine","23","2003","2003","Male","M",Suppressed,71391,Suppressed
,"55-64 years","55-64","Maine","23","2004","2004","Female","F",Suppressed,77156,Suppressed
,"55-64 years","55-64","Maine","23","2004","2004","Male","M",Suppressed,75395,Suppressed
,"55-64 years","55-64","Maine","23","2005","2005","Female","F",Suppressed,80916,Suppressed
,"55-64 years","55-64","Maine","23","2005","2005","Male","M",Suppressed,79659,Suppressed
,"55-64 years","55-64","Maine","23","2006","2006","Female","F",Suppressed,84999,Suppressed
,"55-64 years","55-64","Maine","23","2006","2006","Male","M",Suppressed,83299,Suppressed
,"55-64 years","55-64","Maine","23","2007","2007","Female","F",Suppressed,88717,Suppressed
,"55-64 years","55-64","Maine","23","2007","2007","Male","M",Suppressed,86326,Suppressed
,"55-64 years","55-64","Maine","23","2008","2008","Female","F",Suppressed,91680,Suppressed
,"55-64 years","55-64","Maine","23","2008","2008","Male","M",Suppressed,88975,Suppressed
,"55-64 years","55-64","Maine","23","2009","2009","Female","F",Suppressed,95122,Suppressed
,"55-64 years","55-64","Maine","23","2009","2009","Male","M",Suppressed,91855,Suppressed
,"55-64 years","55-64","Maine","23","2010","2010","Female","F",Suppressed,97879,Suppressed
,"55-64 years","55-64","Maine","23","2010","2010","Male","M",Suppressed,94222,Suppressed
,"55-64 years","55-64","Maine","23","2011","2011","Female","F",Suppressed,102300,Suppressed
,"55-64 years","55-64","Maine","23","2011","2011","Male","M",Suppressed,97658,Suppressed
,"55-64 years","55-64","Maine","23","2012","2012","Female","F",Suppressed,103354,Suppressed
,"55-64 years","55-64","Maine","23","2012","2012","Male","M",Suppressed,98094,Suppressed
,"55-64 years","55-64","Maine","23","2013","2013","Female","F",Suppressed,105091,Suppressed
,"55-64 years","55-64","Maine","23","2013","2013","Male","M",10,99038,Unreliable
,"55-64 years","55-64","Maine","23","2014","2014","Female","F",Suppressed,106471,Suppressed
,"55-64 years","55-64","Maine","23","2014","2014","Male","M",Suppressed,99904,Suppressed
,"55-64 years","55-64","Maine","23","2015","2015","Female","F",Suppressed,107767,Suppressed
,"55-64 years","55-64","Maine","23","2015","2015","Male","M",Suppressed,100839,Suppressed
,"55-64 years","55-64","Maine","23","2016","2016","Female","F",Suppressed,108622,Suppressed
,"55-64 years","55-64","Maine","23","2016","2016","Male","M",Suppressed,101668,Suppressed
,"55-64 years","55-64","Maine","23","2017","2017","Female","F",Suppressed,109180,Suppressed
,"55-64 years","55-64","Maine","23","2017","2017","Male","M",Suppressed,102252,Suppressed
,"55-64 years","55-64","Maine","23","2018","2018","Female","F",Suppressed,109594,Suppressed
,"55-64 years","55-64","Maine","23","2018","2018","Male","M",16,102387,Unreliable
,"55-64 years","55-64","Maine","23","2019","2019","Female","F",Suppressed,109359,Suppressed
,"55-64 years","55-64","Maine","23","2019","2019","Male","M",Suppressed,102201,Suppressed
,"55-64 years","55-64","Maine","23","2020","2020","Female","F",Suppressed,109079,Suppressed
,"55-64 years","55-64","Maine","23","2020","2020","Male","M",Suppressed,101395,Suppressed
,"55-64 years","55-64","Maryland","24","1999","1999","Female","F",21,239028,8.8
,"55-64 years","55-64","Maryland","24","1999","1999","Male","M",28,219754,12.7
,"55-64 years","55-64","Maryland","24","2000","2000","Female","F",21,245126,8.6
,"55-64 years","55-64","Maryland","24","2000","2000","Male","M",15,225250,Unreliable
,"55-64 years","55-64","Maryland","24","2001","2001","Female","F",20,254560,7.9
,"55-64 years","55-64","Maryland","24","2001","2001","Male","M",17,233749,Unreliable
,"55-64 years","55-64","Maryland","24","2002","2002","Female","F",11,272606,Unreliable
,"55-64 years","55-64","Maryland","24","2002","2002","Male","M",27,249818,10.8
,"55-64 years","55-64","Maryland","24","2003","2003","Female","F",19,287024,Unreliable
,"55-64 years","55-64","Maryland","24","2003","2003","Male","M",22,262108,8.4
,"55-64 years","55-64","Maryland","24","2004","2004","Female","F",10,301038,Unreliable
,"55-64 years","55-64","Maryland","24","2004","2004","Male","M",19,273908,Unreliable
,"55-64 years","55-64","Maryland","24","2005","2005","Female","F",19,313516,Unreliable
,"55-64 years","55-64","Maryland","24","2005","2005","Male","M",32,283715,11.3
,"55-64 years","55-64","Maryland","24","2006","2006","Female","F",26,324883,8.0
,"55-64 years","55-64","Maryland","24","2006","2006","Male","M",18,293368,Unreliable
,"55-64 years","55-64","Maryland","24","2007","2007","Female","F",16,334363,Unreliable
,"55-64 years","55-64","Maryland","24","2007","2007","Male","M",18,301745,Unreliable
,"55-64 years","55-64","Maryland","24","2008","2008","Female","F",10,343617,Unreliable
,"55-64 years","55-64","Maryland","24","2008","2008","Male","M",22,308466,7.1
,"55-64 years","55-64","Maryland","24","2009","2009","Female","F",22,356632,6.2
,"55-64 years","55-64","Maryland","24","2009","2009","Male","M",22,319104,6.9
,"55-64 years","55-64","Maryland","24","2010","2010","Female","F",20,366719,5.5
,"55-64 years","55-64","Maryland","24","2010","2010","Male","M",18,329049,Unreliable
,"55-64 years","55-64","Maryland","24","2011","2011","Female","F",15,383005,Unreliable
,"55-64 years","55-64","Maryland","24","2011","2011","Male","M",20,343365,5.8
,"55-64 years","55-64","Maryland","24","2012","2012","Female","F",16,388696,Unreliable
,"55-64 years","55-64","Maryland","24","2012","2012","Male","M",32,348031,9.2
,"55-64 years","55-64","Maryland","24","2013","2013","Female","F",23,395605,5.8
,"55-64 years","55-64","Maryland","24","2013","2013","Male","M",33,354782,9.3
,"55-64 years","55-64","Maryland","24","2014","2014","Female","F",16,403820,Unreliable
,"55-64 years","55-64","Maryland","24","2014","2014","Male","M",23,361571,6.4
,"55-64 years","55-64","Maryland","24","2015","2015","Female","F",23,412177,5.6
,"55-64 years","55-64","Maryland","24","2015","2015","Male","M",37,369551,10.0
,"55-64 years","55-64","Maryland","24","2016","2016","Female","F",20,418140,4.8
,"55-64 years","55-64","Maryland","24","2016","2016","Male","M",29,375928,7.7
,"55-64 years","55-64","Maryland","24","2017","2017","Female","F",33,425218,7.8
,"55-64 years","55-64","Maryland","24","2017","2017","Male","M",37,382789,9.7
,"55-64 years","55-64","Maryland","24","2018","2018","Female","F",31,427284,7.3
,"55-64 years","55-64","Maryland","24","2018","2018","Male","M",48,385450,12.5
,"55-64 years","55-64","Maryland","24","2019","2019","Female","F",42,429758,9.8
,"55-64 years","55-64","Maryland","24","2019","2019","Male","M",48,388761,12.3
,"55-64 years","55-64","Maryland","24","2020","2020","Female","F",28,429693,6.5
,"55-64 years","55-64","Maryland","24","2020","2020","Male","M",49,389501,12.6
,"55-64 years","55-64","Massachusetts","25","1999","1999","Female","F",11,279849,Unreliable
,"55-64 years","55-64","Massachusetts","25","1999","1999","Male","M",22,254634,8.6
,"55-64 years","55-64","Massachusetts","25","2000","2000","Female","F",20,286062,7.0
,"55-64 years","55-64","Massachusetts","25","2000","2000","Male","M",24,260345,9.2
,"55-64 years","55-64","Massachusetts","25","2001","2001","Female","F",18,295550,Unreliable
,"55-64 years","55-64","Massachusetts","25","2001","2001","Male","M",23,269128,8.5
,"55-64 years","55-64","Massachusetts","25","2002","2002","Female","F",21,314557,6.7
,"55-64 years","55-64","Massachusetts","25","2002","2002","Male","M",33,287556,11.5
,"55-64 years","55-64","Massachusetts","25","2003","2003","Female","F",21,329563,6.4
,"55-64 years","55-64","Massachusetts","25","2003","2003","Male","M",33,300959,11.0
,"55-64 years","55-64","Massachusetts","25","2004","2004","Female","F",14,343745,Unreliable
,"55-64 years","55-64","Massachusetts","25","2004","2004","Male","M",20,313962,6.4
,"55-64 years","55-64","Massachusetts","25","2005","2005","Female","F",19,356702,Unreliable
,"55-64 years","55-64","Massachusetts","25","2005","2005","Male","M",14,326418,Unreliable
,"55-64 years","55-64","Massachusetts","25","2006","2006","Female","F",15,369814,Unreliable
,"55-64 years","55-64","Massachusetts","25","2006","2006","Male","M",26,338730,7.7
,"55-64 years","55-64","Massachusetts","25","2007","2007","Female","F",23,381981,6.0
,"55-64 years","55-64","Massachusetts","25","2007","2007","Male","M",18,350195,Unreliable
,"55-64 years","55-64","Massachusetts","25","2008","2008","Female","F",11,392418,Unreliable
,"55-64 years","55-64","Massachusetts","25","2008","2008","Male","M",23,360111,6.4
,"55-64 years","55-64","Massachusetts","25","2009","2009","Female","F",16,406699,Unreliable
,"55-64 years","55-64","Massachusetts","25","2009","2009","Male","M",40,373184,10.7
,"55-64 years","55-64","Massachusetts","25","2010","2010","Female","F",25,418480,6.0
,"55-64 years","55-64","Massachusetts","25","2010","2010","Male","M",38,384889,9.9
,"55-64 years","55-64","Massachusetts","25","2011","2011","Female","F",27,436395,6.2
,"55-64 years","55-64","Massachusetts","25","2011","2011","Male","M",28,401470,7.0
,"55-64 years","55-64","Massachusetts","25","2012","2012","Female","F",21,442936,4.7
,"55-64 years","55-64","Massachusetts","25","2012","2012","Male","M",39,407095,9.6
,"55-64 years","55-64","Massachusetts","25","2013","2013","Female","F",25,451350,5.5
,"55-64 years","55-64","Massachusetts","25","2013","2013","Male","M",36,415778,8.7
,"55-64 years","55-64","Massachusetts","25","2014","2014","Female","F",26,460599,5.6
,"55-64 years","55-64","Massachusetts","25","2014","2014","Male","M",38,424699,8.9
,"55-64 years","55-64","Massachusetts","25","2015","2015","Female","F",33,470170,7.0
,"55-64 years","55-64","Massachusetts","25","2015","2015","Male","M",47,434675,10.8
,"55-64 years","55-64","Massachusetts","25","2016","2016","Female","F",35,476411,7.3
,"55-64 years","55-64","Massachusetts","25","2016","2016","Male","M",33,440593,7.5
,"55-64 years","55-64","Massachusetts","25","2017","2017","Female","F",35,483950,7.2
,"55-64 years","55-64","Massachusetts","25","2017","2017","Male","M",43,447502,9.6
,"55-64 years","55-64","Massachusetts","25","2018","2018","Female","F",31,487475,6.4
,"55-64 years","55-64","Massachusetts","25","2018","2018","Male","M",49,451692,10.8
,"55-64 years","55-64","Massachusetts","25","2019","2019","Female","F",29,489790,5.9
,"55-64 years","55-64","Massachusetts","25","2019","2019","Male","M",52,453400,11.5
,"55-64 years","55-64","Massachusetts","25","2020","2020","Female","F",13,489268,Unreliable
,"55-64 years","55-64","Massachusetts","25","2020","2020","Male","M",55,454115,12.1
,"55-64 years","55-64","Michigan","26","1999","1999","Female","F",36,437946,8.2
,"55-64 years","55-64","Michigan","26","1999","1999","Male","M",45,411898,10.9
,"55-64 years","55-64","Michigan","26","2000","2000","Female","F",44,444333,9.9
,"55-64 years","55-64","Michigan","26","2000","2000","Male","M",53,418706,12.7
,"55-64 years","55-64","Michigan","26","2001","2001","Female","F",33,455183,7.2
,"55-64 years","55-64","Michigan","26","2001","2001","Male","M",41,430507,9.5
,"55-64 years","55-64","Michigan","26","2002","2002","Female","F",31,482224,6.4
,"55-64 years","55-64","Michigan","26","2002","2002","Male","M",55,457154,12.0
,"55-64 years","55-64","Michigan","26","2003","2003","Female","F",51,504040,10.1
,"55-64 years","55-64","Michigan","26","2003","2003","Male","M",47,477879,9.8
,"55-64 years","55-64","Michigan","26","2004","2004","Female","F",42,525777,8.0
,"55-64 years","55-64","Michigan","26","2004","2004","Male","M",49,498534,9.8
,"55-64 years","55-64","Michigan","26","2005","2005","Female","F",49,547546,8.9
,"55-64 years","55-64","Michigan","26","2005","2005","Male","M",56,519514,10.8
,"55-64 years","55-64","Michigan","26","2006","2006","Female","F",47,569336,8.3
,"55-64 years","55-64","Michigan","26","2006","2006","Male","M",69,539929,12.8
,"55-64 years","55-64","Michigan","26","2007","2007","Female","F",41,588434,7.0
,"55-64 years","55-64","Michigan","26","2007","2007","Male","M",64,558423,11.5
,"55-64 years","55-64","Michigan","26","2008","2008","Female","F",53,603968,8.8
,"55-64 years","55-64","Michigan","26","2008","2008","Male","M",76,571808,13.3
,"55-64 years","55-64","Michigan","26","2009","2009","Female","F",49,624795,7.8
,"55-64 years","55-64","Michigan","26","2009","2009","Male","M",73,591642,12.3
,"55-64 years","55-64","Michigan","26","2010","2010","Female","F",46,643360,7.1
,"55-64 years","55-64","Michigan","26","2010","2010","Male","M",75,608637,12.3
,"55-64 years","55-64","Michigan","26","2011","2011","Female","F",56,670537,8.4
,"55-64 years","55-64","Michigan","26","2011","2011","Male","M",60,633616,9.5
,"55-64 years","55-64","Michigan","26","2012","2012","Female","F",50,680370,7.3
,"55-64 years","55-64","Michigan","26","2012","2012","Male","M",58,641467,9.0
,"55-64 years","55-64","Michigan","26","2013","2013","Female","F",66,693450,9.5
,"55-64 years","55-64","Michigan","26","2013","2013","Male","M",94,653858,14.4
,"55-64 years","55-64","Michigan","26","2014","2014","Female","F",67,703079,9.5
,"55-64 years","55-64","Michigan","26","2014","2014","Male","M",99,663253,14.9
,"55-64 years","55-64","Michigan","26","2015","2015","Female","F",56,712124,7.9
,"55-64 years","55-64","Michigan","26","2015","2015","Male","M",110,671762,16.4
,"55-64 years","55-64","Michigan","26","2016","2016","Female","F",72,716855,10.0
,"55-64 years","55-64","Michigan","26","2016","2016","Male","M",94,675923,13.9
,"55-64 years","55-64","Michigan","26","2017","2017","Female","F",76,720333,10.6
,"55-64 years","55-64","Michigan","26","2017","2017","Male","M",125,679897,18.4
,"55-64 years","55-64","Michigan","26","2018","2018","Female","F",71,721497,9.8
,"55-64 years","55-64","Michigan","26","2018","2018","Male","M",119,681307,17.5
,"55-64 years","55-64","Michigan","26","2019","2019","Female","F",97,719320,13.5
,"55-64 years","55-64","Michigan","26","2019","2019","Male","M",124,680215,18.2
,"55-64 years","55-64","Michigan","26","2020","2020","Female","F",83,711967,11.7
,"55-64 years","55-64","Michigan","26","2020","2020","Male","M",155,674131,23.0
,"55-64 years","55-64","Minnesota","27","1999","1999","Female","F",Suppressed,201434,Suppressed
,"55-64 years","55-64","Minnesota","27","1999","1999","Male","M",17,194395,Unreliable
,"55-64 years","55-64","Minnesota","27","2000","2000","Female","F",10,206018,Unreliable
,"55-64 years","55-64","Minnesota","27","2000","2000","Male","M",13,198851,Unreliable
,"55-64 years","55-64","Minnesota","27","2001","2001","Female","F",Suppressed,213027,Suppressed
,"55-64 years","55-64","Minnesota","27","2001","2001","Male","M",10,206297,Unreliable
,"55-64 years","55-64","Minnesota","27","2002","2002","Female","F",Suppressed,226216,Suppressed
,"55-64 years","55-64","Minnesota","27","2002","2002","Male","M",12,219712,Unreliable
,"55-64 years","55-64","Minnesota","27","2003","2003","Female","F",Suppressed,237171,Suppressed
,"55-64 years","55-64","Minnesota","27","2003","2003","Male","M",17,230401,Unreliable
,"55-64 years","55-64","Minnesota","27","2004","2004","Female","F",Suppressed,248042,Suppressed
,"55-64 years","55-64","Minnesota","27","2004","2004","Male","M",14,241258,Unreliable
,"55-64 years","55-64","Minnesota","27","2005","2005","Female","F",Suppressed,259356,Suppressed
,"55-64 years","55-64","Minnesota","27","2005","2005","Male","M",19,253056,Unreliable
,"55-64 years","55-64","Minnesota","27","2006","2006","Female","F",Suppressed,271041,Suppressed
,"55-64 years","55-64","Minnesota","27","2006","2006","Male","M",13,265350,Unreliable
,"55-64 years","55-64","Minnesota","27","2007","2007","Female","F",10,283489,Unreliable
,"55-64 years","55-64","Minnesota","27","2007","2007","Male","M",21,277634,7.6
,"55-64 years","55-64","Minnesota","27","2008","2008","Female","F",11,293878,Unreliable
,"55-64 years","55-64","Minnesota","27","2008","2008","Male","M",20,288277,6.9
,"55-64 years","55-64","Minnesota","27","2009","2009","Female","F",10,306834,Unreliable
,"55-64 years","55-64","Minnesota","27","2009","2009","Male","M",19,301423,Unreliable
,"55-64 years","55-64","Minnesota","27","2010","2010","Female","F",Suppressed,317283,Suppressed
,"55-64 years","55-64","Minnesota","27","2010","2010","Male","M",12,312081,Unreliable
,"55-64 years","55-64","Minnesota","27","2011","2011","Female","F",11,333012,Unreliable
,"55-64 years","55-64","Minnesota","27","2011","2011","Male","M",13,328203,Unreliable
,"55-64 years","55-64","Minnesota","27","2012","2012","Female","F",Suppressed,339939,Suppressed
,"55-64 years","55-64","Minnesota","27","2012","2012","Male","M",18,335480,Unreliable
,"55-64 years","55-64","Minnesota","27","2013","2013","Female","F",Suppressed,350299,Suppressed
,"55-64 years","55-64","Minnesota","27","2013","2013","Male","M",14,345067,Unreliable
,"55-64 years","55-64","Minnesota","27","2014","2014","Female","F",16,358887,Unreliable
,"55-64 years","55-64","Minnesota","27","2014","2014","Male","M",17,352949,Unreliable
,"55-64 years","55-64","Minnesota","27","2015","2015","Female","F",17,367042,Unreliable
,"55-64 years","55-64","Minnesota","27","2015","2015","Male","M",31,360929,8.6
,"55-64 years","55-64","Minnesota","27","2016","2016","Female","F",21,372877,5.6
,"55-64 years","55-64","Minnesota","27","2016","2016","Male","M",17,366436,Unreliable
,"55-64 years","55-64","Minnesota","27","2017","2017","Female","F",10,377965,Unreliable
,"55-64 years","55-64","Minnesota","27","2017","2017","Male","M",27,371063,7.3
,"55-64 years","55-64","Minnesota","27","2018","2018","Female","F",13,380998,Unreliable
,"55-64 years","55-64","Minnesota","27","2018","2018","Male","M",21,373447,5.6
,"55-64 years","55-64","Minnesota","27","2019","2019","Female","F",16,381781,Unreliable
,"55-64 years","55-64","Minnesota","27","2019","2019","Male","M",20,374640,5.3
,"55-64 years","55-64","Minnesota","27","2020","2020","Female","F",25,379904,6.6
,"55-64 years","55-64","Minnesota","27","2020","2020","Male","M",40,372368,10.7
,"55-64 years","55-64","Mississippi","28","1999","1999","Female","F",37,127722,29.0
,"55-64 years","55-64","Mississippi","28","1999","1999","Male","M",42,114647,36.6
,"55-64 years","55-64","Mississippi","28","2000","2000","Female","F",35,129223,27.1
,"55-64 years","55-64","Mississippi","28","2000","2000","Male","M",56,116600,48.0
,"55-64 years","55-64","Mississippi","28","2001","2001","Female","F",47,131826,35.7
,"55-64 years","55-64","Mississippi","28","2001","2001","Male","M",57,119585,47.7
,"55-64 years","55-64","Mississippi","28","2002","2002","Female","F",40,138553,28.9
,"55-64 years","55-64","Mississippi","28","2002","2002","Male","M",53,126448,41.9
,"55-64 years","55-64","Mississippi","28","2003","2003","Female","F",47,143666,32.7
,"55-64 years","55-64","Mississippi","28","2003","2003","Male","M",63,131770,47.8
,"55-64 years","55-64","Mississippi","28","2004","2004","Female","F",51,149309,34.2
,"55-64 years","55-64","Mississippi","28","2004","2004","Male","M",67,137214,48.8
,"55-64 years","55-64","Mississippi","28","2005","2005","Female","F",55,154990,35.5
,"55-64 years","55-64","Mississippi","28","2005","2005","Male","M",70,142912,49.0
,"55-64 years","55-64","Mississippi","28","2006","2006","Female","F",41,160309,25.6
,"55-64 years","55-64","Mississippi","28","2006","2006","Male","M",58,148187,39.1
,"55-64 years","55-64","Mississippi","28","2007","2007","Female","F",43,165619,26.0
,"55-64 years","55-64","Mississippi","28","2007","2007","Male","M",71,153192,46.3
,"55-64 years","55-64","Mississippi","28","2008","2008","Female","F",43,170432,25.2
,"55-64 years","55-64","Mississippi","28","2008","2008","Male","M",70,157044,44.6
,"55-64 years","55-64","Mississippi","28","2009","2009","Female","F",51,175818,29.0
,"55-64 years","55-64","Mississippi","28","2009","2009","Male","M",64,161830,39.5
,"55-64 years","55-64","Mississippi","28","2010","2010","Female","F",49,180893,27.1
,"55-64 years","55-64","Mississippi","28","2010","2010","Male","M",74,166432,44.5
,"55-64 years","55-64","Mississippi","28","2011","2011","Female","F",66,188100,35.1
,"55-64 years","55-64","Mississippi","28","2011","2011","Male","M",83,172376,48.2
,"55-64 years","55-64","Mississippi","28","2012","2012","Female","F",54,189895,28.4
,"55-64 years","55-64","Mississippi","28","2012","2012","Male","M",76,173377,43.8
,"55-64 years","55-64","Mississippi","28","2013","2013","Female","F",62,192283,32.2
,"55-64 years","55-64","Mississippi","28","2013","2013","Male","M",94,175445,53.6
,"55-64 years","55-64","Mississippi","28","2014","2014","Female","F",78,195475,39.9
,"55-64 years","55-64","Mississippi","28","2014","2014","Male","M",77,177520,43.4
,"55-64 years","55-64","Mississippi","28","2015","2015","Female","F",71,198267,35.8
,"55-64 years","55-64","Mississippi","28","2015","2015","Male","M",108,179400,60.2
,"55-64 years","55-64","Mississippi","28","2016","2016","Female","F",73,200236,36.5
,"55-64 years","55-64","Mississippi","28","2016","2016","Male","M",116,180593,64.2
,"55-64 years","55-64","Mississippi","28","2017","2017","Female","F",84,201952,41.6
,"55-64 years","55-64","Mississippi","28","2017","2017","Male","M",109,182123,59.8
,"55-64 years","55-64","Mississippi","28","2018","2018","Female","F",77,202786,38.0
,"55-64 years","55-64","Mississippi","28","2018","2018","Male","M",110,183107,60.1
,"55-64 years","55-64","Mississippi","28","2019","2019","Female","F",86,202711,42.4
,"55-64 years","55-64","Mississippi","28","2019","2019","Male","M",116,183200,63.3
,"55-64 years","55-64","Mississippi","28","2020","2020","Female","F",92,201302,45.7
,"55-64 years","55-64","Mississippi","28","2020","2020","Male","M",151,181730,83.1
,"55-64 years","55-64","Missouri","29","1999","1999","Female","F",19,260010,Unreliable
,"55-64 years","55-64","Missouri","29","1999","1999","Male","M",35,239259,14.6
,"55-64 years","55-64","Missouri","29","2000","2000","Female","F",33,264126,12.5
,"55-64 years","55-64","Missouri","29","2000","2000","Male","M",32,243272,13.2
,"55-64 years","55-64","Missouri","29","2001","2001","Female","F",26,271011,9.6
,"55-64 years","55-64","Missouri","29","2001","2001","Male","M",40,249323,16.0
,"55-64 years","55-64","Missouri","29","2002","2002","Female","F",25,285919,8.7
,"55-64 years","55-64","Missouri","29","2002","2002","Male","M",40,263321,15.2
,"55-64 years","55-64","Missouri","29","2003","2003","Female","F",31,297107,10.4
,"55-64 years","55-64","Missouri","29","2003","2003","Male","M",40,274704,14.6
,"55-64 years","55-64","Missouri","29","2004","2004","Female","F",21,308420,6.8
,"55-64 years","55-64","Missouri","29","2004","2004","Male","M",35,285301,12.3
,"55-64 years","55-64","Missouri","29","2005","2005","Female","F",35,320529,10.9
,"55-64 years","55-64","Missouri","29","2005","2005","Male","M",37,296437,12.5
,"55-64 years","55-64","Missouri","29","2006","2006","Female","F",25,333001,7.5
,"55-64 years","55-64","Missouri","29","2006","2006","Male","M",32,307897,10.4
,"55-64 years","55-64","Missouri","29","2007","2007","Female","F",35,344200,10.2
,"55-64 years","55-64","Missouri","29","2007","2007","Male","M",40,318333,12.6
,"55-64 years","55-64","Missouri","29","2008","2008","Female","F",24,353169,6.8
,"55-64 years","55-64","Missouri","29","2008","2008","Male","M",47,327121,14.4
,"55-64 years","55-64","Missouri","29","2009","2009","Female","F",27,364834,7.4
,"55-64 years","55-64","Missouri","29","2009","2009","Male","M",47,338053,13.9
,"55-64 years","55-64","Missouri","29","2010","2010","Female","F",28,375321,7.5
,"55-64 years","55-64","Missouri","29","2010","2010","Male","M",39,347957,11.2
,"55-64 years","55-64","Missouri","29","2011","2011","Female","F",37,390892,9.5
,"55-64 years","55-64","Missouri","29","2011","2011","Male","M",58,362805,16.0
,"55-64 years","55-64","Missouri","29","2012","2012","Female","F",38,395420,9.6
,"55-64 years","55-64","Missouri","29","2012","2012","Male","M",52,367336,14.2
,"55-64 years","55-64","Missouri","29","2013","2013","Female","F",32,403179,7.9
,"55-64 years","55-64","Missouri","29","2013","2013","Male","M",78,374835,20.8
,"55-64 years","55-64","Missouri","29","2014","2014","Female","F",38,409189,9.3
,"55-64 years","55-64","Missouri","29","2014","2014","Male","M",89,381340,23.3
,"55-64 years","55-64","Missouri","29","2015","2015","Female","F",54,416345,13.0
,"55-64 years","55-64","Missouri","29","2015","2015","Male","M",90,388797,23.1
,"55-64 years","55-64","Missouri","29","2016","2016","Female","F",53,421630,12.6
,"55-64 years","55-64","Missouri","29","2016","2016","Male","M",89,394130,22.6
,"55-64 years","55-64","Missouri","29","2017","2017","Female","F",55,425858,12.9
,"55-64 years","55-64","Missouri","29","2017","2017","Male","M",102,398397,25.6
,"55-64 years","55-64","Missouri","29","2018","2018","Female","F",68,428414,15.9
,"55-64 years","55-64","Missouri","29","2018","2018","Male","M",114,401127,28.4
,"55-64 years","55-64","Missouri","29","2019","2019","Female","F",61,428750,14.2
,"55-64 years","55-64","Missouri","29","2019","2019","Male","M",127,401982,31.6
,"55-64 years","55-64","Missouri","29","2020","2020","Female","F",66,426486,15.5
,"55-64 years","55-64","Missouri","29","2020","2020","Male","M",126,399442,31.5
,"55-64 years","55-64","Montana","30","1999","1999","Female","F",Suppressed,41432,Suppressed
,"55-64 years","55-64","Montana","30","1999","1999","Male","M",Suppressed,41804,Suppressed
,"55-64 years","55-64","Montana","30","2000","2000","Female","F",Suppressed,42319,Suppressed
,"55-64 years","55-64","Montana","30","2000","2000","Male","M",Suppressed,42800,Suppressed
,"55-64 years","55-64","Montana","30","2001","2001","Female","F",Suppressed,43681,Suppressed
,"55-64 years","55-64","Montana","30","2001","2001","Male","M",Suppressed,44454,Suppressed
,"55-64 years","55-64","Montana","30","2002","2002","Female","F",Suppressed,46351,Suppressed
,"55-64 years","55-64","Montana","30","2002","2002","Male","M",11,47479,Unreliable
,"55-64 years","55-64","Montana","30","2003","2003","Female","F",Suppressed,48595,Suppressed
,"55-64 years","55-64","Montana","30","2003","2003","Male","M",Suppressed,50308,Suppressed
,"55-64 years","55-64","Montana","30","2004","2004","Female","F",Suppressed,51498,Suppressed
,"55-64 years","55-64","Montana","30","2004","2004","Male","M",Suppressed,53363,Suppressed
,"55-64 years","55-64","Montana","30","2005","2005","Female","F",Suppressed,54579,Suppressed
,"55-64 years","55-64","Montana","30","2005","2005","Male","M",13,56270,Unreliable
,"55-64 years","55-64","Montana","30","2006","2006","Female","F",Suppressed,57554,Suppressed
,"55-64 years","55-64","Montana","30","2006","2006","Male","M",13,59500,Unreliable
,"55-64 years","55-64","Montana","30","2007","2007","Female","F",Suppressed,60700,Suppressed
,"55-64 years","55-64","Montana","30","2007","2007","Male","M",Suppressed,62781,Suppressed
,"55-64 years","55-64","Montana","30","2008","2008","Female","F",Suppressed,63370,Suppressed
,"55-64 years","55-64","Montana","30","2008","2008","Male","M",Suppressed,65419,Suppressed
,"55-64 years","55-64","Montana","30","2009","2009","Female","F",Suppressed,66474,Suppressed
,"55-64 years","55-64","Montana","30","2009","2009","Male","M",Suppressed,68092,Suppressed
,"55-64 years","55-64","Montana","30","2010","2010","Female","F",Suppressed,68899,Suppressed
,"55-64 years","55-64","Montana","30","2010","2010","Male","M",Suppressed,69959,Suppressed
,"55-64 years","55-64","Montana","30","2011","2011","Female","F",Suppressed,72147,Suppressed
,"55-64 years","55-64","Montana","30","2011","2011","Male","M",Suppressed,72780,Suppressed
,"55-64 years","55-64","Montana","30","2012","2012","Female","F",Suppressed,73547,Suppressed
,"55-64 years","55-64","Montana","30","2012","2012","Male","M",Suppressed,73286,Suppressed
,"55-64 years","55-64","Montana","30","2013","2013","Female","F",Suppressed,75235,Suppressed
,"55-64 years","55-64","Montana","30","2013","2013","Male","M",Suppressed,73921,Suppressed
,"55-64 years","55-64","Montana","30","2014","2014","Female","F",Suppressed,76226,Suppressed
,"55-64 years","55-64","Montana","30","2014","2014","Male","M",Suppressed,74168,Suppressed
,"55-64 years","55-64","Montana","30","2015","2015","Female","F",Suppressed,77013,Suppressed
,"55-64 years","55-64","Montana","30","2015","2015","Male","M",Suppressed,74466,Suppressed
,"55-64 years","55-64","Montana","30","2016","2016","Female","F",Suppressed,77815,Suppressed
,"55-64 years","55-64","Montana","30","2016","2016","Male","M",Suppressed,74659,Suppressed
,"55-64 years","55-64","Montana","30","2017","2017","Female","F",Suppressed,77891,Suppressed
,"55-64 years","55-64","Montana","30","2017","2017","Male","M",11,74278,Unreliable
,"55-64 years","55-64","Montana","30","2018","2018","Female","F",Suppressed,77687,Suppressed
,"55-64 years","55-64","Montana","30","2018","2018","Male","M",Suppressed,73700,Suppressed
,"55-64 years","55-64","Montana","30","2019","2019","Female","F",Suppressed,76993,Suppressed
,"55-64 years","55-64","Montana","30","2019","2019","Male","M",Suppressed,73015,Suppressed
,"55-64 years","55-64","Montana","30","2020","2020","Female","F",Suppressed,75854,Suppressed
,"55-64 years","55-64","Montana","30","2020","2020","Male","M",Suppressed,72266,Suppressed
,"55-64 years","55-64","Nebraska","31","1999","1999","Female","F",Suppressed,71889,Suppressed
,"55-64 years","55-64","Nebraska","31","1999","1999","Male","M",21,68387,30.7
,"55-64 years","55-64","Nebraska","31","2000","2000","Female","F",Suppressed,72489,Suppressed
,"55-64 years","55-64","Nebraska","31","2000","2000","Male","M",11,69051,Unreliable
,"55-64 years","55-64","Nebraska","31","2001","2001","Female","F",Suppressed,73876,Suppressed
,"55-64 years","55-64","Nebraska","31","2001","2001","Male","M",Suppressed,71059,Suppressed
,"55-64 years","55-64","Nebraska","31","2002","2002","Female","F",Suppressed,77556,Suppressed
,"55-64 years","55-64","Nebraska","31","2002","2002","Male","M",Suppressed,75051,Suppressed
,"55-64 years","55-64","Nebraska","31","2003","2003","Female","F",Suppressed,80814,Suppressed
,"55-64 years","55-64","Nebraska","31","2003","2003","Male","M",11,78509,Unreliable
,"55-64 years","55-64","Nebraska","31","2004","2004","Female","F",Suppressed,84542,Suppressed
,"55-64 years","55-64","Nebraska","31","2004","2004","Male","M",17,82523,Unreliable
,"55-64 years","55-64","Nebraska","31","2005","2005","Female","F",Suppressed,88526,Suppressed
,"55-64 years","55-64","Nebraska","31","2005","2005","Male","M",10,86621,Unreliable
,"55-64 years","55-64","Nebraska","31","2006","2006","Female","F",11,92585,Unreliable
,"55-64 years","55-64","Nebraska","31","2006","2006","Male","M",15,90839,Unreliable
,"55-64 years","55-64","Nebraska","31","2007","2007","Female","F",Suppressed,96687,Suppressed
,"55-64 years","55-64","Nebraska","31","2007","2007","Male","M",17,94694,Unreliable
,"55-64 years","55-64","Nebraska","31","2008","2008","Female","F",Suppressed,100238,Suppressed
,"55-64 years","55-64","Nebraska","31","2008","2008","Male","M",16,98183,Unreliable
,"55-64 years","55-64","Nebraska","31","2009","2009","Female","F",Suppressed,104587,Suppressed
,"55-64 years","55-64","Nebraska","31","2009","2009","Male","M",15,102028,Unreliable
,"55-64 years","55-64","Nebraska","31","2010","2010","Female","F",Suppressed,108057,Suppressed
,"55-64 years","55-64","Nebraska","31","2010","2010","Male","M",15,105119,Unreliable
,"55-64 years","55-64","Nebraska","31","2011","2011","Female","F",10,113250,Unreliable
,"55-64 years","55-64","Nebraska","31","2011","2011","Male","M",14,110323,Unreliable
,"55-64 years","55-64","Nebraska","31","2012","2012","Female","F",Suppressed,114924,Suppressed
,"55-64 years","55-64","Nebraska","31","2012","2012","Male","M",15,112122,Unreliable
,"55-64 years","55-64","Nebraska","31","2013","2013","Female","F",12,117242,Unreliable
,"55-64 years","55-64","Nebraska","31","2013","2013","Male","M",11,114062,Unreliable
,"55-64 years","55-64","Nebraska","31","2014","2014","Female","F",Suppressed,119018,Suppressed
,"55-64 years","55-64","Nebraska","31","2014","2014","Male","M",19,115874,Unreliable
,"55-64 years","55-64","Nebraska","31","2015","2015","Female","F",Suppressed,120831,Suppressed
,"55-64 years","55-64","Nebraska","31","2015","2015","Male","M",14,117884,Unreliable
,"55-64 years","55-64","Nebraska","31","2016","2016","Female","F",10,122068,Unreliable
,"55-64 years","55-64","Nebraska","31","2016","2016","Male","M",14,119104,Unreliable
,"55-64 years","55-64","Nebraska","31","2017","2017","Female","F",Suppressed,122837,Suppressed
,"55-64 years","55-64","Nebraska","31","2017","2017","Male","M",18,119764,Unreliable
,"55-64 years","55-64","Nebraska","31","2018","2018","Female","F",11,123058,Unreliable
,"55-64 years","55-64","Nebraska","31","2018","2018","Male","M",20,119990,16.7
,"55-64 years","55-64","Nebraska","31","2019","2019","Female","F",15,122534,Unreliable
,"55-64 years","55-64","Nebraska","31","2019","2019","Male","M",15,119759,Unreliable
,"55-64 years","55-64","Nebraska","31","2020","2020","Female","F",18,121035,Unreliable
,"55-64 years","55-64","Nebraska","31","2020","2020","Male","M",26,118632,21.9
,"55-64 years","55-64","Nevada","32","1999","1999","Female","F",Suppressed,90333,Suppressed
,"55-64 years","55-64","Nevada","32","1999","1999","Male","M",23,91487,25.1
,"55-64 years","55-64","Nevada","32","2000","2000","Female","F",Suppressed,94616,Suppressed
,"55-64 years","55-64","Nevada","32","2000","2000","Male","M",21,95583,22.0
,"55-64 years","55-64","Nevada","32","2001","2001","Female","F",Suppressed,101907,Suppressed
,"55-64 years","55-64","Nevada","32","2001","2001","Male","M",20,102075,19.6
,"55-64 years","55-64","Nevada","32","2002","2002","Female","F",13,111136,Unreliable
,"55-64 years","55-64","Nevada","32","2002","2002","Male","M",25,111082,22.5
,"55-64 years","55-64","Nevada","32","2003","2003","Female","F",13,119425,Unreliable
,"55-64 years","55-64","Nevada","32","2003","2003","Male","M",17,118328,Unreliable
,"55-64 years","55-64","Nevada","32","2004","2004","Female","F",Suppressed,128232,Suppressed
,"55-64 years","55-64","Nevada","32","2004","2004","Male","M",19,126302,Unreliable
,"55-64 years","55-64","Nevada","32","2005","2005","Female","F",22,135291,16.3
,"55-64 years","55-64","Nevada","32","2005","2005","Male","M",23,133011,17.3
,"55-64 years","55-64","Nevada","32","2006","2006","Female","F",21,142147,14.8
,"55-64 years","55-64","Nevada","32","2006","2006","Male","M",21,138899,15.1
,"55-64 years","55-64","Nevada","32","2007","2007","Female","F",10,147795,Unreliable
,"55-64 years","55-64","Nevada","32","2007","2007","Male","M",19,144262,Unreliable
,"55-64 years","55-64","Nevada","32","2008","2008","Female","F",12,151772,Unreliable
,"55-64 years","55-64","Nevada","32","2008","2008","Male","M",25,147605,16.9
,"55-64 years","55-64","Nevada","32","2009","2009","Female","F",13,156275,Unreliable
,"55-64 years","55-64","Nevada","32","2009","2009","Male","M",18,151534,Unreliable
,"55-64 years","55-64","Nevada","32","2010","2010","Female","F",10,160261,Unreliable
,"55-64 years","55-64","Nevada","32","2010","2010","Male","M",Suppressed,155238,Suppressed
,"55-64 years","55-64","Nevada","32","2011","2011","Female","F",13,166088,Unreliable
,"55-64 years","55-64","Nevada","32","2011","2011","Male","M",15,160219,Unreliable
,"55-64 years","55-64","Nevada","32","2012","2012","Female","F",Suppressed,169213,Suppressed
,"55-64 years","55-64","Nevada","32","2012","2012","Male","M",14,162197,Unreliable
,"55-64 years","55-64","Nevada","32","2013","2013","Female","F",Suppressed,172095,Suppressed
,"55-64 years","55-64","Nevada","32","2013","2013","Male","M",25,165074,15.1
,"55-64 years","55-64","Nevada","32","2014","2014","Female","F",Suppressed,176472,Suppressed
,"55-64 years","55-64","Nevada","32","2014","2014","Male","M",23,169069,13.6
,"55-64 years","55-64","Nevada","32","2015","2015","Female","F",10,180537,Unreliable
,"55-64 years","55-64","Nevada","32","2015","2015","Male","M",25,173636,14.4
,"55-64 years","55-64","Nevada","32","2016","2016","Female","F",14,184671,Unreliable
,"55-64 years","55-64","Nevada","32","2016","2016","Male","M",28,177849,15.7
,"55-64 years","55-64","Nevada","32","2017","2017","Female","F",19,188350,Unreliable
,"55-64 years","55-64","Nevada","32","2017","2017","Male","M",30,182463,16.4
,"55-64 years","55-64","Nevada","32","2018","2018","Female","F",19,190842,Unreliable
,"55-64 years","55-64","Nevada","32","2018","2018","Male","M",32,185719,17.2
,"55-64 years","55-64","Nevada","32","2019","2019","Female","F",21,194054,10.8
,"55-64 years","55-64","Nevada","32","2019","2019","Male","M",35,189422,18.5
,"55-64 years","55-64","Nevada","32","2020","2020","Female","F",21,196612,10.7
,"55-64 years","55-64","Nevada","32","2020","2020","Male","M",38,192620,19.7
,"55-64 years","55-64","New Hampshire","33","1999","1999","Female","F",Suppressed,53356,Suppressed
,"55-64 years","55-64","New Hampshire","33","1999","1999","Male","M",Suppressed,52450,Suppressed
,"55-64 years","55-64","New Hampshire","33","2000","2000","Female","F",Suppressed,55259,Suppressed
,"55-64 years","55-64","New Hampshire","33","2000","2000","Male","M",Suppressed,54400,Suppressed
,"55-64 years","55-64","New Hampshire","33","2001","2001","Female","F",Suppressed,57615,Suppressed
,"55-64 years","55-64","New Hampshire","33","2001","2001","Male","M",Suppressed,56723,Suppressed
,"55-64 years","55-64","New Hampshire","33","2002","2002","Female","F",Suppressed,62414,Suppressed
,"55-64 years","55-64","New Hampshire","33","2002","2002","Male","M",Suppressed,61460,Suppressed
,"55-64 years","55-64","New Hampshire","33","2003","2003","Female","F",Suppressed,66572,Suppressed
,"55-64 years","55-64","New Hampshire","33","2003","2003","Male","M",Suppressed,65456,Suppressed
,"55-64 years","55-64","New Hampshire","33","2004","2004","Female","F",Suppressed,70539,Suppressed
,"55-64 years","55-64","New Hampshire","33","2004","2004","Male","M",Suppressed,69260,Suppressed
,"55-64 years","55-64","New Hampshire","33","2005","2005","Female","F",Suppressed,74139,Suppressed
,"55-64 years","55-64","New Hampshire","33","2005","2005","Male","M",Suppressed,72775,Suppressed
,"55-64 years","55-64","New Hampshire","33","2006","2006","Female","F",Suppressed,77769,Suppressed
,"55-64 years","55-64","New Hampshire","33","2006","2006","Male","M",Suppressed,76287,Suppressed
,"55-64 years","55-64","New Hampshire","33","2007","2007","Female","F",Suppressed,81137,Suppressed
,"55-64 years","55-64","New Hampshire","33","2007","2007","Male","M",Suppressed,79561,Suppressed
,"55-64 years","55-64","New Hampshire","33","2008","2008","Female","F",Suppressed,84206,Suppressed
,"55-64 years","55-64","New Hampshire","33","2008","2008","Male","M",Suppressed,82377,Suppressed
,"55-64 years","55-64","New Hampshire","33","2009","2009","Female","F",Suppressed,87501,Suppressed
,"55-64 years","55-64","New Hampshire","33","2009","2009","Male","M",Suppressed,85290,Suppressed
,"55-64 years","55-64","New Hampshire","33","2010","2010","Female","F",Suppressed,90231,Suppressed
,"55-64 years","55-64","New Hampshire","33","2010","2010","Male","M",Suppressed,88012,Suppressed
,"55-64 years","55-64","New Hampshire","33","2011","2011","Female","F",Suppressed,94101,Suppressed
,"55-64 years","55-64","New Hampshire","33","2011","2011","Male","M",Suppressed,92116,Suppressed
,"55-64 years","55-64","New Hampshire","33","2012","2012","Female","F",Suppressed,95965,Suppressed
,"55-64 years","55-64","New Hampshire","33","2012","2012","Male","M",Suppressed,93547,Suppressed
,"55-64 years","55-64","New Hampshire","33","2013","2013","Female","F",Suppressed,97762,Suppressed
,"55-64 years","55-64","New Hampshire","33","2013","2013","Male","M",Suppressed,95564,Suppressed
,"55-64 years","55-64","New Hampshire","33","2014","2014","Female","F",Suppressed,100100,Suppressed
,"55-64 years","55-64","New Hampshire","33","2014","2014","Male","M",Suppressed,97595,Suppressed
,"55-64 years","55-64","New Hampshire","33","2015","2015","Female","F",Suppressed,102376,Suppressed
,"55-64 years","55-64","New Hampshire","33","2015","2015","Male","M",Suppressed,99471,Suppressed
,"55-64 years","55-64","New Hampshire","33","2016","2016","Female","F",Suppressed,104675,Suppressed
,"55-64 years","55-64","New Hampshire","33","2016","2016","Male","M",Suppressed,101481,Suppressed
,"55-64 years","55-64","New Hampshire","33","2017","2017","Female","F",Suppressed,106397,Suppressed
,"55-64 years","55-64","New Hampshire","33","2017","2017","Male","M",Suppressed,102887,Suppressed
,"55-64 years","55-64","New Hampshire","33","2018","2018","Female","F",Suppressed,108280,Suppressed
,"55-64 years","55-64","New Hampshire","33","2018","2018","Male","M",Suppressed,104235,Suppressed
,"55-64 years","55-64","New Hampshire","33","2019","2019","Female","F",Suppressed,109277,Suppressed
,"55-64 years","55-64","New Hampshire","33","2019","2019","Male","M",Suppressed,105037,Suppressed
,"55-64 years","55-64","New Hampshire","33","2020","2020","Female","F",Suppressed,109753,Suppressed
,"55-64 years","55-64","New Hampshire","33","2020","2020","Male","M",13,105420,Unreliable
,"55-64 years","55-64","New Jersey","34","1999","1999","Female","F",22,388538,5.7
,"55-64 years","55-64","New Jersey","34","1999","1999","Male","M",30,352541,8.5
,"55-64 years","55-64","New Jersey","34","2000","2000","Female","F",22,395352,5.6
,"55-64 years","55-64","New Jersey","34","2000","2000","Male","M",34,358632,9.5
,"55-64 years","55-64","New Jersey","34","2001","2001","Female","F",26,408168,6.4
,"55-64 years","55-64","New Jersey","34","2001","2001","Male","M",42,369011,11.4
,"55-64 years","55-64","New Jersey","34","2002","2002","Female","F",21,432204,4.9
,"55-64 years","55-64","New Jersey","34","2002","2002","Male","M",30,390822,7.7
,"55-64 years","55-64","New Jersey","34","2003","2003","Female","F",20,449626,4.4
,"55-64 years","55-64","New Jersey","34","2003","2003","Male","M",32,406938,7.9
,"55-64 years","55-64","New Jersey","34","2004","2004","Female","F",30,465646,6.4
,"55-64 years","55-64","New Jersey","34","2004","2004","Male","M",33,419614,7.9
,"55-64 years","55-64","New Jersey","34","2005","2005","Female","F",30,480528,6.2
,"55-64 years","55-64","New Jersey","34","2005","2005","Male","M",36,433623,8.3
,"55-64 years","55-64","New Jersey","34","2006","2006","Female","F",26,495123,5.3
,"55-64 years","55-64","New Jersey","34","2006","2006","Male","M",44,447202,9.8
,"55-64 years","55-64","New Jersey","34","2007","2007","Female","F",27,506648,5.3
,"55-64 years","55-64","New Jersey","34","2007","2007","Male","M",38,459093,8.3
,"55-64 years","55-64","New Jersey","34","2008","2008","Female","F",25,516240,4.8
,"55-64 years","55-64","New Jersey","34","2008","2008","Male","M",40,467853,8.5
,"55-64 years","55-64","New Jersey","34","2009","2009","Female","F",15,532246,Unreliable
,"55-64 years","55-64","New Jersey","34","2009","2009","Male","M",42,484788,8.7
,"55-64 years","55-64","New Jersey","34","2010","2010","Female","F",37,546969,6.8
,"55-64 years","55-64","New Jersey","34","2010","2010","Male","M",46,499196,9.2
,"55-64 years","55-64","New Jersey","34","2011","2011","Female","F",22,568021,3.9
,"55-64 years","55-64","New Jersey","34","2011","2011","Male","M",41,519346,7.9
,"55-64 years","55-64","New Jersey","34","2012","2012","Female","F",21,575430,3.6
,"55-64 years","55-64","New Jersey","34","2012","2012","Male","M",45,528133,8.5
,"55-64 years","55-64","New Jersey","34","2013","2013","Female","F",30,587564,5.1
,"55-64 years","55-64","New Jersey","34","2013","2013","Male","M",42,540141,7.8
,"55-64 years","55-64","New Jersey","34","2014","2014","Female","F",31,600759,5.2
,"55-64 years","55-64","New Jersey","34","2014","2014","Male","M",41,553469,7.4
,"55-64 years","55-64","New Jersey","34","2015","2015","Female","F",20,613453,3.3
,"55-64 years","55-64","New Jersey","34","2015","2015","Male","M",59,566337,10.4
,"55-64 years","55-64","New Jersey","34","2016","2016","Female","F",45,620332,7.3
,"55-64 years","55-64","New Jersey","34","2016","2016","Male","M",60,575478,10.4
,"55-64 years","55-64","New Jersey","34","2017","2017","Female","F",47,630377,7.5
,"55-64 years","55-64","New Jersey","34","2017","2017","Male","M",63,586428,10.7
,"55-64 years","55-64","New Jersey","34","2018","2018","Female","F",39,631101,6.2
,"55-64 years","55-64","New Jersey","34","2018","2018","Male","M",79,588230,13.4
,"55-64 years","55-64","New Jersey","34","2019","2019","Female","F",49,633286,7.7
,"55-64 years","55-64","New Jersey","34","2019","2019","Male","M",70,590363,11.9
,"55-64 years","55-64","New Jersey","34","2020","2020","Female","F",43,632396,6.8
,"55-64 years","55-64","New Jersey","34","2020","2020","Male","M",85,590263,14.4
,"55-64 years","55-64","New Mexico","35","1999","1999","Female","F",Suppressed,80579,Suppressed
,"55-64 years","55-64","New Mexico","35","1999","1999","Male","M",Suppressed,74425,Suppressed
,"55-64 years","55-64","New Mexico","35","2000","2000","Female","F",Suppressed,82557,Suppressed
,"55-64 years","55-64","New Mexico","35","2000","2000","Male","M",Suppressed,76195,Suppressed
,"55-64 years","55-64","New Mexico","35","2001","2001","Female","F",Suppressed,85437,Suppressed
,"55-64 years","55-64","New Mexico","35","2001","2001","Male","M",Suppressed,79037,Suppressed
,"55-64 years","55-64","New Mexico","35","2002","2002","Female","F",Suppressed,91108,Suppressed
,"55-64 years","55-64","New Mexico","35","2002","2002","Male","M",Suppressed,84608,Suppressed
,"55-64 years","55-64","New Mexico","35","2003","2003","Female","F",Suppressed,96046,Suppressed
,"55-64 years","55-64","New Mexico","35","2003","2003","Male","M",12,89419,Unreliable
,"55-64 years","55-64","New Mexico","35","2004","2004","Female","F",Suppressed,101296,Suppressed
,"55-64 years","55-64","New Mexico","35","2004","2004","Male","M",Suppressed,94687,Suppressed
,"55-64 years","55-64","New Mexico","35","2005","2005","Female","F",Suppressed,106960,Suppressed
,"55-64 years","55-64","New Mexico","35","2005","2005","Male","M",Suppressed,100486,Suppressed
,"55-64 years","55-64","New Mexico","35","2006","2006","Female","F",Suppressed,113268,Suppressed
,"55-64 years","55-64","New Mexico","35","2006","2006","Male","M",Suppressed,106320,Suppressed
,"55-64 years","55-64","New Mexico","35","2007","2007","Female","F",12,119249,Unreliable
,"55-64 years","55-64","New Mexico","35","2007","2007","Male","M",11,111662,Unreliable
,"55-64 years","55-64","New Mexico","35","2008","2008","Female","F",Suppressed,124095,Suppressed
,"55-64 years","55-64","New Mexico","35","2008","2008","Male","M",11,115835,Unreliable
,"55-64 years","55-64","New Mexico","35","2009","2009","Female","F",Suppressed,129130,Suppressed
,"55-64 years","55-64","New Mexico","35","2009","2009","Male","M",Suppressed,120139,Suppressed
,"55-64 years","55-64","New Mexico","35","2010","2010","Female","F",Suppressed,133168,Suppressed
,"55-64 years","55-64","New Mexico","35","2010","2010","Male","M",Suppressed,123768,Suppressed
,"55-64 years","55-64","New Mexico","35","2011","2011","Female","F",Suppressed,138405,Suppressed
,"55-64 years","55-64","New Mexico","35","2011","2011","Male","M",Suppressed,127916,Suppressed
,"55-64 years","55-64","New Mexico","35","2012","2012","Female","F",Suppressed,138953,Suppressed
,"55-64 years","55-64","New Mexico","35","2012","2012","Male","M",Suppressed,128417,Suppressed
,"55-64 years","55-64","New Mexico","35","2013","2013","Female","F",Suppressed,139531,Suppressed
,"55-64 years","55-64","New Mexico","35","2013","2013","Male","M",Suppressed,128436,Suppressed
,"55-64 years","55-64","New Mexico","35","2014","2014","Female","F",Suppressed,140675,Suppressed
,"55-64 years","55-64","New Mexico","35","2014","2014","Male","M",10,128725,Unreliable
,"55-64 years","55-64","New Mexico","35","2015","2015","Female","F",Suppressed,142058,Suppressed
,"55-64 years","55-64","New Mexico","35","2015","2015","Male","M",13,129423,Unreliable
,"55-64 years","55-64","New Mexico","35","2016","2016","Female","F",Suppressed,142889,Suppressed
,"55-64 years","55-64","New Mexico","35","2016","2016","Male","M",17,130341,Unreliable
,"55-64 years","55-64","New Mexico","35","2017","2017","Female","F",13,143521,Unreliable
,"55-64 years","55-64","New Mexico","35","2017","2017","Male","M",Suppressed,131169,Suppressed
,"55-64 years","55-64","New Mexico","35","2018","2018","Female","F",Suppressed,143175,Suppressed
,"55-64 years","55-64","New Mexico","35","2018","2018","Male","M",19,130972,Unreliable
,"55-64 years","55-64","New Mexico","35","2019","2019","Female","F",13,142663,Unreliable
,"55-64 years","55-64","New Mexico","35","2019","2019","Male","M",25,130258,19.2
,"55-64 years","55-64","New Mexico","35","2020","2020","Female","F",13,141084,Unreliable
,"55-64 years","55-64","New Mexico","35","2020","2020","Male","M",19,128828,Unreliable
,"55-64 years","55-64","New York","36","1999","1999","Female","F",54,889098,6.1
,"55-64 years","55-64","New York","36","1999","1999","Male","M",95,775941,12.2
,"55-64 years","55-64","New York","36","2000","2000","Female","F",63,901800,7.0
,"55-64 years","55-64","New York","36","2000","2000","Male","M",79,786187,10.0
,"55-64 years","55-64","New York","36","2001","2001","Female","F",67,924638,7.2
,"55-64 years","55-64","New York","36","2001","2001","Male","M",83,806901,10.3
,"55-64 years","55-64","New York","36","2002","2002","Female","F",55,970960,5.7
,"55-64 years","55-64","New York","36","2002","2002","Male","M",68,850193,8.0
,"55-64 years","55-64","New York","36","2003","2003","Female","F",54,1005797,5.4
,"55-64 years","55-64","New York","36","2003","2003","Male","M",94,883032,10.6
,"55-64 years","55-64","New York","36","2004","2004","Female","F",46,1039260,4.4
,"55-64 years","55-64","New York","36","2004","2004","Male","M",81,914401,8.9
,"55-64 years","55-64","New York","36","2005","2005","Female","F",72,1070993,6.7
,"55-64 years","55-64","New York","36","2005","2005","Male","M",77,946497,8.1
,"55-64 years","55-64","New York","36","2006","2006","Female","F",79,1101973,7.2
,"55-64 years","55-64","New York","36","2006","2006","Male","M",101,977666,10.3
,"55-64 years","55-64","New York","36","2007","2007","Female","F",48,1128689,4.3
,"55-64 years","55-64","New York","36","2007","2007","Male","M",88,1005180,8.8
,"55-64 years","55-64","New York","36","2008","2008","Female","F",58,1149766,5.0
,"55-64 years","55-64","New York","36","2008","2008","Male","M",94,1028452,9.1
,"55-64 years","55-64","New York","36","2009","2009","Female","F",58,1182654,4.9
,"55-64 years","55-64","New York","36","2009","2009","Male","M",70,1061593,6.6
,"55-64 years","55-64","New York","36","2010","2010","Female","F",49,1211462,4.0
,"55-64 years","55-64","New York","36","2010","2010","Male","M",85,1092206,7.8
,"55-64 years","55-64","New York","36","2011","2011","Female","F",57,1254134,4.5
,"55-64 years","55-64","New York","36","2011","2011","Male","M",95,1135032,8.4
,"55-64 years","55-64","New York","36","2012","2012","Female","F",63,1266403,5.0
,"55-64 years","55-64","New York","36","2012","2012","Male","M",96,1148476,8.4
,"55-64 years","55-64","New York","36","2013","2013","Female","F",76,1286176,5.9
,"55-64 years","55-64","New York","36","2013","2013","Male","M",128,1171313,10.9
,"55-64 years","55-64","New York","36","2014","2014","Female","F",81,1306194,6.2
,"55-64 years","55-64","New York","36","2014","2014","Male","M",125,1193416,10.5
,"55-64 years","55-64","New York","36","2015","2015","Female","F",80,1327418,6.0
,"55-64 years","55-64","New York","36","2015","2015","Male","M",138,1216582,11.3
,"55-64 years","55-64","New York","36","2016","2016","Female","F",82,1339405,6.1
,"55-64 years","55-64","New York","36","2016","2016","Male","M",138,1228302,11.2
,"55-64 years","55-64","New York","36","2017","2017","Female","F",94,1355860,6.9
,"55-64 years","55-64","New York","36","2017","2017","Male","M",141,1244341,11.3
,"55-64 years","55-64","New York","36","2018","2018","Female","F",89,1351771,6.6
,"55-64 years","55-64","New York","36","2018","2018","Male","M",136,1242850,10.9
,"55-64 years","55-64","New York","36","2019","2019","Female","F",69,1353034,5.1
,"55-64 years","55-64","New York","36","2019","2019","Male","M",170,1244122,13.7
,"55-64 years","55-64","New York","36","2020","2020","Female","F",88,1346245,6.5
,"55-64 years","55-64","New York","36","2020","2020","Male","M",146,1238451,11.8
,"55-64 years","55-64","North Carolina","37","1999","1999","Female","F",19,372529,Unreliable
,"55-64 years","55-64","North Carolina","37","1999","1999","Male","M",43,337298,12.7
,"55-64 years","55-64","North Carolina","37","2000","2000","Female","F",44,379252,11.6
,"55-64 years","55-64","North Carolina","37","2000","2000","Male","M",46,344460,13.4
,"55-64 years","55-64","North Carolina","37","2001","2001","Female","F",38,393606,9.7
,"55-64 years","55-64","North Carolina","37","2001","2001","Male","M",49,359046,13.6
,"55-64 years","55-64","North Carolina","37","2002","2002","Female","F",46,420583,10.9
,"55-64 years","55-64","North Carolina","37","2002","2002","Male","M",46,384501,12.0
,"55-64 years","55-64","North Carolina","37","2003","2003","Female","F",52,444058,11.7
,"55-64 years","55-64","North Carolina","37","2003","2003","Male","M",74,406936,18.2
,"55-64 years","55-64","North Carolina","37","2004","2004","Female","F",29,466369,6.2
,"55-64 years","55-64","North Carolina","37","2004","2004","Male","M",53,427657,12.4
,"55-64 years","55-64","North Carolina","37","2005","2005","Female","F",38,490768,7.7
,"55-64 years","55-64","North Carolina","37","2005","2005","Male","M",39,449250,8.7
,"55-64 years","55-64","North Carolina","37","2006","2006","Female","F",48,515501,9.3
,"55-64 years","55-64","North Carolina","37","2006","2006","Male","M",52,470588,11.1
,"55-64 years","55-64","North Carolina","37","2007","2007","Female","F",51,540771,9.4
,"55-64 years","55-64","North Carolina","37","2007","2007","Male","M",63,492505,12.8
,"55-64 years","55-64","North Carolina","37","2008","2008","Female","F",38,560400,6.8
,"55-64 years","55-64","North Carolina","37","2008","2008","Male","M",69,508196,13.6
,"55-64 years","55-64","North Carolina","37","2009","2009","Female","F",53,581934,9.1
,"55-64 years","55-64","North Carolina","37","2009","2009","Male","M",59,526246,11.2
,"55-64 years","55-64","North Carolina","37","2010","2010","Female","F",45,598483,7.5
,"55-64 years","55-64","North Carolina","37","2010","2010","Male","M",90,540278,16.7
,"55-64 years","55-64","North Carolina","37","2011","2011","Female","F",39,625008,6.2
,"55-64 years","55-64","North Carolina","37","2011","2011","Male","M",80,562458,14.2
,"55-64 years","55-64","North Carolina","37","2012","2012","Female","F",48,631352,7.6
,"55-64 years","55-64","North Carolina","37","2012","2012","Male","M",80,567962,14.1
,"55-64 years","55-64","North Carolina","37","2013","2013","Female","F",61,642355,9.5
,"55-64 years","55-64","North Carolina","37","2013","2013","Male","M",97,577562,16.8
,"55-64 years","55-64","North Carolina","37","2014","2014","Female","F",71,654558,10.8
,"55-64 years","55-64","North Carolina","37","2014","2014","Male","M",92,588034,15.6
,"55-64 years","55-64","North Carolina","37","2015","2015","Female","F",73,668957,10.9
,"55-64 years","55-64","North Carolina","37","2015","2015","Male","M",121,601543,20.1
,"55-64 years","55-64","North Carolina","37","2016","2016","Female","F",102,685021,14.9
,"55-64 years","55-64","North Carolina","37","2016","2016","Male","M",119,615907,19.3
,"55-64 years","55-64","North Carolina","37","2017","2017","Female","F",89,695730,12.8
,"55-64 years","55-64","North Carolina","37","2017","2017","Male","M",121,625948,19.3
,"55-64 years","55-64","North Carolina","37","2018","2018","Female","F",100,706628,14.2
,"55-64 years","55-64","North Carolina","37","2018","2018","Male","M",149,636355,23.4
,"55-64 years","55-64","North Carolina","37","2019","2019","Female","F",95,715387,13.3
,"55-64 years","55-64","North Carolina","37","2019","2019","Male","M",171,646738,26.4
,"55-64 years","55-64","North Carolina","37","2020","2020","Female","F",125,721346,17.3
,"55-64 years","55-64","North Carolina","37","2020","2020","Male","M",196,652739,30.0
,"55-64 years","55-64","North Dakota","38","1999","1999","Female","F",Suppressed,26858,Suppressed
,"55-64 years","55-64","North Dakota","38","1999","1999","Male","M",Suppressed,26261,Suppressed
,"55-64 years","55-64","North Dakota","38","2000","2000","Female","F",Suppressed,26983,Suppressed
,"55-64 years","55-64","North Dakota","38","2000","2000","Male","M",0,26450,Unreliable
,"55-64 years","55-64","North Dakota","38","2001","2001","Female","F",Suppressed,27477,Suppressed
,"55-64 years","55-64","North Dakota","38","2001","2001","Male","M",Suppressed,26977,Suppressed
,"55-64 years","55-64","North Dakota","38","2002","2002","Female","F",0,28589,Unreliable
,"55-64 years","55-64","North Dakota","38","2002","2002","Male","M",Suppressed,28418,Suppressed
,"55-64 years","55-64","North Dakota","38","2003","2003","Female","F",Suppressed,29519,Suppressed
,"55-64 years","55-64","North Dakota","38","2003","2003","Male","M",Suppressed,29773,Suppressed
,"55-64 years","55-64","North Dakota","38","2004","2004","Female","F",0,30631,Unreliable
,"55-64 years","55-64","North Dakota","38","2004","2004","Male","M",Suppressed,31275,Suppressed
,"55-64 years","55-64","North Dakota","38","2005","2005","Female","F",0,31955,Unreliable
,"55-64 years","55-64","North Dakota","38","2005","2005","Male","M",0,33093,Unreliable
,"55-64 years","55-64","North Dakota","38","2006","2006","Female","F",Suppressed,33372,Suppressed
,"55-64 years","55-64","North Dakota","38","2006","2006","Male","M",Suppressed,34637,Suppressed
,"55-64 years","55-64","North Dakota","38","2007","2007","Female","F",0,35009,Unreliable
,"55-64 years","55-64","North Dakota","38","2007","2007","Male","M",Suppressed,36716,Suppressed
,"55-64 years","55-64","North Dakota","38","2008","2008","Female","F",Suppressed,36583,Suppressed
,"55-64 years","55-64","North Dakota","38","2008","2008","Male","M",Suppressed,38529,Suppressed
,"55-64 years","55-64","North Dakota","38","2009","2009","Female","F",Suppressed,38308,Suppressed
,"55-64 years","55-64","North Dakota","38","2009","2009","Male","M",Suppressed,40467,Suppressed
,"55-64 years","55-64","North Dakota","38","2010","2010","Female","F",Suppressed,39885,Suppressed
,"55-64 years","55-64","North Dakota","38","2010","2010","Male","M",Suppressed,41934,Suppressed
,"55-64 years","55-64","North Dakota","38","2011","2011","Female","F",Suppressed,41888,Suppressed
,"55-64 years","55-64","North Dakota","38","2011","2011","Male","M",Suppressed,44128,Suppressed
,"55-64 years","55-64","North Dakota","38","2012","2012","Female","F",Suppressed,42889,Suppressed
,"55-64 years","55-64","North Dakota","38","2012","2012","Male","M",Suppressed,45059,Suppressed
,"55-64 years","55-64","North Dakota","38","2013","2013","Female","F",Suppressed,44046,Suppressed
,"55-64 years","55-64","North Dakota","38","2013","2013","Male","M",Suppressed,46140,Suppressed
,"55-64 years","55-64","North Dakota","38","2014","2014","Female","F",Suppressed,45113,Suppressed
,"55-64 years","55-64","North Dakota","38","2014","2014","Male","M",Suppressed,47119,Suppressed
,"55-64 years","55-64","North Dakota","38","2015","2015","Female","F",Suppressed,46137,Suppressed
,"55-64 years","55-64","North Dakota","38","2015","2015","Male","M",Suppressed,48047,Suppressed
,"55-64 years","55-64","North Dakota","38","2016","2016","Female","F",Suppressed,46628,Suppressed
,"55-64 years","55-64","North Dakota","38","2016","2016","Male","M",Suppressed,48380,Suppressed
,"55-64 years","55-64","North Dakota","38","2017","2017","Female","F",Suppressed,47012,Suppressed
,"55-64 years","55-64","North Dakota","38","2017","2017","Male","M",Suppressed,48269,Suppressed
,"55-64 years","55-64","North Dakota","38","2018","2018","Female","F",Suppressed,46954,Suppressed
,"55-64 years","55-64","North Dakota","38","2018","2018","Male","M",Suppressed,47869,Suppressed
,"55-64 years","55-64","North Dakota","38","2019","2019","Female","F",Suppressed,46470,Suppressed
,"55-64 years","55-64","North Dakota","38","2019","2019","Male","M",11,47408,Unreliable
,"55-64 years","55-64","North Dakota","38","2020","2020","Female","F",Suppressed,45668,Suppressed
,"55-64 years","55-64","North Dakota","38","2020","2020","Male","M",11,46381,Unreliable
,"55-64 years","55-64","Ohio","39","1999","1999","Female","F",48,525053,9.1
,"55-64 years","55-64","Ohio","39","1999","1999","Male","M",57,477384,11.9
,"55-64 years","55-64","Ohio","39","2000","2000","Female","F",55,528339,10.4
,"55-64 years","55-64","Ohio","39","2000","2000","Male","M",57,480567,11.9
,"55-64 years","55-64","Ohio","39","2001","2001","Female","F",69,537036,12.8
,"55-64 years","55-64","Ohio","39","2001","2001","Male","M",69,491046,14.1
,"55-64 years","55-64","Ohio","39","2002","2002","Female","F",58,567453,10.2
,"55-64 years","55-64","Ohio","39","2002","2002","Male","M",56,521442,10.7
,"55-64 years","55-64","Ohio","39","2003","2003","Female","F",46,590265,7.8
,"55-64 years","55-64","Ohio","39","2003","2003","Male","M",73,544487,13.4
,"55-64 years","55-64","Ohio","39","2004","2004","Female","F",52,613319,8.5
,"55-64 years","55-64","Ohio","39","2004","2004","Male","M",49,567780,8.6
,"55-64 years","55-64","Ohio","39","2005","2005","Female","F",49,637259,7.7
,"55-64 years","55-64","Ohio","39","2005","2005","Male","M",58,592427,9.8
,"55-64 years","55-64","Ohio","39","2006","2006","Female","F",45,660665,6.8
,"55-64 years","55-64","Ohio","39","2006","2006","Male","M",57,615683,9.3
,"55-64 years","55-64","Ohio","39","2007","2007","Female","F",34,681966,5.0
,"55-64 years","55-64","Ohio","39","2007","2007","Male","M",69,637727,10.8
,"55-64 years","55-64","Ohio","39","2008","2008","Female","F",41,700239,5.9
,"55-64 years","55-64","Ohio","39","2008","2008","Male","M",76,656266,11.6
,"55-64 years","55-64","Ohio","39","2009","2009","Female","F",44,725770,6.1
,"55-64 years","55-64","Ohio","39","2009","2009","Male","M",83,681340,12.2
,"55-64 years","55-64","Ohio","39","2010","2010","Female","F",67,748405,9.0
,"55-64 years","55-64","Ohio","39","2010","2010","Male","M",95,703861,13.5
,"55-64 years","55-64","Ohio","39","2011","2011","Female","F",55,781389,7.0
,"55-64 years","55-64","Ohio","39","2011","2011","Male","M",87,734218,11.8
,"55-64 years","55-64","Ohio","39","2012","2012","Female","F",57,788436,7.2
,"55-64 years","55-64","Ohio","39","2012","2012","Male","M",101,741182,13.6
,"55-64 years","55-64","Ohio","39","2013","2013","Female","F",64,802060,8.0
,"55-64 years","55-64","Ohio","39","2013","2013","Male","M",103,753840,13.7
,"55-64 years","55-64","Ohio","39","2014","2014","Female","F",73,812319,9.0
,"55-64 years","55-64","Ohio","39","2014","2014","Male","M",111,763947,14.5
,"55-64 years","55-64","Ohio","39","2015","2015","Female","F",77,822141,9.4
,"55-64 years","55-64","Ohio","39","2015","2015","Male","M",136,773289,17.6
,"55-64 years","55-64","Ohio","39","2016","2016","Female","F",91,827746,11.0
,"55-64 years","55-64","Ohio","39","2016","2016","Male","M",141,777623,18.1
,"55-64 years","55-64","Ohio","39","2017","2017","Female","F",89,831976,10.7
,"55-64 years","55-64","Ohio","39","2017","2017","Male","M",154,780299,19.7
,"55-64 years","55-64","Ohio","39","2018","2018","Female","F",109,832160,13.1
,"55-64 years","55-64","Ohio","39","2018","2018","Male","M",155,779388,19.9
,"55-64 years","55-64","Ohio","39","2019","2019","Female","F",116,828154,14.0
,"55-64 years","55-64","Ohio","39","2019","2019","Male","M",161,776529,20.7
,"55-64 years","55-64","Ohio","39","2020","2020","Female","F",109,819051,13.3
,"55-64 years","55-64","Ohio","39","2020","2020","Male","M",191,767907,24.9
,"55-64 years","55-64","Oklahoma","40","1999","1999","Female","F",18,161899,Unreliable
,"55-64 years","55-64","Oklahoma","40","1999","1999","Male","M",42,149688,28.1
,"55-64 years","55-64","Oklahoma","40","2000","2000","Female","F",30,164272,18.3
,"55-64 years","55-64","Oklahoma","40","2000","2000","Male","M",42,152057,27.6
,"55-64 years","55-64","Oklahoma","40","2001","2001","Female","F",30,167780,17.9
,"55-64 years","55-64","Oklahoma","40","2001","2001","Male","M",34,155414,21.9
,"55-64 years","55-64","Oklahoma","40","2002","2002","Female","F",35,176763,19.8
,"55-64 years","55-64","Oklahoma","40","2002","2002","Male","M",38,164052,23.2
,"55-64 years","55-64","Oklahoma","40","2003","2003","Female","F",33,183575,18.0
,"55-64 years","55-64","Oklahoma","40","2003","2003","Male","M",51,170364,29.9
,"55-64 years","55-64","Oklahoma","40","2004","2004","Female","F",30,189811,15.8
,"55-64 years","55-64","Oklahoma","40","2004","2004","Male","M",48,176739,27.2
,"55-64 years","55-64","Oklahoma","40","2005","2005","Female","F",32,195900,16.3
,"55-64 years","55-64","Oklahoma","40","2005","2005","Male","M",48,183046,26.2
,"55-64 years","55-64","Oklahoma","40","2006","2006","Female","F",42,203169,20.7
,"55-64 years","55-64","Oklahoma","40","2006","2006","Male","M",54,190102,28.4
,"55-64 years","55-64","Oklahoma","40","2007","2007","Female","F",41,209382,19.6
,"55-64 years","55-64","Oklahoma","40","2007","2007","Male","M",55,196092,28.0
,"55-64 years","55-64","Oklahoma","40","2008","2008","Female","F",43,215114,20.0
,"55-64 years","55-64","Oklahoma","40","2008","2008","Male","M",61,201724,30.2
,"55-64 years","55-64","Oklahoma","40","2009","2009","Female","F",55,221434,24.8
,"55-64 years","55-64","Oklahoma","40","2009","2009","Male","M",90,208075,43.3
,"55-64 years","55-64","Oklahoma","40","2010","2010","Female","F",51,226899,22.5
,"55-64 years","55-64","Oklahoma","40","2010","2010","Male","M",77,213583,36.1
,"55-64 years","55-64","Oklahoma","40","2011","2011","Female","F",39,235715,16.5
,"55-64 years","55-64","Oklahoma","40","2011","2011","Male","M",51,221826,23.0
,"55-64 years","55-64","Oklahoma","40","2012","2012","Female","F",28,237920,11.8
,"55-64 years","55-64","Oklahoma","40","2012","2012","Male","M",54,223679,24.1
,"55-64 years","55-64","Oklahoma","40","2013","2013","Female","F",50,242181,20.6
,"55-64 years","55-64","Oklahoma","40","2013","2013","Male","M",68,226949,30.0
,"55-64 years","55-64","Oklahoma","40","2014","2014","Female","F",50,245377,20.4
,"55-64 years","55-64","Oklahoma","40","2014","2014","Male","M",63,229841,27.4
,"55-64 years","55-64","Oklahoma","40","2015","2015","Female","F",43,249740,17.2
,"55-64 years","55-64","Oklahoma","40","2015","2015","Male","M",83,233771,35.5
,"55-64 years","55-64","Oklahoma","40","2016","2016","Female","F",33,251978,13.1
,"55-64 years","55-64","Oklahoma","40","2016","2016","Male","M",54,235890,22.9
,"55-64 years","55-64","Oklahoma","40","2017","2017","Female","F",55,253675,21.7
,"55-64 years","55-64","Oklahoma","40","2017","2017","Male","M",83,237621,34.9
,"55-64 years","55-64","Oklahoma","40","2018","2018","Female","F",67,254796,26.3
,"55-64 years","55-64","Oklahoma","40","2018","2018","Male","M",99,238648,41.5
,"55-64 years","55-64","Oklahoma","40","2019","2019","Female","F",76,255142,29.8
,"55-64 years","55-64","Oklahoma","40","2019","2019","Male","M",131,238552,54.9
,"55-64 years","55-64","Oklahoma","40","2020","2020","Female","F",83,253222,32.8
,"55-64 years","55-64","Oklahoma","40","2020","2020","Male","M",124,236748,52.4
,"55-64 years","55-64","Oregon","41","1999","1999","Female","F",13,150682,Unreliable
,"55-64 years","55-64","Oregon","41","1999","1999","Male","M",11,145281,Unreliable
,"55-64 years","55-64","Oregon","41","2000","2000","Female","F",Suppressed,154801,Suppressed
,"55-64 years","55-64","Oregon","41","2000","2000","Male","M",13,149587,Unreliable
,"55-64 years","55-64","Oregon","41","2001","2001","Female","F",12,162109,Unreliable
,"55-64 years","55-64","Oregon","41","2001","2001","Male","M",14,156869,Unreliable
,"55-64 years","55-64","Oregon","41","2002","2002","Female","F",10,175521,Unreliable
,"55-64 years","55-64","Oregon","41","2002","2002","Male","M",14,169625,Unreliable
,"55-64 years","55-64","Oregon","41","2003","2003","Female","F",12,186431,Unreliable
,"55-64 years","55-64","Oregon","41","2003","2003","Male","M",16,180536,Unreliable
,"55-64 years","55-64","Oregon","41","2004","2004","Female","F",10,197393,Unreliable
,"55-64 years","55-64","Oregon","41","2004","2004","Male","M",13,191240,Unreliable
,"55-64 years","55-64","Oregon","41","2005","2005","Female","F",12,210184,Unreliable
,"55-64 years","55-64","Oregon","41","2005","2005","Male","M",15,202574,Unreliable
,"55-64 years","55-64","Oregon","41","2006","2006","Female","F",Suppressed,222786,Suppressed
,"55-64 years","55-64","Oregon","41","2006","2006","Male","M",20,214050,9.3
,"55-64 years","55-64","Oregon","41","2007","2007","Female","F",17,233839,Unreliable
,"55-64 years","55-64","Oregon","41","2007","2007","Male","M",13,224095,Unreliable
,"55-64 years","55-64","Oregon","41","2008","2008","Female","F",20,243630,8.2
,"55-64 years","55-64","Oregon","41","2008","2008","Male","M",16,232986,Unreliable
,"55-64 years","55-64","Oregon","41","2009","2009","Female","F",12,254013,Unreliable
,"55-64 years","55-64","Oregon","41","2009","2009","Male","M",23,241568,9.5
,"55-64 years","55-64","Oregon","41","2010","2010","Female","F",Suppressed,261500,Suppressed
,"55-64 years","55-64","Oregon","41","2010","2010","Male","M",22,248066,8.9
,"55-64 years","55-64","Oregon","41","2011","2011","Female","F",13,271947,Unreliable
,"55-64 years","55-64","Oregon","41","2011","2011","Male","M",23,257240,8.9
,"55-64 years","55-64","Oregon","41","2012","2012","Female","F",16,274060,Unreliable
,"55-64 years","55-64","Oregon","41","2012","2012","Male","M",23,258638,8.9
,"55-64 years","55-64","Oregon","41","2013","2013","Female","F",10,277155,Unreliable
,"55-64 years","55-64","Oregon","41","2013","2013","Male","M",27,259639,10.4
,"55-64 years","55-64","Oregon","41","2014","2014","Female","F",17,279922,Unreliable
,"55-64 years","55-64","Oregon","41","2014","2014","Male","M",37,260712,14.2
,"55-64 years","55-64","Oregon","41","2015","2015","Female","F",21,282674,7.4
,"55-64 years","55-64","Oregon","41","2015","2015","Male","M",35,262454,13.3
,"55-64 years","55-64","Oregon","41","2016","2016","Female","F",17,284496,Unreliable
,"55-64 years","55-64","Oregon","41","2016","2016","Male","M",42,263477,15.9
,"55-64 years","55-64","Oregon","41","2017","2017","Female","F",22,284419,7.7
,"55-64 years","55-64","Oregon","41","2017","2017","Male","M",37,263177,14.1
,"55-64 years","55-64","Oregon","41","2018","2018","Female","F",35,282709,12.4
,"55-64 years","55-64","Oregon","41","2018","2018","Male","M",44,261776,16.8
,"55-64 years","55-64","Oregon","41","2019","2019","Female","F",28,279529,10.0
,"55-64 years","55-64","Oregon","41","2019","2019","Male","M",43,259421,16.6
,"55-64 years","55-64","Oregon","41","2020","2020","Female","F",27,275556,9.8
,"55-64 years","55-64","Oregon","41","2020","2020","Male","M",51,256668,19.9
,"55-64 years","55-64","Pennsylvania","42","1999","1999","Female","F",43,587749,7.3
,"55-64 years","55-64","Pennsylvania","42","1999","1999","Male","M",44,532986,8.3
,"55-64 years","55-64","Pennsylvania","42","2000","2000","Female","F",63,592865,10.6
,"55-64 years","55-64","Pennsylvania","42","2000","2000","Male","M",79,538760,14.7
,"55-64 years","55-64","Pennsylvania","42","2001","2001","Female","F",65,602249,10.8
,"55-64 years","55-64","Pennsylvania","42","2001","2001","Male","M",65,550478,11.8
,"55-64 years","55-64","Pennsylvania","42","2002","2002","Female","F",53,635141,8.3
,"55-64 years","55-64","Pennsylvania","42","2002","2002","Male","M",67,584387,11.5
,"55-64 years","55-64","Pennsylvania","42","2003","2003","Female","F",39,661298,5.9
,"55-64 years","55-64","Pennsylvania","42","2003","2003","Male","M",72,610775,11.8
,"55-64 years","55-64","Pennsylvania","42","2004","2004","Female","F",48,686241,7.0
,"55-64 years","55-64","Pennsylvania","42","2004","2004","Male","M",80,636060,12.6
,"55-64 years","55-64","Pennsylvania","42","2005","2005","Female","F",60,712666,8.4
,"55-64 years","55-64","Pennsylvania","42","2005","2005","Male","M",81,662238,12.2
,"55-64 years","55-64","Pennsylvania","42","2006","2006","Female","F",59,738131,8.0
,"55-64 years","55-64","Pennsylvania","42","2006","2006","Male","M",91,688920,13.2
,"55-64 years","55-64","Pennsylvania","42","2007","2007","Female","F",61,762829,8.0
,"55-64 years","55-64","Pennsylvania","42","2007","2007","Male","M",102,714841,14.3
,"55-64 years","55-64","Pennsylvania","42","2008","2008","Female","F",48,782720,6.1
,"55-64 years","55-64","Pennsylvania","42","2008","2008","Male","M",87,735644,11.8
,"55-64 years","55-64","Pennsylvania","42","2009","2009","Female","F",54,809610,6.7
,"55-64 years","55-64","Pennsylvania","42","2009","2009","Male","M",88,763516,11.5
,"55-64 years","55-64","Pennsylvania","42","2010","2010","Female","F",50,834134,6.0
,"55-64 years","55-64","Pennsylvania","42","2010","2010","Male","M",70,788210,8.9
,"55-64 years","55-64","Pennsylvania","42","2011","2011","Female","F",62,871277,7.1
,"55-64 years","55-64","Pennsylvania","42","2011","2011","Male","M",93,823559,11.3
,"55-64 years","55-64","Pennsylvania","42","2012","2012","Female","F",52,879323,5.9
,"55-64 years","55-64","Pennsylvania","42","2012","2012","Male","M",83,830939,10.0
,"55-64 years","55-64","Pennsylvania","42","2013","2013","Female","F",64,894444,7.2
,"55-64 years","55-64","Pennsylvania","42","2013","2013","Male","M",111,846405,13.1
,"55-64 years","55-64","Pennsylvania","42","2014","2014","Female","F",60,908025,6.6
,"55-64 years","55-64","Pennsylvania","42","2014","2014","Male","M",108,859653,12.6
,"55-64 years","55-64","Pennsylvania","42","2015","2015","Female","F",62,920878,6.7
,"55-64 years","55-64","Pennsylvania","42","2015","2015","Male","M",101,871002,11.6
,"55-64 years","55-64","Pennsylvania","42","2016","2016","Female","F",70,928053,7.5
,"55-64 years","55-64","Pennsylvania","42","2016","2016","Male","M",119,876000,13.6
,"55-64 years","55-64","Pennsylvania","42","2017","2017","Female","F",67,933076,7.2
,"55-64 years","55-64","Pennsylvania","42","2017","2017","Male","M",148,878742,16.8
,"55-64 years","55-64","Pennsylvania","42","2018","2018","Female","F",91,932721,9.8
,"55-64 years","55-64","Pennsylvania","42","2018","2018","Male","M",138,877084,15.7
,"55-64 years","55-64","Pennsylvania","42","2019","2019","Female","F",92,930064,9.9
,"55-64 years","55-64","Pennsylvania","42","2019","2019","Male","M",150,874819,17.1
,"55-64 years","55-64","Pennsylvania","42","2020","2020","Female","F",80,922601,8.7
,"55-64 years","55-64","Pennsylvania","42","2020","2020","Male","M",164,867468,18.9
,"55-64 years","55-64","Rhode Island","44","1999","1999","Female","F",0,45606,Unreliable
,"55-64 years","55-64","Rhode Island","44","1999","1999","Male","M",Suppressed,41269,Suppressed
,"55-64 years","55-64","Rhode Island","44","2000","2000","Female","F",Suppressed,46667,Suppressed
,"55-64 years","55-64","Rhode Island","44","2000","2000","Male","M",0,42322,Unreliable
,"55-64 years","55-64","Rhode Island","44","2001","2001","Female","F",Suppressed,48111,Suppressed
,"55-64 years","55-64","Rhode Island","44","2001","2001","Male","M",Suppressed,44023,Suppressed
,"55-64 years","55-64","Rhode Island","44","2002","2002","Female","F",0,51360,Unreliable
,"55-64 years","55-64","Rhode Island","44","2002","2002","Male","M",Suppressed,47327,Suppressed
,"55-64 years","55-64","Rhode Island","44","2003","2003","Female","F",0,53821,Unreliable
,"55-64 years","55-64","Rhode Island","44","2003","2003","Male","M",Suppressed,49805,Suppressed
,"55-64 years","55-64","Rhode Island","44","2004","2004","Female","F",Suppressed,56093,Suppressed
,"55-64 years","55-64","Rhode Island","44","2004","2004","Male","M",Suppressed,52136,Suppressed
,"55-64 years","55-64","Rhode Island","44","2005","2005","Female","F",Suppressed,57960,Suppressed
,"55-64 years","55-64","Rhode Island","44","2005","2005","Male","M",0,54230,Unreliable
,"55-64 years","55-64","Rhode Island","44","2006","2006","Female","F",0,59886,Unreliable
,"55-64 years","55-64","Rhode Island","44","2006","2006","Male","M",Suppressed,56292,Suppressed
,"55-64 years","55-64","Rhode Island","44","2007","2007","Female","F",Suppressed,61815,Suppressed
,"55-64 years","55-64","Rhode Island","44","2007","2007","Male","M",Suppressed,57911,Suppressed
,"55-64 years","55-64","Rhode Island","44","2008","2008","Female","F",Suppressed,63330,Suppressed
,"55-64 years","55-64","Rhode Island","44","2008","2008","Male","M",Suppressed,59045,Suppressed
,"55-64 years","55-64","Rhode Island","44","2009","2009","Female","F",0,65593,Unreliable
,"55-64 years","55-64","Rhode Island","44","2009","2009","Male","M",0,61119,Unreliable
,"55-64 years","55-64","Rhode Island","44","2010","2010","Female","F",Suppressed,67712,Suppressed
,"55-64 years","55-64","Rhode Island","44","2010","2010","Male","M",Suppressed,62877,Suppressed
,"55-64 years","55-64","Rhode Island","44","2011","2011","Female","F",Suppressed,70376,Suppressed
,"55-64 years","55-64","Rhode Island","44","2011","2011","Male","M",0,65300,Unreliable
,"55-64 years","55-64","Rhode Island","44","2012","2012","Female","F",Suppressed,71014,Suppressed
,"55-64 years","55-64","Rhode Island","44","2012","2012","Male","M",Suppressed,65868,Suppressed
,"55-64 years","55-64","Rhode Island","44","2013","2013","Female","F",Suppressed,72702,Suppressed
,"55-64 years","55-64","Rhode Island","44","2013","2013","Male","M",Suppressed,67176,Suppressed
,"55-64 years","55-64","Rhode Island","44","2014","2014","Female","F",Suppressed,74325,Suppressed
,"55-64 years","55-64","Rhode Island","44","2014","2014","Male","M",Suppressed,68059,Suppressed
,"55-64 years","55-64","Rhode Island","44","2015","2015","Female","F",Suppressed,75706,Suppressed
,"55-64 years","55-64","Rhode Island","44","2015","2015","Male","M",10,69119,Unreliable
,"55-64 years","55-64","Rhode Island","44","2016","2016","Female","F",Suppressed,76741,Suppressed
,"55-64 years","55-64","Rhode Island","44","2016","2016","Male","M",10,70154,Unreliable
,"55-64 years","55-64","Rhode Island","44","2017","2017","Female","F",Suppressed,77479,Suppressed
,"55-64 years","55-64","Rhode Island","44","2017","2017","Male","M",Suppressed,71099,Suppressed
,"55-64 years","55-64","Rhode Island","44","2018","2018","Female","F",Suppressed,77985,Suppressed
,"55-64 years","55-64","Rhode Island","44","2018","2018","Male","M",Suppressed,71173,Suppressed
,"55-64 years","55-64","Rhode Island","44","2019","2019","Female","F",Suppressed,78233,Suppressed
,"55-64 years","55-64","Rhode Island","44","2019","2019","Male","M",Suppressed,71376,Suppressed
,"55-64 years","55-64","Rhode Island","44","2020","2020","Female","F",Suppressed,78044,Suppressed
,"55-64 years","55-64","Rhode Island","44","2020","2020","Male","M",Suppressed,71125,Suppressed
,"55-64 years","55-64","South Carolina","45","1999","1999","Female","F",29,190345,15.2
,"55-64 years","55-64","South Carolina","45","1999","1999","Male","M",39,172669,22.6
,"55-64 years","55-64","South Carolina","45","2000","2000","Female","F",22,195206,11.3
,"55-64 years","55-64","South Carolina","45","2000","2000","Male","M",34,177705,19.1
,"55-64 years","55-64","South Carolina","45","2001","2001","Female","F",32,202666,15.8
,"55-64 years","55-64","South Carolina","45","2001","2001","Male","M",50,185016,27.0
,"55-64 years","55-64","South Carolina","45","2002","2002","Female","F",36,216244,16.6
,"55-64 years","55-64","South Carolina","45","2002","2002","Male","M",57,197815,28.8
,"55-64 years","55-64","South Carolina","45","2003","2003","Female","F",35,228212,15.3
,"55-64 years","55-64","South Carolina","45","2003","2003","Male","M",57,208756,27.3
,"55-64 years","55-64","South Carolina","45","2004","2004","Female","F",52,239854,21.7
,"55-64 years","55-64","South Carolina","45","2004","2004","Male","M",56,219565,25.5
,"55-64 years","55-64","South Carolina","45","2005","2005","Female","F",43,252398,17.0
,"55-64 years","55-64","South Carolina","45","2005","2005","Male","M",58,230602,25.2
,"55-64 years","55-64","South Carolina","45","2006","2006","Female","F",46,265651,17.3
,"55-64 years","55-64","South Carolina","45","2006","2006","Male","M",70,242011,28.9
,"55-64 years","55-64","South Carolina","45","2007","2007","Female","F",48,278390,17.2
,"55-64 years","55-64","South Carolina","45","2007","2007","Male","M",56,252549,22.2
,"55-64 years","55-64","South Carolina","45","2008","2008","Female","F",47,289710,16.2
,"55-64 years","55-64","South Carolina","45","2008","2008","Male","M",70,261004,26.8
,"55-64 years","55-64","South Carolina","45","2009","2009","Female","F",39,299884,13.0
,"55-64 years","55-64","South Carolina","45","2009","2009","Male","M",61,269008,22.7
,"55-64 years","55-64","South Carolina","45","2010","2010","Female","F",38,308351,12.3
,"55-64 years","55-64","South Carolina","45","2010","2010","Male","M",57,275444,20.7
,"55-64 years","55-64","South Carolina","45","2011","2011","Female","F",48,321139,14.9
,"55-64 years","55-64","South Carolina","45","2011","2011","Male","M",59,285552,20.7
,"55-64 years","55-64","South Carolina","45","2012","2012","Female","F",51,323892,15.7
,"55-64 years","55-64","South Carolina","45","2012","2012","Male","M",75,286831,26.1
,"55-64 years","55-64","South Carolina","45","2013","2013","Female","F",51,329196,15.5
,"55-64 years","55-64","South Carolina","45","2013","2013","Male","M",90,290866,30.9
,"55-64 years","55-64","South Carolina","45","2014","2014","Female","F",57,335515,17.0
,"55-64 years","55-64","South Carolina","45","2014","2014","Male","M",94,295792,31.8
,"55-64 years","55-64","South Carolina","45","2015","2015","Female","F",49,342556,14.3
,"55-64 years","55-64","South Carolina","45","2015","2015","Male","M",81,301735,26.8
,"55-64 years","55-64","South Carolina","45","2016","2016","Female","F",55,350007,15.7
,"55-64 years","55-64","South Carolina","45","2016","2016","Male","M",90,308195,29.2
,"55-64 years","55-64","South Carolina","45","2017","2017","Female","F",62,354870,17.5
,"55-64 years","55-64","South Carolina","45","2017","2017","Male","M",97,312466,31.0
,"55-64 years","55-64","South Carolina","45","2018","2018","Female","F",70,360303,19.4
,"55-64 years","55-64","South Carolina","45","2018","2018","Male","M",105,317996,33.0
,"55-64 years","55-64","South Carolina","45","2019","2019","Female","F",72,365807,19.7
,"55-64 years","55-64","South Carolina","45","2019","2019","Male","M",123,323337,38.0
,"55-64 years","55-64","South Carolina","45","2020","2020","Female","F",68,369890,18.4
,"55-64 years","55-64","South Carolina","45","2020","2020","Male","M",130,326973,39.8
,"55-64 years","55-64","South Dakota","46","1999","1999","Female","F",Suppressed,31321,Suppressed
,"55-64 years","55-64","South Dakota","46","1999","1999","Male","M",Suppressed,30162,Suppressed
,"55-64 years","55-64","South Dakota","46","2000","2000","Female","F",Suppressed,31738,Suppressed
,"55-64 years","55-64","South Dakota","46","2000","2000","Male","M",Suppressed,30611,Suppressed
,"55-64 years","55-64","South Dakota","46","2001","2001","Female","F",Suppressed,32443,Suppressed
,"55-64 years","55-64","South Dakota","46","2001","2001","Male","M",Suppressed,31543,Suppressed
,"55-64 years","55-64","South Dakota","46","2002","2002","Female","F",Suppressed,33891,Suppressed
,"55-64 years","55-64","South Dakota","46","2002","2002","Male","M",10,33372,Unreliable
,"55-64 years","55-64","South Dakota","46","2003","2003","Female","F",Suppressed,35289,Suppressed
,"55-64 years","55-64","South Dakota","46","2003","2003","Male","M",Suppressed,35215,Suppressed
,"55-64 years","55-64","South Dakota","46","2004","2004","Female","F",Suppressed,37058,Suppressed
,"55-64 years","55-64","South Dakota","46","2004","2004","Male","M",Suppressed,37390,Suppressed
,"55-64 years","55-64","South Dakota","46","2005","2005","Female","F",Suppressed,38820,Suppressed
,"55-64 years","55-64","South Dakota","46","2005","2005","Male","M",0,39599,Unreliable
,"55-64 years","55-64","South Dakota","46","2006","2006","Female","F",Suppressed,40899,Suppressed
,"55-64 years","55-64","South Dakota","46","2006","2006","Male","M",0,41668,Unreliable
,"55-64 years","55-64","South Dakota","46","2007","2007","Female","F",0,43095,Unreliable
,"55-64 years","55-64","South Dakota","46","2007","2007","Male","M",0,43995,Unreliable
,"55-64 years","55-64","South Dakota","46","2008","2008","Female","F",Suppressed,44845,Suppressed
,"55-64 years","55-64","South Dakota","46","2008","2008","Male","M",Suppressed,46006,Suppressed
,"55-64 years","55-64","South Dakota","46","2009","2009","Female","F",Suppressed,46663,Suppressed
,"55-64 years","55-64","South Dakota","46","2009","2009","Male","M",Suppressed,47949,Suppressed
,"55-64 years","55-64","South Dakota","46","2010","2010","Female","F",Suppressed,48259,Suppressed
,"55-64 years","55-64","South Dakota","46","2010","2010","Male","M",0,49545,Unreliable
,"55-64 years","55-64","South Dakota","46","2011","2011","Female","F",Suppressed,51021,Suppressed
,"55-64 years","55-64","South Dakota","46","2011","2011","Male","M",Suppressed,52294,Suppressed
,"55-64 years","55-64","South Dakota","46","2012","2012","Female","F",Suppressed,52809,Suppressed
,"55-64 years","55-64","South Dakota","46","2012","2012","Male","M",Suppressed,53695,Suppressed
,"55-64 years","55-64","South Dakota","46","2013","2013","Female","F",Suppressed,54481,Suppressed
,"55-64 years","55-64","South Dakota","46","2013","2013","Male","M",Suppressed,55175,Suppressed
,"55-64 years","55-64","South Dakota","46","2014","2014","Female","F",Suppressed,55701,Suppressed
,"55-64 years","55-64","South Dakota","46","2014","2014","Male","M",Suppressed,56094,Suppressed
,"55-64 years","55-64","South Dakota","46","2015","2015","Female","F",Suppressed,57113,Suppressed
,"55-64 years","55-64","South Dakota","46","2015","2015","Male","M",Suppressed,57153,Suppressed
,"55-64 years","55-64","South Dakota","46","2016","2016","Female","F",Suppressed,57881,Suppressed
,"55-64 years","55-64","South Dakota","46","2016","2016","Male","M",Suppressed,57823,Suppressed
,"55-64 years","55-64","South Dakota","46","2017","2017","Female","F",Suppressed,58251,Suppressed
,"55-64 years","55-64","South Dakota","46","2017","2017","Male","M",Suppressed,57999,Suppressed
,"55-64 years","55-64","South Dakota","46","2018","2018","Female","F",Suppressed,58983,Suppressed
,"55-64 years","55-64","South Dakota","46","2018","2018","Male","M",Suppressed,58278,Suppressed
,"55-64 years","55-64","South Dakota","46","2019","2019","Female","F",Suppressed,59013,Suppressed
,"55-64 years","55-64","South Dakota","46","2019","2019","Male","M",Suppressed,58485,Suppressed
,"55-64 years","55-64","South Dakota","46","2020","2020","Female","F",0,58826,Unreliable
,"55-64 years","55-64","South Dakota","46","2020","2020","Male","M",Suppressed,58075,Suppressed
,"55-64 years","55-64","Tennessee","47","1999","1999","Female","F",29,272916,10.6
,"55-64 years","55-64","Tennessee","47","1999","1999","Male","M",42,250764,16.7
,"55-64 years","55-64","Tennessee","47","2000","2000","Female","F",25,277450,9.0
,"55-64 years","55-64","Tennessee","47","2000","2000","Male","M",31,255801,12.1
,"55-64 years","55-64","Tennessee","47","2001","2001","Female","F",30,284889,10.5
,"55-64 years","55-64","Tennessee","47","2001","2001","Male","M",31,263636,11.8
,"55-64 years","55-64","Tennessee","47","2002","2002","Female","F",21,302228,6.9
,"55-64 years","55-64","Tennessee","47","2002","2002","Male","M",28,281358,10.0
,"55-64 years","55-64","Tennessee","47","2003","2003","Female","F",26,316011,8.2
,"55-64 years","55-64","Tennessee","47","2003","2003","Male","M",35,295322,11.9
,"55-64 years","55-64","Tennessee","47","2004","2004","Female","F",18,330003,Unreliable
,"55-64 years","55-64","Tennessee","47","2004","2004","Male","M",25,308185,8.1
,"55-64 years","55-64","Tennessee","47","2005","2005","Female","F",27,343950,7.8
,"55-64 years","55-64","Tennessee","47","2005","2005","Male","M",35,321581,10.9
,"55-64 years","55-64","Tennessee","47","2006","2006","Female","F",33,358955,9.2
,"55-64 years","55-64","Tennessee","47","2006","2006","Male","M",52,335870,15.5
,"55-64 years","55-64","Tennessee","47","2007","2007","Female","F",25,372675,6.7
,"55-64 years","55-64","Tennessee","47","2007","2007","Male","M",51,347067,14.7
,"55-64 years","55-64","Tennessee","47","2008","2008","Female","F",29,384533,7.5
,"55-64 years","55-64","Tennessee","47","2008","2008","Male","M",37,356522,10.4
,"55-64 years","55-64","Tennessee","47","2009","2009","Female","F",34,397731,8.5
,"55-64 years","55-64","Tennessee","47","2009","2009","Male","M",45,367445,12.2
,"55-64 years","55-64","Tennessee","47","2010","2010","Female","F",33,409070,8.1
,"55-64 years","55-64","Tennessee","47","2010","2010","Male","M",46,376645,12.2
,"55-64 years","55-64","Tennessee","47","2011","2011","Female","F",28,426329,6.6
,"55-64 years","55-64","Tennessee","47","2011","2011","Male","M",49,390788,12.5
,"55-64 years","55-64","Tennessee","47","2012","2012","Female","F",39,430177,9.1
,"55-64 years","55-64","Tennessee","47","2012","2012","Male","M",62,392459,15.8
,"55-64 years","55-64","Tennessee","47","2013","2013","Female","F",52,435862,11.9
,"55-64 years","55-64","Tennessee","47","2013","2013","Male","M",71,396342,17.9
,"55-64 years","55-64","Tennessee","47","2014","2014","Female","F",40,441449,9.1
,"55-64 years","55-64","Tennessee","47","2014","2014","Male","M",62,400817,15.5
,"55-64 years","55-64","Tennessee","47","2015","2015","Female","F",45,448348,10.0
,"55-64 years","55-64","Tennessee","47","2015","2015","Male","M",74,406835,18.2
,"55-64 years","55-64","Tennessee","47","2016","2016","Female","F",58,454578,12.8
,"55-64 years","55-64","Tennessee","47","2016","2016","Male","M",86,412145,20.9
,"55-64 years","55-64","Tennessee","47","2017","2017","Female","F",63,459699,13.7
,"55-64 years","55-64","Tennessee","47","2017","2017","Male","M",98,417349,23.5
,"55-64 years","55-64","Tennessee","47","2018","2018","Female","F",78,463968,16.8
,"55-64 years","55-64","Tennessee","47","2018","2018","Male","M",102,422206,24.2
,"55-64 years","55-64","Tennessee","47","2019","2019","Female","F",71,468458,15.2
,"55-64 years","55-64","Tennessee","47","2019","2019","Male","M",101,426239,23.7
,"55-64 years","55-64","Tennessee","47","2020","2020","Female","F",81,471148,17.2
,"55-64 years","55-64","Tennessee","47","2020","2020","Male","M",117,429444,27.2
,"55-64 years","55-64","Texas","48","1999","1999","Female","F",95,806619,11.8
,"55-64 years","55-64","Texas","48","1999","1999","Male","M",114,750046,15.2
,"55-64 years","55-64","Texas","48","2000","2000","Female","F",94,827390,11.4
,"55-64 years","55-64","Texas","48","2000","2000","Male","M",115,770800,14.9
,"55-64 years","55-64","Texas","48","2001","2001","Female","F",134,860674,15.6
,"55-64 years","55-64","Texas","48","2001","2001","Male","M",148,805088,18.4
,"55-64 years","55-64","Texas","48","2002","2002","Female","F",114,917972,12.4
,"55-64 years","55-64","Texas","48","2002","2002","Male","M",148,861684,17.2
,"55-64 years","55-64","Texas","48","2003","2003","Female","F",111,967532,11.5
,"55-64 years","55-64","Texas","48","2003","2003","Male","M",150,909768,16.5
,"55-64 years","55-64","Texas","48","2004","2004","Female","F",106,1018683,10.4
,"55-64 years","55-64","Texas","48","2004","2004","Male","M",167,958360,17.4
,"55-64 years","55-64","Texas","48","2005","2005","Female","F",118,1074020,11.0
,"55-64 years","55-64","Texas","48","2005","2005","Male","M",176,1008906,17.4
,"55-64 years","55-64","Texas","48","2006","2006","Female","F",130,1133137,11.5
,"55-64 years","55-64","Texas","48","2006","2006","Male","M",167,1063550,15.7
,"55-64 years","55-64","Texas","48","2007","2007","Female","F",119,1186806,10.0
,"55-64 years","55-64","Texas","48","2007","2007","Male","M",204,1113324,18.3
,"55-64 years","55-64","Texas","48","2008","2008","Female","F",129,1239137,10.4
,"55-64 years","55-64","Texas","48","2008","2008","Male","M",189,1160753,16.3
,"55-64 years","55-64","Texas","48","2009","2009","Female","F",137,1295260,10.6
,"55-64 years","55-64","Texas","48","2009","2009","Male","M",225,1212892,18.6
,"55-64 years","55-64","Texas","48","2010","2010","Female","F",134,1340596,10.0
,"55-64 years","55-64","Texas","48","2010","2010","Male","M",231,1257095,18.4
,"55-64 years","55-64","Texas","48","2011","2011","Female","F",129,1411545,9.1
,"55-64 years","55-64","Texas","48","2011","2011","Male","M",199,1323218,15.0
,"55-64 years","55-64","Texas","48","2012","2012","Female","F",143,1445863,9.9
,"55-64 years","55-64","Texas","48","2012","2012","Male","M",229,1354552,16.9
,"55-64 years","55-64","Texas","48","2013","2013","Female","F",170,1483260,11.5
,"55-64 years","55-64","Texas","48","2013","2013","Male","M",253,1391635,18.2
,"55-64 years","55-64","Texas","48","2014","2014","Female","F",170,1527762,11.1
,"55-64 years","55-64","Texas","48","2014","2014","Male","M",276,1434534,19.2
,"55-64 years","55-64","Texas","48","2015","2015","Female","F",167,1572643,10.6
,"55-64 years","55-64","Texas","48","2015","2015","Male","M",287,1478988,19.4
,"55-64 years","55-64","Texas","48","2016","2016","Female","F",177,1605513,11.0
,"55-64 years","55-64","Texas","48","2016","2016","Male","M",359,1510506,23.8
,"55-64 years","55-64","Texas","48","2017","2017","Female","F",188,1639775,11.5
,"55-64 years","55-64","Texas","48","2017","2017","Male","M",356,1544989,23.0
,"55-64 years","55-64","Texas","48","2018","2018","Female","F",201,1664266,12.1
,"55-64 years","55-64","Texas","48","2018","2018","Male","M",356,1570024,22.7
,"55-64 years","55-64","Texas","48","2019","2019","Female","F",245,1683677,14.6
,"55-64 years","55-64","Texas","48","2019","2019","Male","M",383,1591565,24.1
,"55-64 years","55-64","Texas","48","2020","2020","Female","F",226,1694684,13.3
,"55-64 years","55-64","Texas","48","2020","2020","Male","M",453,1604040,28.2
,"55-64 years","55-64","Utah","49","1999","1999","Female","F",Suppressed,71524,Suppressed
,"55-64 years","55-64","Utah","49","1999","1999","Male","M",Suppressed,68062,Suppressed
,"55-64 years","55-64","Utah","49","2000","2000","Female","F",Suppressed,72988,Suppressed
,"55-64 years","55-64","Utah","49","2000","2000","Male","M",Suppressed,69520,Suppressed
,"55-64 years","55-64","Utah","49","2001","2001","Female","F",Suppressed,75960,Suppressed
,"55-64 years","55-64","Utah","49","2001","2001","Male","M",Suppressed,72891,Suppressed
,"55-64 years","55-64","Utah","49","2002","2002","Female","F",Suppressed,81198,Suppressed
,"55-64 years","55-64","Utah","49","2002","2002","Male","M",Suppressed,77902,Suppressed
,"55-64 years","55-64","Utah","49","2003","2003","Female","F",Suppressed,85629,Suppressed
,"55-64 years","55-64","Utah","49","2003","2003","Male","M",Suppressed,82436,Suppressed
,"55-64 years","55-64","Utah","49","2004","2004","Female","F",Suppressed,90443,Suppressed
,"55-64 years","55-64","Utah","49","2004","2004","Male","M",11,87135,Unreliable
,"55-64 years","55-64","Utah","49","2005","2005","Female","F",Suppressed,96072,Suppressed
,"55-64 years","55-64","Utah","49","2005","2005","Male","M",17,92803,Unreliable
,"55-64 years","55-64","Utah","49","2006","2006","Female","F",Suppressed,102018,Suppressed
,"55-64 years","55-64","Utah","49","2006","2006","Male","M",Suppressed,98654,Suppressed
,"55-64 years","55-64","Utah","49","2007","2007","Female","F",Suppressed,107518,Suppressed
,"55-64 years","55-64","Utah","49","2007","2007","Male","M",14,103708,Unreliable
,"55-64 years","55-64","Utah","49","2008","2008","Female","F",Suppressed,112471,Suppressed
,"55-64 years","55-64","Utah","49","2008","2008","Male","M",Suppressed,108595,Suppressed
,"55-64 years","55-64","Utah","49","2009","2009","Female","F",Suppressed,117473,Suppressed
,"55-64 years","55-64","Utah","49","2009","2009","Male","M",19,113730,Unreliable
,"55-64 years","55-64","Utah","49","2010","2010","Female","F",Suppressed,121988,Suppressed
,"55-64 years","55-64","Utah","49","2010","2010","Male","M",Suppressed,118253,Suppressed
,"55-64 years","55-64","Utah","49","2011","2011","Female","F",Suppressed,129024,Suppressed
,"55-64 years","55-64","Utah","49","2011","2011","Male","M",10,125006,Unreliable
,"55-64 years","55-64","Utah","49","2012","2012","Female","F",11,132569,Unreliable
,"55-64 years","55-64","Utah","49","2012","2012","Male","M",12,128806,Unreliable
,"55-64 years","55-64","Utah","49","2013","2013","Female","F",13,136913,Unreliable
,"55-64 years","55-64","Utah","49","2013","2013","Male","M",16,132676,Unreliable
,"55-64 years","55-64","Utah","49","2014","2014","Female","F",Suppressed,140596,Suppressed
,"55-64 years","55-64","Utah","49","2014","2014","Male","M",14,135973,Unreliable
,"55-64 years","55-64","Utah","49","2015","2015","Female","F",Suppressed,144773,Suppressed
,"55-64 years","55-64","Utah","49","2015","2015","Male","M",21,139660,15.0
,"55-64 years","55-64","Utah","49","2016","2016","Female","F",11,148188,Unreliable
,"55-64 years","55-64","Utah","49","2016","2016","Male","M",16,142971,Unreliable
,"55-64 years","55-64","Utah","49","2017","2017","Female","F",16,151020,Unreliable
,"55-64 years","55-64","Utah","49","2017","2017","Male","M",18,145379,Unreliable
,"55-64 years","55-64","Utah","49","2018","2018","Female","F",16,152873,Unreliable
,"55-64 years","55-64","Utah","49","2018","2018","Male","M",17,147287,Unreliable
,"55-64 years","55-64","Utah","49","2019","2019","Female","F",12,154550,Unreliable
,"55-64 years","55-64","Utah","49","2019","2019","Male","M",24,148584,16.2
,"55-64 years","55-64","Utah","49","2020","2020","Female","F",15,154718,Unreliable
,"55-64 years","55-64","Utah","49","2020","2020","Male","M",22,149376,14.7
,"55-64 years","55-64","Vermont","50","1999","1999","Female","F",Suppressed,27803,Suppressed
,"55-64 years","55-64","Vermont","50","1999","1999","Male","M",Suppressed,27251,Suppressed
,"55-64 years","55-64","Vermont","50","2000","2000","Female","F",Suppressed,28737,Suppressed
,"55-64 years","55-64","Vermont","50","2000","2000","Male","M",Suppressed,28183,Suppressed
,"55-64 years","55-64","Vermont","50","2001","2001","Female","F",Suppressed,29922,Suppressed
,"55-64 years","55-64","Vermont","50","2001","2001","Male","M",Suppressed,29333,Suppressed
,"55-64 years","55-64","Vermont","50","2002","2002","Female","F",0,32058,Unreliable
,"55-64 years","55-64","Vermont","50","2002","2002","Male","M",Suppressed,31584,Suppressed
,"55-64 years","55-64","Vermont","50","2003","2003","Female","F",0,33872,Unreliable
,"55-64 years","55-64","Vermont","50","2003","2003","Male","M",0,33566,Unreliable
,"55-64 years","55-64","Vermont","50","2004","2004","Female","F",Suppressed,35870,Suppressed
,"55-64 years","55-64","Vermont","50","2004","2004","Male","M",Suppressed,35574,Suppressed
,"55-64 years","55-64","Vermont","50","2005","2005","Female","F",Suppressed,37515,Suppressed
,"55-64 years","55-64","Vermont","50","2005","2005","Male","M",Suppressed,37402,Suppressed
,"55-64 years","55-64","Vermont","50","2006","2006","Female","F",Suppressed,39325,Suppressed
,"55-64 years","55-64","Vermont","50","2006","2006","Male","M",Suppressed,39109,Suppressed
,"55-64 years","55-64","Vermont","50","2007","2007","Female","F",Suppressed,41105,Suppressed
,"55-64 years","55-64","Vermont","50","2007","2007","Male","M",Suppressed,40656,Suppressed
,"55-64 years","55-64","Vermont","50","2008","2008","Female","F",0,42594,Unreliable
,"55-64 years","55-64","Vermont","50","2008","2008","Male","M",Suppressed,41833,Suppressed
,"55-64 years","55-64","Vermont","50","2009","2009","Female","F",0,44166,Unreliable
,"55-64 years","55-64","Vermont","50","2009","2009","Male","M",0,43258,Unreliable
,"55-64 years","55-64","Vermont","50","2010","2010","Female","F",Suppressed,45459,Suppressed
,"55-64 years","55-64","Vermont","50","2010","2010","Male","M",0,44514,Unreliable
,"55-64 years","55-64","Vermont","50","2011","2011","Female","F",0,47262,Unreliable
,"55-64 years","55-64","Vermont","50","2011","2011","Male","M",Suppressed,46269,Suppressed
,"55-64 years","55-64","Vermont","50","2012","2012","Female","F",0,47828,Unreliable
,"55-64 years","55-64","Vermont","50","2012","2012","Male","M",Suppressed,46539,Suppressed
,"55-64 years","55-64","Vermont","50","2013","2013","Female","F",Suppressed,48527,Suppressed
,"55-64 years","55-64","Vermont","50","2013","2013","Male","M",0,46730,Unreliable
,"55-64 years","55-64","Vermont","50","2014","2014","Female","F",0,49102,Unreliable
,"55-64 years","55-64","Vermont","50","2014","2014","Male","M",Suppressed,47122,Suppressed
,"55-64 years","55-64","Vermont","50","2015","2015","Female","F",0,49385,Unreliable
,"55-64 years","55-64","Vermont","50","2015","2015","Male","M",Suppressed,47360,Suppressed
,"55-64 years","55-64","Vermont","50","2016","2016","Female","F",0,49482,Unreliable
,"55-64 years","55-64","Vermont","50","2016","2016","Male","M",Suppressed,47409,Suppressed
,"55-64 years","55-64","Vermont","50","2017","2017","Female","F",0,49594,Unreliable
,"55-64 years","55-64","Vermont","50","2017","2017","Male","M",Suppressed,47235,Suppressed
,"55-64 years","55-64","Vermont","50","2018","2018","Female","F",Suppressed,49499,Suppressed
,"55-64 years","55-64","Vermont","50","2018","2018","Male","M",Suppressed,46990,Suppressed
,"55-64 years","55-64","Vermont","50","2019","2019","Female","F",0,48971,Unreliable
,"55-64 years","55-64","Vermont","50","2019","2019","Male","M",Suppressed,46408,Suppressed
,"55-64 years","55-64","Vermont","50","2020","2020","Female","F",Suppressed,48215,Suppressed
,"55-64 years","55-64","Vermont","50","2020","2020","Male","M",Suppressed,45476,Suppressed
,"55-64 years","55-64","Virginia","51","1999","1999","Female","F",33,317349,10.4
,"55-64 years","55-64","Virginia","51","1999","1999","Male","M",47,297502,15.8
,"55-64 years","55-64","Virginia","51","2000","2000","Female","F",42,325754,12.9
,"55-64 years","55-64","Virginia","51","2000","2000","Male","M",42,305857,13.7
,"55-64 years","55-64","Virginia","51","2001","2001","Female","F",35,339149,10.3
,"55-64 years","55-64","Virginia","51","2001","2001","Male","M",49,318881,15.4
,"55-64 years","55-64","Virginia","51","2002","2002","Female","F",24,363845,6.6
,"55-64 years","55-64","Virginia","51","2002","2002","Male","M",37,342072,10.8
,"55-64 years","55-64","Virginia","51","2003","2003","Female","F",39,383715,10.2
,"55-64 years","55-64","Virginia","51","2003","2003","Male","M",41,360265,11.4
,"55-64 years","55-64","Virginia","51","2004","2004","Female","F",40,403925,9.9
,"55-64 years","55-64","Virginia","51","2004","2004","Male","M",51,378392,13.5
,"55-64 years","55-64","Virginia","51","2005","2005","Female","F",39,421519,9.3
,"55-64 years","55-64","Virginia","51","2005","2005","Male","M",56,394007,14.2
,"55-64 years","55-64","Virginia","51","2006","2006","Female","F",39,437843,8.9
,"55-64 years","55-64","Virginia","51","2006","2006","Male","M",66,408287,16.2
,"55-64 years","55-64","Virginia","51","2007","2007","Female","F",48,452625,10.6
,"55-64 years","55-64","Virginia","51","2007","2007","Male","M",63,421361,15.0
,"55-64 years","55-64","Virginia","51","2008","2008","Female","F",30,465012,6.5
,"55-64 years","55-64","Virginia","51","2008","2008","Male","M",61,431700,14.1
,"55-64 years","55-64","Virginia","51","2009","2009","Female","F",48,481695,10.0
,"55-64 years","55-64","Virginia","51","2009","2009","Male","M",60,446545,13.4
,"55-64 years","55-64","Virginia","51","2010","2010","Female","F",35,496060,7.1
,"55-64 years","55-64","Virginia","51","2010","2010","Male","M",66,458904,14.4
,"55-64 years","55-64","Virginia","51","2011","2011","Female","F",46,517778,8.9
,"55-64 years","55-64","Virginia","51","2011","2011","Male","M",58,477520,12.1
,"55-64 years","55-64","Virginia","51","2012","2012","Female","F",40,523767,7.6
,"55-64 years","55-64","Virginia","51","2012","2012","Male","M",67,482681,13.9
,"55-64 years","55-64","Virginia","51","2013","2013","Female","F",41,532097,7.7
,"55-64 years","55-64","Virginia","51","2013","2013","Male","M",66,490825,13.4
,"55-64 years","55-64","Virginia","51","2014","2014","Female","F",55,541278,10.2
,"55-64 years","55-64","Virginia","51","2014","2014","Male","M",90,499146,18.0
,"55-64 years","55-64","Virginia","51","2015","2015","Female","F",59,551721,10.7
,"55-64 years","55-64","Virginia","51","2015","2015","Male","M",113,509216,22.2
,"55-64 years","55-64","Virginia","51","2016","2016","Female","F",77,560928,13.7
,"55-64 years","55-64","Virginia","51","2016","2016","Male","M",102,519437,19.6
,"55-64 years","55-64","Virginia","51","2017","2017","Female","F",72,568692,12.7
,"55-64 years","55-64","Virginia","51","2017","2017","Male","M",143,527784,27.1
,"55-64 years","55-64","Virginia","51","2018","2018","Female","F",67,574287,11.7
,"55-64 years","55-64","Virginia","51","2018","2018","Male","M",131,532585,24.6
,"55-64 years","55-64","Virginia","51","2019","2019","Female","F",77,577784,13.3
,"55-64 years","55-64","Virginia","51","2019","2019","Male","M",129,536633,24.0
,"55-64 years","55-64","Virginia","51","2020","2020","Female","F",82,579046,14.2
,"55-64 years","55-64","Virginia","51","2020","2020","Male","M",134,537785,24.9
,"55-64 years","55-64","Washington","53","1999","1999","Female","F",11,243311,Unreliable
,"55-64 years","55-64","Washington","53","1999","1999","Male","M",13,239401,Unreliable
,"55-64 years","55-64","Washington","53","2000","2000","Female","F",Suppressed,250060,Suppressed
,"55-64 years","55-64","Washington","53","2000","2000","Male","M",14,246520,Unreliable
,"55-64 years","55-64","Washington","53","2001","2001","Female","F",10,262650,Unreliable
,"55-64 years","55-64","Washington","53","2001","2001","Male","M",20,258680,7.7
,"55-64 years","55-64","Washington","53","2002","2002","Female","F",11,284587,Unreliable
,"55-64 years","55-64","Washington","53","2002","2002","Male","M",Suppressed,280030,Suppressed
,"55-64 years","55-64","Washington","53","2003","2003","Female","F",13,302771,Unreliable
,"55-64 years","55-64","Washington","53","2003","2003","Male","M",14,296536,Unreliable
,"55-64 years","55-64","Washington","53","2004","2004","Female","F",14,322235,Unreliable
,"55-64 years","55-64","Washington","53","2004","2004","Male","M",14,314732,Unreliable
,"55-64 years","55-64","Washington","53","2005","2005","Female","F",Suppressed,342119,Suppressed
,"55-64 years","55-64","Washington","53","2005","2005","Male","M",21,333128,6.3
,"55-64 years","55-64","Washington","53","2006","2006","Female","F",12,362597,Unreliable
,"55-64 years","55-64","Washington","53","2006","2006","Male","M",12,350672,Unreliable
,"55-64 years","55-64","Washington","53","2007","2007","Female","F",17,380899,Unreliable
,"55-64 years","55-64","Washington","53","2007","2007","Male","M",22,366699,6.0
,"55-64 years","55-64","Washington","53","2008","2008","Female","F",13,397035,Unreliable
,"55-64 years","55-64","Washington","53","2008","2008","Male","M",22,380160,5.8
,"55-64 years","55-64","Washington","53","2009","2009","Female","F",Suppressed,414057,Suppressed
,"55-64 years","55-64","Washington","53","2009","2009","Male","M",22,395162,5.6
,"55-64 years","55-64","Washington","53","2010","2010","Female","F",12,427466,Unreliable
,"55-64 years","55-64","Washington","53","2010","2010","Male","M",22,407699,5.4
,"55-64 years","55-64","Washington","53","2011","2011","Female","F",16,446751,Unreliable
,"55-64 years","55-64","Washington","53","2011","2011","Male","M",20,425689,4.7
,"55-64 years","55-64","Washington","53","2012","2012","Female","F",20,453186,4.4
,"55-64 years","55-64","Washington","53","2012","2012","Male","M",26,431400,6.0
,"55-64 years","55-64","Washington","53","2013","2013","Female","F",15,459563,Unreliable
,"55-64 years","55-64","Washington","53","2013","2013","Male","M",31,437781,7.1
,"55-64 years","55-64","Washington","53","2014","2014","Female","F",16,466858,Unreliable
,"55-64 years","55-64","Washington","53","2014","2014","Male","M",22,444993,4.9
,"55-64 years","55-64","Washington","53","2015","2015","Female","F",27,475682,5.7
,"55-64 years","55-64","Washington","53","2015","2015","Male","M",41,453189,9.0
,"55-64 years","55-64","Washington","53","2016","2016","Female","F",23,484130,4.8
,"55-64 years","55-64","Washington","53","2016","2016","Male","M",40,461640,8.7
,"55-64 years","55-64","Washington","53","2017","2017","Female","F",14,489547,Unreliable
,"55-64 years","55-64","Washington","53","2017","2017","Male","M",38,467346,8.1
,"55-64 years","55-64","Washington","53","2018","2018","Female","F",28,491468,5.7
,"55-64 years","55-64","Washington","53","2018","2018","Male","M",53,469403,11.3
,"55-64 years","55-64","Washington","53","2019","2019","Female","F",43,489966,8.8
,"55-64 years","55-64","Washington","53","2019","2019","Male","M",56,469642,11.9
,"55-64 years","55-64","Washington","53","2020","2020","Female","F",24,486573,4.9
,"55-64 years","55-64","Washington","53","2020","2020","Male","M",63,467568,13.5
,"55-64 years","55-64","West Virginia","54","1999","1999","Female","F",16,94323,Unreliable
,"55-64 years","55-64","West Virginia","54","1999","1999","Male","M",17,88635,Unreliable
,"55-64 years","55-64","West Virginia","54","2000","2000","Female","F",Suppressed,95027,Suppressed
,"55-64 years","55-64","West Virginia","54","2000","2000","Male","M",10,89789,Unreliable
,"55-64 years","55-64","West Virginia","54","2001","2001","Female","F",15,96293,Unreliable
,"55-64 years","55-64","West Virginia","54","2001","2001","Male","M",20,91840,21.8
,"55-64 years","55-64","West Virginia","54","2002","2002","Female","F",11,101275,Unreliable
,"55-64 years","55-64","West Virginia","54","2002","2002","Male","M",17,97599,Unreliable
,"55-64 years","55-64","West Virginia","54","2003","2003","Female","F",13,105389,Unreliable
,"55-64 years","55-64","West Virginia","54","2003","2003","Male","M",12,102027,Unreliable
,"55-64 years","55-64","West Virginia","54","2004","2004","Female","F",Suppressed,109713,Suppressed
,"55-64 years","55-64","West Virginia","54","2004","2004","Male","M",14,106765,Unreliable
,"55-64 years","55-64","West Virginia","54","2005","2005","Female","F",20,114060,17.5
,"55-64 years","55-64","West Virginia","54","2005","2005","Male","M",15,111564,Unreliable
,"55-64 years","55-64","West Virginia","54","2006","2006","Female","F",15,118755,Unreliable
,"55-64 years","55-64","West Virginia","54","2006","2006","Male","M",14,116149,Unreliable
,"55-64 years","55-64","West Virginia","54","2007","2007","Female","F",13,122963,Unreliable
,"55-64 years","55-64","West Virginia","54","2007","2007","Male","M",21,120119,17.5
,"55-64 years","55-64","West Virginia","54","2008","2008","Female","F",11,126466,Unreliable
,"55-64 years","55-64","West Virginia","54","2008","2008","Male","M",20,123431,16.2
,"55-64 years","55-64","West Virginia","54","2009","2009","Female","F",15,130524,Unreliable
,"55-64 years","55-64","West Virginia","54","2009","2009","Male","M",18,127413,Unreliable
,"55-64 years","55-64","West Virginia","54","2010","2010","Female","F",10,134198,Unreliable
,"55-64 years","55-64","West Virginia","54","2010","2010","Male","M",24,130627,18.4
,"55-64 years","55-64","West Virginia","54","2011","2011","Female","F",14,138523,Unreliable
,"55-64 years","55-64","West Virginia","54","2011","2011","Male","M",17,134218,Unreliable
,"55-64 years","55-64","West Virginia","54","2012","2012","Female","F",14,138305,Unreliable
,"55-64 years","55-64","West Virginia","54","2012","2012","Male","M",18,133420,Unreliable
,"55-64 years","55-64","West Virginia","54","2013","2013","Female","F",13,138717,Unreliable
,"55-64 years","55-64","West Virginia","54","2013","2013","Male","M",15,133213,Unreliable
,"55-64 years","55-64","West Virginia","54","2014","2014","Female","F",10,138255,Unreliable
,"55-64 years","55-64","West Virginia","54","2014","2014","Male","M",20,132237,15.1
,"55-64 years","55-64","West Virginia","54","2015","2015","Female","F",14,137676,Unreliable
,"55-64 years","55-64","West Virginia","54","2015","2015","Male","M",24,131246,18.3
,"55-64 years","55-64","West Virginia","54","2016","2016","Female","F",15,136361,Unreliable
,"55-64 years","55-64","West Virginia","54","2016","2016","Male","M",24,129545,18.5
,"55-64 years","55-64","West Virginia","54","2017","2017","Female","F",16,134627,Unreliable
,"55-64 years","55-64","West Virginia","54","2017","2017","Male","M",20,127473,15.7
,"55-64 years","55-64","West Virginia","54","2018","2018","Female","F",21,132734,15.8
,"55-64 years","55-64","West Virginia","54","2018","2018","Male","M",21,125636,16.7
,"55-64 years","55-64","West Virginia","54","2019","2019","Female","F",23,131071,17.5
,"55-64 years","55-64","West Virginia","54","2019","2019","Male","M",26,123655,21.0
,"55-64 years","55-64","West Virginia","54","2020","2020","Female","F",14,128699,Unreliable
,"55-64 years","55-64","West Virginia","54","2020","2020","Male","M",30,121593,24.7
,"55-64 years","55-64","Wisconsin","55","1999","1999","Female","F",18,230025,Unreliable
,"55-64 years","55-64","Wisconsin","55","1999","1999","Male","M",26,220229,11.8
,"55-64 years","55-64","Wisconsin","55","2000","2000","Female","F",11,233798,Unreliable
,"55-64 years","55-64","Wisconsin","55","2000","2000","Male","M",21,223943,9.4
,"55-64 years","55-64","Wisconsin","55","2001","2001","Female","F",12,240047,Unreliable
,"55-64 years","55-64","Wisconsin","55","2001","2001","Male","M",19,231407,Unreliable
,"55-64 years","55-64","Wisconsin","55","2002","2002","Female","F",12,253885,Unreliable
,"55-64 years","55-64","Wisconsin","55","2002","2002","Male","M",27,245992,11.0
,"55-64 years","55-64","Wisconsin","55","2003","2003","Female","F",18,265425,Unreliable
,"55-64 years","55-64","Wisconsin","55","2003","2003","Male","M",33,257751,12.8
,"55-64 years","55-64","Wisconsin","55","2004","2004","Female","F",15,277354,Unreliable
,"55-64 years","55-64","Wisconsin","55","2004","2004","Male","M",23,270793,8.5
,"55-64 years","55-64","Wisconsin","55","2005","2005","Female","F",19,290387,Unreliable
,"55-64 years","55-64","Wisconsin","55","2005","2005","Male","M",25,284340,8.8
,"55-64 years","55-64","Wisconsin","55","2006","2006","Female","F",22,302884,7.3
,"55-64 years","55-64","Wisconsin","55","2006","2006","Male","M",36,298339,12.1
,"55-64 years","55-64","Wisconsin","55","2007","2007","Female","F",14,315661,Unreliable
,"55-64 years","55-64","Wisconsin","55","2007","2007","Male","M",30,312182,9.6
,"55-64 years","55-64","Wisconsin","55","2008","2008","Female","F",18,326185,Unreliable
,"55-64 years","55-64","Wisconsin","55","2008","2008","Male","M",38,323790,11.7
,"55-64 years","55-64","Wisconsin","55","2009","2009","Female","F",15,339623,Unreliable
,"55-64 years","55-64","Wisconsin","55","2009","2009","Male","M",34,337476,10.1
,"55-64 years","55-64","Wisconsin","55","2010","2010","Female","F",12,351103,Unreliable
,"55-64 years","55-64","Wisconsin","55","2010","2010","Male","M",41,348708,11.8
,"55-64 years","55-64","Wisconsin","55","2011","2011","Female","F",15,367782,Unreliable
,"55-64 years","55-64","Wisconsin","55","2011","2011","Male","M",38,365154,10.4
,"55-64 years","55-64","Wisconsin","55","2012","2012","Female","F",17,374518,Unreliable
,"55-64 years","55-64","Wisconsin","55","2012","2012","Male","M",34,371285,9.2
,"55-64 years","55-64","Wisconsin","55","2013","2013","Female","F",20,384633,5.2
,"55-64 years","55-64","Wisconsin","55","2013","2013","Male","M",29,380812,7.6
,"55-64 years","55-64","Wisconsin","55","2014","2014","Female","F",11,392625,Unreliable
,"55-64 years","55-64","Wisconsin","55","2014","2014","Male","M",40,387746,10.3
,"55-64 years","55-64","Wisconsin","55","2015","2015","Female","F",16,400230,Unreliable
,"55-64 years","55-64","Wisconsin","55","2015","2015","Male","M",34,394703,8.6
,"55-64 years","55-64","Wisconsin","55","2016","2016","Female","F",26,406838,6.4
,"55-64 years","55-64","Wisconsin","55","2016","2016","Male","M",26,399430,6.5
,"55-64 years","55-64","Wisconsin","55","2017","2017","Female","F",27,412006,6.6
,"55-64 years","55-64","Wisconsin","55","2017","2017","Male","M",34,403332,8.4
,"55-64 years","55-64","Wisconsin","55","2018","2018","Female","F",23,415069,5.5
,"55-64 years","55-64","Wisconsin","55","2018","2018","Male","M",45,405508,11.1
,"55-64 years","55-64","Wisconsin","55","2019","2019","Female","F",35,416577,8.4
,"55-64 years","55-64","Wisconsin","55","2019","2019","Male","M",41,406441,10.1
,"55-64 years","55-64","Wisconsin","55","2020","2020","Female","F",35,415324,8.4
,"55-64 years","55-64","Wisconsin","55","2020","2020","Male","M",54,404529,13.3
,"55-64 years","55-64","Wyoming","56","1999","1999","Female","F",Suppressed,21368,Suppressed
,"55-64 years","55-64","Wyoming","56","1999","1999","Male","M",Suppressed,21868,Suppressed
,"55-64 years","55-64","Wyoming","56","2000","2000","Female","F",Suppressed,22008,Suppressed
,"55-64 years","55-64","Wyoming","56","2000","2000","Male","M",Suppressed,22582,Suppressed
,"55-64 years","55-64","Wyoming","56","2001","2001","Female","F",Suppressed,22527,Suppressed
,"55-64 years","55-64","Wyoming","56","2001","2001","Male","M",Suppressed,23494,Suppressed
,"55-64 years","55-64","Wyoming","56","2002","2002","Female","F",Suppressed,24106,Suppressed
,"55-64 years","55-64","Wyoming","56","2002","2002","Male","M",Suppressed,25302,Suppressed
,"55-64 years","55-64","Wyoming","56","2003","2003","Female","F",Suppressed,25404,Suppressed
,"55-64 years","55-64","Wyoming","56","2003","2003","Male","M",Suppressed,26913,Suppressed
,"55-64 years","55-64","Wyoming","56","2004","2004","Female","F",Suppressed,26688,Suppressed
,"55-64 years","55-64","Wyoming","56","2004","2004","Male","M",Suppressed,28358,Suppressed
,"55-64 years","55-64","Wyoming","56","2005","2005","Female","F",Suppressed,28130,Suppressed
,"55-64 years","55-64","Wyoming","56","2005","2005","Male","M",Suppressed,29995,Suppressed
,"55-64 years","55-64","Wyoming","56","2006","2006","Female","F",Suppressed,29782,Suppressed
,"55-64 years","55-64","Wyoming","56","2006","2006","Male","M",Suppressed,31672,Suppressed
,"55-64 years","55-64","Wyoming","56","2007","2007","Female","F",Suppressed,31267,Suppressed
,"55-64 years","55-64","Wyoming","56","2007","2007","Male","M",Suppressed,33393,Suppressed
,"55-64 years","55-64","Wyoming","56","2008","2008","Female","F",Suppressed,32760,Suppressed
,"55-64 years","55-64","Wyoming","56","2008","2008","Male","M",Suppressed,34906,Suppressed
,"55-64 years","55-64","Wyoming","56","2009","2009","Female","F",Suppressed,34430,Suppressed
,"55-64 years","55-64","Wyoming","56","2009","2009","Male","M",Suppressed,36568,Suppressed
,"55-64 years","55-64","Wyoming","56","2010","2010","Female","F",Suppressed,35707,Suppressed
,"55-64 years","55-64","Wyoming","56","2010","2010","Male","M",Suppressed,37806,Suppressed
,"55-64 years","55-64","Wyoming","56","2011","2011","Female","F",Suppressed,37552,Suppressed
,"55-64 years","55-64","Wyoming","56","2011","2011","Male","M",Suppressed,39568,Suppressed
,"55-64 years","55-64","Wyoming","56","2012","2012","Female","F",0,38594,Unreliable
,"55-64 years","55-64","Wyoming","56","2012","2012","Male","M",Suppressed,40345,Suppressed
,"55-64 years","55-64","Wyoming","56","2013","2013","Female","F",Suppressed,39514,Suppressed
,"55-64 years","55-64","Wyoming","56","2013","2013","Male","M",Suppressed,40897,Suppressed
,"55-64 years","55-64","Wyoming","56","2014","2014","Female","F",Suppressed,39821,Suppressed
,"55-64 years","55-64","Wyoming","56","2014","2014","Male","M",Suppressed,40998,Suppressed
,"55-64 years","55-64","Wyoming","56","2015","2015","Female","F",Suppressed,40192,Suppressed
,"55-64 years","55-64","Wyoming","56","2015","2015","Male","M",Suppressed,41096,Suppressed
,"55-64 years","55-64","Wyoming","56","2016","2016","Female","F",Suppressed,40234,Suppressed
,"55-64 years","55-64","Wyoming","56","2016","2016","Male","M",Suppressed,41032,Suppressed
,"55-64 years","55-64","Wyoming","56","2017","2017","Female","F",Suppressed,40123,Suppressed
,"55-64 years","55-64","Wyoming","56","2017","2017","Male","M",Suppressed,40731,Suppressed
,"55-64 years","55-64","Wyoming","56","2018","2018","Female","F",Suppressed,39806,Suppressed
,"55-64 years","55-64","Wyoming","56","2018","2018","Male","M",Suppressed,40043,Suppressed
,"55-64 years","55-64","Wyoming","56","2019","2019","Female","F",Suppressed,39443,Suppressed
,"55-64 years","55-64","Wyoming","56","2019","2019","Male","M",Suppressed,39311,Suppressed
,"55-64 years","55-64","Wyoming","56","2020","2020","Female","F",Suppressed,38693,Suppressed
,"55-64 years","55-64","Wyoming","56","2020","2020","Male","M",Suppressed,38621,Suppressed
,"65-74 years","65-74","Alabama","01","1999","1999","Female","F",153,176811,86.5
,"65-74 years","65-74","Alabama","01","1999","1999","Male","M",173,139117,124.4
,"65-74 years","65-74","Alabama","01","2000","2000","Female","F",155,176733,87.7
,"65-74 years","65-74","Alabama","01","2000","2000","Male","M",183,140015,130.7
,"65-74 years","65-74","Alabama","01","2001","2001","Female","F",158,176613,89.5
,"65-74 years","65-74","Alabama","01","2001","2001","Male","M",207,141649,146.1
,"65-74 years","65-74","Alabama","01","2002","2002","Female","F",151,176149,85.7
,"65-74 years","65-74","Alabama","01","2002","2002","Male","M",158,142310,111.0
,"65-74 years","65-74","Alabama","01","2003","2003","Female","F",126,176800,71.3
,"65-74 years","65-74","Alabama","01","2003","2003","Male","M",156,144167,108.2
,"65-74 years","65-74","Alabama","01","2004","2004","Female","F",117,177876,65.8
,"65-74 years","65-74","Alabama","01","2004","2004","Male","M",167,145835,114.5
,"65-74 years","65-74","Alabama","01","2005","2005","Female","F",138,179922,76.7
,"65-74 years","65-74","Alabama","01","2005","2005","Male","M",158,149105,106.0
,"65-74 years","65-74","Alabama","01","2006","2006","Female","F",148,182941,80.9
,"65-74 years","65-74","Alabama","01","2006","2006","Male","M",155,153107,101.2
,"65-74 years","65-74","Alabama","01","2007","2007","Female","F",115,186312,61.7
,"65-74 years","65-74","Alabama","01","2007","2007","Male","M",169,156299,108.1
,"65-74 years","65-74","Alabama","01","2008","2008","Female","F",119,192543,61.8
,"65-74 years","65-74","Alabama","01","2008","2008","Male","M",146,161691,90.3
,"65-74 years","65-74","Alabama","01","2009","2009","Female","F",128,197699,64.7
,"65-74 years","65-74","Alabama","01","2009","2009","Male","M",179,167056,107.1
,"65-74 years","65-74","Alabama","01","2010","2010","Female","F",101,200465,50.4
,"65-74 years","65-74","Alabama","01","2010","2010","Male","M",173,170036,101.7
,"65-74 years","65-74","Alabama","01","2011","2011","Female","F",119,205469,57.9
,"65-74 years","65-74","Alabama","01","2011","2011","Male","M",182,174711,104.2
,"65-74 years","65-74","Alabama","01","2012","2012","Female","F",158,217054,72.8
,"65-74 years","65-74","Alabama","01","2012","2012","Male","M",193,185517,104.0
,"65-74 years","65-74","Alabama","01","2013","2013","Female","F",155,225166,68.8
,"65-74 years","65-74","Alabama","01","2013","2013","Male","M",209,193538,108.0
,"65-74 years","65-74","Alabama","01","2014","2014","Female","F",149,234270,63.6
,"65-74 years","65-74","Alabama","01","2014","2014","Male","M",228,201158,113.3
,"65-74 years","65-74","Alabama","01","2015","2015","Female","F",157,242241,64.8
,"65-74 years","65-74","Alabama","01","2015","2015","Male","M",198,208032,95.2
,"65-74 years","65-74","Alabama","01","2016","2016","Female","F",164,250233,65.5
,"65-74 years","65-74","Alabama","01","2016","2016","Male","M",255,214436,118.9
,"65-74 years","65-74","Alabama","01","2017","2017","Female","F",193,257320,75.0
,"65-74 years","65-74","Alabama","01","2017","2017","Male","M",247,220012,112.3
,"65-74 years","65-74","Alabama","01","2018","2018","Female","F",224,263223,85.1
,"65-74 years","65-74","Alabama","01","2018","2018","Male","M",262,224498,116.7
,"65-74 years","65-74","Alabama","01","2019","2019","Female","F",223,270914,82.3
,"65-74 years","65-74","Alabama","01","2019","2019","Male","M",324,230533,140.5
,"65-74 years","65-74","Alabama","01","2020","2020","Female","F",241,280345,86.0
,"65-74 years","65-74","Alabama","01","2020","2020","Male","M",358,237372,150.8
,"65-74 years","65-74","Alaska","02","1999","1999","Female","F",Suppressed,10932,Suppressed
,"65-74 years","65-74","Alaska","02","1999","1999","Male","M",Suppressed,10799,Suppressed
,"65-74 years","65-74","Alaska","02","2000","2000","Female","F",Suppressed,11274,Suppressed
,"65-74 years","65-74","Alaska","02","2000","2000","Male","M",Suppressed,11233,Suppressed
,"65-74 years","65-74","Alaska","02","2001","2001","Female","F",Suppressed,11617,Suppressed
,"65-74 years","65-74","Alaska","02","2001","2001","Male","M",Suppressed,11721,Suppressed
,"65-74 years","65-74","Alaska","02","2002","2002","Female","F",Suppressed,11953,Suppressed
,"65-74 years","65-74","Alaska","02","2002","2002","Male","M",Suppressed,12162,Suppressed
,"65-74 years","65-74","Alaska","02","2003","2003","Female","F",Suppressed,12418,Suppressed
,"65-74 years","65-74","Alaska","02","2003","2003","Male","M",Suppressed,12613,Suppressed
,"65-74 years","65-74","Alaska","02","2004","2004","Female","F",Suppressed,12817,Suppressed
,"65-74 years","65-74","Alaska","02","2004","2004","Male","M",Suppressed,13132,Suppressed
,"65-74 years","65-74","Alaska","02","2005","2005","Female","F",Suppressed,13180,Suppressed
,"65-74 years","65-74","Alaska","02","2005","2005","Male","M",Suppressed,13645,Suppressed
,"65-74 years","65-74","Alaska","02","2006","2006","Female","F",Suppressed,13606,Suppressed
,"65-74 years","65-74","Alaska","02","2006","2006","Male","M",Suppressed,14384,Suppressed
,"65-74 years","65-74","Alaska","02","2007","2007","Female","F",Suppressed,14421,Suppressed
,"65-74 years","65-74","Alaska","02","2007","2007","Male","M",Suppressed,15282,Suppressed
,"65-74 years","65-74","Alaska","02","2008","2008","Female","F",Suppressed,15268,Suppressed
,"65-74 years","65-74","Alaska","02","2008","2008","Male","M",Suppressed,16530,Suppressed
,"65-74 years","65-74","Alaska","02","2009","2009","Female","F",Suppressed,16240,Suppressed
,"65-74 years","65-74","Alaska","02","2009","2009","Male","M",Suppressed,17519,Suppressed
,"65-74 years","65-74","Alaska","02","2010","2010","Female","F",Suppressed,16974,Suppressed
,"65-74 years","65-74","Alaska","02","2010","2010","Male","M",Suppressed,18376,Suppressed
,"65-74 years","65-74","Alaska","02","2011","2011","Female","F",Suppressed,18092,Suppressed
,"65-74 years","65-74","Alaska","02","2011","2011","Male","M",Suppressed,19610,Suppressed
,"65-74 years","65-74","Alaska","02","2012","2012","Female","F",Suppressed,19738,Suppressed
,"65-74 years","65-74","Alaska","02","2012","2012","Male","M",Suppressed,21262,Suppressed
,"65-74 years","65-74","Alaska","02","2013","2013","Female","F",Suppressed,21055,Suppressed
,"65-74 years","65-74","Alaska","02","2013","2013","Male","M",Suppressed,22755,Suppressed
,"65-74 years","65-74","Alaska","02","2014","2014","Female","F",Suppressed,22362,Suppressed
,"65-74 years","65-74","Alaska","02","2014","2014","Male","M",Suppressed,24244,Suppressed
,"65-74 years","65-74","Alaska","02","2015","2015","Female","F",Suppressed,23524,Suppressed
,"65-74 years","65-74","Alaska","02","2015","2015","Male","M",14,25631,Unreliable
,"65-74 years","65-74","Alaska","02","2016","2016","Female","F",Suppressed,25192,Suppressed
,"65-74 years","65-74","Alaska","02","2016","2016","Male","M",Suppressed,27195,Suppressed
,"65-74 years","65-74","Alaska","02","2017","2017","Female","F",Suppressed,26910,Suppressed
,"65-74 years","65-74","Alaska","02","2017","2017","Male","M",12,28994,Unreliable
,"65-74 years","65-74","Alaska","02","2018","2018","Female","F",Suppressed,28361,Suppressed
,"65-74 years","65-74","Alaska","02","2018","2018","Male","M",Suppressed,30194,Suppressed
,"65-74 years","65-74","Alaska","02","2019","2019","Female","F",Suppressed,29793,Suppressed
,"65-74 years","65-74","Alaska","02","2019","2019","Male","M",Suppressed,31507,Suppressed
,"65-74 years","65-74","Alaska","02","2020","2020","Female","F",Suppressed,31364,Suppressed
,"65-74 years","65-74","Alaska","02","2020","2020","Male","M",Suppressed,32794,Suppressed
,"65-74 years","65-74","Arizona","04","1999","1999","Female","F",38,192050,19.8
,"65-74 years","65-74","Arizona","04","1999","1999","Male","M",45,170664,26.4
,"65-74 years","65-74","Arizona","04","2000","2000","Female","F",46,192152,23.9
,"65-74 years","65-74","Arizona","04","2000","2000","Male","M",48,171689,28.0
,"65-74 years","65-74","Arizona","04","2001","2001","Female","F",29,194234,14.9
,"65-74 years","65-74","Arizona","04","2001","2001","Male","M",54,174678,30.9
,"65-74 years","65-74","Arizona","04","2002","2002","Female","F",39,197268,19.8
,"65-74 years","65-74","Arizona","04","2002","2002","Male","M",55,178051,30.9
,"65-74 years","65-74","Arizona","04","2003","2003","Female","F",41,201035,20.4
,"65-74 years","65-74","Arizona","04","2003","2003","Male","M",60,182276,32.9
,"65-74 years","65-74","Arizona","04","2004","2004","Female","F",43,207144,20.8
,"65-74 years","65-74","Arizona","04","2004","2004","Male","M",45,187751,24.0
,"65-74 years","65-74","Arizona","04","2005","2005","Female","F",37,214281,17.3
,"65-74 years","65-74","Arizona","04","2005","2005","Male","M",48,194535,24.7
,"65-74 years","65-74","Arizona","04","2006","2006","Female","F",42,222101,18.9
,"65-74 years","65-74","Arizona","04","2006","2006","Male","M",54,201864,26.8
,"65-74 years","65-74","Arizona","04","2007","2007","Female","F",27,230851,11.7
,"65-74 years","65-74","Arizona","04","2007","2007","Male","M",53,208734,25.4
,"65-74 years","65-74","Arizona","04","2008","2008","Female","F",28,243142,11.5
,"65-74 years","65-74","Arizona","04","2008","2008","Male","M",47,218844,21.5
,"65-74 years","65-74","Arizona","04","2009","2009","Female","F",32,253922,12.6
,"65-74 years","65-74","Arizona","04","2009","2009","Male","M",41,229260,17.9
,"65-74 years","65-74","Arizona","04","2010","2010","Female","F",25,261665,9.6
,"65-74 years","65-74","Arizona","04","2010","2010","Male","M",53,236227,22.4
,"65-74 years","65-74","Arizona","04","2011","2011","Female","F",43,274251,15.7
,"65-74 years","65-74","Arizona","04","2011","2011","Male","M",43,247329,17.4
,"65-74 years","65-74","Arizona","04","2012","2012","Female","F",47,294074,16.0
,"65-74 years","65-74","Arizona","04","2012","2012","Male","M",58,264515,21.9
,"65-74 years","65-74","Arizona","04","2013","2013","Female","F",42,311494,13.5
,"65-74 years","65-74","Arizona","04","2013","2013","Male","M",47,278616,16.9
,"65-74 years","65-74","Arizona","04","2014","2014","Female","F",37,329272,11.2
,"65-74 years","65-74","Arizona","04","2014","2014","Male","M",67,293214,22.9
,"65-74 years","65-74","Arizona","04","2015","2015","Female","F",68,345557,19.7
,"65-74 years","65-74","Arizona","04","2015","2015","Male","M",69,307457,22.4
,"65-74 years","65-74","Arizona","04","2016","2016","Female","F",48,361602,13.3
,"65-74 years","65-74","Arizona","04","2016","2016","Male","M",98,321218,30.5
,"65-74 years","65-74","Arizona","04","2017","2017","Female","F",64,372192,17.2
,"65-74 years","65-74","Arizona","04","2017","2017","Male","M",115,329217,34.9
,"65-74 years","65-74","Arizona","04","2018","2018","Female","F",71,386574,18.4
,"65-74 years","65-74","Arizona","04","2018","2018","Male","M",110,339588,32.4
,"65-74 years","65-74","Arizona","04","2019","2019","Female","F",76,401078,18.9
,"65-74 years","65-74","Arizona","04","2019","2019","Male","M",109,350621,31.1
,"65-74 years","65-74","Arizona","04","2020","2020","Female","F",116,420854,27.6
,"65-74 years","65-74","Arizona","04","2020","2020","Male","M",155,366051,42.3
,"65-74 years","65-74","Arkansas","05","1999","1999","Female","F",77,108543,70.9
,"65-74 years","65-74","Arkansas","05","1999","1999","Male","M",104,89393,116.3
,"65-74 years","65-74","Arkansas","05","2000","2000","Female","F",68,108430,62.7
,"65-74 years","65-74","Arkansas","05","2000","2000","Male","M",100,89904,111.2
,"65-74 years","65-74","Arkansas","05","2001","2001","Female","F",82,107792,76.1
,"65-74 years","65-74","Arkansas","05","2001","2001","Male","M",94,90456,103.9
,"65-74 years","65-74","Arkansas","05","2002","2002","Female","F",54,107509,50.2
,"65-74 years","65-74","Arkansas","05","2002","2002","Male","M",88,90753,97.0
,"65-74 years","65-74","Arkansas","05","2003","2003","Female","F",63,108161,58.2
,"65-74 years","65-74","Arkansas","05","2003","2003","Male","M",61,92280,66.1
,"65-74 years","65-74","Arkansas","05","2004","2004","Female","F",47,109161,43.1
,"65-74 years","65-74","Arkansas","05","2004","2004","Male","M",58,93594,62.0
,"65-74 years","65-74","Arkansas","05","2005","2005","Female","F",52,110530,47.0
,"65-74 years","65-74","Arkansas","05","2005","2005","Male","M",57,95723,59.5
,"65-74 years","65-74","Arkansas","05","2006","2006","Female","F",37,113364,32.6
,"65-74 years","65-74","Arkansas","05","2006","2006","Male","M",51,98761,51.6
,"65-74 years","65-74","Arkansas","05","2007","2007","Female","F",43,115876,37.1
,"65-74 years","65-74","Arkansas","05","2007","2007","Male","M",53,101405,52.3
,"65-74 years","65-74","Arkansas","05","2008","2008","Female","F",37,119389,31.0
,"65-74 years","65-74","Arkansas","05","2008","2008","Male","M",50,105263,47.5
,"65-74 years","65-74","Arkansas","05","2009","2009","Female","F",39,122579,31.8
,"65-74 years","65-74","Arkansas","05","2009","2009","Male","M",54,108235,49.9
,"65-74 years","65-74","Arkansas","05","2010","2010","Female","F",47,124464,37.8
,"65-74 years","65-74","Arkansas","05","2010","2010","Male","M",66,110138,59.9
,"65-74 years","65-74","Arkansas","05","2011","2011","Female","F",49,127398,38.5
,"65-74 years","65-74","Arkansas","05","2011","2011","Male","M",72,112866,63.8
,"65-74 years","65-74","Arkansas","05","2012","2012","Female","F",59,134248,43.9
,"65-74 years","65-74","Arkansas","05","2012","2012","Male","M",75,118522,63.3
,"65-74 years","65-74","Arkansas","05","2013","2013","Female","F",66,138844,47.5
,"65-74 years","65-74","Arkansas","05","2013","2013","Male","M",99,122707,80.7
,"65-74 years","65-74","Arkansas","05","2014","2014","Female","F",60,143516,41.8
,"65-74 years","65-74","Arkansas","05","2014","2014","Male","M",108,126697,85.2
,"65-74 years","65-74","Arkansas","05","2015","2015","Female","F",69,147433,46.8
,"65-74 years","65-74","Arkansas","05","2015","2015","Male","M",99,129978,76.2
,"65-74 years","65-74","Arkansas","05","2016","2016","Female","F",88,150874,58.3
,"65-74 years","65-74","Arkansas","05","2016","2016","Male","M",98,132706,73.8
,"65-74 years","65-74","Arkansas","05","2017","2017","Female","F",98,154810,63.3
,"65-74 years","65-74","Arkansas","05","2017","2017","Male","M",107,135699,78.9
,"65-74 years","65-74","Arkansas","05","2018","2018","Female","F",81,157942,51.3
,"65-74 years","65-74","Arkansas","05","2018","2018","Male","M",94,138069,68.1
,"65-74 years","65-74","Arkansas","05","2019","2019","Female","F",76,161754,47.0
,"65-74 years","65-74","Arkansas","05","2019","2019","Male","M",129,141075,91.4
,"65-74 years","65-74","Arkansas","05","2020","2020","Female","F",110,166123,66.2
,"65-74 years","65-74","Arkansas","05","2020","2020","Male","M",141,144366,97.7
,"65-74 years","65-74","California","06","1999","1999","Female","F",259,1032910,25.1
,"65-74 years","65-74","California","06","1999","1999","Male","M",282,855094,33.0
,"65-74 years","65-74","California","06","2000","2000","Female","F",248,1033120,24.0
,"65-74 years","65-74","California","06","2000","2000","Male","M",249,854703,29.1
,"65-74 years","65-74","California","06","2001","2001","Female","F",245,1034161,23.7
,"65-74 years","65-74","California","06","2001","2001","Male","M",236,863716,27.3
,"65-74 years","65-74","California","06","2002","2002","Female","F",239,1036236,23.1
,"65-74 years","65-74","California","06","2002","2002","Male","M",257,871226,29.5
,"65-74 years","65-74","California","06","2003","2003","Female","F",283,1045309,27.1
,"65-74 years","65-74","California","06","2003","2003","Male","M",302,884353,34.1
,"65-74 years","65-74","California","06","2004","2004","Female","F",258,1054277,24.5
,"65-74 years","65-74","California","06","2004","2004","Male","M",282,896058,31.5
,"65-74 years","65-74","California","06","2005","2005","Female","F",281,1064867,26.4
,"65-74 years","65-74","California","06","2005","2005","Male","M",316,907626,34.8
,"65-74 years","65-74","California","06","2006","2006","Female","F",290,1075303,27.0
,"65-74 years","65-74","California","06","2006","2006","Male","M",317,917570,34.5
,"65-74 years","65-74","California","06","2007","2007","Female","F",270,1103323,24.5
,"65-74 years","65-74","California","06","2007","2007","Male","M",314,942728,33.3
,"65-74 years","65-74","California","06","2008","2008","Female","F",273,1148775,23.8
,"65-74 years","65-74","California","06","2008","2008","Male","M",304,983969,30.9
,"65-74 years","65-74","California","06","2009","2009","Female","F",272,1191358,22.8
,"65-74 years","65-74","California","06","2009","2009","Male","M",324,1024871,31.6
,"65-74 years","65-74","California","06","2010","2010","Female","F",253,1221710,20.7
,"65-74 years","65-74","California","06","2010","2010","Male","M",298,1053626,28.3
,"65-74 years","65-74","California","06","2011","2011","Female","F",279,1273886,21.9
,"65-74 years","65-74","California","06","2011","2011","Male","M",338,1103180,30.6
,"65-74 years","65-74","California","06","2012","2012","Female","F",255,1357762,18.8
,"65-74 years","65-74","California","06","2012","2012","Male","M",350,1181357,29.6
,"65-74 years","65-74","California","06","2013","2013","Female","F",308,1436354,21.4
,"65-74 years","65-74","California","06","2013","2013","Male","M",391,1252631,31.2
,"65-74 years","65-74","California","06","2014","2014","Female","F",287,1515458,18.9
,"65-74 years","65-74","California","06","2014","2014","Male","M",405,1318902,30.7
,"65-74 years","65-74","California","06","2015","2015","Female","F",367,1591775,23.1
,"65-74 years","65-74","California","06","2015","2015","Male","M",513,1385628,37.0
,"65-74 years","65-74","California","06","2016","2016","Female","F",403,1652205,24.4
,"65-74 years","65-74","California","06","2016","2016","Male","M",557,1436797,38.8
,"65-74 years","65-74","California","06","2017","2017","Female","F",435,1708889,25.5
,"65-74 years","65-74","California","06","2017","2017","Male","M",629,1486911,42.3
,"65-74 years","65-74","California","06","2018","2018","Female","F",426,1756338,24.3
,"65-74 years","65-74","California","06","2018","2018","Male","M",711,1529076,46.5
,"65-74 years","65-74","California","06","2019","2019","Female","F",532,1809935,29.4
,"65-74 years","65-74","California","06","2019","2019","Male","M",727,1576735,46.1
,"65-74 years","65-74","California","06","2020","2020","Female","F",575,1854268,31.0
,"65-74 years","65-74","California","06","2020","2020","Male","M",875,1615277,54.2
,"65-74 years","65-74","Colorado","08","1999","1999","Female","F",34,120724,28.2
,"65-74 years","65-74","Colorado","08","1999","1999","Male","M",37,103695,35.7
,"65-74 years","65-74","Colorado","08","2000","2000","Female","F",46,121397,37.9
,"65-74 years","65-74","Colorado","08","2000","2000","Male","M",32,104913,30.5
,"65-74 years","65-74","Colorado","08","2001","2001","Female","F",33,122389,27.0
,"65-74 years","65-74","Colorado","08","2001","2001","Male","M",45,107153,42.0
,"65-74 years","65-74","Colorado","08","2002","2002","Female","F",42,123047,34.1
,"65-74 years","65-74","Colorado","08","2002","2002","Male","M",25,108904,23.0
,"65-74 years","65-74","Colorado","08","2003","2003","Female","F",16,124757,Unreliable
,"65-74 years","65-74","Colorado","08","2003","2003","Male","M",40,111295,35.9
,"65-74 years","65-74","Colorado","08","2004","2004","Female","F",30,127383,23.6
,"65-74 years","65-74","Colorado","08","2004","2004","Male","M",24,113763,21.1
,"65-74 years","65-74","Colorado","08","2005","2005","Female","F",31,130532,23.7
,"65-74 years","65-74","Colorado","08","2005","2005","Male","M",35,117245,29.9
,"65-74 years","65-74","Colorado","08","2006","2006","Female","F",34,135729,25.0
,"65-74 years","65-74","Colorado","08","2006","2006","Male","M",28,122191,22.9
,"65-74 years","65-74","Colorado","08","2007","2007","Female","F",31,141329,21.9
,"65-74 years","65-74","Colorado","08","2007","2007","Male","M",34,127367,26.7
,"65-74 years","65-74","Colorado","08","2008","2008","Female","F",25,148960,16.8
,"65-74 years","65-74","Colorado","08","2008","2008","Male","M",37,134509,27.5
,"65-74 years","65-74","Colorado","08","2009","2009","Female","F",24,156936,15.3
,"65-74 years","65-74","Colorado","08","2009","2009","Male","M",37,142009,26.1
,"65-74 years","65-74","Colorado","08","2010","2010","Female","F",27,162453,16.6
,"65-74 years","65-74","Colorado","08","2010","2010","Male","M",37,147507,25.1
,"65-74 years","65-74","Colorado","08","2011","2011","Female","F",29,171427,16.9
,"65-74 years","65-74","Colorado","08","2011","2011","Male","M",53,156462,33.9
,"65-74 years","65-74","Colorado","08","2012","2012","Female","F",29,187015,15.5
,"65-74 years","65-74","Colorado","08","2012","2012","Male","M",36,171305,21.0
,"65-74 years","65-74","Colorado","08","2013","2013","Female","F",38,200455,19.0
,"65-74 years","65-74","Colorado","08","2013","2013","Male","M",45,184697,24.4
,"65-74 years","65-74","Colorado","08","2014","2014","Female","F",24,213397,11.2
,"65-74 years","65-74","Colorado","08","2014","2014","Male","M",62,196552,31.5
,"65-74 years","65-74","Colorado","08","2015","2015","Female","F",42,225655,18.6
,"65-74 years","65-74","Colorado","08","2015","2015","Male","M",53,208043,25.5
,"65-74 years","65-74","Colorado","08","2016","2016","Female","F",42,238223,17.6
,"65-74 years","65-74","Colorado","08","2016","2016","Male","M",64,219557,29.1
,"65-74 years","65-74","Colorado","08","2017","2017","Female","F",56,249441,22.5
,"65-74 years","65-74","Colorado","08","2017","2017","Male","M",54,229779,23.5
,"65-74 years","65-74","Colorado","08","2018","2018","Female","F",50,261022,19.2
,"65-74 years","65-74","Colorado","08","2018","2018","Male","M",84,239776,35.0
,"65-74 years","65-74","Colorado","08","2019","2019","Female","F",60,272545,22.0
,"65-74 years","65-74","Colorado","08","2019","2019","Male","M",98,249586,39.3
,"65-74 years","65-74","Colorado","08","2020","2020","Female","F",85,284327,29.9
,"65-74 years","65-74","Colorado","08","2020","2020","Male","M",108,259036,41.7
,"65-74 years","65-74","Connecticut","09","1999","1999","Female","F",35,129055,27.1
,"65-74 years","65-74","Connecticut","09","1999","1999","Male","M",24,104282,23.0
,"65-74 years","65-74","Connecticut","09","2000","2000","Female","F",28,127563,21.9
,"65-74 years","65-74","Connecticut","09","2000","2000","Male","M",51,104002,49.0
,"65-74 years","65-74","Connecticut","09","2001","2001","Female","F",36,125320,28.7
,"65-74 years","65-74","Connecticut","09","2001","2001","Male","M",49,103227,47.5
,"65-74 years","65-74","Connecticut","09","2002","2002","Female","F",27,123647,21.8
,"65-74 years","65-74","Connecticut","09","2002","2002","Male","M",30,102329,29.3
,"65-74 years","65-74","Connecticut","09","2003","2003","Female","F",22,123340,17.8
,"65-74 years","65-74","Connecticut","09","2003","2003","Male","M",32,101886,31.4
,"65-74 years","65-74","Connecticut","09","2004","2004","Female","F",23,122575,18.8
,"65-74 years","65-74","Connecticut","09","2004","2004","Male","M",27,101859,26.5
,"65-74 years","65-74","Connecticut","09","2005","2005","Female","F",27,122124,22.1
,"65-74 years","65-74","Connecticut","09","2005","2005","Male","M",24,101578,23.6
,"65-74 years","65-74","Connecticut","09","2006","2006","Female","F",34,122009,27.9
,"65-74 years","65-74","Connecticut","09","2006","2006","Male","M",34,101986,33.3
,"65-74 years","65-74","Connecticut","09","2007","2007","Female","F",27,124766,21.6
,"65-74 years","65-74","Connecticut","09","2007","2007","Male","M",31,104622,29.6
,"65-74 years","65-74","Connecticut","09","2008","2008","Female","F",17,130200,Unreliable
,"65-74 years","65-74","Connecticut","09","2008","2008","Male","M",23,110380,20.8
,"65-74 years","65-74","Connecticut","09","2009","2009","Female","F",20,134578,14.9
,"65-74 years","65-74","Connecticut","09","2009","2009","Male","M",32,114629,27.9
,"65-74 years","65-74","Connecticut","09","2010","2010","Female","F",20,137355,14.6
,"65-74 years","65-74","Connecticut","09","2010","2010","Male","M",30,117589,25.5
,"65-74 years","65-74","Connecticut","09","2011","2011","Female","F",22,141614,15.5
,"65-74 years","65-74","Connecticut","09","2011","2011","Male","M",35,121856,28.7
,"65-74 years","65-74","Connecticut","09","2012","2012","Female","F",20,151003,13.2
,"65-74 years","65-74","Connecticut","09","2012","2012","Male","M",35,130614,26.8
,"65-74 years","65-74","Connecticut","09","2013","2013","Female","F",32,157771,20.3
,"65-74 years","65-74","Connecticut","09","2013","2013","Male","M",38,137032,27.7
,"65-74 years","65-74","Connecticut","09","2014","2014","Female","F",30,163250,18.4
,"65-74 years","65-74","Connecticut","09","2014","2014","Male","M",32,141667,22.6
,"65-74 years","65-74","Connecticut","09","2015","2015","Female","F",33,168667,19.6
,"65-74 years","65-74","Connecticut","09","2015","2015","Male","M",49,146063,33.5
,"65-74 years","65-74","Connecticut","09","2016","2016","Female","F",25,173668,14.4
,"65-74 years","65-74","Connecticut","09","2016","2016","Male","M",43,150300,28.6
,"65-74 years","65-74","Connecticut","09","2017","2017","Female","F",32,181167,17.7
,"65-74 years","65-74","Connecticut","09","2017","2017","Male","M",56,157096,35.6
,"65-74 years","65-74","Connecticut","09","2018","2018","Female","F",42,183756,22.9
,"65-74 years","65-74","Connecticut","09","2018","2018","Male","M",58,159814,36.3
,"65-74 years","65-74","Connecticut","09","2019","2019","Female","F",36,188599,19.1
,"65-74 years","65-74","Connecticut","09","2019","2019","Male","M",66,164220,40.2
,"65-74 years","65-74","Connecticut","09","2020","2020","Female","F",47,194480,24.2
,"65-74 years","65-74","Connecticut","09","2020","2020","Male","M",58,169284,34.3
,"65-74 years","65-74","Delaware","10","1999","1999","Female","F",10,30407,Unreliable
,"65-74 years","65-74","Delaware","10","1999","1999","Male","M",14,25788,Unreliable
,"65-74 years","65-74","Delaware","10","2000","2000","Female","F",Suppressed,30396,Suppressed
,"65-74 years","65-74","Delaware","10","2000","2000","Male","M",12,26019,Unreliable
,"65-74 years","65-74","Delaware","10","2001","2001","Female","F",Suppressed,30600,Suppressed
,"65-74 years","65-74","Delaware","10","2001","2001","Male","M",Suppressed,26216,Suppressed
,"65-74 years","65-74","Delaware","10","2002","2002","Female","F",Suppressed,30665,Suppressed
,"65-74 years","65-74","Delaware","10","2002","2002","Male","M",Suppressed,26465,Suppressed
,"65-74 years","65-74","Delaware","10","2003","2003","Female","F",Suppressed,31082,Suppressed
,"65-74 years","65-74","Delaware","10","2003","2003","Male","M",Suppressed,27008,Suppressed
,"65-74 years","65-74","Delaware","10","2004","2004","Female","F",14,31722,Unreliable
,"65-74 years","65-74","Delaware","10","2004","2004","Male","M",11,27553,Unreliable
,"65-74 years","65-74","Delaware","10","2005","2005","Female","F",12,32443,Unreliable
,"65-74 years","65-74","Delaware","10","2005","2005","Male","M",13,28232,Unreliable
,"65-74 years","65-74","Delaware","10","2006","2006","Female","F",11,33595,Unreliable
,"65-74 years","65-74","Delaware","10","2006","2006","Male","M",Suppressed,29185,Suppressed
,"65-74 years","65-74","Delaware","10","2007","2007","Female","F",Suppressed,34763,Suppressed
,"65-74 years","65-74","Delaware","10","2007","2007","Male","M",14,30184,Unreliable
,"65-74 years","65-74","Delaware","10","2008","2008","Female","F",Suppressed,36523,Suppressed
,"65-74 years","65-74","Delaware","10","2008","2008","Male","M",Suppressed,31651,Suppressed
,"65-74 years","65-74","Delaware","10","2009","2009","Female","F",12,37874,Unreliable
,"65-74 years","65-74","Delaware","10","2009","2009","Male","M",11,32886,Unreliable
,"65-74 years","65-74","Delaware","10","2010","2010","Female","F",Suppressed,38868,Suppressed
,"65-74 years","65-74","Delaware","10","2010","2010","Male","M",13,33585,Unreliable
,"65-74 years","65-74","Delaware","10","2011","2011","Female","F",Suppressed,40474,Suppressed
,"65-74 years","65-74","Delaware","10","2011","2011","Male","M",Suppressed,34838,Suppressed
,"65-74 years","65-74","Delaware","10","2012","2012","Female","F",Suppressed,43349,Suppressed
,"65-74 years","65-74","Delaware","10","2012","2012","Male","M",Suppressed,37693,Suppressed
,"65-74 years","65-74","Delaware","10","2013","2013","Female","F",Suppressed,46184,Suppressed
,"65-74 years","65-74","Delaware","10","2013","2013","Male","M",17,39875,Unreliable
,"65-74 years","65-74","Delaware","10","2014","2014","Female","F",Suppressed,48702,Suppressed
,"65-74 years","65-74","Delaware","10","2014","2014","Male","M",13,42153,Unreliable
,"65-74 years","65-74","Delaware","10","2015","2015","Female","F",Suppressed,51172,Suppressed
,"65-74 years","65-74","Delaware","10","2015","2015","Male","M",11,44295,Unreliable
,"65-74 years","65-74","Delaware","10","2016","2016","Female","F",13,53548,Unreliable
,"65-74 years","65-74","Delaware","10","2016","2016","Male","M",15,46413,Unreliable
,"65-74 years","65-74","Delaware","10","2017","2017","Female","F",22,56327,39.1
,"65-74 years","65-74","Delaware","10","2017","2017","Male","M",20,48220,41.5
,"65-74 years","65-74","Delaware","10","2018","2018","Female","F",18,58364,Unreliable
,"65-74 years","65-74","Delaware","10","2018","2018","Male","M",11,49830,Unreliable
,"65-74 years","65-74","Delaware","10","2019","2019","Female","F",16,60846,Unreliable
,"65-74 years","65-74","Delaware","10","2019","2019","Male","M",18,52012,Unreliable
,"65-74 years","65-74","Delaware","10","2020","2020","Female","F",23,64062,35.9
,"65-74 years","65-74","Delaware","10","2020","2020","Male","M",35,54400,64.3
,"65-74 years","65-74","District of Columbia","11","1999","1999","Female","F",Suppressed,21208,Suppressed
,"65-74 years","65-74","District of Columbia","11","1999","1999","Male","M",Suppressed,15353,Suppressed
,"65-74 years","65-74","District of Columbia","11","2000","2000","Female","F",10,20816,Unreliable
,"65-74 years","65-74","District of Columbia","11","2000","2000","Male","M",Suppressed,15103,Suppressed
,"65-74 years","65-74","District of Columbia","11","2001","2001","Female","F",Suppressed,20032,Suppressed
,"65-74 years","65-74","District of Columbia","11","2001","2001","Male","M",Suppressed,14912,Suppressed
,"65-74 years","65-74","District of Columbia","11","2002","2002","Female","F",Suppressed,19481,Suppressed
,"65-74 years","65-74","District of Columbia","11","2002","2002","Male","M",Suppressed,14695,Suppressed
,"65-74 years","65-74","District of Columbia","11","2003","2003","Female","F",Suppressed,19196,Suppressed
,"65-74 years","65-74","District of Columbia","11","2003","2003","Male","M",Suppressed,14705,Suppressed
,"65-74 years","65-74","District of Columbia","11","2004","2004","Female","F",Suppressed,18865,Suppressed
,"65-74 years","65-74","District of Columbia","11","2004","2004","Male","M",Suppressed,14704,Suppressed
,"65-74 years","65-74","District of Columbia","11","2005","2005","Female","F",Suppressed,18789,Suppressed
,"65-74 years","65-74","District of Columbia","11","2005","2005","Male","M",Suppressed,14753,Suppressed
,"65-74 years","65-74","District of Columbia","11","2006","2006","Female","F",10,18729,Unreliable
,"65-74 years","65-74","District of Columbia","11","2006","2006","Male","M",Suppressed,14870,Suppressed
,"65-74 years","65-74","District of Columbia","11","2007","2007","Female","F",Suppressed,19064,Suppressed
,"65-74 years","65-74","District of Columbia","11","2007","2007","Male","M",Suppressed,15188,Suppressed
,"65-74 years","65-74","District of Columbia","11","2008","2008","Female","F",Suppressed,19672,Suppressed
,"65-74 years","65-74","District of Columbia","11","2008","2008","Male","M",Suppressed,15472,Suppressed
,"65-74 years","65-74","District of Columbia","11","2009","2009","Female","F",Suppressed,20203,Suppressed
,"65-74 years","65-74","District of Columbia","11","2009","2009","Male","M",10,15967,Unreliable
,"65-74 years","65-74","District of Columbia","11","2010","2010","Female","F",Suppressed,20693,Suppressed
,"65-74 years","65-74","District of Columbia","11","2010","2010","Male","M",Suppressed,16276,Suppressed
,"65-74 years","65-74","District of Columbia","11","2011","2011","Female","F",Suppressed,21379,Suppressed
,"65-74 years","65-74","District of Columbia","11","2011","2011","Male","M",Suppressed,16694,Suppressed
,"65-74 years","65-74","District of Columbia","11","2012","2012","Female","F",Suppressed,22179,Suppressed
,"65-74 years","65-74","District of Columbia","11","2012","2012","Male","M",Suppressed,17519,Suppressed
,"65-74 years","65-74","District of Columbia","11","2013","2013","Female","F",Suppressed,23067,Suppressed
,"65-74 years","65-74","District of Columbia","11","2013","2013","Male","M",10,17949,Unreliable
,"65-74 years","65-74","District of Columbia","11","2014","2014","Female","F",Suppressed,23990,Suppressed
,"65-74 years","65-74","District of Columbia","11","2014","2014","Male","M",Suppressed,18448,Suppressed
,"65-74 years","65-74","District of Columbia","11","2015","2015","Female","F",Suppressed,24996,Suppressed
,"65-74 years","65-74","District of Columbia","11","2015","2015","Male","M",Suppressed,19141,Suppressed
,"65-74 years","65-74","District of Columbia","11","2016","2016","Female","F",11,25749,Unreliable
,"65-74 years","65-74","District of Columbia","11","2016","2016","Male","M",Suppressed,19810,Suppressed
,"65-74 years","65-74","District of Columbia","11","2017","2017","Female","F",Suppressed,27367,Suppressed
,"65-74 years","65-74","District of Columbia","11","2017","2017","Male","M",Suppressed,20852,Suppressed
,"65-74 years","65-74","District of Columbia","11","2018","2018","Female","F",11,27920,Unreliable
,"65-74 years","65-74","District of Columbia","11","2018","2018","Male","M",18,21184,Unreliable
,"65-74 years","65-74","District of Columbia","11","2019","2019","Female","F",Suppressed,28586,Suppressed
,"65-74 years","65-74","District of Columbia","11","2019","2019","Male","M",12,21633,Unreliable
,"65-74 years","65-74","District of Columbia","11","2020","2020","Female","F",13,29389,Unreliable
,"65-74 years","65-74","District of Columbia","11","2020","2020","Male","M",18,22168,Unreliable
,"65-74 years","65-74","Florida","12","1999","1999","Female","F",119,790418,15.1
,"65-74 years","65-74","Florida","12","1999","1999","Male","M",140,672447,20.8
,"65-74 years","65-74","Florida","12","2000","2000","Female","F",118,783619,15.1
,"65-74 years","65-74","Florida","12","2000","2000","Male","M",118,668557,17.6
,"65-74 years","65-74","Florida","12","2001","2001","Female","F",105,782883,13.4
,"65-74 years","65-74","Florida","12","2001","2001","Male","M",140,672913,20.8
,"65-74 years","65-74","Florida","12","2002","2002","Female","F",113,783322,14.4
,"65-74 years","65-74","Florida","12","2002","2002","Male","M",107,677213,15.8
,"65-74 years","65-74","Florida","12","2003","2003","Female","F",99,787666,12.6
,"65-74 years","65-74","Florida","12","2003","2003","Male","M",125,684340,18.3
,"65-74 years","65-74","Florida","12","2004","2004","Female","F",113,796876,14.2
,"65-74 years","65-74","Florida","12","2004","2004","Male","M",118,696071,17.0
,"65-74 years","65-74","Florida","12","2005","2005","Female","F",108,810581,13.3
,"65-74 years","65-74","Florida","12","2005","2005","Male","M",144,709037,20.3
,"65-74 years","65-74","Florida","12","2006","2006","Female","F",106,818653,12.9
,"65-74 years","65-74","Florida","12","2006","2006","Male","M",131,716524,18.3
,"65-74 years","65-74","Florida","12","2007","2007","Female","F",121,838351,14.4
,"65-74 years","65-74","Florida","12","2007","2007","Male","M",160,732097,21.9
,"65-74 years","65-74","Florida","12","2008","2008","Female","F",123,872024,14.1
,"65-74 years","65-74","Florida","12","2008","2008","Male","M",166,760918,21.8
,"65-74 years","65-74","Florida","12","2009","2009","Female","F",118,902281,13.1
,"65-74 years","65-74","Florida","12","2009","2009","Male","M",182,787407,23.1
,"65-74 years","65-74","Florida","12","2010","2010","Female","F",110,921839,11.9
,"65-74 years","65-74","Florida","12","2010","2010","Male","M",176,806101,21.8
,"65-74 years","65-74","Florida","12","2011","2011","Female","F",125,948922,13.2
,"65-74 years","65-74","Florida","12","2011","2011","Male","M",166,829510,20.0
,"65-74 years","65-74","Florida","12","2012","2012","Female","F",159,1010419,15.7
,"65-74 years","65-74","Florida","12","2012","2012","Male","M",217,884366,24.5
,"65-74 years","65-74","Florida","12","2013","2013","Female","F",161,1059406,15.2
,"65-74 years","65-74","Florida","12","2013","2013","Male","M",258,926519,27.8
,"65-74 years","65-74","Florida","12","2014","2014","Female","F",145,1112550,13.0
,"65-74 years","65-74","Florida","12","2014","2014","Male","M",286,970151,29.5
,"65-74 years","65-74","Florida","12","2015","2015","Female","F",201,1166729,17.2
,"65-74 years","65-74","Florida","12","2015","2015","Male","M",285,1014473,28.1
,"65-74 years","65-74","Florida","12","2016","2016","Female","F",222,1219649,18.2
,"65-74 years","65-74","Florida","12","2016","2016","Male","M",337,1057935,31.9
,"65-74 years","65-74","Florida","12","2017","2017","Female","F",263,1258148,20.9
,"65-74 years","65-74","Florida","12","2017","2017","Male","M",372,1084368,34.3
,"65-74 years","65-74","Florida","12","2018","2018","Female","F",275,1290361,21.3
,"65-74 years","65-74","Florida","12","2018","2018","Male","M",441,1107541,39.8
,"65-74 years","65-74","Florida","12","2019","2019","Female","F",282,1328810,21.2
,"65-74 years","65-74","Florida","12","2019","2019","Male","M",462,1136559,40.6
,"65-74 years","65-74","Florida","12","2020","2020","Female","F",346,1371149,25.2
,"65-74 years","65-74","Florida","12","2020","2020","Male","M",478,1168427,40.9
,"65-74 years","65-74","Georgia","13","1999","1999","Female","F",166,241213,68.8
,"65-74 years","65-74","Georgia","13","1999","1999","Male","M",169,190063,88.9
,"65-74 years","65-74","Georgia","13","2000","2000","Female","F",141,243008,58.0
,"65-74 years","65-74","Georgia","13","2000","2000","Male","M",155,192687,80.4
,"65-74 years","65-74","Georgia","13","2001","2001","Female","F",172,245845,70.0
,"65-74 years","65-74","Georgia","13","2001","2001","Male","M",171,197265,86.7
,"65-74 years","65-74","Georgia","13","2002","2002","Female","F",140,248467,56.3
,"65-74 years","65-74","Georgia","13","2002","2002","Male","M",149,201422,74.0
,"65-74 years","65-74","Georgia","13","2003","2003","Female","F",136,252829,53.8
,"65-74 years","65-74","Georgia","13","2003","2003","Male","M",164,206811,79.3
,"65-74 years","65-74","Georgia","13","2004","2004","Female","F",156,257342,60.6
,"65-74 years","65-74","Georgia","13","2004","2004","Male","M",175,212235,82.5
,"65-74 years","65-74","Georgia","13","2005","2005","Female","F",159,265691,59.8
,"65-74 years","65-74","Georgia","13","2005","2005","Male","M",173,220946,78.3
,"65-74 years","65-74","Georgia","13","2006","2006","Female","F",162,278809,58.1
,"65-74 years","65-74","Georgia","13","2006","2006","Male","M",169,232878,72.6
,"65-74 years","65-74","Georgia","13","2007","2007","Female","F",145,289115,50.2
,"65-74 years","65-74","Georgia","13","2007","2007","Male","M",154,243218,63.3
,"65-74 years","65-74","Georgia","13","2008","2008","Female","F",142,303968,46.7
,"65-74 years","65-74","Georgia","13","2008","2008","Male","M",197,257754,76.4
,"65-74 years","65-74","Georgia","13","2009","2009","Female","F",160,317966,50.3
,"65-74 years","65-74","Georgia","13","2009","2009","Male","M",194,270140,71.8
,"65-74 years","65-74","Georgia","13","2010","2010","Female","F",124,327366,37.9
,"65-74 years","65-74","Georgia","13","2010","2010","Male","M",185,279063,66.3
,"65-74 years","65-74","Georgia","13","2011","2011","Female","F",153,343578,44.5
,"65-74 years","65-74","Georgia","13","2011","2011","Male","M",181,293484,61.7
,"65-74 years","65-74","Georgia","13","2012","2012","Female","F",163,370249,44.0
,"65-74 years","65-74","Georgia","13","2012","2012","Male","M",200,316686,63.2
,"65-74 years","65-74","Georgia","13","2013","2013","Female","F",195,392701,49.7
,"65-74 years","65-74","Georgia","13","2013","2013","Male","M",248,336358,73.7
,"65-74 years","65-74","Georgia","13","2014","2014","Female","F",182,414664,43.9
,"65-74 years","65-74","Georgia","13","2014","2014","Male","M",267,354398,75.3
,"65-74 years","65-74","Georgia","13","2015","2015","Female","F",228,434645,52.5
,"65-74 years","65-74","Georgia","13","2015","2015","Male","M",321,370342,86.7
,"65-74 years","65-74","Georgia","13","2016","2016","Female","F",203,454745,44.6
,"65-74 years","65-74","Georgia","13","2016","2016","Male","M",366,384580,95.2
,"65-74 years","65-74","Georgia","13","2017","2017","Female","F",267,473327,56.4
,"65-74 years","65-74","Georgia","13","2017","2017","Male","M",389,397552,97.8
,"65-74 years","65-74","Georgia","13","2018","2018","Female","F",279,487660,57.2
,"65-74 years","65-74","Georgia","13","2018","2018","Male","M",372,407759,91.2
,"65-74 years","65-74","Georgia","13","2019","2019","Female","F",315,505050,62.4
,"65-74 years","65-74","Georgia","13","2019","2019","Male","M",435,420951,103.3
,"65-74 years","65-74","Georgia","13","2020","2020","Female","F",369,524229,70.4
,"65-74 years","65-74","Georgia","13","2020","2020","Male","M",500,435035,114.9
,"65-74 years","65-74","Hawaii","15","1999","1999","Female","F",Suppressed,46843,Suppressed
,"65-74 years","65-74","Hawaii","15","1999","1999","Male","M",10,38619,Unreliable
,"65-74 years","65-74","Hawaii","15","2000","2000","Female","F",12,46840,Unreliable
,"65-74 years","65-74","Hawaii","15","2000","2000","Male","M",Suppressed,38422,Suppressed
,"65-74 years","65-74","Hawaii","15","2001","2001","Female","F",Suppressed,46653,Suppressed
,"65-74 years","65-74","Hawaii","15","2001","2001","Male","M",Suppressed,38187,Suppressed
,"65-74 years","65-74","Hawaii","15","2002","2002","Female","F",Suppressed,46187,Suppressed
,"65-74 years","65-74","Hawaii","15","2002","2002","Male","M",11,38139,Unreliable
,"65-74 years","65-74","Hawaii","15","2003","2003","Female","F",Suppressed,46079,Suppressed
,"65-74 years","65-74","Hawaii","15","2003","2003","Male","M",Suppressed,38373,Suppressed
,"65-74 years","65-74","Hawaii","15","2004","2004","Female","F",16,45987,Unreliable
,"65-74 years","65-74","Hawaii","15","2004","2004","Male","M",11,38808,Unreliable
,"65-74 years","65-74","Hawaii","15","2005","2005","Female","F",Suppressed,46383,Suppressed
,"65-74 years","65-74","Hawaii","15","2005","2005","Male","M",12,39683,Unreliable
,"65-74 years","65-74","Hawaii","15","2006","2006","Female","F",Suppressed,46763,Suppressed
,"65-74 years","65-74","Hawaii","15","2006","2006","Male","M",14,40417,Unreliable
,"65-74 years","65-74","Hawaii","15","2007","2007","Female","F",Suppressed,47321,Suppressed
,"65-74 years","65-74","Hawaii","15","2007","2007","Male","M",12,41607,Unreliable
,"65-74 years","65-74","Hawaii","15","2008","2008","Female","F",Suppressed,48798,Suppressed
,"65-74 years","65-74","Hawaii","15","2008","2008","Male","M",Suppressed,43580,Suppressed
,"65-74 years","65-74","Hawaii","15","2009","2009","Female","F",Suppressed,51109,Suppressed
,"65-74 years","65-74","Hawaii","15","2009","2009","Male","M",10,45957,Unreliable
,"65-74 years","65-74","Hawaii","15","2010","2010","Female","F",Suppressed,52534,Suppressed
,"65-74 years","65-74","Hawaii","15","2010","2010","Male","M",16,47989,Unreliable
,"65-74 years","65-74","Hawaii","15","2011","2011","Female","F",Suppressed,54918,Suppressed
,"65-74 years","65-74","Hawaii","15","2011","2011","Male","M",15,50524,Unreliable
,"65-74 years","65-74","Hawaii","15","2012","2012","Female","F",Suppressed,58118,Suppressed
,"65-74 years","65-74","Hawaii","15","2012","2012","Male","M",13,54029,Unreliable
,"65-74 years","65-74","Hawaii","15","2013","2013","Female","F",14,62350,Unreliable
,"65-74 years","65-74","Hawaii","15","2013","2013","Male","M",19,58187,Unreliable
,"65-74 years","65-74","Hawaii","15","2014","2014","Female","F",Suppressed,65459,Suppressed
,"65-74 years","65-74","Hawaii","15","2014","2014","Male","M",18,61238,Unreliable
,"65-74 years","65-74","Hawaii","15","2015","2015","Female","F",13,68882,Unreliable
,"65-74 years","65-74","Hawaii","15","2015","2015","Male","M",27,64390,41.9
,"65-74 years","65-74","Hawaii","15","2016","2016","Female","F",18,71866,Unreliable
,"65-74 years","65-74","Hawaii","15","2016","2016","Male","M",20,67144,29.8
,"65-74 years","65-74","Hawaii","15","2017","2017","Female","F",12,74887,Unreliable
,"65-74 years","65-74","Hawaii","15","2017","2017","Male","M",27,70049,38.5
,"65-74 years","65-74","Hawaii","15","2018","2018","Female","F",Suppressed,77104,Suppressed
,"65-74 years","65-74","Hawaii","15","2018","2018","Male","M",16,71829,Unreliable
,"65-74 years","65-74","Hawaii","15","2019","2019","Female","F",Suppressed,78914,Suppressed
,"65-74 years","65-74","Hawaii","15","2019","2019","Male","M",22,73178,30.1
,"65-74 years","65-74","Hawaii","15","2020","2020","Female","F",16,80338,Unreliable
,"65-74 years","65-74","Hawaii","15","2020","2020","Male","M",20,74368,26.9
,"65-74 years","65-74","Idaho","16","1999","1999","Female","F",10,39564,Unreliable
,"65-74 years","65-74","Idaho","16","1999","1999","Male","M",10,35800,Unreliable
,"65-74 years","65-74","Idaho","16","2000","2000","Female","F",14,39740,Unreliable
,"65-74 years","65-74","Idaho","16","2000","2000","Male","M",14,36230,Unreliable
,"65-74 years","65-74","Idaho","16","2001","2001","Female","F",17,40397,Unreliable
,"65-74 years","65-74","Idaho","16","2001","2001","Male","M",Suppressed,36922,Suppressed
,"65-74 years","65-74","Idaho","16","2002","2002","Female","F",10,40958,Unreliable
,"65-74 years","65-74","Idaho","16","2002","2002","Male","M",13,38029,Unreliable
,"65-74 years","65-74","Idaho","16","2003","2003","Female","F",Suppressed,41795,Suppressed
,"65-74 years","65-74","Idaho","16","2003","2003","Male","M",17,39007,Unreliable
,"65-74 years","65-74","Idaho","16","2004","2004","Female","F",10,43032,Unreliable
,"65-74 years","65-74","Idaho","16","2004","2004","Male","M",15,40469,Unreliable
,"65-74 years","65-74","Idaho","16","2005","2005","Female","F",10,44497,Unreliable
,"65-74 years","65-74","Idaho","16","2005","2005","Male","M",11,42277,Unreliable
,"65-74 years","65-74","Idaho","16","2006","2006","Female","F",11,46614,Unreliable
,"65-74 years","65-74","Idaho","16","2006","2006","Male","M",15,44864,Unreliable
,"65-74 years","65-74","Idaho","16","2007","2007","Female","F",15,48597,Unreliable
,"65-74 years","65-74","Idaho","16","2007","2007","Male","M",12,47061,Unreliable
,"65-74 years","65-74","Idaho","16","2008","2008","Female","F",Suppressed,51357,Suppressed
,"65-74 years","65-74","Idaho","16","2008","2008","Male","M",14,49857,Unreliable
,"65-74 years","65-74","Idaho","16","2009","2009","Female","F",16,54014,Unreliable
,"65-74 years","65-74","Idaho","16","2009","2009","Male","M",Suppressed,52119,Suppressed
,"65-74 years","65-74","Idaho","16","2010","2010","Female","F",16,55738,Unreliable
,"65-74 years","65-74","Idaho","16","2010","2010","Male","M",13,53796,Unreliable
,"65-74 years","65-74","Idaho","16","2011","2011","Female","F",12,58482,Unreliable
,"65-74 years","65-74","Idaho","16","2011","2011","Male","M",22,56524,38.9
,"65-74 years","65-74","Idaho","16","2012","2012","Female","F",Suppressed,62617,Suppressed
,"65-74 years","65-74","Idaho","16","2012","2012","Male","M",19,60726,Unreliable
,"65-74 years","65-74","Idaho","16","2013","2013","Female","F",18,66593,Unreliable
,"65-74 years","65-74","Idaho","16","2013","2013","Male","M",13,64618,Unreliable
,"65-74 years","65-74","Idaho","16","2014","2014","Female","F",20,70476,28.4
,"65-74 years","65-74","Idaho","16","2014","2014","Male","M",20,68217,29.3
,"65-74 years","65-74","Idaho","16","2015","2015","Female","F",17,74169,Unreliable
,"65-74 years","65-74","Idaho","16","2015","2015","Male","M",22,71575,30.7
,"65-74 years","65-74","Idaho","16","2016","2016","Female","F",26,78430,33.2
,"65-74 years","65-74","Idaho","16","2016","2016","Male","M",33,75310,43.8
,"65-74 years","65-74","Idaho","16","2017","2017","Female","F",17,82215,Unreliable
,"65-74 years","65-74","Idaho","16","2017","2017","Male","M",29,78637,36.9
,"65-74 years","65-74","Idaho","16","2018","2018","Female","F",28,85987,32.6
,"65-74 years","65-74","Idaho","16","2018","2018","Male","M",51,82254,62.0
,"65-74 years","65-74","Idaho","16","2019","2019","Female","F",33,89876,36.7
,"65-74 years","65-74","Idaho","16","2019","2019","Male","M",32,85990,37.2
,"65-74 years","65-74","Idaho","16","2020","2020","Female","F",29,95413,30.4
,"65-74 years","65-74","Idaho","16","2020","2020","Male","M",38,90529,42.0
,"65-74 years","65-74","Illinois","17","1999","1999","Female","F",180,432841,41.6
,"65-74 years","65-74","Illinois","17","1999","1999","Male","M",192,345235,55.6
,"65-74 years","65-74","Illinois","17","2000","2000","Female","F",174,428526,40.6
,"65-74 years","65-74","Illinois","17","2000","2000","Male","M",182,343721,52.9
,"65-74 years","65-74","Illinois","17","2001","2001","Female","F",174,423024,41.1
,"65-74 years","65-74","Illinois","17","2001","2001","Male","M",174,341749,50.9
,"65-74 years","65-74","Illinois","17","2002","2002","Female","F",161,417937,38.5
,"65-74 years","65-74","Illinois","17","2002","2002","Male","M",151,340415,44.4
,"65-74 years","65-74","Illinois","17","2003","2003","Female","F",176,417501,42.2
,"65-74 years","65-74","Illinois","17","2003","2003","Male","M",175,341794,51.2
,"65-74 years","65-74","Illinois","17","2004","2004","Female","F",166,418151,39.7
,"65-74 years","65-74","Illinois","17","2004","2004","Male","M",177,343477,51.5
,"65-74 years","65-74","Illinois","17","2005","2005","Female","F",172,417608,41.2
,"65-74 years","65-74","Illinois","17","2005","2005","Male","M",197,344746,57.1
,"65-74 years","65-74","Illinois","17","2006","2006","Female","F",149,418639,35.6
,"65-74 years","65-74","Illinois","17","2006","2006","Male","M",159,347761,45.7
,"65-74 years","65-74","Illinois","17","2007","2007","Female","F",147,426809,34.4
,"65-74 years","65-74","Illinois","17","2007","2007","Male","M",163,356928,45.7
,"65-74 years","65-74","Illinois","17","2008","2008","Female","F",154,441079,34.9
,"65-74 years","65-74","Illinois","17","2008","2008","Male","M",155,370912,41.8
,"65-74 years","65-74","Illinois","17","2009","2009","Female","F",131,453021,28.9
,"65-74 years","65-74","Illinois","17","2009","2009","Male","M",181,382580,47.3
,"65-74 years","65-74","Illinois","17","2010","2010","Female","F",149,460236,32.4
,"65-74 years","65-74","Illinois","17","2010","2010","Male","M",183,389299,47.0
,"65-74 years","65-74","Illinois","17","2011","2011","Female","F",142,471579,30.1
,"65-74 years","65-74","Illinois","17","2011","2011","Male","M",180,401366,44.8
,"65-74 years","65-74","Illinois","17","2012","2012","Female","F",134,497536,26.9
,"65-74 years","65-74","Illinois","17","2012","2012","Male","M",193,425963,45.3
,"65-74 years","65-74","Illinois","17","2013","2013","Female","F",173,518308,33.4
,"65-74 years","65-74","Illinois","17","2013","2013","Male","M",195,446471,43.7
,"65-74 years","65-74","Illinois","17","2014","2014","Female","F",218,537595,40.6
,"65-74 years","65-74","Illinois","17","2014","2014","Male","M",255,464527,54.9
,"65-74 years","65-74","Illinois","17","2015","2015","Female","F",210,556422,37.7
,"65-74 years","65-74","Illinois","17","2015","2015","Male","M",272,482407,56.4
,"65-74 years","65-74","Illinois","17","2016","2016","Female","F",214,574543,37.2
,"65-74 years","65-74","Illinois","17","2016","2016","Male","M",280,498300,56.2
,"65-74 years","65-74","Illinois","17","2017","2017","Female","F",214,597396,35.8
,"65-74 years","65-74","Illinois","17","2017","2017","Male","M",315,519593,60.6
,"65-74 years","65-74","Illinois","17","2018","2018","Female","F",235,610365,38.5
,"65-74 years","65-74","Illinois","17","2018","2018","Male","M",376,531888,70.7
,"65-74 years","65-74","Illinois","17","2019","2019","Female","F",267,628221,42.5
,"65-74 years","65-74","Illinois","17","2019","2019","Male","M",395,547812,72.1
,"65-74 years","65-74","Illinois","17","2020","2020","Female","F",318,647539,49.1
,"65-74 years","65-74","Illinois","17","2020","2020","Male","M",421,564202,74.6
,"65-74 years","65-74","Indiana","18","1999","1999","Female","F",112,220238,50.9
,"65-74 years","65-74","Indiana","18","1999","1999","Male","M",137,176842,77.5
,"65-74 years","65-74","Indiana","18","2000","2000","Female","F",111,218541,50.8
,"65-74 years","65-74","Indiana","18","2000","2000","Male","M",137,176852,77.5
,"65-74 years","65-74","Indiana","18","2001","2001","Female","F",108,216167,50.0
,"65-74 years","65-74","Indiana","18","2001","2001","Male","M",119,176859,67.3
,"65-74 years","65-74","Indiana","18","2002","2002","Female","F",99,214263,46.2
,"65-74 years","65-74","Indiana","18","2002","2002","Male","M",113,176316,64.1
,"65-74 years","65-74","Indiana","18","2003","2003","Female","F",101,214476,47.1
,"65-74 years","65-74","Indiana","18","2003","2003","Male","M",120,177564,67.6
,"65-74 years","65-74","Indiana","18","2004","2004","Female","F",99,215019,46.0
,"65-74 years","65-74","Indiana","18","2004","2004","Male","M",104,179451,58.0
,"65-74 years","65-74","Indiana","18","2005","2005","Female","F",122,215815,56.5
,"65-74 years","65-74","Indiana","18","2005","2005","Male","M",110,181789,60.5
,"65-74 years","65-74","Indiana","18","2006","2006","Female","F",110,219124,50.2
,"65-74 years","65-74","Indiana","18","2006","2006","Male","M",120,185820,64.6
,"65-74 years","65-74","Indiana","18","2007","2007","Female","F",94,223926,42.0
,"65-74 years","65-74","Indiana","18","2007","2007","Male","M",103,191028,53.9
,"65-74 years","65-74","Indiana","18","2008","2008","Female","F",91,231416,39.3
,"65-74 years","65-74","Indiana","18","2008","2008","Male","M",104,199194,52.2
,"65-74 years","65-74","Indiana","18","2009","2009","Female","F",85,237903,35.7
,"65-74 years","65-74","Indiana","18","2009","2009","Male","M",94,205591,45.7
,"65-74 years","65-74","Indiana","18","2010","2010","Female","F",100,242155,41.3
,"65-74 years","65-74","Indiana","18","2010","2010","Male","M",121,210180,57.6
,"65-74 years","65-74","Indiana","18","2011","2011","Female","F",66,248234,26.6
,"65-74 years","65-74","Indiana","18","2011","2011","Male","M",87,216555,40.2
,"65-74 years","65-74","Indiana","18","2012","2012","Female","F",84,263283,31.9
,"65-74 years","65-74","Indiana","18","2012","2012","Male","M",121,230271,52.5
,"65-74 years","65-74","Indiana","18","2013","2013","Female","F",105,274023,38.3
,"65-74 years","65-74","Indiana","18","2013","2013","Male","M",109,240500,45.3
,"65-74 years","65-74","Indiana","18","2014","2014","Female","F",89,285392,31.2
,"65-74 years","65-74","Indiana","18","2014","2014","Male","M",119,250719,47.5
,"65-74 years","65-74","Indiana","18","2015","2015","Female","F",103,296025,34.8
,"65-74 years","65-74","Indiana","18","2015","2015","Male","M",124,260667,47.6
,"65-74 years","65-74","Indiana","18","2016","2016","Female","F",125,306355,40.8
,"65-74 years","65-74","Indiana","18","2016","2016","Male","M",133,270023,49.3
,"65-74 years","65-74","Indiana","18","2017","2017","Female","F",126,317937,39.6
,"65-74 years","65-74","Indiana","18","2017","2017","Male","M",173,281007,61.6
,"65-74 years","65-74","Indiana","18","2018","2018","Female","F",130,326700,39.8
,"65-74 years","65-74","Indiana","18","2018","2018","Male","M",190,288881,65.8
,"65-74 years","65-74","Indiana","18","2019","2019","Female","F",157,337651,46.5
,"65-74 years","65-74","Indiana","18","2019","2019","Male","M",202,299086,67.5
,"65-74 years","65-74","Indiana","18","2020","2020","Female","F",153,349638,43.8
,"65-74 years","65-74","Indiana","18","2020","2020","Male","M",208,309244,67.3
,"65-74 years","65-74","Iowa","19","1999","1999","Female","F",10,116526,Unreliable
,"65-74 years","65-74","Iowa","19","1999","1999","Male","M",15,96751,Unreliable
,"65-74 years","65-74","Iowa","19","2000","2000","Female","F",21,115544,18.2
,"65-74 years","65-74","Iowa","19","2000","2000","Male","M",19,96391,Unreliable
,"65-74 years","65-74","Iowa","19","2001","2001","Female","F",18,113871,Unreliable
,"65-74 years","65-74","Iowa","19","2001","2001","Male","M",14,95508,Unreliable
,"65-74 years","65-74","Iowa","19","2002","2002","Female","F",13,112661,Unreliable
,"65-74 years","65-74","Iowa","19","2002","2002","Male","M",19,94710,Unreliable
,"65-74 years","65-74","Iowa","19","2003","2003","Female","F",Suppressed,111886,Suppressed
,"65-74 years","65-74","Iowa","19","2003","2003","Male","M",22,94479,23.3
,"65-74 years","65-74","Iowa","19","2004","2004","Female","F",12,111623,Unreliable
,"65-74 years","65-74","Iowa","19","2004","2004","Male","M",12,94762,Unreliable
,"65-74 years","65-74","Iowa","19","2005","2005","Female","F",Suppressed,111273,Suppressed
,"65-74 years","65-74","Iowa","19","2005","2005","Male","M",11,95691,Unreliable
,"65-74 years","65-74","Iowa","19","2006","2006","Female","F",14,111904,Unreliable
,"65-74 years","65-74","Iowa","19","2006","2006","Male","M",14,96745,Unreliable
,"65-74 years","65-74","Iowa","19","2007","2007","Female","F",17,112951,Unreliable
,"65-74 years","65-74","Iowa","19","2007","2007","Male","M",16,99020,Unreliable
,"65-74 years","65-74","Iowa","19","2008","2008","Female","F",16,115483,Unreliable
,"65-74 years","65-74","Iowa","19","2008","2008","Male","M",23,101833,22.6
,"65-74 years","65-74","Iowa","19","2009","2009","Female","F",Suppressed,117817,Suppressed
,"65-74 years","65-74","Iowa","19","2009","2009","Male","M",13,104381,Unreliable
,"65-74 years","65-74","Iowa","19","2010","2010","Female","F",17,118874,Unreliable
,"65-74 years","65-74","Iowa","19","2010","2010","Male","M",16,105782,Unreliable
,"65-74 years","65-74","Iowa","19","2011","2011","Female","F",14,120452,Unreliable
,"65-74 years","65-74","Iowa","19","2011","2011","Male","M",22,107898,20.4
,"65-74 years","65-74","Iowa","19","2012","2012","Female","F",16,126388,Unreliable
,"65-74 years","65-74","Iowa","19","2012","2012","Male","M",18,114156,Unreliable
,"65-74 years","65-74","Iowa","19","2013","2013","Female","F",25,131046,19.1
,"65-74 years","65-74","Iowa","19","2013","2013","Male","M",29,119229,24.3
,"65-74 years","65-74","Iowa","19","2014","2014","Female","F",29,135768,21.4
,"65-74 years","65-74","Iowa","19","2014","2014","Male","M",28,124180,22.5
,"65-74 years","65-74","Iowa","19","2015","2015","Female","F",26,140730,18.5
,"65-74 years","65-74","Iowa","19","2015","2015","Male","M",47,129726,36.2
,"65-74 years","65-74","Iowa","19","2016","2016","Female","F",33,145964,22.6
,"65-74 years","65-74","Iowa","19","2016","2016","Male","M",32,135082,23.7
,"65-74 years","65-74","Iowa","19","2017","2017","Female","F",34,151087,22.5
,"65-74 years","65-74","Iowa","19","2017","2017","Male","M",42,140424,29.9
,"65-74 years","65-74","Iowa","19","2018","2018","Female","F",40,155752,25.7
,"65-74 years","65-74","Iowa","19","2018","2018","Male","M",52,145121,35.8
,"65-74 years","65-74","Iowa","19","2019","2019","Female","F",54,161188,33.5
,"65-74 years","65-74","Iowa","19","2019","2019","Male","M",62,150259,41.3
,"65-74 years","65-74","Iowa","19","2020","2020","Female","F",36,167265,21.5
,"65-74 years","65-74","Iowa","19","2020","2020","Male","M",80,156084,51.3
,"65-74 years","65-74","Kansas","20","1999","1999","Female","F",35,96854,36.1
,"65-74 years","65-74","Kansas","20","1999","1999","Male","M",38,80409,47.3
,"65-74 years","65-74","Kansas","20","2000","2000","Female","F",37,95966,38.6
,"65-74 years","65-74","Kansas","20","2000","2000","Male","M",41,79950,51.3
,"65-74 years","65-74","Kansas","20","2001","2001","Female","F",33,94469,34.9
,"65-74 years","65-74","Kansas","20","2001","2001","Male","M",44,79444,55.4
,"65-74 years","65-74","Kansas","20","2002","2002","Female","F",45,93270,48.2
,"65-74 years","65-74","Kansas","20","2002","2002","Male","M",35,78903,44.4
,"65-74 years","65-74","Kansas","20","2003","2003","Female","F",37,92786,39.9
,"65-74 years","65-74","Kansas","20","2003","2003","Male","M",35,78712,44.5
,"65-74 years","65-74","Kansas","20","2004","2004","Female","F",31,92561,33.5
,"65-74 years","65-74","Kansas","20","2004","2004","Male","M",33,79199,41.7
,"65-74 years","65-74","Kansas","20","2005","2005","Female","F",42,92505,45.4
,"65-74 years","65-74","Kansas","20","2005","2005","Male","M",34,79622,42.7
,"65-74 years","65-74","Kansas","20","2006","2006","Female","F",39,93163,41.9
,"65-74 years","65-74","Kansas","20","2006","2006","Male","M",45,80513,55.9
,"65-74 years","65-74","Kansas","20","2007","2007","Female","F",33,94370,35.0
,"65-74 years","65-74","Kansas","20","2007","2007","Male","M",49,82032,59.7
,"65-74 years","65-74","Kansas","20","2008","2008","Female","F",39,96634,40.4
,"65-74 years","65-74","Kansas","20","2008","2008","Male","M",44,84898,51.8
,"65-74 years","65-74","Kansas","20","2009","2009","Female","F",40,99275,40.3
,"65-74 years","65-74","Kansas","20","2009","2009","Male","M",38,87605,43.4
,"65-74 years","65-74","Kansas","20","2010","2010","Female","F",22,101009,21.8
,"65-74 years","65-74","Kansas","20","2010","2010","Male","M",46,89380,51.5
,"65-74 years","65-74","Kansas","20","2011","2011","Female","F",35,103326,33.9
,"65-74 years","65-74","Kansas","20","2011","2011","Male","M",43,91934,46.8
,"65-74 years","65-74","Kansas","20","2012","2012","Female","F",39,109101,35.7
,"65-74 years","65-74","Kansas","20","2012","2012","Male","M",44,97729,45.0
,"65-74 years","65-74","Kansas","20","2013","2013","Female","F",45,113629,39.6
,"65-74 years","65-74","Kansas","20","2013","2013","Male","M",47,102915,45.7
,"65-74 years","65-74","Kansas","20","2014","2014","Female","F",38,118115,32.2
,"65-74 years","65-74","Kansas","20","2014","2014","Male","M",55,107468,51.2
,"65-74 years","65-74","Kansas","20","2015","2015","Female","F",27,122891,22.0
,"65-74 years","65-74","Kansas","20","2015","2015","Male","M",46,112377,40.9
,"65-74 years","65-74","Kansas","20","2016","2016","Female","F",35,127846,27.4
,"65-74 years","65-74","Kansas","20","2016","2016","Male","M",57,117150,48.7
,"65-74 years","65-74","Kansas","20","2017","2017","Female","F",44,133006,33.1
,"65-74 years","65-74","Kansas","20","2017","2017","Male","M",58,122051,47.5
,"65-74 years","65-74","Kansas","20","2018","2018","Female","F",43,136902,31.4
,"65-74 years","65-74","Kansas","20","2018","2018","Male","M",81,125955,64.3
,"65-74 years","65-74","Kansas","20","2019","2019","Female","F",57,142043,40.1
,"65-74 years","65-74","Kansas","20","2019","2019","Male","M",80,130193,61.4
,"65-74 years","65-74","Kansas","20","2020","2020","Female","F",61,147299,41.4
,"65-74 years","65-74","Kansas","20","2020","2020","Male","M",94,135159,69.5
,"65-74 years","65-74","Kentucky","21","1999","1999","Female","F",108,151598,71.2
,"65-74 years","65-74","Kentucky","21","1999","1999","Male","M",114,122420,93.1
,"65-74 years","65-74","Kentucky","21","2000","2000","Female","F",106,151145,70.1
,"65-74 years","65-74","Kentucky","21","2000","2000","Male","M",113,122798,92.0
,"65-74 years","65-74","Kentucky","21","2001","2001","Female","F",105,150751,69.7
,"65-74 years","65-74","Kentucky","21","2001","2001","Male","M",91,123599,73.6
,"65-74 years","65-74","Kentucky","21","2002","2002","Female","F",94,150023,62.7
,"65-74 years","65-74","Kentucky","21","2002","2002","Male","M",107,124071,86.2
,"65-74 years","65-74","Kentucky","21","2003","2003","Female","F",88,151159,58.2
,"65-74 years","65-74","Kentucky","21","2003","2003","Male","M",105,125708,83.5
,"65-74 years","65-74","Kentucky","21","2004","2004","Female","F",87,152619,57.0
,"65-74 years","65-74","Kentucky","21","2004","2004","Male","M",105,128062,82.0
,"65-74 years","65-74","Kentucky","21","2005","2005","Female","F",92,154669,59.5
,"65-74 years","65-74","Kentucky","21","2005","2005","Male","M",104,130872,79.5
,"65-74 years","65-74","Kentucky","21","2006","2006","Female","F",90,158043,56.9
,"65-74 years","65-74","Kentucky","21","2006","2006","Male","M",106,134543,78.8
,"65-74 years","65-74","Kentucky","21","2007","2007","Female","F",87,161637,53.8
,"65-74 years","65-74","Kentucky","21","2007","2007","Male","M",93,138817,67.0
,"65-74 years","65-74","Kentucky","21","2008","2008","Female","F",82,166792,49.2
,"65-74 years","65-74","Kentucky","21","2008","2008","Male","M",92,144387,63.7
,"65-74 years","65-74","Kentucky","21","2009","2009","Female","F",69,171024,40.3
,"65-74 years","65-74","Kentucky","21","2009","2009","Male","M",95,148690,63.9
,"65-74 years","65-74","Kentucky","21","2010","2010","Female","F",73,173737,42.0
,"65-74 years","65-74","Kentucky","21","2010","2010","Male","M",92,151577,60.7
,"65-74 years","65-74","Kentucky","21","2011","2011","Female","F",72,178361,40.4
,"65-74 years","65-74","Kentucky","21","2011","2011","Male","M",104,156185,66.6
,"65-74 years","65-74","Kentucky","21","2012","2012","Female","F",69,189118,36.5
,"65-74 years","65-74","Kentucky","21","2012","2012","Male","M",109,166180,65.6
,"65-74 years","65-74","Kentucky","21","2013","2013","Female","F",90,196655,45.8
,"65-74 years","65-74","Kentucky","21","2013","2013","Male","M",115,173473,66.3
,"65-74 years","65-74","Kentucky","21","2014","2014","Female","F",98,204672,47.9
,"65-74 years","65-74","Kentucky","21","2014","2014","Male","M",136,180715,75.3
,"65-74 years","65-74","Kentucky","21","2015","2015","Female","F",106,211674,50.1
,"65-74 years","65-74","Kentucky","21","2015","2015","Male","M",156,187192,83.3
,"65-74 years","65-74","Kentucky","21","2016","2016","Female","F",112,218480,51.3
,"65-74 years","65-74","Kentucky","21","2016","2016","Male","M",156,193207,80.7
,"65-74 years","65-74","Kentucky","21","2017","2017","Female","F",126,225910,55.8
,"65-74 years","65-74","Kentucky","21","2017","2017","Male","M",148,199483,74.2
,"65-74 years","65-74","Kentucky","21","2018","2018","Female","F",148,231403,64.0
,"65-74 years","65-74","Kentucky","21","2018","2018","Male","M",173,203802,84.9
,"65-74 years","65-74","Kentucky","21","2019","2019","Female","F",104,238221,43.7
,"65-74 years","65-74","Kentucky","21","2019","2019","Male","M",188,209655,89.7
,"65-74 years","65-74","Kentucky","21","2020","2020","Female","F",115,246242,46.7
,"65-74 years","65-74","Kentucky","21","2020","2020","Male","M",195,216120,90.2
,"65-74 years","65-74","Louisiana","22","1999","1999","Female","F",100,158779,63.0
,"65-74 years","65-74","Louisiana","22","1999","1999","Male","M",89,124854,71.3
,"65-74 years","65-74","Louisiana","22","2000","2000","Female","F",101,158122,63.9
,"65-74 years","65-74","Louisiana","22","2000","2000","Male","M",88,124803,70.5
,"65-74 years","65-74","Louisiana","22","2001","2001","Female","F",102,156841,65.0
,"65-74 years","65-74","Louisiana","22","2001","2001","Male","M",95,124905,76.1
,"65-74 years","65-74","Louisiana","22","2002","2002","Female","F",101,156044,64.7
,"65-74 years","65-74","Louisiana","22","2002","2002","Male","M",121,125371,96.5
,"65-74 years","65-74","Louisiana","22","2003","2003","Female","F",116,156180,74.3
,"65-74 years","65-74","Louisiana","22","2003","2003","Male","M",137,126678,108.1
,"65-74 years","65-74","Louisiana","22","2004","2004","Female","F",86,156689,54.9
,"65-74 years","65-74","Louisiana","22","2004","2004","Male","M",95,127780,74.3
,"65-74 years","65-74","Louisiana","22","2005","2005","Female","F",111,158022,70.2
,"65-74 years","65-74","Louisiana","22","2005","2005","Male","M",120,129788,92.5
,"65-74 years","65-74","Louisiana","22","2006","2006","Female","F",90,152425,59.0
,"65-74 years","65-74","Louisiana","22","2006","2006","Male","M",96,127093,75.5
,"65-74 years","65-74","Louisiana","22","2007","2007","Female","F",96,155441,61.8
,"65-74 years","65-74","Louisiana","22","2007","2007","Male","M",119,130325,91.3
,"65-74 years","65-74","Louisiana","22","2008","2008","Female","F",93,160689,57.9
,"65-74 years","65-74","Louisiana","22","2008","2008","Male","M",107,135103,79.2
,"65-74 years","65-74","Louisiana","22","2009","2009","Female","F",89,165449,53.8
,"65-74 years","65-74","Louisiana","22","2009","2009","Male","M",105,140115,74.9
,"65-74 years","65-74","Louisiana","22","2010","2010","Female","F",108,168743,64.0
,"65-74 years","65-74","Louisiana","22","2010","2010","Male","M",145,143251,101.2
,"65-74 years","65-74","Louisiana","22","2011","2011","Female","F",91,173951,52.3
,"65-74 years","65-74","Louisiana","22","2011","2011","Male","M",133,147963,89.9
,"65-74 years","65-74","Louisiana","22","2012","2012","Female","F",111,184160,60.3
,"65-74 years","65-74","Louisiana","22","2012","2012","Male","M",144,157496,91.4
,"65-74 years","65-74","Louisiana","22","2013","2013","Female","F",125,190752,65.5
,"65-74 years","65-74","Louisiana","22","2013","2013","Male","M",170,164406,103.4
,"65-74 years","65-74","Louisiana","22","2014","2014","Female","F",120,199012,60.3
,"65-74 years","65-74","Louisiana","22","2014","2014","Male","M",165,171720,96.1
,"65-74 years","65-74","Louisiana","22","2015","2015","Female","F",156,207108,75.3
,"65-74 years","65-74","Louisiana","22","2015","2015","Male","M",194,178863,108.5
,"65-74 years","65-74","Louisiana","22","2016","2016","Female","F",159,215742,73.7
,"65-74 years","65-74","Louisiana","22","2016","2016","Male","M",212,186167,113.9
,"65-74 years","65-74","Louisiana","22","2017","2017","Female","F",147,223518,65.8
,"65-74 years","65-74","Louisiana","22","2017","2017","Male","M",250,192901,129.6
,"65-74 years","65-74","Louisiana","22","2018","2018","Female","F",175,229691,76.2
,"65-74 years","65-74","Louisiana","22","2018","2018","Male","M",272,198255,137.2
,"65-74 years","65-74","Louisiana","22","2019","2019","Female","F",184,237804,77.4
,"65-74 years","65-74","Louisiana","22","2019","2019","Male","M",242,204730,118.2
,"65-74 years","65-74","Louisiana","22","2020","2020","Female","F",197,246268,80.0
,"65-74 years","65-74","Louisiana","22","2020","2020","Male","M",267,212014,125.9
,"65-74 years","65-74","Maine","23","1999","1999","Female","F",16,52176,Unreliable
,"65-74 years","65-74","Maine","23","1999","1999","Male","M",21,43798,47.9
,"65-74 years","65-74","Maine","23","2000","2000","Female","F",12,52062,Unreliable
,"65-74 years","65-74","Maine","23","2000","2000","Male","M",22,44134,49.8
,"65-74 years","65-74","Maine","23","2001","2001","Female","F",10,51735,Unreliable
,"65-74 years","65-74","Maine","23","2001","2001","Male","M",16,44488,Unreliable
,"65-74 years","65-74","Maine","23","2002","2002","Female","F",16,51513,Unreliable
,"65-74 years","65-74","Maine","23","2002","2002","Male","M",14,44833,Unreliable
,"65-74 years","65-74","Maine","23","2003","2003","Female","F",Suppressed,51548,Suppressed
,"65-74 years","65-74","Maine","23","2003","2003","Male","M",14,45101,Unreliable
,"65-74 years","65-74","Maine","23","2004","2004","Female","F",Suppressed,51643,Suppressed
,"65-74 years","65-74","Maine","23","2004","2004","Male","M",Suppressed,45516,Suppressed
,"65-74 years","65-74","Maine","23","2005","2005","Female","F",10,51916,Unreliable
,"65-74 years","65-74","Maine","23","2005","2005","Male","M",10,45942,Unreliable
,"65-74 years","65-74","Maine","23","2006","2006","Female","F",10,52447,Unreliable
,"65-74 years","65-74","Maine","23","2006","2006","Male","M",15,46900,Unreliable
,"65-74 years","65-74","Maine","23","2007","2007","Female","F",12,53413,Unreliable
,"65-74 years","65-74","Maine","23","2007","2007","Male","M",16,48176,Unreliable
,"65-74 years","65-74","Maine","23","2008","2008","Female","F",Suppressed,55760,Suppressed
,"65-74 years","65-74","Maine","23","2008","2008","Male","M",16,50222,Unreliable
,"65-74 years","65-74","Maine","23","2009","2009","Female","F",Suppressed,57707,Suppressed
,"65-74 years","65-74","Maine","23","2009","2009","Male","M",11,52322,Unreliable
,"65-74 years","65-74","Maine","23","2010","2010","Female","F",10,58985,Unreliable
,"65-74 years","65-74","Maine","23","2010","2010","Male","M",16,53666,Unreliable
,"65-74 years","65-74","Maine","23","2011","2011","Female","F",16,60902,Unreliable
,"65-74 years","65-74","Maine","23","2011","2011","Male","M",12,55811,Unreliable
,"65-74 years","65-74","Maine","23","2012","2012","Female","F",11,65272,Unreliable
,"65-74 years","65-74","Maine","23","2012","2012","Male","M",16,60419,Unreliable
,"65-74 years","65-74","Maine","23","2013","2013","Female","F",12,68939,Unreliable
,"65-74 years","65-74","Maine","23","2013","2013","Male","M",27,64431,41.9
,"65-74 years","65-74","Maine","23","2014","2014","Female","F",16,72610,Unreliable
,"65-74 years","65-74","Maine","23","2014","2014","Male","M",14,67766,Unreliable
,"65-74 years","65-74","Maine","23","2015","2015","Female","F",17,75612,Unreliable
,"65-74 years","65-74","Maine","23","2015","2015","Male","M",33,70801,46.6
,"65-74 years","65-74","Maine","23","2016","2016","Female","F",17,78904,Unreliable
,"65-74 years","65-74","Maine","23","2016","2016","Male","M",31,73427,42.2
,"65-74 years","65-74","Maine","23","2017","2017","Female","F",21,82294,25.5
,"65-74 years","65-74","Maine","23","2017","2017","Male","M",31,76226,40.7
,"65-74 years","65-74","Maine","23","2018","2018","Female","F",18,84981,Unreliable
,"65-74 years","65-74","Maine","23","2018","2018","Male","M",37,78386,47.2
,"65-74 years","65-74","Maine","23","2019","2019","Female","F",14,88114,Unreliable
,"65-74 years","65-74","Maine","23","2019","2019","Male","M",28,80965,34.6
,"65-74 years","65-74","Maine","23","2020","2020","Female","F",15,91480,Unreliable
,"65-74 years","65-74","Maine","23","2020","2020","Male","M",29,83888,34.6
,"65-74 years","65-74","Maryland","24","1999","1999","Female","F",43,178319,24.1
,"65-74 years","65-74","Maryland","24","1999","1999","Male","M",55,143252,38.4
,"65-74 years","65-74","Maryland","24","2000","2000","Female","F",58,177294,32.7
,"65-74 years","65-74","Maryland","24","2000","2000","Male","M",53,143991,36.8
,"65-74 years","65-74","Maryland","24","2001","2001","Female","F",48,177305,27.1
,"65-74 years","65-74","Maryland","24","2001","2001","Male","M",58,145471,39.9
,"65-74 years","65-74","Maryland","24","2002","2002","Female","F",39,177342,22.0
,"65-74 years","65-74","Maryland","24","2002","2002","Male","M",49,146260,33.5
,"65-74 years","65-74","Maryland","24","2003","2003","Female","F",32,177903,18.0
,"65-74 years","65-74","Maryland","24","2003","2003","Male","M",45,148234,30.4
,"65-74 years","65-74","Maryland","24","2004","2004","Female","F",39,179254,21.8
,"65-74 years","65-74","Maryland","24","2004","2004","Male","M",55,149996,36.7
,"65-74 years","65-74","Maryland","24","2005","2005","Female","F",46,180874,25.4
,"65-74 years","65-74","Maryland","24","2005","2005","Male","M",43,151880,28.3
,"65-74 years","65-74","Maryland","24","2006","2006","Female","F",40,183363,21.8
,"65-74 years","65-74","Maryland","24","2006","2006","Male","M",43,153800,28.0
,"65-74 years","65-74","Maryland","24","2007","2007","Female","F",41,188573,21.7
,"65-74 years","65-74","Maryland","24","2007","2007","Male","M",44,158195,27.8
,"65-74 years","65-74","Maryland","24","2008","2008","Female","F",38,196609,19.3
,"65-74 years","65-74","Maryland","24","2008","2008","Male","M",39,166614,23.4
,"65-74 years","65-74","Maryland","24","2009","2009","Female","F",39,204019,19.1
,"65-74 years","65-74","Maryland","24","2009","2009","Male","M",36,172684,20.8
,"65-74 years","65-74","Maryland","24","2010","2010","Female","F",35,209326,16.7
,"65-74 years","65-74","Maryland","24","2010","2010","Male","M",42,177031,23.7
,"65-74 years","65-74","Maryland","24","2011","2011","Female","F",31,217701,14.2
,"65-74 years","65-74","Maryland","24","2011","2011","Male","M",36,184518,19.5
,"65-74 years","65-74","Maryland","24","2012","2012","Female","F",43,233526,18.4
,"65-74 years","65-74","Maryland","24","2012","2012","Male","M",49,197835,24.8
,"65-74 years","65-74","Maryland","24","2013","2013","Female","F",40,247074,16.2
,"65-74 years","65-74","Maryland","24","2013","2013","Male","M",60,209278,28.7
,"65-74 years","65-74","Maryland","24","2014","2014","Female","F",44,259099,17.0
,"65-74 years","65-74","Maryland","24","2014","2014","Male","M",46,218242,21.1
,"65-74 years","65-74","Maryland","24","2015","2015","Female","F",42,270223,15.5
,"65-74 years","65-74","Maryland","24","2015","2015","Male","M",75,227573,33.0
,"65-74 years","65-74","Maryland","24","2016","2016","Female","F",55,280597,19.6
,"65-74 years","65-74","Maryland","24","2016","2016","Male","M",74,235525,31.4
,"65-74 years","65-74","Maryland","24","2017","2017","Female","F",57,290497,19.6
,"65-74 years","65-74","Maryland","24","2017","2017","Male","M",79,243078,32.5
,"65-74 years","65-74","Maryland","24","2018","2018","Female","F",68,297546,22.9
,"65-74 years","65-74","Maryland","24","2018","2018","Male","M",71,247906,28.6
,"65-74 years","65-74","Maryland","24","2019","2019","Female","F",76,306408,24.8
,"65-74 years","65-74","Maryland","24","2019","2019","Male","M",83,255174,32.5
,"65-74 years","65-74","Maryland","24","2020","2020","Female","F",75,315707,23.8
,"65-74 years","65-74","Maryland","24","2020","2020","Male","M",95,262802,36.1
,"65-74 years","65-74","Massachusetts","25","1999","1999","Female","F",83,240353,34.5
,"65-74 years","65-74","Massachusetts","25","1999","1999","Male","M",98,190689,51.4
,"65-74 years","65-74","Massachusetts","25","2000","2000","Female","F",74,237532,31.2
,"65-74 years","65-74","Massachusetts","25","2000","2000","Male","M",80,190298,42.0
,"65-74 years","65-74","Massachusetts","25","2001","2001","Female","F",60,232905,25.8
,"65-74 years","65-74","Massachusetts","25","2001","2001","Male","M",91,188137,48.4
,"65-74 years","65-74","Massachusetts","25","2002","2002","Female","F",70,229103,30.6
,"65-74 years","65-74","Massachusetts","25","2002","2002","Male","M",92,185880,49.5
,"65-74 years","65-74","Massachusetts","25","2003","2003","Female","F",73,226055,32.3
,"65-74 years","65-74","Massachusetts","25","2003","2003","Male","M",79,184776,42.8
,"65-74 years","65-74","Massachusetts","25","2004","2004","Female","F",67,223455,30.0
,"65-74 years","65-74","Massachusetts","25","2004","2004","Male","M",95,183603,51.7
,"65-74 years","65-74","Massachusetts","25","2005","2005","Female","F",76,221588,34.3
,"65-74 years","65-74","Massachusetts","25","2005","2005","Male","M",79,183069,43.2
,"65-74 years","65-74","Massachusetts","25","2006","2006","Female","F",53,221662,23.9
,"65-74 years","65-74","Massachusetts","25","2006","2006","Male","M",59,183908,32.1
,"65-74 years","65-74","Massachusetts","25","2007","2007","Female","F",46,225319,20.4
,"65-74 years","65-74","Massachusetts","25","2007","2007","Male","M",78,187713,41.6
,"65-74 years","65-74","Massachusetts","25","2008","2008","Female","F",56,234014,23.9
,"65-74 years","65-74","Massachusetts","25","2008","2008","Male","M",65,196045,33.2
,"65-74 years","65-74","Massachusetts","25","2009","2009","Female","F",56,242089,23.1
,"65-74 years","65-74","Massachusetts","25","2009","2009","Male","M",71,203782,34.8
,"65-74 years","65-74","Massachusetts","25","2010","2010","Female","F",47,247542,19.0
,"65-74 years","65-74","Massachusetts","25","2010","2010","Male","M",73,208918,34.9
,"65-74 years","65-74","Massachusetts","25","2011","2011","Female","F",59,256242,23.0
,"65-74 years","65-74","Massachusetts","25","2011","2011","Male","M",73,217245,33.6
,"65-74 years","65-74","Massachusetts","25","2012","2012","Female","F",60,273937,21.9
,"65-74 years","65-74","Massachusetts","25","2012","2012","Male","M",74,234449,31.6
,"65-74 years","65-74","Massachusetts","25","2013","2013","Female","F",64,289122,22.1
,"65-74 years","65-74","Massachusetts","25","2013","2013","Male","M",96,248336,38.7
,"65-74 years","65-74","Massachusetts","25","2014","2014","Female","F",68,302511,22.5
,"65-74 years","65-74","Massachusetts","25","2014","2014","Male","M",98,260285,37.7
,"65-74 years","65-74","Massachusetts","25","2015","2015","Female","F",76,316089,24.0
,"65-74 years","65-74","Massachusetts","25","2015","2015","Male","M",105,272511,38.5
,"65-74 years","65-74","Massachusetts","25","2016","2016","Female","F",78,329033,23.7
,"65-74 years","65-74","Massachusetts","25","2016","2016","Male","M",116,283498,40.9
,"65-74 years","65-74","Massachusetts","25","2017","2017","Female","F",86,341805,25.2
,"65-74 years","65-74","Massachusetts","25","2017","2017","Male","M",112,294906,38.0
,"65-74 years","65-74","Massachusetts","25","2018","2018","Female","F",94,351458,26.7
,"65-74 years","65-74","Massachusetts","25","2018","2018","Male","M",117,302371,38.7
,"65-74 years","65-74","Massachusetts","25","2019","2019","Female","F",79,361834,21.8
,"65-74 years","65-74","Massachusetts","25","2019","2019","Male","M",117,311471,37.6
,"65-74 years","65-74","Massachusetts","25","2020","2020","Female","F",100,372932,26.8
,"65-74 years","65-74","Massachusetts","25","2020","2020","Male","M",139,320909,43.3
,"65-74 years","65-74","Michigan","26","1999","1999","Female","F",135,354509,38.1
,"65-74 years","65-74","Michigan","26","1999","1999","Male","M",142,290962,48.8
,"65-74 years","65-74","Michigan","26","2000","2000","Female","F",124,352273,35.2
,"65-74 years","65-74","Michigan","26","2000","2000","Male","M",134,290607,46.1
,"65-74 years","65-74","Michigan","26","2001","2001","Female","F",134,348357,38.5
,"65-74 years","65-74","Michigan","26","2001","2001","Male","M",152,289528,52.5
,"65-74 years","65-74","Michigan","26","2002","2002","Female","F",143,344974,41.5
,"65-74 years","65-74","Michigan","26","2002","2002","Male","M",142,287483,49.4
,"65-74 years","65-74","Michigan","26","2003","2003","Female","F",126,343494,36.7
,"65-74 years","65-74","Michigan","26","2003","2003","Male","M",143,287975,49.7
,"65-74 years","65-74","Michigan","26","2004","2004","Female","F",146,343967,42.4
,"65-74 years","65-74","Michigan","26","2004","2004","Male","M",124,290025,42.8
,"65-74 years","65-74","Michigan","26","2005","2005","Female","F",131,343623,38.1
,"65-74 years","65-74","Michigan","26","2005","2005","Male","M",113,292491,38.6
,"65-74 years","65-74","Michigan","26","2006","2006","Female","F",137,345995,39.6
,"65-74 years","65-74","Michigan","26","2006","2006","Male","M",137,297151,46.1
,"65-74 years","65-74","Michigan","26","2007","2007","Female","F",109,353860,30.8
,"65-74 years","65-74","Michigan","26","2007","2007","Male","M",131,306374,42.8
,"65-74 years","65-74","Michigan","26","2008","2008","Female","F",134,367420,36.5
,"65-74 years","65-74","Michigan","26","2008","2008","Male","M",126,320984,39.3
,"65-74 years","65-74","Michigan","26","2009","2009","Female","F",130,378303,34.4
,"65-74 years","65-74","Michigan","26","2009","2009","Male","M",124,332723,37.3
,"65-74 years","65-74","Michigan","26","2010","2010","Female","F",95,384673,24.7
,"65-74 years","65-74","Michigan","26","2010","2010","Male","M",142,340036,41.8
,"65-74 years","65-74","Michigan","26","2011","2011","Female","F",94,394906,23.8
,"65-74 years","65-74","Michigan","26","2011","2011","Male","M",118,350647,33.7
,"65-74 years","65-74","Michigan","26","2012","2012","Female","F",137,420254,32.6
,"65-74 years","65-74","Michigan","26","2012","2012","Male","M",139,375600,37.0
,"65-74 years","65-74","Michigan","26","2013","2013","Female","F",137,440599,31.1
,"65-74 years","65-74","Michigan","26","2013","2013","Male","M",182,394840,46.1
,"65-74 years","65-74","Michigan","26","2014","2014","Female","F",145,460250,31.5
,"65-74 years","65-74","Michigan","26","2014","2014","Male","M",156,411495,37.9
,"65-74 years","65-74","Michigan","26","2015","2015","Female","F",168,478492,35.1
,"65-74 years","65-74","Michigan","26","2015","2015","Male","M",216,428648,50.4
,"65-74 years","65-74","Michigan","26","2016","2016","Female","F",191,496313,38.5
,"65-74 years","65-74","Michigan","26","2016","2016","Male","M",237,444622,53.3
,"65-74 years","65-74","Michigan","26","2017","2017","Female","F",220,516469,42.6
,"65-74 years","65-74","Michigan","26","2017","2017","Male","M",238,462749,51.4
,"65-74 years","65-74","Michigan","26","2018","2018","Female","F",241,530246,45.5
,"65-74 years","65-74","Michigan","26","2018","2018","Male","M",293,474456,61.8
,"65-74 years","65-74","Michigan","26","2019","2019","Female","F",267,547810,48.7
,"65-74 years","65-74","Michigan","26","2019","2019","Male","M",314,489770,64.1
,"65-74 years","65-74","Michigan","26","2020","2020","Female","F",218,568326,38.4
,"65-74 years","65-74","Michigan","26","2020","2020","Male","M",289,506436,57.1
,"65-74 years","65-74","Minnesota","27","1999","1999","Female","F",29,158866,18.3
,"65-74 years","65-74","Minnesota","27","1999","1999","Male","M",56,136569,41.0
,"65-74 years","65-74","Minnesota","27","2000","2000","Female","F",45,158472,28.4
,"65-74 years","65-74","Minnesota","27","2000","2000","Male","M",49,137353,35.7
,"65-74 years","65-74","Minnesota","27","2001","2001","Female","F",28,157913,17.7
,"65-74 years","65-74","Minnesota","27","2001","2001","Male","M",45,137524,32.7
,"65-74 years","65-74","Minnesota","27","2002","2002","Female","F",29,157723,18.4
,"65-74 years","65-74","Minnesota","27","2002","2002","Male","M",44,137940,31.9
,"65-74 years","65-74","Minnesota","27","2003","2003","Female","F",45,158178,28.4
,"65-74 years","65-74","Minnesota","27","2003","2003","Male","M",45,139432,32.3
,"65-74 years","65-74","Minnesota","27","2004","2004","Female","F",33,159452,20.7
,"65-74 years","65-74","Minnesota","27","2004","2004","Male","M",43,141398,30.4
,"65-74 years","65-74","Minnesota","27","2005","2005","Female","F",35,160814,21.8
,"65-74 years","65-74","Minnesota","27","2005","2005","Male","M",57,143369,39.8
,"65-74 years","65-74","Minnesota","27","2006","2006","Female","F",14,164284,Unreliable
,"65-74 years","65-74","Minnesota","27","2006","2006","Male","M",45,146755,30.7
,"65-74 years","65-74","Minnesota","27","2007","2007","Female","F",24,168503,14.2
,"65-74 years","65-74","Minnesota","27","2007","2007","Male","M",41,151140,27.1
,"65-74 years","65-74","Minnesota","27","2008","2008","Female","F",29,175447,16.5
,"65-74 years","65-74","Minnesota","27","2008","2008","Male","M",38,158118,24.0
,"65-74 years","65-74","Minnesota","27","2009","2009","Female","F",19,181919,Unreliable
,"65-74 years","65-74","Minnesota","27","2009","2009","Male","M",29,164064,17.7
,"65-74 years","65-74","Minnesota","27","2010","2010","Female","F",27,186054,14.5
,"65-74 years","65-74","Minnesota","27","2010","2010","Male","M",45,168373,26.7
,"65-74 years","65-74","Minnesota","27","2011","2011","Female","F",34,192392,17.7
,"65-74 years","65-74","Minnesota","27","2011","2011","Male","M",39,175008,22.3
,"65-74 years","65-74","Minnesota","27","2012","2012","Female","F",31,204600,15.2
,"65-74 years","65-74","Minnesota","27","2012","2012","Male","M",48,187125,25.7
,"65-74 years","65-74","Minnesota","27","2013","2013","Female","F",30,215304,13.9
,"65-74 years","65-74","Minnesota","27","2013","2013","Male","M",48,197438,24.3
,"65-74 years","65-74","Minnesota","27","2014","2014","Female","F",32,224923,14.2
,"65-74 years","65-74","Minnesota","27","2014","2014","Male","M",40,206768,19.3
,"65-74 years","65-74","Minnesota","27","2015","2015","Female","F",39,234931,16.6
,"65-74 years","65-74","Minnesota","27","2015","2015","Male","M",52,216974,24.0
,"65-74 years","65-74","Minnesota","27","2016","2016","Female","F",47,245077,19.2
,"65-74 years","65-74","Minnesota","27","2016","2016","Male","M",59,227171,26.0
,"65-74 years","65-74","Minnesota","27","2017","2017","Female","F",38,255640,14.9
,"65-74 years","65-74","Minnesota","27","2017","2017","Male","M",63,237465,26.5
,"65-74 years","65-74","Minnesota","27","2018","2018","Female","F",38,264370,14.4
,"65-74 years","65-74","Minnesota","27","2018","2018","Male","M",70,245810,28.5
,"65-74 years","65-74","Minnesota","27","2019","2019","Female","F",62,275220,22.5
,"65-74 years","65-74","Minnesota","27","2019","2019","Male","M",62,255839,24.2
,"65-74 years","65-74","Minnesota","27","2020","2020","Female","F",68,286077,23.8
,"65-74 years","65-74","Minnesota","27","2020","2020","Male","M",78,266131,29.3
,"65-74 years","65-74","Mississippi","28","1999","1999","Female","F",87,104499,83.3
,"65-74 years","65-74","Mississippi","28","1999","1999","Male","M",114,80924,140.9
,"65-74 years","65-74","Mississippi","28","2000","2000","Female","F",112,104180,107.5
,"65-74 years","65-74","Mississippi","28","2000","2000","Male","M",122,81530,149.6
,"65-74 years","65-74","Mississippi","28","2001","2001","Female","F",87,104325,83.4
,"65-74 years","65-74","Mississippi","28","2001","2001","Male","M",99,82261,120.3
,"65-74 years","65-74","Mississippi","28","2002","2002","Female","F",90,103776,86.7
,"65-74 years","65-74","Mississippi","28","2002","2002","Male","M",123,82726,148.7
,"65-74 years","65-74","Mississippi","28","2003","2003","Female","F",107,104368,102.5
,"65-74 years","65-74","Mississippi","28","2003","2003","Male","M",108,83964,128.6
,"65-74 years","65-74","Mississippi","28","2004","2004","Female","F",100,105075,95.2
,"65-74 years","65-74","Mississippi","28","2004","2004","Male","M",117,85709,136.5
,"65-74 years","65-74","Mississippi","28","2005","2005","Female","F",101,106493,94.8
,"65-74 years","65-74","Mississippi","28","2005","2005","Male","M",84,87735,95.7
,"65-74 years","65-74","Mississippi","28","2006","2006","Female","F",86,107389,80.1
,"65-74 years","65-74","Mississippi","28","2006","2006","Male","M",121,88833,136.2
,"65-74 years","65-74","Mississippi","28","2007","2007","Female","F",100,109229,91.6
,"65-74 years","65-74","Mississippi","28","2007","2007","Male","M",121,90769,133.3
,"65-74 years","65-74","Mississippi","28","2008","2008","Female","F",87,111967,77.7
,"65-74 years","65-74","Mississippi","28","2008","2008","Male","M",116,93724,123.8
,"65-74 years","65-74","Mississippi","28","2009","2009","Female","F",115,114635,100.3
,"65-74 years","65-74","Mississippi","28","2009","2009","Male","M",96,96925,99.0
,"65-74 years","65-74","Mississippi","28","2010","2010","Female","F",89,116041,76.7
,"65-74 years","65-74","Mississippi","28","2010","2010","Male","M",113,98428,114.8
,"65-74 years","65-74","Mississippi","28","2011","2011","Female","F",88,118307,74.4
,"65-74 years","65-74","Mississippi","28","2011","2011","Male","M",123,100869,121.9
,"65-74 years","65-74","Mississippi","28","2012","2012","Female","F",96,124931,76.8
,"65-74 years","65-74","Mississippi","28","2012","2012","Male","M",108,107280,100.7
,"65-74 years","65-74","Mississippi","28","2013","2013","Female","F",104,128908,80.7
,"65-74 years","65-74","Mississippi","28","2013","2013","Male","M",149,111714,133.4
,"65-74 years","65-74","Mississippi","28","2014","2014","Female","F",105,133639,78.6
,"65-74 years","65-74","Mississippi","28","2014","2014","Male","M",152,115796,131.3
,"65-74 years","65-74","Mississippi","28","2015","2015","Female","F",129,138127,93.4
,"65-74 years","65-74","Mississippi","28","2015","2015","Male","M",151,119895,125.9
,"65-74 years","65-74","Mississippi","28","2016","2016","Female","F",118,142610,82.7
,"65-74 years","65-74","Mississippi","28","2016","2016","Male","M",175,123441,141.8
,"65-74 years","65-74","Mississippi","28","2017","2017","Female","F",132,147181,89.7
,"65-74 years","65-74","Mississippi","28","2017","2017","Male","M",171,126809,134.8
,"65-74 years","65-74","Mississippi","28","2018","2018","Female","F",138,150994,91.4
,"65-74 years","65-74","Mississippi","28","2018","2018","Male","M",213,129591,164.4
,"65-74 years","65-74","Mississippi","28","2019","2019","Female","F",108,155893,69.3
,"65-74 years","65-74","Mississippi","28","2019","2019","Male","M",195,133062,146.5
,"65-74 years","65-74","Mississippi","28","2020","2020","Female","F",160,160978,99.4
,"65-74 years","65-74","Mississippi","28","2020","2020","Male","M",232,137231,169.1
,"65-74 years","65-74","Missouri","29","1999","1999","Female","F",79,216029,36.6
,"65-74 years","65-74","Missouri","29","1999","1999","Male","M",100,177894,56.2
,"65-74 years","65-74","Missouri","29","2000","2000","Female","F",74,215139,34.4
,"65-74 years","65-74","Missouri","29","2000","2000","Male","M",82,178087,46.0
,"65-74 years","65-74","Missouri","29","2001","2001","Female","F",67,213419,31.4
,"65-74 years","65-74","Missouri","29","2001","2001","Male","M",101,178283,56.7
,"65-74 years","65-74","Missouri","29","2002","2002","Female","F",84,212165,39.6
,"65-74 years","65-74","Missouri","29","2002","2002","Male","M",101,178081,56.7
,"65-74 years","65-74","Missouri","29","2003","2003","Female","F",85,212039,40.1
,"65-74 years","65-74","Missouri","29","2003","2003","Male","M",83,178812,46.4
,"65-74 years","65-74","Missouri","29","2004","2004","Female","F",79,213131,37.1
,"65-74 years","65-74","Missouri","29","2004","2004","Male","M",74,180786,40.9
,"65-74 years","65-74","Missouri","29","2005","2005","Female","F",76,214425,35.4
,"65-74 years","65-74","Missouri","29","2005","2005","Male","M",68,183215,37.1
,"65-74 years","65-74","Missouri","29","2006","2006","Female","F",78,217867,35.8
,"65-74 years","65-74","Missouri","29","2006","2006","Male","M",92,187220,49.1
,"65-74 years","65-74","Missouri","29","2007","2007","Female","F",74,222373,33.3
,"65-74 years","65-74","Missouri","29","2007","2007","Male","M",90,192652,46.7
,"65-74 years","65-74","Missouri","29","2008","2008","Female","F",69,229847,30.0
,"65-74 years","65-74","Missouri","29","2008","2008","Male","M",93,199366,46.6
,"65-74 years","65-74","Missouri","29","2009","2009","Female","F",83,236410,35.1
,"65-74 years","65-74","Missouri","29","2009","2009","Male","M",84,205793,40.8
,"65-74 years","65-74","Missouri","29","2010","2010","Female","F",88,240498,36.6
,"65-74 years","65-74","Missouri","29","2010","2010","Male","M",90,209992,42.9
,"65-74 years","65-74","Missouri","29","2011","2011","Female","F",85,246150,34.5
,"65-74 years","65-74","Missouri","29","2011","2011","Male","M",102,215154,47.4
,"65-74 years","65-74","Missouri","29","2012","2012","Female","F",75,259717,28.9
,"65-74 years","65-74","Missouri","29","2012","2012","Male","M",105,227572,46.1
,"65-74 years","65-74","Missouri","29","2013","2013","Female","F",98,269602,36.3
,"65-74 years","65-74","Missouri","29","2013","2013","Male","M",133,237105,56.1
,"65-74 years","65-74","Missouri","29","2014","2014","Female","F",101,279768,36.1
,"65-74 years","65-74","Missouri","29","2014","2014","Male","M",142,245725,57.8
,"65-74 years","65-74","Missouri","29","2015","2015","Female","F",136,289140,47.0
,"65-74 years","65-74","Missouri","29","2015","2015","Male","M",167,253822,65.8
,"65-74 years","65-74","Missouri","29","2016","2016","Female","F",144,298411,48.3
,"65-74 years","65-74","Missouri","29","2016","2016","Male","M",192,261562,73.4
,"65-74 years","65-74","Missouri","29","2017","2017","Female","F",156,309027,50.5
,"65-74 years","65-74","Missouri","29","2017","2017","Male","M",218,270305,80.6
,"65-74 years","65-74","Missouri","29","2018","2018","Female","F",172,316153,54.4
,"65-74 years","65-74","Missouri","29","2018","2018","Male","M",202,276424,73.1
,"65-74 years","65-74","Missouri","29","2019","2019","Female","F",168,325644,51.6
,"65-74 years","65-74","Missouri","29","2019","2019","Male","M",226,284521,79.4
,"65-74 years","65-74","Missouri","29","2020","2020","Female","F",199,336554,59.1
,"65-74 years","65-74","Missouri","29","2020","2020","Male","M",228,293834,77.6
,"65-74 years","65-74","Montana","30","1999","1999","Female","F",17,32597,Unreliable
,"65-74 years","65-74","Montana","30","1999","1999","Male","M",18,29636,Unreliable
,"65-74 years","65-74","Montana","30","2000","2000","Female","F",12,32664,Unreliable
,"65-74 years","65-74","Montana","30","2000","2000","Male","M",17,29855,Unreliable
,"65-74 years","65-74","Montana","30","2001","2001","Female","F",14,32892,Unreliable
,"65-74 years","65-74","Montana","30","2001","2001","Male","M",24,30259,79.3
,"65-74 years","65-74","Montana","30","2002","2002","Female","F",Suppressed,33093,Suppressed
,"65-74 years","65-74","Montana","30","2002","2002","Male","M",14,30798,Unreliable
,"65-74 years","65-74","Montana","30","2003","2003","Female","F",12,33375,Unreliable
,"65-74 years","65-74","Montana","30","2003","2003","Male","M",19,31264,Unreliable
,"65-74 years","65-74","Montana","30","2004","2004","Female","F",12,33747,Unreliable
,"65-74 years","65-74","Montana","30","2004","2004","Male","M",14,31895,Unreliable
,"65-74 years","65-74","Montana","30","2005","2005","Female","F",11,34145,Unreliable
,"65-74 years","65-74","Montana","30","2005","2005","Male","M",20,32635,61.3
,"65-74 years","65-74","Montana","30","2006","2006","Female","F",Suppressed,35223,Suppressed
,"65-74 years","65-74","Montana","30","2006","2006","Male","M",11,33860,Unreliable
,"65-74 years","65-74","Montana","30","2007","2007","Female","F",12,36295,Unreliable
,"65-74 years","65-74","Montana","30","2007","2007","Male","M",14,35273,Unreliable
,"65-74 years","65-74","Montana","30","2008","2008","Female","F",11,38114,Unreliable
,"65-74 years","65-74","Montana","30","2008","2008","Male","M",17,37333,Unreliable
,"65-74 years","65-74","Montana","30","2009","2009","Female","F",13,39559,Unreliable
,"65-74 years","65-74","Montana","30","2009","2009","Male","M",17,39041,Unreliable
,"65-74 years","65-74","Montana","30","2010","2010","Female","F",Suppressed,40481,Suppressed
,"65-74 years","65-74","Montana","30","2010","2010","Male","M",15,40261,Unreliable
,"65-74 years","65-74","Montana","30","2011","2011","Female","F",Suppressed,42091,Suppressed
,"65-74 years","65-74","Montana","30","2011","2011","Male","M",10,42029,Unreliable
,"65-74 years","65-74","Montana","30","2012","2012","Female","F",13,44708,Unreliable
,"65-74 years","65-74","Montana","30","2012","2012","Male","M",18,45034,Unreliable
,"65-74 years","65-74","Montana","30","2013","2013","Female","F",Suppressed,47072,Suppressed
,"65-74 years","65-74","Montana","30","2013","2013","Male","M",14,47780,Unreliable
,"65-74 years","65-74","Montana","30","2014","2014","Female","F",Suppressed,49495,Suppressed
,"65-74 years","65-74","Montana","30","2014","2014","Male","M",21,50240,41.8
,"65-74 years","65-74","Montana","30","2015","2015","Female","F",18,52161,Unreliable
,"65-74 years","65-74","Montana","30","2015","2015","Male","M",20,52900,37.8
,"65-74 years","65-74","Montana","30","2016","2016","Female","F",16,54711,Unreliable
,"65-74 years","65-74","Montana","30","2016","2016","Male","M",20,55416,36.1
,"65-74 years","65-74","Montana","30","2017","2017","Female","F",19,57198,Unreliable
,"65-74 years","65-74","Montana","30","2017","2017","Male","M",27,57599,46.9
,"65-74 years","65-74","Montana","30","2018","2018","Female","F",14,59819,Unreliable
,"65-74 years","65-74","Montana","30","2018","2018","Male","M",21,59764,35.1
,"65-74 years","65-74","Montana","30","2019","2019","Female","F",14,62678,Unreliable
,"65-74 years","65-74","Montana","30","2019","2019","Male","M",22,61953,35.5
,"65-74 years","65-74","Montana","30","2020","2020","Female","F",23,65615,35.1
,"65-74 years","65-74","Montana","30","2020","2020","Male","M",26,63959,40.7
,"65-74 years","65-74","Nebraska","31","1999","1999","Female","F",33,63038,52.3
,"65-74 years","65-74","Nebraska","31","1999","1999","Male","M",36,53382,67.4
,"65-74 years","65-74","Nebraska","31","2000","2000","Female","F",24,62634,38.3
,"65-74 years","65-74","Nebraska","31","2000","2000","Male","M",32,53065,60.3
,"65-74 years","65-74","Nebraska","31","2001","2001","Female","F",23,61824,37.2
,"65-74 years","65-74","Nebraska","31","2001","2001","Male","M",25,52549,47.6
,"65-74 years","65-74","Nebraska","31","2002","2002","Female","F",23,61445,37.4
,"65-74 years","65-74","Nebraska","31","2002","2002","Male","M",30,52211,57.5
,"65-74 years","65-74","Nebraska","31","2003","2003","Female","F",28,61032,45.9
,"65-74 years","65-74","Nebraska","31","2003","2003","Male","M",22,51942,42.4
,"65-74 years","65-74","Nebraska","31","2004","2004","Female","F",14,60512,Unreliable
,"65-74 years","65-74","Nebraska","31","2004","2004","Male","M",24,51969,46.2
,"65-74 years","65-74","Nebraska","31","2005","2005","Female","F",29,60433,48.0
,"65-74 years","65-74","Nebraska","31","2005","2005","Male","M",26,52303,49.7
,"65-74 years","65-74","Nebraska","31","2006","2006","Female","F",23,60892,37.8
,"65-74 years","65-74","Nebraska","31","2006","2006","Male","M",26,52593,49.4
,"65-74 years","65-74","Nebraska","31","2007","2007","Female","F",16,61596,Unreliable
,"65-74 years","65-74","Nebraska","31","2007","2007","Male","M",27,53615,50.4
,"65-74 years","65-74","Nebraska","31","2008","2008","Female","F",23,62878,36.6
,"65-74 years","65-74","Nebraska","31","2008","2008","Male","M",11,55198,Unreliable
,"65-74 years","65-74","Nebraska","31","2009","2009","Female","F",16,64207,Unreliable
,"65-74 years","65-74","Nebraska","31","2009","2009","Male","M",21,57100,36.8
,"65-74 years","65-74","Nebraska","31","2010","2010","Female","F",18,64962,Unreliable
,"65-74 years","65-74","Nebraska","31","2010","2010","Male","M",17,58164,Unreliable
,"65-74 years","65-74","Nebraska","31","2011","2011","Female","F",22,66213,33.2
,"65-74 years","65-74","Nebraska","31","2011","2011","Male","M",29,59877,48.4
,"65-74 years","65-74","Nebraska","31","2012","2012","Female","F",19,69625,Unreliable
,"65-74 years","65-74","Nebraska","31","2012","2012","Male","M",26,63140,41.2
,"65-74 years","65-74","Nebraska","31","2013","2013","Female","F",19,72580,Unreliable
,"65-74 years","65-74","Nebraska","31","2013","2013","Male","M",22,66383,33.1
,"65-74 years","65-74","Nebraska","31","2014","2014","Female","F",24,75680,31.7
,"65-74 years","65-74","Nebraska","31","2014","2014","Male","M",32,69664,45.9
,"65-74 years","65-74","Nebraska","31","2015","2015","Female","F",19,79388,Unreliable
,"65-74 years","65-74","Nebraska","31","2015","2015","Male","M",40,73093,54.7
,"65-74 years","65-74","Nebraska","31","2016","2016","Female","F",18,83153,Unreliable
,"65-74 years","65-74","Nebraska","31","2016","2016","Male","M",47,76408,61.5
,"65-74 years","65-74","Nebraska","31","2017","2017","Female","F",21,87065,24.1
,"65-74 years","65-74","Nebraska","31","2017","2017","Male","M",35,79915,43.8
,"65-74 years","65-74","Nebraska","31","2018","2018","Female","F",31,89900,34.5
,"65-74 years","65-74","Nebraska","31","2018","2018","Male","M",44,82627,53.3
,"65-74 years","65-74","Nebraska","31","2019","2019","Female","F",34,93413,36.4
,"65-74 years","65-74","Nebraska","31","2019","2019","Male","M",45,85495,52.6
,"65-74 years","65-74","Nebraska","31","2020","2020","Female","F",31,96577,32.1
,"65-74 years","65-74","Nebraska","31","2020","2020","Male","M",51,88438,57.7
,"65-74 years","65-74","Nevada","32","1999","1999","Female","F",35,65697,53.3
,"65-74 years","65-74","Nevada","32","1999","1999","Male","M",38,64030,59.3
,"65-74 years","65-74","Nevada","32","2000","2000","Female","F",18,66610,Unreliable
,"65-74 years","65-74","Nevada","32","2000","2000","Male","M",44,65165,67.5
,"65-74 years","65-74","Nevada","32","2001","2001","Female","F",35,69517,50.3
,"65-74 years","65-74","Nevada","32","2001","2001","Male","M",46,68638,67.0
,"65-74 years","65-74","Nevada","32","2002","2002","Female","F",36,72130,49.9
,"65-74 years","65-74","Nevada","32","2002","2002","Male","M",40,71238,56.1
,"65-74 years","65-74","Nevada","32","2003","2003","Female","F",39,75033,52.0
,"65-74 years","65-74","Nevada","32","2003","2003","Male","M",35,74665,46.9
,"65-74 years","65-74","Nevada","32","2004","2004","Female","F",31,78485,39.5
,"65-74 years","65-74","Nevada","32","2004","2004","Male","M",51,77926,65.4
,"65-74 years","65-74","Nevada","32","2005","2005","Female","F",43,80751,53.3
,"65-74 years","65-74","Nevada","32","2005","2005","Male","M",52,79890,65.1
,"65-74 years","65-74","Nevada","32","2006","2006","Female","F",34,83444,40.7
,"65-74 years","65-74","Nevada","32","2006","2006","Male","M",62,82714,75.0
,"65-74 years","65-74","Nevada","32","2007","2007","Female","F",22,87665,25.1
,"65-74 years","65-74","Nevada","32","2007","2007","Male","M",44,85814,51.3
,"65-74 years","65-74","Nevada","32","2008","2008","Female","F",20,92510,21.6
,"65-74 years","65-74","Nevada","32","2008","2008","Male","M",32,90194,35.5
,"65-74 years","65-74","Nevada","32","2009","2009","Female","F",23,97445,23.6
,"65-74 years","65-74","Nevada","32","2009","2009","Male","M",30,94217,31.8
,"65-74 years","65-74","Nevada","32","2010","2010","Female","F",18,100673,Unreliable
,"65-74 years","65-74","Nevada","32","2010","2010","Male","M",25,97108,25.7
,"65-74 years","65-74","Nevada","32","2011","2011","Female","F",20,105489,19.0
,"65-74 years","65-74","Nevada","32","2011","2011","Male","M",33,101468,32.5
,"65-74 years","65-74","Nevada","32","2012","2012","Female","F",22,113748,19.3
,"65-74 years","65-74","Nevada","32","2012","2012","Male","M",38,109213,34.8
,"65-74 years","65-74","Nevada","32","2013","2013","Female","F",15,121291,Unreliable
,"65-74 years","65-74","Nevada","32","2013","2013","Male","M",30,115592,26.0
,"65-74 years","65-74","Nevada","32","2014","2014","Female","F",30,128745,23.3
,"65-74 years","65-74","Nevada","32","2014","2014","Male","M",58,122218,47.5
,"65-74 years","65-74","Nevada","32","2015","2015","Female","F",37,136039,27.2
,"65-74 years","65-74","Nevada","32","2015","2015","Male","M",64,128072,50.0
,"65-74 years","65-74","Nevada","32","2016","2016","Female","F",36,142557,25.3
,"65-74 years","65-74","Nevada","32","2016","2016","Male","M",52,133041,39.1
,"65-74 years","65-74","Nevada","32","2017","2017","Female","F",41,148720,27.6
,"65-74 years","65-74","Nevada","32","2017","2017","Male","M",61,137611,44.3
,"65-74 years","65-74","Nevada","32","2018","2018","Female","F",40,152842,26.2
,"65-74 years","65-74","Nevada","32","2018","2018","Male","M",78,140410,55.6
,"65-74 years","65-74","Nevada","32","2019","2019","Female","F",45,158621,28.4
,"65-74 years","65-74","Nevada","32","2019","2019","Male","M",63,144742,43.5
,"65-74 years","65-74","Nevada","32","2020","2020","Female","F",48,165389,29.0
,"65-74 years","65-74","Nevada","32","2020","2020","Male","M",96,150723,63.7
,"65-74 years","65-74","New Hampshire","33","1999","1999","Female","F",Suppressed,41819,Suppressed
,"65-74 years","65-74","New Hampshire","33","1999","1999","Male","M",11,36180,Unreliable
,"65-74 years","65-74","New Hampshire","33","2000","2000","Female","F",Suppressed,41762,Suppressed
,"65-74 years","65-74","New Hampshire","33","2000","2000","Male","M",11,36565,Unreliable
,"65-74 years","65-74","New Hampshire","33","2001","2001","Female","F",Suppressed,41672,Suppressed
,"65-74 years","65-74","New Hampshire","33","2001","2001","Male","M",11,36725,Unreliable
,"65-74 years","65-74","New Hampshire","33","2002","2002","Female","F",Suppressed,41462,Suppressed
,"65-74 years","65-74","New Hampshire","33","2002","2002","Male","M",11,36945,Unreliable
,"65-74 years","65-74","New Hampshire","33","2003","2003","Female","F",Suppressed,41409,Suppressed
,"65-74 years","65-74","New Hampshire","33","2003","2003","Male","M",Suppressed,37407,Suppressed
,"65-74 years","65-74","New Hampshire","33","2004","2004","Female","F",Suppressed,42251,Suppressed
,"65-74 years","65-74","New Hampshire","33","2004","2004","Male","M",Suppressed,38280,Suppressed
,"65-74 years","65-74","New Hampshire","33","2005","2005","Female","F",Suppressed,42428,Suppressed
,"65-74 years","65-74","New Hampshire","33","2005","2005","Male","M",Suppressed,38664,Suppressed
,"65-74 years","65-74","New Hampshire","33","2006","2006","Female","F",Suppressed,43631,Suppressed
,"65-74 years","65-74","New Hampshire","33","2006","2006","Male","M",10,40019,Unreliable
,"65-74 years","65-74","New Hampshire","33","2007","2007","Female","F",Suppressed,45066,Suppressed
,"65-74 years","65-74","New Hampshire","33","2007","2007","Male","M",10,41440,Unreliable
,"65-74 years","65-74","New Hampshire","33","2008","2008","Female","F",13,47271,Unreliable
,"65-74 years","65-74","New Hampshire","33","2008","2008","Male","M",15,43613,Unreliable
,"65-74 years","65-74","New Hampshire","33","2009","2009","Female","F",Suppressed,49019,Suppressed
,"65-74 years","65-74","New Hampshire","33","2009","2009","Male","M",14,45383,Unreliable
,"65-74 years","65-74","New Hampshire","33","2010","2010","Female","F",10,50138,Unreliable
,"65-74 years","65-74","New Hampshire","33","2010","2010","Male","M",12,46624,Unreliable
,"65-74 years","65-74","New Hampshire","33","2011","2011","Female","F",16,52414,Unreliable
,"65-74 years","65-74","New Hampshire","33","2011","2011","Male","M",13,48874,Unreliable
,"65-74 years","65-74","New Hampshire","33","2012","2012","Female","F",Suppressed,56690,Suppressed
,"65-74 years","65-74","New Hampshire","33","2012","2012","Male","M",15,53049,Unreliable
,"65-74 years","65-74","New Hampshire","33","2013","2013","Female","F",21,60358,34.8
,"65-74 years","65-74","New Hampshire","33","2013","2013","Male","M",24,56790,42.3
,"65-74 years","65-74","New Hampshire","33","2014","2014","Female","F",Suppressed,63917,Suppressed
,"65-74 years","65-74","New Hampshire","33","2014","2014","Male","M",21,59948,35.0
,"65-74 years","65-74","New Hampshire","33","2015","2015","Female","F",17,66810,Unreliable
,"65-74 years","65-74","New Hampshire","33","2015","2015","Male","M",26,62748,41.4
,"65-74 years","65-74","New Hampshire","33","2016","2016","Female","F",14,69903,Unreliable
,"65-74 years","65-74","New Hampshire","33","2016","2016","Male","M",20,65765,30.4
,"65-74 years","65-74","New Hampshire","33","2017","2017","Female","F",19,73112,Unreliable
,"65-74 years","65-74","New Hampshire","33","2017","2017","Male","M",25,68659,36.4
,"65-74 years","65-74","New Hampshire","33","2018","2018","Female","F",13,75884,Unreliable
,"65-74 years","65-74","New Hampshire","33","2018","2018","Male","M",18,71049,Unreliable
,"65-74 years","65-74","New Hampshire","33","2019","2019","Female","F",18,79028,Unreliable
,"65-74 years","65-74","New Hampshire","33","2019","2019","Male","M",19,73641,Unreliable
,"65-74 years","65-74","New Hampshire","33","2020","2020","Female","F",22,82305,26.7
,"65-74 years","65-74","New Hampshire","33","2020","2020","Male","M",29,76622,37.8
,"65-74 years","65-74","New Jersey","34","1999","1999","Female","F",97,323435,30.0
,"65-74 years","65-74","New Jersey","34","1999","1999","Male","M",103,255408,40.3
,"65-74 years","65-74","New Jersey","34","2000","2000","Female","F",96,320472,30.0
,"65-74 years","65-74","New Jersey","34","2000","2000","Male","M",102,254197,40.1
,"65-74 years","65-74","New Jersey","34","2001","2001","Female","F",84,315500,26.6
,"65-74 years","65-74","New Jersey","34","2001","2001","Male","M",88,252259,34.9
,"65-74 years","65-74","New Jersey","34","2002","2002","Female","F",97,311908,31.1
,"65-74 years","65-74","New Jersey","34","2002","2002","Male","M",89,250473,35.5
,"65-74 years","65-74","New Jersey","34","2003","2003","Female","F",83,309700,26.8
,"65-74 years","65-74","New Jersey","34","2003","2003","Male","M",86,250117,34.4
,"65-74 years","65-74","New Jersey","34","2004","2004","Female","F",73,307741,23.7
,"65-74 years","65-74","New Jersey","34","2004","2004","Male","M",89,250019,35.6
,"65-74 years","65-74","New Jersey","34","2005","2005","Female","F",74,306297,24.2
,"65-74 years","65-74","New Jersey","34","2005","2005","Male","M",87,249460,34.9
,"65-74 years","65-74","New Jersey","34","2006","2006","Female","F",63,306280,20.6
,"65-74 years","65-74","New Jersey","34","2006","2006","Male","M",78,250070,31.2
,"65-74 years","65-74","New Jersey","34","2007","2007","Female","F",66,310481,21.3
,"65-74 years","65-74","New Jersey","34","2007","2007","Male","M",89,254328,35.0
,"65-74 years","65-74","New Jersey","34","2008","2008","Female","F",58,321307,18.1
,"65-74 years","65-74","New Jersey","34","2008","2008","Male","M",71,264972,26.8
,"65-74 years","65-74","New Jersey","34","2009","2009","Female","F",63,328854,19.2
,"65-74 years","65-74","New Jersey","34","2009","2009","Male","M",81,271966,29.8
,"65-74 years","65-74","New Jersey","34","2010","2010","Female","F",56,334164,16.8
,"65-74 years","65-74","New Jersey","34","2010","2010","Male","M",85,277270,30.7
,"65-74 years","65-74","New Jersey","34","2011","2011","Female","F",56,343845,16.3
,"65-74 years","65-74","New Jersey","34","2011","2011","Male","M",78,286891,27.2
,"65-74 years","65-74","New Jersey","34","2012","2012","Female","F",60,365311,16.4
,"65-74 years","65-74","New Jersey","34","2012","2012","Male","M",87,305839,28.4
,"65-74 years","65-74","New Jersey","34","2013","2013","Female","F",71,380719,18.6
,"65-74 years","65-74","New Jersey","34","2013","2013","Male","M",98,320435,30.6
,"65-74 years","65-74","New Jersey","34","2014","2014","Female","F",70,394916,17.7
,"65-74 years","65-74","New Jersey","34","2014","2014","Male","M",102,332175,30.7
,"65-74 years","65-74","New Jersey","34","2015","2015","Female","F",80,408758,19.6
,"65-74 years","65-74","New Jersey","34","2015","2015","Male","M",101,344679,29.3
,"65-74 years","65-74","New Jersey","34","2016","2016","Female","F",91,421230,21.6
,"65-74 years","65-74","New Jersey","34","2016","2016","Male","M",133,355389,37.4
,"65-74 years","65-74","New Jersey","34","2017","2017","Female","F",102,434530,23.5
,"65-74 years","65-74","New Jersey","34","2017","2017","Male","M",140,367914,38.1
,"65-74 years","65-74","New Jersey","34","2018","2018","Female","F",94,437649,21.5
,"65-74 years","65-74","New Jersey","34","2018","2018","Male","M",155,372449,41.6
,"65-74 years","65-74","New Jersey","34","2019","2019","Female","F",119,449468,26.5
,"65-74 years","65-74","New Jersey","34","2019","2019","Male","M",200,383398,52.2
,"65-74 years","65-74","New Jersey","34","2020","2020","Female","F",112,463291,24.2
,"65-74 years","65-74","New Jersey","34","2020","2020","Male","M",163,396118,41.1
,"65-74 years","65-74","New Mexico","35","1999","1999","Female","F",15,61882,Unreliable
,"65-74 years","65-74","New Mexico","35","1999","1999","Male","M",17,54502,Unreliable
,"65-74 years","65-74","New Mexico","35","2000","2000","Female","F",15,62521,Unreliable
,"65-74 years","65-74","New Mexico","35","2000","2000","Male","M",24,55224,43.5
,"65-74 years","65-74","New Mexico","35","2001","2001","Female","F",10,63269,Unreliable
,"65-74 years","65-74","New Mexico","35","2001","2001","Male","M",16,56355,Unreliable
,"65-74 years","65-74","New Mexico","35","2002","2002","Female","F",11,64191,Unreliable
,"65-74 years","65-74","New Mexico","35","2002","2002","Male","M",19,57348,Unreliable
,"65-74 years","65-74","New Mexico","35","2003","2003","Female","F",15,65232,Unreliable
,"65-74 years","65-74","New Mexico","35","2003","2003","Male","M",25,58564,42.7
,"65-74 years","65-74","New Mexico","35","2004","2004","Female","F",18,66779,Unreliable
,"65-74 years","65-74","New Mexico","35","2004","2004","Male","M",26,59816,43.5
,"65-74 years","65-74","New Mexico","35","2005","2005","Female","F",25,68701,36.4
,"65-74 years","65-74","New Mexico","35","2005","2005","Male","M",23,61550,37.4
,"65-74 years","65-74","New Mexico","35","2006","2006","Female","F",20,70892,28.2
,"65-74 years","65-74","New Mexico","35","2006","2006","Male","M",26,63856,40.7
,"65-74 years","65-74","New Mexico","35","2007","2007","Female","F",14,72975,Unreliable
,"65-74 years","65-74","New Mexico","35","2007","2007","Male","M",25,65587,38.1
,"65-74 years","65-74","New Mexico","35","2008","2008","Female","F",16,75765,Unreliable
,"65-74 years","65-74","New Mexico","35","2008","2008","Male","M",20,68370,29.3
,"65-74 years","65-74","New Mexico","35","2009","2009","Female","F",21,78878,26.6
,"65-74 years","65-74","New Mexico","35","2009","2009","Male","M",14,70916,Unreliable
,"65-74 years","65-74","New Mexico","35","2010","2010","Female","F",16,80953,Unreliable
,"65-74 years","65-74","New Mexico","35","2010","2010","Male","M",20,72841,27.5
,"65-74 years","65-74","New Mexico","35","2011","2011","Female","F",18,84176,Unreliable
,"65-74 years","65-74","New Mexico","35","2011","2011","Male","M",23,75972,30.3
,"65-74 years","65-74","New Mexico","35","2012","2012","Female","F",14,89388,Unreliable
,"65-74 years","65-74","New Mexico","35","2012","2012","Male","M",24,80611,29.8
,"65-74 years","65-74","New Mexico","35","2013","2013","Female","F",22,93894,23.4
,"65-74 years","65-74","New Mexico","35","2013","2013","Male","M",26,84602,30.7
,"65-74 years","65-74","New Mexico","35","2014","2014","Female","F",19,98167,Unreliable
,"65-74 years","65-74","New Mexico","35","2014","2014","Male","M",20,88673,22.6
,"65-74 years","65-74","New Mexico","35","2015","2015","Female","F",19,102586,Unreliable
,"65-74 years","65-74","New Mexico","35","2015","2015","Male","M",28,92576,30.2
,"65-74 years","65-74","New Mexico","35","2016","2016","Female","F",17,107055,Unreliable
,"65-74 years","65-74","New Mexico","35","2016","2016","Male","M",39,96243,40.5
,"65-74 years","65-74","New Mexico","35","2017","2017","Female","F",30,111165,27.0
,"65-74 years","65-74","New Mexico","35","2017","2017","Male","M",52,99631,52.2
,"65-74 years","65-74","New Mexico","35","2018","2018","Female","F",27,115432,23.4
,"65-74 years","65-74","New Mexico","35","2018","2018","Male","M",49,102452,47.8
,"65-74 years","65-74","New Mexico","35","2019","2019","Female","F",24,119057,20.2
,"65-74 years","65-74","New Mexico","35","2019","2019","Male","M",42,105426,39.8
,"65-74 years","65-74","New Mexico","35","2020","2020","Female","F",40,123180,32.5
,"65-74 years","65-74","New Mexico","35","2020","2020","Male","M",41,108566,37.8
,"65-74 years","65-74","New York","36","1999","1999","Female","F",223,713235,31.3
,"65-74 years","65-74","New York","36","1999","1999","Male","M",222,562652,39.5
,"65-74 years","65-74","New York","36","2000","2000","Female","F",197,714784,27.6
,"65-74 years","65-74","New York","36","2000","2000","Male","M",220,561262,39.2
,"65-74 years","65-74","New York","36","2001","2001","Female","F",184,707269,26.0
,"65-74 years","65-74","New York","36","2001","2001","Male","M",199,559869,35.5
,"65-74 years","65-74","New York","36","2002","2002","Female","F",196,702308,27.9
,"65-74 years","65-74","New York","36","2002","2002","Male","M",203,558397,36.4
,"65-74 years","65-74","New York","36","2003","2003","Female","F",170,698871,24.3
,"65-74 years","65-74","New York","36","2003","2003","Male","M",182,557751,32.6
,"65-74 years","65-74","New York","36","2004","2004","Female","F",183,695928,26.3
,"65-74 years","65-74","New York","36","2004","2004","Male","M",198,558295,35.5
,"65-74 years","65-74","New York","36","2005","2005","Female","F",166,692967,24.0
,"65-74 years","65-74","New York","36","2005","2005","Male","M",154,557964,27.6
,"65-74 years","65-74","New York","36","2006","2006","Female","F",163,690199,23.6
,"65-74 years","65-74","New York","36","2006","2006","Male","M",166,556750,29.8
,"65-74 years","65-74","New York","36","2007","2007","Female","F",137,699507,19.6
,"65-74 years","65-74","New York","36","2007","2007","Male","M",167,566634,29.5
,"65-74 years","65-74","New York","36","2008","2008","Female","F",138,721522,19.1
,"65-74 years","65-74","New York","36","2008","2008","Male","M",171,585610,29.2
,"65-74 years","65-74","New York","36","2009","2009","Female","F",125,738585,16.9
,"65-74 years","65-74","New York","36","2009","2009","Male","M",179,600819,29.8
,"65-74 years","65-74","New York","36","2010","2010","Female","F",114,749731,15.2
,"65-74 years","65-74","New York","36","2010","2010","Male","M",171,610871,28.0
,"65-74 years","65-74","New York","36","2011","2011","Female","F",150,768544,19.5
,"65-74 years","65-74","New York","36","2011","2011","Male","M",154,628683,24.5
,"65-74 years","65-74","New York","36","2012","2012","Female","F",126,812223,15.5
,"65-74 years","65-74","New York","36","2012","2012","Male","M",205,668834,30.7
,"65-74 years","65-74","New York","36","2013","2013","Female","F",171,843665,20.3
,"65-74 years","65-74","New York","36","2013","2013","Male","M",211,700457,30.1
,"65-74 years","65-74","New York","36","2014","2014","Female","F",180,874256,20.6
,"65-74 years","65-74","New York","36","2014","2014","Male","M",205,727641,28.2
,"65-74 years","65-74","New York","36","2015","2015","Female","F",179,904214,19.8
,"65-74 years","65-74","New York","36","2015","2015","Male","M",242,755834,32.0
,"65-74 years","65-74","New York","36","2016","2016","Female","F",186,931678,20.0
,"65-74 years","65-74","New York","36","2016","2016","Male","M",260,781362,33.3
,"65-74 years","65-74","New York","36","2017","2017","Female","F",206,968302,21.3
,"65-74 years","65-74","New York","36","2017","2017","Male","M",244,816646,29.9
,"65-74 years","65-74","New York","36","2018","2018","Female","F",193,979307,19.7
,"65-74 years","65-74","New York","36","2018","2018","Male","M",260,829813,31.3
,"65-74 years","65-74","New York","36","2019","2019","Female","F",231,1004677,23.0
,"65-74 years","65-74","New York","36","2019","2019","Male","M",318,855245,37.2
,"65-74 years","65-74","New York","36","2020","2020","Female","F",225,1031356,21.8
,"65-74 years","65-74","New York","36","2020","2020","Male","M",329,881366,37.3
,"65-74 years","65-74","North Carolina","37","1999","1999","Female","F",102,296328,34.4
,"65-74 years","65-74","North Carolina","37","1999","1999","Male","M",92,235613,39.0
,"65-74 years","65-74","North Carolina","37","2000","2000","Female","F",97,296306,32.7
,"65-74 years","65-74","North Carolina","37","2000","2000","Male","M",118,237471,49.7
,"65-74 years","65-74","North Carolina","37","2001","2001","Female","F",98,299198,32.8
,"65-74 years","65-74","North Carolina","37","2001","2001","Male","M",100,241373,41.4
,"65-74 years","65-74","North Carolina","37","2002","2002","Female","F",97,301056,32.2
,"65-74 years","65-74","North Carolina","37","2002","2002","Male","M",101,244623,41.3
,"65-74 years","65-74","North Carolina","37","2003","2003","Female","F",100,304301,32.9
,"65-74 years","65-74","North Carolina","37","2003","2003","Male","M",119,249031,47.8
,"65-74 years","65-74","North Carolina","37","2004","2004","Female","F",97,308171,31.5
,"65-74 years","65-74","North Carolina","37","2004","2004","Male","M",98,253955,38.6
,"65-74 years","65-74","North Carolina","37","2005","2005","Female","F",103,314174,32.8
,"65-74 years","65-74","North Carolina","37","2005","2005","Male","M",106,260982,40.6
,"65-74 years","65-74","North Carolina","37","2006","2006","Female","F",98,326218,30.0
,"65-74 years","65-74","North Carolina","37","2006","2006","Male","M",108,272808,39.6
,"65-74 years","65-74","North Carolina","37","2007","2007","Female","F",80,337350,23.7
,"65-74 years","65-74","North Carolina","37","2007","2007","Male","M",121,283837,42.6
,"65-74 years","65-74","North Carolina","37","2008","2008","Female","F",89,352820,25.2
,"65-74 years","65-74","North Carolina","37","2008","2008","Male","M",132,299018,44.1
,"65-74 years","65-74","North Carolina","37","2009","2009","Female","F",98,367089,26.7
,"65-74 years","65-74","North Carolina","37","2009","2009","Male","M",112,312416,35.8
,"65-74 years","65-74","North Carolina","37","2010","2010","Female","F",117,376421,31.1
,"65-74 years","65-74","North Carolina","37","2010","2010","Male","M",141,321146,43.9
,"65-74 years","65-74","North Carolina","37","2011","2011","Female","F",101,391318,25.8
,"65-74 years","65-74","North Carolina","37","2011","2011","Male","M",144,335332,42.9
,"65-74 years","65-74","North Carolina","37","2012","2012","Female","F",110,420407,26.2
,"65-74 years","65-74","North Carolina","37","2012","2012","Male","M",145,361714,40.1
,"65-74 years","65-74","North Carolina","37","2013","2013","Female","F",108,443912,24.3
,"65-74 years","65-74","North Carolina","37","2013","2013","Male","M",182,382971,47.5
,"65-74 years","65-74","North Carolina","37","2014","2014","Female","F",122,466033,26.2
,"65-74 years","65-74","North Carolina","37","2014","2014","Male","M",204,401750,50.8
,"65-74 years","65-74","North Carolina","37","2015","2015","Female","F",183,486735,37.6
,"65-74 years","65-74","North Carolina","37","2015","2015","Male","M",214,418691,51.1
,"65-74 years","65-74","North Carolina","37","2016","2016","Female","F",180,507240,35.5
,"65-74 years","65-74","North Carolina","37","2016","2016","Male","M",250,434573,57.5
,"65-74 years","65-74","North Carolina","37","2017","2017","Female","F",214,529589,40.4
,"65-74 years","65-74","North Carolina","37","2017","2017","Male","M",280,451892,62.0
,"65-74 years","65-74","North Carolina","37","2018","2018","Female","F",216,546755,39.5
,"65-74 years","65-74","North Carolina","37","2018","2018","Male","M",298,463703,64.3
,"65-74 years","65-74","North Carolina","37","2019","2019","Female","F",237,567132,41.8
,"65-74 years","65-74","North Carolina","37","2019","2019","Male","M",310,479376,64.7
,"65-74 years","65-74","North Carolina","37","2020","2020","Female","F",286,588723,48.6
,"65-74 years","65-74","North Carolina","37","2020","2020","Male","M",416,495759,83.9
,"65-74 years","65-74","North Dakota","38","1999","1999","Female","F",Suppressed,24631,Suppressed
,"65-74 years","65-74","North Dakota","38","1999","1999","Male","M",Suppressed,21431,Suppressed
,"65-74 years","65-74","North Dakota","38","2000","2000","Female","F",Suppressed,24567,Suppressed
,"65-74 years","65-74","North Dakota","38","2000","2000","Male","M",Suppressed,21334,Suppressed
,"65-74 years","65-74","North Dakota","38","2001","2001","Female","F",Suppressed,24270,Suppressed
,"65-74 years","65-74","North Dakota","38","2001","2001","Male","M",Suppressed,21019,Suppressed
,"65-74 years","65-74","North Dakota","38","2002","2002","Female","F",Suppressed,24167,Suppressed
,"65-74 years","65-74","North Dakota","38","2002","2002","Male","M",Suppressed,20771,Suppressed
,"65-74 years","65-74","North Dakota","38","2003","2003","Female","F",Suppressed,23913,Suppressed
,"65-74 years","65-74","North Dakota","38","2003","2003","Male","M",Suppressed,20620,Suppressed
,"65-74 years","65-74","North Dakota","38","2004","2004","Female","F",Suppressed,23699,Suppressed
,"65-74 years","65-74","North Dakota","38","2004","2004","Male","M",Suppressed,20595,Suppressed
,"65-74 years","65-74","North Dakota","38","2005","2005","Female","F",Suppressed,23391,Suppressed
,"65-74 years","65-74","North Dakota","38","2005","2005","Male","M",Suppressed,20471,Suppressed
,"65-74 years","65-74","North Dakota","38","2006","2006","Female","F",Suppressed,23496,Suppressed
,"65-74 years","65-74","North Dakota","38","2006","2006","Male","M",Suppressed,20628,Suppressed
,"65-74 years","65-74","North Dakota","38","2007","2007","Female","F",Suppressed,23468,Suppressed
,"65-74 years","65-74","North Dakota","38","2007","2007","Male","M",Suppressed,20982,Suppressed
,"65-74 years","65-74","North Dakota","38","2008","2008","Female","F",Suppressed,23899,Suppressed
,"65-74 years","65-74","North Dakota","38","2008","2008","Male","M",Suppressed,21440,Suppressed
,"65-74 years","65-74","North Dakota","38","2009","2009","Female","F",Suppressed,24132,Suppressed
,"65-74 years","65-74","North Dakota","38","2009","2009","Male","M",Suppressed,22142,Suppressed
,"65-74 years","65-74","North Dakota","38","2010","2010","Female","F",Suppressed,24336,Suppressed
,"65-74 years","65-74","North Dakota","38","2010","2010","Male","M",Suppressed,22537,Suppressed
,"65-74 years","65-74","North Dakota","38","2011","2011","Female","F",Suppressed,24785,Suppressed
,"65-74 years","65-74","North Dakota","38","2011","2011","Male","M",Suppressed,23040,Suppressed
,"65-74 years","65-74","North Dakota","38","2012","2012","Female","F",Suppressed,25728,Suppressed
,"65-74 years","65-74","North Dakota","38","2012","2012","Male","M",Suppressed,24240,Suppressed
,"65-74 years","65-74","North Dakota","38","2013","2013","Female","F",Suppressed,26468,Suppressed
,"65-74 years","65-74","North Dakota","38","2013","2013","Male","M",Suppressed,25517,Suppressed
,"65-74 years","65-74","North Dakota","38","2014","2014","Female","F",Suppressed,27407,Suppressed
,"65-74 years","65-74","North Dakota","38","2014","2014","Male","M",Suppressed,26802,Suppressed
,"65-74 years","65-74","North Dakota","38","2015","2015","Female","F",10,28442,Unreliable
,"65-74 years","65-74","North Dakota","38","2015","2015","Male","M",Suppressed,28154,Suppressed
,"65-74 years","65-74","North Dakota","38","2016","2016","Female","F",Suppressed,29746,Suppressed
,"65-74 years","65-74","North Dakota","38","2016","2016","Male","M",Suppressed,29464,Suppressed
,"65-74 years","65-74","North Dakota","38","2017","2017","Female","F",Suppressed,30822,Suppressed
,"65-74 years","65-74","North Dakota","38","2017","2017","Male","M",12,30928,Unreliable
,"65-74 years","65-74","North Dakota","38","2018","2018","Female","F",Suppressed,32041,Suppressed
,"65-74 years","65-74","North Dakota","38","2018","2018","Male","M",Suppressed,32181,Suppressed
,"65-74 years","65-74","North Dakota","38","2019","2019","Female","F",11,33321,Unreliable
,"65-74 years","65-74","North Dakota","38","2019","2019","Male","M",15,33343,Unreliable
,"65-74 years","65-74","North Dakota","38","2020","2020","Female","F",Suppressed,34866,Suppressed
,"65-74 years","65-74","North Dakota","38","2020","2020","Male","M",16,34792,Unreliable
,"65-74 years","65-74","Ohio","39","1999","1999","Female","F",153,441793,34.6
,"65-74 years","65-74","Ohio","39","1999","1999","Male","M",175,354275,49.4
,"65-74 years","65-74","Ohio","39","2000","2000","Female","F",165,437442,37.7
,"65-74 years","65-74","Ohio","39","2000","2000","Male","M",169,352810,47.9
,"65-74 years","65-74","Ohio","39","2001","2001","Female","F",193,430853,44.8
,"65-74 years","65-74","Ohio","39","2001","2001","Male","M",169,350420,48.2
,"65-74 years","65-74","Ohio","39","2002","2002","Female","F",163,425454,38.3
,"65-74 years","65-74","Ohio","39","2002","2002","Male","M",151,347813,43.4
,"65-74 years","65-74","Ohio","39","2003","2003","Female","F",174,423079,41.1
,"65-74 years","65-74","Ohio","39","2003","2003","Male","M",145,347991,41.7
,"65-74 years","65-74","Ohio","39","2004","2004","Female","F",153,421862,36.3
,"65-74 years","65-74","Ohio","39","2004","2004","Male","M",155,348669,44.5
,"65-74 years","65-74","Ohio","39","2005","2005","Female","F",149,420786,35.4
,"65-74 years","65-74","Ohio","39","2005","2005","Male","M",131,348875,37.5
,"65-74 years","65-74","Ohio","39","2006","2006","Female","F",120,424003,28.3
,"65-74 years","65-74","Ohio","39","2006","2006","Male","M",114,352937,32.3
,"65-74 years","65-74","Ohio","39","2007","2007","Female","F",116,431240,26.9
,"65-74 years","65-74","Ohio","39","2007","2007","Male","M",102,361391,28.2
,"65-74 years","65-74","Ohio","39","2008","2008","Female","F",116,444600,26.1
,"65-74 years","65-74","Ohio","39","2008","2008","Male","M",143,375161,38.1
,"65-74 years","65-74","Ohio","39","2009","2009","Female","F",106,454442,23.3
,"65-74 years","65-74","Ohio","39","2009","2009","Male","M",125,385239,32.4
,"65-74 years","65-74","Ohio","39","2010","2010","Female","F",117,459295,25.5
,"65-74 years","65-74","Ohio","39","2010","2010","Male","M",144,390939,36.8
,"65-74 years","65-74","Ohio","39","2011","2011","Female","F",150,467780,32.1
,"65-74 years","65-74","Ohio","39","2011","2011","Male","M",131,401492,32.6
,"65-74 years","65-74","Ohio","39","2012","2012","Female","F",147,495471,29.7
,"65-74 years","65-74","Ohio","39","2012","2012","Male","M",159,428399,37.1
,"65-74 years","65-74","Ohio","39","2013","2013","Female","F",170,516338,32.9
,"65-74 years","65-74","Ohio","39","2013","2013","Male","M",166,448724,37.0
,"65-74 years","65-74","Ohio","39","2014","2014","Female","F",150,537609,27.9
,"65-74 years","65-74","Ohio","39","2014","2014","Male","M",219,468149,46.8
,"65-74 years","65-74","Ohio","39","2015","2015","Female","F",215,557570,38.6
,"65-74 years","65-74","Ohio","39","2015","2015","Male","M",241,487159,49.5
,"65-74 years","65-74","Ohio","39","2016","2016","Female","F",207,576294,35.9
,"65-74 years","65-74","Ohio","39","2016","2016","Male","M",298,504736,59.0
,"65-74 years","65-74","Ohio","39","2017","2017","Female","F",226,596863,37.9
,"65-74 years","65-74","Ohio","39","2017","2017","Male","M",260,523728,49.6
,"65-74 years","65-74","Ohio","39","2018","2018","Female","F",229,611989,37.4
,"65-74 years","65-74","Ohio","39","2018","2018","Male","M",328,538386,60.9
,"65-74 years","65-74","Ohio","39","2019","2019","Female","F",237,632609,37.5
,"65-74 years","65-74","Ohio","39","2019","2019","Male","M",378,556634,67.9
,"65-74 years","65-74","Ohio","39","2020","2020","Female","F",289,656291,44.0
,"65-74 years","65-74","Ohio","39","2020","2020","Male","M",359,576945,62.2
,"65-74 years","65-74","Oklahoma","40","1999","1999","Female","F",71,132390,53.6
,"65-74 years","65-74","Oklahoma","40","1999","1999","Male","M",79,109473,72.2
,"65-74 years","65-74","Oklahoma","40","2000","2000","Female","F",85,132406,64.2
,"65-74 years","65-74","Oklahoma","40","2000","2000","Male","M",78,110093,70.8
,"65-74 years","65-74","Oklahoma","40","2001","2001","Female","F",68,131858,51.6
,"65-74 years","65-74","Oklahoma","40","2001","2001","Male","M",90,110732,81.3
,"65-74 years","65-74","Oklahoma","40","2002","2002","Female","F",77,131560,58.5
,"65-74 years","65-74","Oklahoma","40","2002","2002","Male","M",80,111095,72.0
,"65-74 years","65-74","Oklahoma","40","2003","2003","Female","F",56,131986,42.4
,"65-74 years","65-74","Oklahoma","40","2003","2003","Male","M",80,112159,71.3
,"65-74 years","65-74","Oklahoma","40","2004","2004","Female","F",81,133138,60.8
,"65-74 years","65-74","Oklahoma","40","2004","2004","Male","M",70,113618,61.6
,"65-74 years","65-74","Oklahoma","40","2005","2005","Female","F",70,134472,52.1
,"65-74 years","65-74","Oklahoma","40","2005","2005","Male","M",65,114930,56.6
,"65-74 years","65-74","Oklahoma","40","2006","2006","Female","F",83,137127,60.5
,"65-74 years","65-74","Oklahoma","40","2006","2006","Male","M",99,117825,84.0
,"65-74 years","65-74","Oklahoma","40","2007","2007","Female","F",105,139702,75.2
,"65-74 years","65-74","Oklahoma","40","2007","2007","Male","M",107,120523,88.8
,"65-74 years","65-74","Oklahoma","40","2008","2008","Female","F",91,143212,63.5
,"65-74 years","65-74","Oklahoma","40","2008","2008","Male","M",105,124583,84.3
,"65-74 years","65-74","Oklahoma","40","2009","2009","Female","F",101,147016,68.7
,"65-74 years","65-74","Oklahoma","40","2009","2009","Male","M",156,128774,121.1
,"65-74 years","65-74","Oklahoma","40","2010","2010","Female","F",107,149352,71.6
,"65-74 years","65-74","Oklahoma","40","2010","2010","Male","M",127,131115,96.9
,"65-74 years","65-74","Oklahoma","40","2011","2011","Female","F",71,152774,46.5
,"65-74 years","65-74","Oklahoma","40","2011","2011","Male","M",112,134530,83.3
,"65-74 years","65-74","Oklahoma","40","2012","2012","Female","F",62,160765,38.6
,"65-74 years","65-74","Oklahoma","40","2012","2012","Male","M",85,141681,60.0
,"65-74 years","65-74","Oklahoma","40","2013","2013","Female","F",85,166606,51.0
,"65-74 years","65-74","Oklahoma","40","2013","2013","Male","M",88,146913,59.9
,"65-74 years","65-74","Oklahoma","40","2014","2014","Female","F",94,171530,54.8
,"65-74 years","65-74","Oklahoma","40","2014","2014","Male","M",132,151168,87.3
,"65-74 years","65-74","Oklahoma","40","2015","2015","Female","F",97,176501,55.0
,"65-74 years","65-74","Oklahoma","40","2015","2015","Male","M",113,155676,72.6
,"65-74 years","65-74","Oklahoma","40","2016","2016","Female","F",91,181736,50.1
,"65-74 years","65-74","Oklahoma","40","2016","2016","Male","M",113,160154,70.6
,"65-74 years","65-74","Oklahoma","40","2017","2017","Female","F",91,186529,48.8
,"65-74 years","65-74","Oklahoma","40","2017","2017","Male","M",109,164202,66.4
,"65-74 years","65-74","Oklahoma","40","2018","2018","Female","F",141,190891,73.9
,"65-74 years","65-74","Oklahoma","40","2018","2018","Male","M",175,167755,104.3
,"65-74 years","65-74","Oklahoma","40","2019","2019","Female","F",173,195854,88.3
,"65-74 years","65-74","Oklahoma","40","2019","2019","Male","M",201,172196,116.7
,"65-74 years","65-74","Oklahoma","40","2020","2020","Female","F",182,202751,89.8
,"65-74 years","65-74","Oklahoma","40","2020","2020","Male","M",265,177796,149.0
,"65-74 years","65-74","Oregon","41","1999","1999","Female","F",39,118376,32.9
,"65-74 years","65-74","Oregon","41","1999","1999","Male","M",41,101726,40.3
,"65-74 years","65-74","Oregon","41","2000","2000","Female","F",44,117639,37.4
,"65-74 years","65-74","Oregon","41","2000","2000","Male","M",43,101703,42.3
,"65-74 years","65-74","Oregon","41","2001","2001","Female","F",40,117053,34.2
,"65-74 years","65-74","Oregon","41","2001","2001","Male","M",49,102448,47.8
,"65-74 years","65-74","Oregon","41","2002","2002","Female","F",28,117668,23.8
,"65-74 years","65-74","Oregon","41","2002","2002","Male","M",40,103625,38.6
,"65-74 years","65-74","Oregon","41","2003","2003","Female","F",39,119218,32.7
,"65-74 years","65-74","Oregon","41","2003","2003","Male","M",23,105473,21.8
,"65-74 years","65-74","Oregon","41","2004","2004","Female","F",45,121229,37.1
,"65-74 years","65-74","Oregon","41","2004","2004","Male","M",36,108161,33.3
,"65-74 years","65-74","Oregon","41","2005","2005","Female","F",35,123579,28.3
,"65-74 years","65-74","Oregon","41","2005","2005","Male","M",34,111748,30.4
,"65-74 years","65-74","Oregon","41","2006","2006","Female","F",27,127700,21.1
,"65-74 years","65-74","Oregon","41","2006","2006","Male","M",33,116242,28.4
,"65-74 years","65-74","Oregon","41","2007","2007","Female","F",36,132650,27.1
,"65-74 years","65-74","Oregon","41","2007","2007","Male","M",42,120976,34.7
,"65-74 years","65-74","Oregon","41","2008","2008","Female","F",34,139424,24.4
,"65-74 years","65-74","Oregon","41","2008","2008","Male","M",50,127738,39.1
,"65-74 years","65-74","Oregon","41","2009","2009","Female","F",35,146322,23.9
,"65-74 years","65-74","Oregon","41","2009","2009","Male","M",39,134419,29.0
,"65-74 years","65-74","Oregon","41","2010","2010","Female","F",36,150991,23.8
,"65-74 years","65-74","Oregon","41","2010","2010","Male","M",38,139050,27.3
,"65-74 years","65-74","Oregon","41","2011","2011","Female","F",23,158873,14.5
,"65-74 years","65-74","Oregon","41","2011","2011","Male","M",50,146392,34.2
,"65-74 years","65-74","Oregon","41","2012","2012","Female","F",26,172089,15.1
,"65-74 years","65-74","Oregon","41","2012","2012","Male","M",51,158668,32.1
,"65-74 years","65-74","Oregon","41","2013","2013","Female","F",42,183437,22.9
,"65-74 years","65-74","Oregon","41","2013","2013","Male","M",64,169566,37.7
,"65-74 years","65-74","Oregon","41","2014","2014","Female","F",55,194525,28.3
,"65-74 years","65-74","Oregon","41","2014","2014","Male","M",77,179483,42.9
,"65-74 years","65-74","Oregon","41","2015","2015","Female","F",47,206050,22.8
,"65-74 years","65-74","Oregon","41","2015","2015","Male","M",75,189056,39.7
,"65-74 years","65-74","Oregon","41","2016","2016","Female","F",58,216975,26.7
,"65-74 years","65-74","Oregon","41","2016","2016","Male","M",91,198672,45.8
,"65-74 years","65-74","Oregon","41","2017","2017","Female","F",72,225816,31.9
,"65-74 years","65-74","Oregon","41","2017","2017","Male","M",99,205907,48.1
,"65-74 years","65-74","Oregon","41","2018","2018","Female","F",58,235245,24.7
,"65-74 years","65-74","Oregon","41","2018","2018","Male","M",89,212947,41.8
,"65-74 years","65-74","Oregon","41","2019","2019","Female","F",79,244571,32.3
,"65-74 years","65-74","Oregon","41","2019","2019","Male","M",90,220027,40.9
,"65-74 years","65-74","Oregon","41","2020","2020","Female","F",79,252888,31.2
,"65-74 years","65-74","Oregon","41","2020","2020","Male","M",94,225664,41.7
,"65-74 years","65-74","Pennsylvania","42","1999","1999","Female","F",165,548864,30.1
,"65-74 years","65-74","Pennsylvania","42","1999","1999","Male","M",248,433220,57.2
,"65-74 years","65-74","Pennsylvania","42","2000","2000","Female","F",192,539758,35.6
,"65-74 years","65-74","Pennsylvania","42","2000","2000","Male","M",202,429514,47.0
,"65-74 years","65-74","Pennsylvania","42","2001","2001","Female","F",186,525680,35.4
,"65-74 years","65-74","Pennsylvania","42","2001","2001","Male","M",194,421876,46.0
,"65-74 years","65-74","Pennsylvania","42","2002","2002","Female","F",202,515216,39.2
,"65-74 years","65-74","Pennsylvania","42","2002","2002","Male","M",190,415767,45.7
,"65-74 years","65-74","Pennsylvania","42","2003","2003","Female","F",165,506036,32.6
,"65-74 years","65-74","Pennsylvania","42","2003","2003","Male","M",191,411575,46.4
,"65-74 years","65-74","Pennsylvania","42","2004","2004","Female","F",171,499133,34.3
,"65-74 years","65-74","Pennsylvania","42","2004","2004","Male","M",188,409229,45.9
,"65-74 years","65-74","Pennsylvania","42","2005","2005","Female","F",149,492779,30.2
,"65-74 years","65-74","Pennsylvania","42","2005","2005","Male","M",178,407849,43.6
,"65-74 years","65-74","Pennsylvania","42","2006","2006","Female","F",173,491401,35.2
,"65-74 years","65-74","Pennsylvania","42","2006","2006","Male","M",194,410100,47.3
,"65-74 years","65-74","Pennsylvania","42","2007","2007","Female","F",138,496007,27.8
,"65-74 years","65-74","Pennsylvania","42","2007","2007","Male","M",154,416314,37.0
,"65-74 years","65-74","Pennsylvania","42","2008","2008","Female","F",129,510289,25.3
,"65-74 years","65-74","Pennsylvania","42","2008","2008","Male","M",166,431247,38.5
,"65-74 years","65-74","Pennsylvania","42","2009","2009","Female","F",131,522663,25.1
,"65-74 years","65-74","Pennsylvania","42","2009","2009","Male","M",151,443377,34.1
,"65-74 years","65-74","Pennsylvania","42","2010","2010","Female","F",145,528698,27.4
,"65-74 years","65-74","Pennsylvania","42","2010","2010","Male","M",156,450840,34.6
,"65-74 years","65-74","Pennsylvania","42","2011","2011","Female","F",122,538036,22.7
,"65-74 years","65-74","Pennsylvania","42","2011","2011","Male","M",191,461900,41.4
,"65-74 years","65-74","Pennsylvania","42","2012","2012","Female","F",133,569822,23.3
,"65-74 years","65-74","Pennsylvania","42","2012","2012","Male","M",186,493174,37.7
,"65-74 years","65-74","Pennsylvania","42","2013","2013","Female","F",148,593822,24.9
,"65-74 years","65-74","Pennsylvania","42","2013","2013","Male","M",212,516679,41.0
,"65-74 years","65-74","Pennsylvania","42","2014","2014","Female","F",153,615354,24.9
,"65-74 years","65-74","Pennsylvania","42","2014","2014","Male","M",216,537315,40.2
,"65-74 years","65-74","Pennsylvania","42","2015","2015","Female","F",187,637707,29.3
,"65-74 years","65-74","Pennsylvania","42","2015","2015","Male","M",240,558921,42.9
,"65-74 years","65-74","Pennsylvania","42","2016","2016","Female","F",197,658411,29.9
,"65-74 years","65-74","Pennsylvania","42","2016","2016","Male","M",312,578595,53.9
,"65-74 years","65-74","Pennsylvania","42","2017","2017","Female","F",227,679516,33.4
,"65-74 years","65-74","Pennsylvania","42","2017","2017","Male","M",300,599768,50.0
,"65-74 years","65-74","Pennsylvania","42","2018","2018","Female","F",241,695329,34.7
,"65-74 years","65-74","Pennsylvania","42","2018","2018","Male","M",323,615421,52.5
,"65-74 years","65-74","Pennsylvania","42","2019","2019","Female","F",245,718132,34.1
,"65-74 years","65-74","Pennsylvania","42","2019","2019","Male","M",331,635961,52.0
,"65-74 years","65-74","Pennsylvania","42","2020","2020","Female","F",300,742941,40.4
,"65-74 years","65-74","Pennsylvania","42","2020","2020","Male","M",368,658317,55.9
,"65-74 years","65-74","Rhode Island","44","1999","1999","Female","F",Suppressed,41993,Suppressed
,"65-74 years","65-74","Rhode Island","44","1999","1999","Male","M",10,33009,Unreliable
,"65-74 years","65-74","Rhode Island","44","2000","2000","Female","F",Suppressed,41133,Suppressed
,"65-74 years","65-74","Rhode Island","44","2000","2000","Male","M",Suppressed,32551,Suppressed
,"65-74 years","65-74","Rhode Island","44","2001","2001","Female","F",Suppressed,40006,Suppressed
,"65-74 years","65-74","Rhode Island","44","2001","2001","Male","M",Suppressed,31712,Suppressed
,"65-74 years","65-74","Rhode Island","44","2002","2002","Female","F",Suppressed,39017,Suppressed
,"65-74 years","65-74","Rhode Island","44","2002","2002","Male","M",Suppressed,31007,Suppressed
,"65-74 years","65-74","Rhode Island","44","2003","2003","Female","F",Suppressed,38190,Suppressed
,"65-74 years","65-74","Rhode Island","44","2003","2003","Male","M",Suppressed,30681,Suppressed
,"65-74 years","65-74","Rhode Island","44","2004","2004","Female","F",Suppressed,37638,Suppressed
,"65-74 years","65-74","Rhode Island","44","2004","2004","Male","M",Suppressed,30364,Suppressed
,"65-74 years","65-74","Rhode Island","44","2005","2005","Female","F",Suppressed,36903,Suppressed
,"65-74 years","65-74","Rhode Island","44","2005","2005","Male","M",Suppressed,30244,Suppressed
,"65-74 years","65-74","Rhode Island","44","2006","2006","Female","F",Suppressed,36734,Suppressed
,"65-74 years","65-74","Rhode Island","44","2006","2006","Male","M",12,30162,Unreliable
,"65-74 years","65-74","Rhode Island","44","2007","2007","Female","F",Suppressed,37189,Suppressed
,"65-74 years","65-74","Rhode Island","44","2007","2007","Male","M",Suppressed,30688,Suppressed
,"65-74 years","65-74","Rhode Island","44","2008","2008","Female","F",Suppressed,38352,Suppressed
,"65-74 years","65-74","Rhode Island","44","2008","2008","Male","M",Suppressed,32063,Suppressed
,"65-74 years","65-74","Rhode Island","44","2009","2009","Female","F",Suppressed,39433,Suppressed
,"65-74 years","65-74","Rhode Island","44","2009","2009","Male","M",Suppressed,33085,Suppressed
,"65-74 years","65-74","Rhode Island","44","2010","2010","Female","F",Suppressed,40075,Suppressed
,"65-74 years","65-74","Rhode Island","44","2010","2010","Male","M",10,33804,Unreliable
,"65-74 years","65-74","Rhode Island","44","2011","2011","Female","F",Suppressed,41227,Suppressed
,"65-74 years","65-74","Rhode Island","44","2011","2011","Male","M",Suppressed,35258,Suppressed
,"65-74 years","65-74","Rhode Island","44","2012","2012","Female","F",Suppressed,43941,Suppressed
,"65-74 years","65-74","Rhode Island","44","2012","2012","Male","M",Suppressed,38094,Suppressed
,"65-74 years","65-74","Rhode Island","44","2013","2013","Female","F",Suppressed,46083,Suppressed
,"65-74 years","65-74","Rhode Island","44","2013","2013","Male","M",Suppressed,40054,Suppressed
,"65-74 years","65-74","Rhode Island","44","2014","2014","Female","F",11,47837,Unreliable
,"65-74 years","65-74","Rhode Island","44","2014","2014","Male","M",18,41814,Unreliable
,"65-74 years","65-74","Rhode Island","44","2015","2015","Female","F",14,49666,Unreliable
,"65-74 years","65-74","Rhode Island","44","2015","2015","Male","M",16,43688,Unreliable
,"65-74 years","65-74","Rhode Island","44","2016","2016","Female","F",12,51409,Unreliable
,"65-74 years","65-74","Rhode Island","44","2016","2016","Male","M",Suppressed,45524,Suppressed
,"65-74 years","65-74","Rhode Island","44","2017","2017","Female","F",16,53289,Unreliable
,"65-74 years","65-74","Rhode Island","44","2017","2017","Male","M",20,47121,42.4
,"65-74 years","65-74","Rhode Island","44","2018","2018","Female","F",11,54472,Unreliable
,"65-74 years","65-74","Rhode Island","44","2018","2018","Male","M",16,48123,Unreliable
,"65-74 years","65-74","Rhode Island","44","2019","2019","Female","F",18,56460,Unreliable
,"65-74 years","65-74","Rhode Island","44","2019","2019","Male","M",13,49699,Unreliable
,"65-74 years","65-74","Rhode Island","44","2020","2020","Female","F",Suppressed,58804,Suppressed
,"65-74 years","65-74","Rhode Island","44","2020","2020","Male","M",18,51528,Unreliable
,"65-74 years","65-74","South Carolina","45","1999","1999","Female","F",73,149480,48.8
,"65-74 years","65-74","South Carolina","45","1999","1999","Male","M",93,119916,77.6
,"65-74 years","65-74","South Carolina","45","2000","2000","Female","F",60,149235,40.2
,"65-74 years","65-74","South Carolina","45","2000","2000","Male","M",98,120813,81.1
,"65-74 years","65-74","South Carolina","45","2001","2001","Female","F",80,150436,53.2
,"65-74 years","65-74","South Carolina","45","2001","2001","Male","M",53,123165,43.0
,"65-74 years","65-74","South Carolina","45","2002","2002","Female","F",77,151643,50.8
,"65-74 years","65-74","South Carolina","45","2002","2002","Male","M",80,125163,63.9
,"65-74 years","65-74","South Carolina","45","2003","2003","Female","F",80,153465,52.1
,"65-74 years","65-74","South Carolina","45","2003","2003","Male","M",90,127709,70.5
,"65-74 years","65-74","South Carolina","45","2004","2004","Female","F",77,156234,49.3
,"65-74 years","65-74","South Carolina","45","2004","2004","Male","M",94,131406,71.5
,"65-74 years","65-74","South Carolina","45","2005","2005","Female","F",80,160784,49.8
,"65-74 years","65-74","South Carolina","45","2005","2005","Male","M",92,136355,67.5
,"65-74 years","65-74","South Carolina","45","2006","2006","Female","F",74,168494,43.9
,"65-74 years","65-74","South Carolina","45","2006","2006","Male","M",90,143873,62.6
,"65-74 years","65-74","South Carolina","45","2007","2007","Female","F",81,174844,46.3
,"65-74 years","65-74","South Carolina","45","2007","2007","Male","M",94,150792,62.3
,"65-74 years","65-74","South Carolina","45","2008","2008","Female","F",69,183649,37.6
,"65-74 years","65-74","South Carolina","45","2008","2008","Male","M",60,159174,37.7
,"65-74 years","65-74","South Carolina","45","2009","2009","Female","F",64,191692,33.4
,"65-74 years","65-74","South Carolina","45","2009","2009","Male","M",89,167032,53.3
,"65-74 years","65-74","South Carolina","45","2010","2010","Female","F",82,196976,41.6
,"65-74 years","65-74","South Carolina","45","2010","2010","Male","M",90,172067,52.3
,"65-74 years","65-74","South Carolina","45","2011","2011","Female","F",84,206452,40.7
,"65-74 years","65-74","South Carolina","45","2011","2011","Male","M",85,180757,47.0
,"65-74 years","65-74","South Carolina","45","2012","2012","Female","F",79,222167,35.6
,"65-74 years","65-74","South Carolina","45","2012","2012","Male","M",92,194898,47.2
,"65-74 years","65-74","South Carolina","45","2013","2013","Female","F",80,234564,34.1
,"65-74 years","65-74","South Carolina","45","2013","2013","Male","M",113,206360,54.8
,"65-74 years","65-74","South Carolina","45","2014","2014","Female","F",83,248047,33.5
,"65-74 years","65-74","South Carolina","45","2014","2014","Male","M",150,218124,68.8
,"65-74 years","65-74","South Carolina","45","2015","2015","Female","F",105,260734,40.3
,"65-74 years","65-74","South Carolina","45","2015","2015","Male","M",148,228749,64.7
,"65-74 years","65-74","South Carolina","45","2016","2016","Female","F",116,274109,42.3
,"65-74 years","65-74","South Carolina","45","2016","2016","Male","M",160,239177,66.9
,"65-74 years","65-74","South Carolina","45","2017","2017","Female","F",124,286151,43.3
,"65-74 years","65-74","South Carolina","45","2017","2017","Male","M",127,247399,51.3
,"65-74 years","65-74","South Carolina","45","2018","2018","Female","F",122,295984,41.2
,"65-74 years","65-74","South Carolina","45","2018","2018","Male","M",211,253847,83.1
,"65-74 years","65-74","South Carolina","45","2019","2019","Female","F",184,308489,59.6
,"65-74 years","65-74","South Carolina","45","2019","2019","Male","M",195,262111,74.4
,"65-74 years","65-74","South Carolina","45","2020","2020","Female","F",159,321507,49.5
,"65-74 years","65-74","South Carolina","45","2020","2020","Male","M",246,271541,90.6
,"65-74 years","65-74","South Dakota","46","1999","1999","Female","F",Suppressed,28517,Suppressed
,"65-74 years","65-74","South Dakota","46","1999","1999","Male","M",14,24722,Unreliable
,"65-74 years","65-74","South Dakota","46","2000","2000","Female","F",Suppressed,28499,Suppressed
,"65-74 years","65-74","South Dakota","46","2000","2000","Male","M",Suppressed,24630,Suppressed
,"65-74 years","65-74","South Dakota","46","2001","2001","Female","F",Suppressed,28092,Suppressed
,"65-74 years","65-74","South Dakota","46","2001","2001","Male","M",13,24448,Unreliable
,"65-74 years","65-74","South Dakota","46","2002","2002","Female","F",10,27730,Unreliable
,"65-74 years","65-74","South Dakota","46","2002","2002","Male","M",11,24259,Unreliable
,"65-74 years","65-74","South Dakota","46","2003","2003","Female","F",10,27619,Unreliable
,"65-74 years","65-74","South Dakota","46","2003","2003","Male","M",Suppressed,24060,Suppressed
,"65-74 years","65-74","South Dakota","46","2004","2004","Female","F",Suppressed,27637,Suppressed
,"65-74 years","65-74","South Dakota","46","2004","2004","Male","M",11,24065,Unreliable
,"65-74 years","65-74","South Dakota","46","2005","2005","Female","F",Suppressed,27571,Suppressed
,"65-74 years","65-74","South Dakota","46","2005","2005","Male","M",Suppressed,24193,Suppressed
,"65-74 years","65-74","South Dakota","46","2006","2006","Female","F",Suppressed,27748,Suppressed
,"65-74 years","65-74","South Dakota","46","2006","2006","Male","M",Suppressed,24672,Suppressed
,"65-74 years","65-74","South Dakota","46","2007","2007","Female","F",Suppressed,28088,Suppressed
,"65-74 years","65-74","South Dakota","46","2007","2007","Male","M",Suppressed,25351,Suppressed
,"65-74 years","65-74","South Dakota","46","2008","2008","Female","F",0,28788,Unreliable
,"65-74 years","65-74","South Dakota","46","2008","2008","Male","M",Suppressed,26254,Suppressed
,"65-74 years","65-74","South Dakota","46","2009","2009","Female","F",Suppressed,29532,Suppressed
,"65-74 years","65-74","South Dakota","46","2009","2009","Male","M",Suppressed,27114,Suppressed
,"65-74 years","65-74","South Dakota","46","2010","2010","Female","F",Suppressed,29999,Suppressed
,"65-74 years","65-74","South Dakota","46","2010","2010","Male","M",Suppressed,27628,Suppressed
,"65-74 years","65-74","South Dakota","46","2011","2011","Female","F",Suppressed,30634,Suppressed
,"65-74 years","65-74","South Dakota","46","2011","2011","Male","M",Suppressed,28392,Suppressed
,"65-74 years","65-74","South Dakota","46","2012","2012","Female","F",Suppressed,32010,Suppressed
,"65-74 years","65-74","South Dakota","46","2012","2012","Male","M",Suppressed,30124,Suppressed
,"65-74 years","65-74","South Dakota","46","2013","2013","Female","F",Suppressed,33372,Suppressed
,"65-74 years","65-74","South Dakota","46","2013","2013","Male","M",Suppressed,32215,Suppressed
,"65-74 years","65-74","South Dakota","46","2014","2014","Female","F",Suppressed,35023,Suppressed
,"65-74 years","65-74","South Dakota","46","2014","2014","Male","M",Suppressed,34325,Suppressed
,"65-74 years","65-74","South Dakota","46","2015","2015","Female","F",Suppressed,36788,Suppressed
,"65-74 years","65-74","South Dakota","46","2015","2015","Male","M",Suppressed,36343,Suppressed
,"65-74 years","65-74","South Dakota","46","2016","2016","Female","F",Suppressed,38885,Suppressed
,"65-74 years","65-74","South Dakota","46","2016","2016","Male","M",10,38579,Unreliable
,"65-74 years","65-74","South Dakota","46","2017","2017","Female","F",Suppressed,40841,Suppressed
,"65-74 years","65-74","South Dakota","46","2017","2017","Male","M",13,40388,Unreliable
,"65-74 years","65-74","South Dakota","46","2018","2018","Female","F",14,42618,Unreliable
,"65-74 years","65-74","South Dakota","46","2018","2018","Male","M",11,42432,Unreliable
,"65-74 years","65-74","South Dakota","46","2019","2019","Female","F",12,44657,Unreliable
,"65-74 years","65-74","South Dakota","46","2019","2019","Male","M",10,44559,Unreliable
,"65-74 years","65-74","South Dakota","46","2020","2020","Female","F",10,47006,Unreliable
,"65-74 years","65-74","South Dakota","46","2020","2020","Male","M",17,47035,Unreliable
,"65-74 years","65-74","Tennessee","47","1999","1999","Female","F",87,211999,41.0
,"65-74 years","65-74","Tennessee","47","1999","1999","Male","M",75,168714,44.5
,"65-74 years","65-74","Tennessee","47","2000","2000","Female","F",77,212378,36.3
,"65-74 years","65-74","Tennessee","47","2000","2000","Male","M",55,170474,32.3
,"65-74 years","65-74","Tennessee","47","2001","2001","Female","F",63,213353,29.5
,"65-74 years","65-74","Tennessee","47","2001","2001","Male","M",54,173553,31.1
,"65-74 years","65-74","Tennessee","47","2002","2002","Female","F",57,214247,26.6
,"65-74 years","65-74","Tennessee","47","2002","2002","Male","M",53,175462,30.2
,"65-74 years","65-74","Tennessee","47","2003","2003","Female","F",56,216313,25.9
,"65-74 years","65-74","Tennessee","47","2003","2003","Male","M",76,178952,42.5
,"65-74 years","65-74","Tennessee","47","2004","2004","Female","F",77,219379,35.1
,"65-74 years","65-74","Tennessee","47","2004","2004","Male","M",66,182974,36.1
,"65-74 years","65-74","Tennessee","47","2005","2005","Female","F",65,223934,29.0
,"65-74 years","65-74","Tennessee","47","2005","2005","Male","M",70,188029,37.2
,"65-74 years","65-74","Tennessee","47","2006","2006","Female","F",73,231129,31.6
,"65-74 years","65-74","Tennessee","47","2006","2006","Male","M",64,195803,32.7
,"65-74 years","65-74","Tennessee","47","2007","2007","Female","F",68,237440,28.6
,"65-74 years","65-74","Tennessee","47","2007","2007","Male","M",67,202967,33.0
,"65-74 years","65-74","Tennessee","47","2008","2008","Female","F",60,246817,24.3
,"65-74 years","65-74","Tennessee","47","2008","2008","Male","M",63,213063,29.6
,"65-74 years","65-74","Tennessee","47","2009","2009","Female","F",69,254620,27.1
,"65-74 years","65-74","Tennessee","47","2009","2009","Male","M",72,221462,32.5
,"65-74 years","65-74","Tennessee","47","2010","2010","Female","F",64,259823,24.6
,"65-74 years","65-74","Tennessee","47","2010","2010","Male","M",84,227251,37.0
,"65-74 years","65-74","Tennessee","47","2011","2011","Female","F",64,267796,23.9
,"65-74 years","65-74","Tennessee","47","2011","2011","Male","M",60,235205,25.5
,"65-74 years","65-74","Tennessee","47","2012","2012","Female","F",78,284545,27.4
,"65-74 years","65-74","Tennessee","47","2012","2012","Male","M",105,251615,41.7
,"65-74 years","65-74","Tennessee","47","2013","2013","Female","F",95,297830,31.9
,"65-74 years","65-74","Tennessee","47","2013","2013","Male","M",113,264093,42.8
,"65-74 years","65-74","Tennessee","47","2014","2014","Female","F",118,311118,37.9
,"65-74 years","65-74","Tennessee","47","2014","2014","Male","M",136,275180,49.4
,"65-74 years","65-74","Tennessee","47","2015","2015","Female","F",123,322452,38.1
,"65-74 years","65-74","Tennessee","47","2015","2015","Male","M",166,285240,58.2
,"65-74 years","65-74","Tennessee","47","2016","2016","Female","F",136,333917,40.7
,"65-74 years","65-74","Tennessee","47","2016","2016","Male","M",172,294492,58.4
,"65-74 years","65-74","Tennessee","47","2017","2017","Female","F",139,344499,40.3
,"65-74 years","65-74","Tennessee","47","2017","2017","Male","M",195,301650,64.6
,"65-74 years","65-74","Tennessee","47","2018","2018","Female","F",136,353704,38.5
,"65-74 years","65-74","Tennessee","47","2018","2018","Male","M",214,307898,69.5
,"65-74 years","65-74","Tennessee","47","2019","2019","Female","F",162,365024,44.4
,"65-74 years","65-74","Tennessee","47","2019","2019","Male","M",223,316372,70.5
,"65-74 years","65-74","Tennessee","47","2020","2020","Female","F",201,378540,53.1
,"65-74 years","65-74","Tennessee","47","2020","2020","Male","M",232,326330,71.1
,"65-74 years","65-74","Texas","48","1999","1999","Female","F",232,621211,37.3
,"65-74 years","65-74","Texas","48","1999","1999","Male","M",304,512505,59.3
,"65-74 years","65-74","Texas","48","2000","2000","Female","F",252,624126,40.4
,"65-74 years","65-74","Texas","48","2000","2000","Male","M",304,518482,58.6
,"65-74 years","65-74","Texas","48","2001","2001","Female","F",260,628964,41.3
,"65-74 years","65-74","Texas","48","2001","2001","Male","M",312,527065,59.2
,"65-74 years","65-74","Texas","48","2002","2002","Female","F",302,633486,47.7
,"65-74 years","65-74","Texas","48","2002","2002","Male","M",309,533930,57.9
,"65-74 years","65-74","Texas","48","2003","2003","Female","F",257,642387,40.0
,"65-74 years","65-74","Texas","48","2003","2003","Male","M",347,543891,63.8
,"65-74 years","65-74","Texas","48","2004","2004","Female","F",248,652120,38.0
,"65-74 years","65-74","Texas","48","2004","2004","Male","M",324,555185,58.4
,"65-74 years","65-74","Texas","48","2005","2005","Female","F",219,662386,33.1
,"65-74 years","65-74","Texas","48","2005","2005","Male","M",275,567998,48.4
,"65-74 years","65-74","Texas","48","2006","2006","Female","F",269,685443,39.2
,"65-74 years","65-74","Texas","48","2006","2006","Male","M",315,588469,53.5
,"65-74 years","65-74","Texas","48","2007","2007","Female","F",258,705110,36.6
,"65-74 years","65-74","Texas","48","2007","2007","Male","M",330,609348,54.2
,"65-74 years","65-74","Texas","48","2008","2008","Female","F",248,733835,33.8
,"65-74 years","65-74","Texas","48","2008","2008","Male","M",323,638797,50.6
,"65-74 years","65-74","Texas","48","2009","2009","Female","F",263,764335,34.4
,"65-74 years","65-74","Texas","48","2009","2009","Male","M",327,667915,49.0
,"65-74 years","65-74","Texas","48","2010","2010","Female","F",255,785122,32.5
,"65-74 years","65-74","Texas","48","2010","2010","Male","M",313,687134,45.6
,"65-74 years","65-74","Texas","48","2011","2011","Female","F",230,818398,28.1
,"65-74 years","65-74","Texas","48","2011","2011","Male","M",309,720163,42.9
,"65-74 years","65-74","Texas","48","2012","2012","Female","F",282,872738,32.3
,"65-74 years","65-74","Texas","48","2012","2012","Male","M",382,771211,49.5
,"65-74 years","65-74","Texas","48","2013","2013","Female","F",309,922023,33.5
,"65-74 years","65-74","Texas","48","2013","2013","Male","M",386,815700,47.3
,"65-74 years","65-74","Texas","48","2014","2014","Female","F",359,973507,36.9
,"65-74 years","65-74","Texas","48","2014","2014","Male","M",450,859994,52.3
,"65-74 years","65-74","Texas","48","2015","2015","Female","F",383,1022229,37.5
,"65-74 years","65-74","Texas","48","2015","2015","Male","M",520,901067,57.7
,"65-74 years","65-74","Texas","48","2016","2016","Female","F",380,1068617,35.6
,"65-74 years","65-74","Texas","48","2016","2016","Male","M",557,939832,59.3
,"65-74 years","65-74","Texas","48","2017","2017","Female","F",469,1112045,42.2
,"65-74 years","65-74","Texas","48","2017","2017","Male","M",584,977191,59.8
,"65-74 years","65-74","Texas","48","2018","2018","Female","F",454,1154813,39.3
,"65-74 years","65-74","Texas","48","2018","2018","Male","M",579,1011716,57.2
,"65-74 years","65-74","Texas","48","2019","2019","Female","F",504,1198057,42.1
,"65-74 years","65-74","Texas","48","2019","2019","Male","M",675,1046971,64.5
,"65-74 years","65-74","Texas","48","2020","2020","Female","F",530,1250181,42.4
,"65-74 years","65-74","Texas","48","2020","2020","Male","M",722,1089731,66.3
,"65-74 years","65-74","Utah","49","1999","1999","Female","F",25,53503,46.7
,"65-74 years","65-74","Utah","49","1999","1999","Male","M",22,47223,46.6
,"65-74 years","65-74","Utah","49","2000","2000","Female","F",19,53832,Unreliable
,"65-74 years","65-74","Utah","49","2000","2000","Male","M",24,47716,50.3
,"65-74 years","65-74","Utah","49","2001","2001","Female","F",19,54636,Unreliable
,"65-74 years","65-74","Utah","49","2001","2001","Male","M",15,48549,Unreliable
,"65-74 years","65-74","Utah","49","2002","2002","Female","F",30,55426,54.1
,"65-74 years","65-74","Utah","49","2002","2002","Male","M",28,49484,56.6
,"65-74 years","65-74","Utah","49","2003","2003","Female","F",17,56701,Unreliable
,"65-74 years","65-74","Utah","49","2003","2003","Male","M",16,50637,Unreliable
,"65-74 years","65-74","Utah","49","2004","2004","Female","F",19,57960,Unreliable
,"65-74 years","65-74","Utah","49","2004","2004","Male","M",20,51872,38.6
,"65-74 years","65-74","Utah","49","2005","2005","Female","F",28,59925,46.7
,"65-74 years","65-74","Utah","49","2005","2005","Male","M",22,53827,40.9
,"65-74 years","65-74","Utah","49","2006","2006","Female","F",25,62371,40.1
,"65-74 years","65-74","Utah","49","2006","2006","Male","M",32,55945,57.2
,"65-74 years","65-74","Utah","49","2007","2007","Female","F",33,64208,51.4
,"65-74 years","65-74","Utah","49","2007","2007","Male","M",31,58052,53.4
,"65-74 years","65-74","Utah","49","2008","2008","Female","F",21,67297,31.2
,"65-74 years","65-74","Utah","49","2008","2008","Male","M",29,61015,47.5
,"65-74 years","65-74","Utah","49","2009","2009","Female","F",25,70527,35.4
,"65-74 years","65-74","Utah","49","2009","2009","Male","M",22,63720,34.5
,"65-74 years","65-74","Utah","49","2010","2010","Female","F",29,72588,40.0
,"65-74 years","65-74","Utah","49","2010","2010","Male","M",33,65636,50.3
,"65-74 years","65-74","Utah","49","2011","2011","Female","F",27,75696,35.7
,"65-74 years","65-74","Utah","49","2011","2011","Male","M",20,68622,29.1
,"65-74 years","65-74","Utah","49","2012","2012","Female","F",22,80734,27.2
,"65-74 years","65-74","Utah","49","2012","2012","Male","M",29,73526,39.4
,"65-74 years","65-74","Utah","49","2013","2013","Female","F",36,85361,42.2
,"65-74 years","65-74","Utah","49","2013","2013","Male","M",35,78083,44.8
,"65-74 years","65-74","Utah","49","2014","2014","Female","F",23,89873,25.6
,"65-74 years","65-74","Utah","49","2014","2014","Male","M",34,82527,41.2
,"65-74 years","65-74","Utah","49","2015","2015","Female","F",43,94507,45.5
,"65-74 years","65-74","Utah","49","2015","2015","Male","M",45,87055,51.7
,"65-74 years","65-74","Utah","49","2016","2016","Female","F",35,99495,35.2
,"65-74 years","65-74","Utah","49","2016","2016","Male","M",49,91707,53.4
,"65-74 years","65-74","Utah","49","2017","2017","Female","F",30,104962,28.6
,"65-74 years","65-74","Utah","49","2017","2017","Male","M",47,96299,48.8
,"65-74 years","65-74","Utah","49","2018","2018","Female","F",47,109473,42.9
,"65-74 years","65-74","Utah","49","2018","2018","Male","M",39,100398,38.8
,"65-74 years","65-74","Utah","49","2019","2019","Female","F",53,114222,46.4
,"65-74 years","65-74","Utah","49","2019","2019","Male","M",52,105244,49.4
,"65-74 years","65-74","Utah","49","2020","2020","Female","F",54,119523,45.2
,"65-74 years","65-74","Utah","49","2020","2020","Male","M",53,110529,48.0
,"65-74 years","65-74","Vermont","50","1999","1999","Female","F",Suppressed,21788,Suppressed
,"65-74 years","65-74","Vermont","50","1999","1999","Male","M",Suppressed,18607,Suppressed
,"65-74 years","65-74","Vermont","50","2000","2000","Female","F",Suppressed,21849,Suppressed
,"65-74 years","65-74","Vermont","50","2000","2000","Male","M",Suppressed,18834,Suppressed
,"65-74 years","65-74","Vermont","50","2001","2001","Female","F",Suppressed,21598,Suppressed
,"65-74 years","65-74","Vermont","50","2001","2001","Male","M",Suppressed,18942,Suppressed
,"65-74 years","65-74","Vermont","50","2002","2002","Female","F",Suppressed,21613,Suppressed
,"65-74 years","65-74","Vermont","50","2002","2002","Male","M",Suppressed,19021,Suppressed
,"65-74 years","65-74","Vermont","50","2003","2003","Female","F",Suppressed,21627,Suppressed
,"65-74 years","65-74","Vermont","50","2003","2003","Male","M",Suppressed,19141,Suppressed
,"65-74 years","65-74","Vermont","50","2004","2004","Female","F",Suppressed,21677,Suppressed
,"65-74 years","65-74","Vermont","50","2004","2004","Male","M",Suppressed,19464,Suppressed
,"65-74 years","65-74","Vermont","50","2005","2005","Female","F",0,21851,Unreliable
,"65-74 years","65-74","Vermont","50","2005","2005","Male","M",Suppressed,19771,Suppressed
,"65-74 years","65-74","Vermont","50","2006","2006","Female","F",Suppressed,22299,Suppressed
,"65-74 years","65-74","Vermont","50","2006","2006","Male","M",Suppressed,20305,Suppressed
,"65-74 years","65-74","Vermont","50","2007","2007","Female","F",0,22874,Unreliable
,"65-74 years","65-74","Vermont","50","2007","2007","Male","M",Suppressed,21010,Suppressed
,"65-74 years","65-74","Vermont","50","2008","2008","Female","F",0,23958,Unreliable
,"65-74 years","65-74","Vermont","50","2008","2008","Male","M",Suppressed,22284,Suppressed
,"65-74 years","65-74","Vermont","50","2009","2009","Female","F",Suppressed,24889,Suppressed
,"65-74 years","65-74","Vermont","50","2009","2009","Male","M",Suppressed,23251,Suppressed
,"65-74 years","65-74","Vermont","50","2010","2010","Female","F",Suppressed,25618,Suppressed
,"65-74 years","65-74","Vermont","50","2010","2010","Male","M",Suppressed,23920,Suppressed
,"65-74 years","65-74","Vermont","50","2011","2011","Female","F",Suppressed,26786,Suppressed
,"65-74 years","65-74","Vermont","50","2011","2011","Male","M",Suppressed,25103,Suppressed
,"65-74 years","65-74","Vermont","50","2012","2012","Female","F",Suppressed,28744,Suppressed
,"65-74 years","65-74","Vermont","50","2012","2012","Male","M",Suppressed,27070,Suppressed
,"65-74 years","65-74","Vermont","50","2013","2013","Female","F",Suppressed,30432,Suppressed
,"65-74 years","65-74","Vermont","50","2013","2013","Male","M",0,28843,Unreliable
,"65-74 years","65-74","Vermont","50","2014","2014","Female","F",Suppressed,31949,Suppressed
,"65-74 years","65-74","Vermont","50","2014","2014","Male","M",Suppressed,30368,Suppressed
,"65-74 years","65-74","Vermont","50","2015","2015","Female","F",Suppressed,33472,Suppressed
,"65-74 years","65-74","Vermont","50","2015","2015","Male","M",Suppressed,31755,Suppressed
,"65-74 years","65-74","Vermont","50","2016","2016","Female","F",Suppressed,34805,Suppressed
,"65-74 years","65-74","Vermont","50","2016","2016","Male","M",Suppressed,32871,Suppressed
,"65-74 years","65-74","Vermont","50","2017","2017","Female","F",Suppressed,36381,Suppressed
,"65-74 years","65-74","Vermont","50","2017","2017","Male","M",Suppressed,34285,Suppressed
,"65-74 years","65-74","Vermont","50","2018","2018","Female","F",Suppressed,37743,Suppressed
,"65-74 years","65-74","Vermont","50","2018","2018","Male","M",Suppressed,35150,Suppressed
,"65-74 years","65-74","Vermont","50","2019","2019","Female","F",Suppressed,38979,Suppressed
,"65-74 years","65-74","Vermont","50","2019","2019","Male","M",Suppressed,36227,Suppressed
,"65-74 years","65-74","Vermont","50","2020","2020","Female","F",Suppressed,40097,Suppressed
,"65-74 years","65-74","Vermont","50","2020","2020","Male","M",Suppressed,37516,Suppressed
,"65-74 years","65-74","Virginia","51","1999","1999","Female","F",97,238587,40.7
,"65-74 years","65-74","Virginia","51","1999","1999","Male","M",107,193861,55.2
,"65-74 years","65-74","Virginia","51","2000","2000","Female","F",103,237662,43.3
,"65-74 years","65-74","Virginia","51","2000","2000","Male","M",105,194794,53.9
,"65-74 years","65-74","Virginia","51","2001","2001","Female","F",101,238671,42.3
,"65-74 years","65-74","Virginia","51","2001","2001","Male","M",109,198385,54.9
,"65-74 years","65-74","Virginia","51","2002","2002","Female","F",90,239639,37.6
,"65-74 years","65-74","Virginia","51","2002","2002","Male","M",109,201573,54.1
,"65-74 years","65-74","Virginia","51","2003","2003","Female","F",100,242131,41.3
,"65-74 years","65-74","Virginia","51","2003","2003","Male","M",113,205193,55.1
,"65-74 years","65-74","Virginia","51","2004","2004","Female","F",91,245105,37.1
,"65-74 years","65-74","Virginia","51","2004","2004","Male","M",108,209307,51.6
,"65-74 years","65-74","Virginia","51","2005","2005","Female","F",100,249893,40.0
,"65-74 years","65-74","Virginia","51","2005","2005","Male","M",100,214575,46.6
,"65-74 years","65-74","Virginia","51","2006","2006","Female","F",100,255363,39.2
,"65-74 years","65-74","Virginia","51","2006","2006","Male","M",122,220008,55.5
,"65-74 years","65-74","Virginia","51","2007","2007","Female","F",82,262710,31.2
,"65-74 years","65-74","Virginia","51","2007","2007","Male","M",92,227502,40.4
,"65-74 years","65-74","Virginia","51","2008","2008","Female","F",84,274963,30.5
,"65-74 years","65-74","Virginia","51","2008","2008","Male","M",111,239365,46.4
,"65-74 years","65-74","Virginia","51","2009","2009","Female","F",100,286122,35.0
,"65-74 years","65-74","Virginia","51","2009","2009","Male","M",117,249336,46.9
,"65-74 years","65-74","Virginia","51","2010","2010","Female","F",88,293349,30.0
,"65-74 years","65-74","Virginia","51","2010","2010","Male","M",110,256455,42.9
,"65-74 years","65-74","Virginia","51","2011","2011","Female","F",102,305190,33.4
,"65-74 years","65-74","Virginia","51","2011","2011","Male","M",113,268105,42.1
,"65-74 years","65-74","Virginia","51","2012","2012","Female","F",122,327611,37.2
,"65-74 years","65-74","Virginia","51","2012","2012","Male","M",135,288251,46.8
,"65-74 years","65-74","Virginia","51","2013","2013","Female","F",115,345077,33.3
,"65-74 years","65-74","Virginia","51","2013","2013","Male","M",140,303390,46.1
,"65-74 years","65-74","Virginia","51","2014","2014","Female","F",127,361838,35.1
,"65-74 years","65-74","Virginia","51","2014","2014","Male","M",168,317044,53.0
,"65-74 years","65-74","Virginia","51","2015","2015","Female","F",118,377423,31.3
,"65-74 years","65-74","Virginia","51","2015","2015","Male","M",157,330280,47.5
,"65-74 years","65-74","Virginia","51","2016","2016","Female","F",125,392283,31.9
,"65-74 years","65-74","Virginia","51","2016","2016","Male","M",211,342241,61.7
,"65-74 years","65-74","Virginia","51","2017","2017","Female","F",147,406157,36.2
,"65-74 years","65-74","Virginia","51","2017","2017","Male","M",191,353361,54.1
,"65-74 years","65-74","Virginia","51","2018","2018","Female","F",142,417101,34.0
,"65-74 years","65-74","Virginia","51","2018","2018","Male","M",249,361937,68.8
,"65-74 years","65-74","Virginia","51","2019","2019","Female","F",172,429939,40.0
,"65-74 years","65-74","Virginia","51","2019","2019","Male","M",264,372352,70.9
,"65-74 years","65-74","Virginia","51","2020","2020","Female","F",169,443742,38.1
,"65-74 years","65-74","Virginia","51","2020","2020","Male","M",271,383824,70.6
,"65-74 years","65-74","Washington","53","1999","1999","Female","F",26,180586,14.4
,"65-74 years","65-74","Washington","53","1999","1999","Male","M",32,155983,20.5
,"65-74 years","65-74","Washington","53","2000","2000","Female","F",23,180244,12.8
,"65-74 years","65-74","Washington","53","2000","2000","Male","M",25,156922,15.9
,"65-74 years","65-74","Washington","53","2001","2001","Female","F",31,179837,17.2
,"65-74 years","65-74","Washington","53","2001","2001","Male","M",36,158396,22.7
,"65-74 years","65-74","Washington","53","2002","2002","Female","F",24,180740,13.3
,"65-74 years","65-74","Washington","53","2002","2002","Male","M",29,160719,18.0
,"65-74 years","65-74","Washington","53","2003","2003","Female","F",35,183154,19.1
,"65-74 years","65-74","Washington","53","2003","2003","Male","M",27,164298,16.4
,"65-74 years","65-74","Washington","53","2004","2004","Female","F",25,186506,13.4
,"65-74 years","65-74","Washington","53","2004","2004","Male","M",28,168605,16.6
,"65-74 years","65-74","Washington","53","2005","2005","Female","F",36,191037,18.8
,"65-74 years","65-74","Washington","53","2005","2005","Male","M",41,174097,23.6
,"65-74 years","65-74","Washington","53","2006","2006","Female","F",21,197762,10.6
,"65-74 years","65-74","Washington","53","2006","2006","Male","M",33,181065,18.2
,"65-74 years","65-74","Washington","53","2007","2007","Female","F",31,205202,15.1
,"65-74 years","65-74","Washington","53","2007","2007","Male","M",42,188923,22.2
,"65-74 years","65-74","Washington","53","2008","2008","Female","F",27,216136,12.5
,"65-74 years","65-74","Washington","53","2008","2008","Male","M",45,200342,22.5
,"65-74 years","65-74","Washington","53","2009","2009","Female","F",32,228553,14.0
,"65-74 years","65-74","Washington","53","2009","2009","Male","M",37,211813,17.5
,"65-74 years","65-74","Washington","53","2010","2010","Female","F",21,237396,8.8
,"65-74 years","65-74","Washington","53","2010","2010","Male","M",33,219824,15.0
,"65-74 years","65-74","Washington","53","2011","2011","Female","F",45,251525,17.9
,"65-74 years","65-74","Washington","53","2011","2011","Male","M",39,232867,16.7
,"65-74 years","65-74","Washington","53","2012","2012","Female","F",37,271468,13.6
,"65-74 years","65-74","Washington","53","2012","2012","Male","M",39,251251,15.5
,"65-74 years","65-74","Washington","53","2013","2013","Female","F",46,290361,15.8
,"65-74 years","65-74","Washington","53","2013","2013","Male","M",50,267544,18.7
,"65-74 years","65-74","Washington","53","2014","2014","Female","F",41,307490,13.3
,"65-74 years","65-74","Washington","53","2014","2014","Male","M",59,282829,20.9
,"65-74 years","65-74","Washington","53","2015","2015","Female","F",52,324896,16.0
,"65-74 years","65-74","Washington","53","2015","2015","Male","M",71,298408,23.8
,"65-74 years","65-74","Washington","53","2016","2016","Female","F",78,343325,22.7
,"65-74 years","65-74","Washington","53","2016","2016","Male","M",70,313182,22.4
,"65-74 years","65-74","Washington","53","2017","2017","Female","F",61,357398,17.1
,"65-74 years","65-74","Washington","53","2017","2017","Male","M",87,324365,26.8
,"65-74 years","65-74","Washington","53","2018","2018","Female","F",92,372307,24.7
,"65-74 years","65-74","Washington","53","2018","2018","Male","M",103,336501,30.6
,"65-74 years","65-74","Washington","53","2019","2019","Female","F",80,387277,20.7
,"65-74 years","65-74","Washington","53","2019","2019","Male","M",99,348247,28.4
,"65-74 years","65-74","Washington","53","2020","2020","Female","F",90,400347,22.5
,"65-74 years","65-74","Washington","53","2020","2020","Male","M",91,358158,25.4
,"65-74 years","65-74","West Virginia","54","1999","1999","Female","F",49,82901,59.1
,"65-74 years","65-74","West Virginia","54","1999","1999","Male","M",46,66570,69.1
,"65-74 years","65-74","West Virginia","54","2000","2000","Female","F",50,82055,60.9
,"65-74 years","65-74","West Virginia","54","2000","2000","Male","M",36,66408,54.2
,"65-74 years","65-74","West Virginia","54","2001","2001","Female","F",49,81052,60.5
,"65-74 years","65-74","West Virginia","54","2001","2001","Male","M",33,66479,49.6
,"65-74 years","65-74","West Virginia","54","2002","2002","Female","F",38,80614,47.1
,"65-74 years","65-74","West Virginia","54","2002","2002","Male","M",25,66444,37.6
,"65-74 years","65-74","West Virginia","54","2003","2003","Female","F",51,80431,63.4
,"65-74 years","65-74","West Virginia","54","2003","2003","Male","M",35,67026,52.2
,"65-74 years","65-74","West Virginia","54","2004","2004","Female","F",47,80250,58.6
,"65-74 years","65-74","West Virginia","54","2004","2004","Male","M",35,67898,51.5
,"65-74 years","65-74","West Virginia","54","2005","2005","Female","F",44,79977,55.0
,"65-74 years","65-74","West Virginia","54","2005","2005","Male","M",40,68614,58.3
,"65-74 years","65-74","West Virginia","54","2006","2006","Female","F",40,80483,49.7
,"65-74 years","65-74","West Virginia","54","2006","2006","Male","M",25,69995,35.7
,"65-74 years","65-74","West Virginia","54","2007","2007","Female","F",38,81605,46.6
,"65-74 years","65-74","West Virginia","54","2007","2007","Male","M",41,71893,57.0
,"65-74 years","65-74","West Virginia","54","2008","2008","Female","F",36,83524,43.1
,"65-74 years","65-74","West Virginia","54","2008","2008","Male","M",24,74549,32.2
,"65-74 years","65-74","West Virginia","54","2009","2009","Female","F",26,84995,30.6
,"65-74 years","65-74","West Virginia","54","2009","2009","Male","M",33,76718,43.0
,"65-74 years","65-74","West Virginia","54","2010","2010","Female","F",41,85624,47.9
,"65-74 years","65-74","West Virginia","54","2010","2010","Male","M",45,77896,57.8
,"65-74 years","65-74","West Virginia","54","2011","2011","Female","F",29,86891,33.4
,"65-74 years","65-74","West Virginia","54","2011","2011","Male","M",42,79682,52.7
,"65-74 years","65-74","West Virginia","54","2012","2012","Female","F",33,91655,36.0
,"65-74 years","65-74","West Virginia","54","2012","2012","Male","M",51,84659,60.2
,"65-74 years","65-74","West Virginia","54","2013","2013","Female","F",34,95078,35.8
,"65-74 years","65-74","West Virginia","54","2013","2013","Male","M",35,88268,39.7
,"65-74 years","65-74","West Virginia","54","2014","2014","Female","F",45,98945,45.5
,"65-74 years","65-74","West Virginia","54","2014","2014","Male","M",47,91819,51.2
,"65-74 years","65-74","West Virginia","54","2015","2015","Female","F",32,102249,31.3
,"65-74 years","65-74","West Virginia","54","2015","2015","Male","M",63,95115,66.2
,"65-74 years","65-74","West Virginia","54","2016","2016","Female","F",43,105381,40.8
,"65-74 years","65-74","West Virginia","54","2016","2016","Male","M",47,97646,48.1
,"65-74 years","65-74","West Virginia","54","2017","2017","Female","F",27,108259,24.9
,"65-74 years","65-74","West Virginia","54","2017","2017","Male","M",39,100275,38.9
,"65-74 years","65-74","West Virginia","54","2018","2018","Female","F",46,110766,41.5
,"65-74 years","65-74","West Virginia","54","2018","2018","Male","M",51,102071,50.0
,"65-74 years","65-74","West Virginia","54","2019","2019","Female","F",25,113196,22.1
,"65-74 years","65-74","West Virginia","54","2019","2019","Male","M",51,104127,49.0
,"65-74 years","65-74","West Virginia","54","2020","2020","Female","F",43,116238,37.0
,"65-74 years","65-74","West Virginia","54","2020","2020","Male","M",76,105938,71.7
,"65-74 years","65-74","Wisconsin","55","1999","1999","Female","F",58,192272,30.2
,"65-74 years","65-74","Wisconsin","55","1999","1999","Male","M",78,164267,47.5
,"65-74 years","65-74","Wisconsin","55","2000","2000","Female","F",64,190926,33.5
,"65-74 years","65-74","Wisconsin","55","2000","2000","Male","M",88,164381,53.5
,"65-74 years","65-74","Wisconsin","55","2001","2001","Female","F",54,189519,28.5
,"65-74 years","65-74","Wisconsin","55","2001","2001","Male","M",77,163916,47.0
,"65-74 years","65-74","Wisconsin","55","2002","2002","Female","F",61,188453,32.4
,"65-74 years","65-74","Wisconsin","55","2002","2002","Male","M",70,163703,42.8
,"65-74 years","65-74","Wisconsin","55","2003","2003","Female","F",47,188087,25.0
,"65-74 years","65-74","Wisconsin","55","2003","2003","Male","M",74,164602,45.0
,"65-74 years","65-74","Wisconsin","55","2004","2004","Female","F",57,188555,30.2
,"65-74 years","65-74","Wisconsin","55","2004","2004","Male","M",68,166065,40.9
,"65-74 years","65-74","Wisconsin","55","2005","2005","Female","F",61,188801,32.3
,"65-74 years","65-74","Wisconsin","55","2005","2005","Male","M",56,167237,33.5
,"65-74 years","65-74","Wisconsin","55","2006","2006","Female","F",50,190298,26.3
,"65-74 years","65-74","Wisconsin","55","2006","2006","Male","M",54,169243,31.9
,"65-74 years","65-74","Wisconsin","55","2007","2007","Female","F",46,194078,23.7
,"65-74 years","65-74","Wisconsin","55","2007","2007","Male","M",62,173316,35.8
,"65-74 years","65-74","Wisconsin","55","2008","2008","Female","F",42,200849,20.9
,"65-74 years","65-74","Wisconsin","55","2008","2008","Male","M",69,179957,38.3
,"65-74 years","65-74","Wisconsin","55","2009","2009","Female","F",50,206582,24.2
,"65-74 years","65-74","Wisconsin","55","2009","2009","Male","M",56,186156,30.1
,"65-74 years","65-74","Wisconsin","55","2010","2010","Female","F",31,210261,14.7
,"65-74 years","65-74","Wisconsin","55","2010","2010","Male","M",76,190235,40.0
,"65-74 years","65-74","Wisconsin","55","2011","2011","Female","F",57,215590,26.4
,"65-74 years","65-74","Wisconsin","55","2011","2011","Male","M",65,196369,33.1
,"65-74 years","65-74","Wisconsin","55","2012","2012","Female","F",60,229497,26.1
,"65-74 years","65-74","Wisconsin","55","2012","2012","Male","M",79,210664,37.5
,"65-74 years","65-74","Wisconsin","55","2013","2013","Female","F",43,240448,17.9
,"65-74 years","65-74","Wisconsin","55","2013","2013","Male","M",66,222183,29.7
,"65-74 years","65-74","Wisconsin","55","2014","2014","Female","F",64,251177,25.5
,"65-74 years","65-74","Wisconsin","55","2014","2014","Male","M",78,233055,33.5
,"65-74 years","65-74","Wisconsin","55","2015","2015","Female","F",67,262707,25.5
,"65-74 years","65-74","Wisconsin","55","2015","2015","Male","M",74,244959,30.2
,"65-74 years","65-74","Wisconsin","55","2016","2016","Female","F",63,274005,23.0
,"65-74 years","65-74","Wisconsin","55","2016","2016","Male","M",94,256666,36.6
,"65-74 years","65-74","Wisconsin","55","2017","2017","Female","F",79,284619,27.8
,"65-74 years","65-74","Wisconsin","55","2017","2017","Male","M",116,267790,43.3
,"65-74 years","65-74","Wisconsin","55","2018","2018","Female","F",67,294201,22.8
,"65-74 years","65-74","Wisconsin","55","2018","2018","Male","M",114,277422,41.1
,"65-74 years","65-74","Wisconsin","55","2019","2019","Female","F",85,306271,27.8
,"65-74 years","65-74","Wisconsin","55","2019","2019","Male","M",106,288477,36.7
,"65-74 years","65-74","Wisconsin","55","2020","2020","Female","F",82,319437,25.7
,"65-74 years","65-74","Wisconsin","55","2020","2020","Male","M",132,300987,43.9
,"65-74 years","65-74","Wyoming","56","1999","1999","Female","F",Suppressed,16237,Suppressed
,"65-74 years","65-74","Wyoming","56","1999","1999","Male","M",Suppressed,14867,Suppressed
,"65-74 years","65-74","Wyoming","56","2000","2000","Female","F",Suppressed,16324,Suppressed
,"65-74 years","65-74","Wyoming","56","2000","2000","Male","M",Suppressed,15019,Suppressed
,"65-74 years","65-74","Wyoming","56","2001","2001","Female","F",Suppressed,16489,Suppressed
,"65-74 years","65-74","Wyoming","56","2001","2001","Male","M",Suppressed,15150,Suppressed
,"65-74 years","65-74","Wyoming","56","2002","2002","Female","F",10,16709,Unreliable
,"65-74 years","65-74","Wyoming","56","2002","2002","Male","M",Suppressed,15321,Suppressed
,"65-74 years","65-74","Wyoming","56","2003","2003","Female","F",10,16872,Unreliable
,"65-74 years","65-74","Wyoming","56","2003","2003","Male","M",Suppressed,15621,Suppressed
,"65-74 years","65-74","Wyoming","56","2004","2004","Female","F",Suppressed,16931,Suppressed
,"65-74 years","65-74","Wyoming","56","2004","2004","Male","M",Suppressed,15942,Suppressed
,"65-74 years","65-74","Wyoming","56","2005","2005","Female","F",Suppressed,17159,Suppressed
,"65-74 years","65-74","Wyoming","56","2005","2005","Male","M",Suppressed,16273,Suppressed
,"65-74 years","65-74","Wyoming","56","2006","2006","Female","F",Suppressed,17487,Suppressed
,"65-74 years","65-74","Wyoming","56","2006","2006","Male","M",Suppressed,16804,Suppressed
,"65-74 years","65-74","Wyoming","56","2007","2007","Female","F",Suppressed,17959,Suppressed
,"65-74 years","65-74","Wyoming","56","2007","2007","Male","M",Suppressed,17408,Suppressed
,"65-74 years","65-74","Wyoming","56","2008","2008","Female","F",Suppressed,18689,Suppressed
,"65-74 years","65-74","Wyoming","56","2008","2008","Male","M",Suppressed,18277,Suppressed
,"65-74 years","65-74","Wyoming","56","2009","2009","Female","F",Suppressed,19336,Suppressed
,"65-74 years","65-74","Wyoming","56","2009","2009","Male","M",Suppressed,19221,Suppressed
,"65-74 years","65-74","Wyoming","56","2010","2010","Female","F",Suppressed,19887,Suppressed
,"65-74 years","65-74","Wyoming","56","2010","2010","Male","M",Suppressed,19681,Suppressed
,"65-74 years","65-74","Wyoming","56","2011","2011","Female","F",Suppressed,20509,Suppressed
,"65-74 years","65-74","Wyoming","56","2011","2011","Male","M",Suppressed,20569,Suppressed
,"65-74 years","65-74","Wyoming","56","2012","2012","Female","F",Suppressed,21797,Suppressed
,"65-74 years","65-74","Wyoming","56","2012","2012","Male","M",12,21717,Unreliable
,"65-74 years","65-74","Wyoming","56","2013","2013","Female","F",Suppressed,22932,Suppressed
,"65-74 years","65-74","Wyoming","56","2013","2013","Male","M",15,22882,Unreliable
,"65-74 years","65-74","Wyoming","56","2014","2014","Female","F",Suppressed,24087,Suppressed
,"65-74 years","65-74","Wyoming","56","2014","2014","Male","M",10,24295,Unreliable
,"65-74 years","65-74","Wyoming","56","2015","2015","Female","F",Suppressed,25176,Suppressed
,"65-74 years","65-74","Wyoming","56","2015","2015","Male","M",11,25626,Unreliable
,"65-74 years","65-74","Wyoming","56","2016","2016","Female","F",Suppressed,26442,Suppressed
,"65-74 years","65-74","Wyoming","56","2016","2016","Male","M",11,26798,Unreliable
,"65-74 years","65-74","Wyoming","56","2017","2017","Female","F",Suppressed,27711,Suppressed
,"65-74 years","65-74","Wyoming","56","2017","2017","Male","M",10,28233,Unreliable
,"65-74 years","65-74","Wyoming","56","2018","2018","Female","F",Suppressed,28793,Suppressed
,"65-74 years","65-74","Wyoming","56","2018","2018","Male","M",14,29375,Unreliable
,"65-74 years","65-74","Wyoming","56","2019","2019","Female","F",11,29971,Unreliable
,"65-74 years","65-74","Wyoming","56","2019","2019","Male","M",17,30619,Unreliable
,"65-74 years","65-74","Wyoming","56","2020","2020","Female","F",15,31617,Unreliable
,"65-74 years","65-74","Wyoming","56","2020","2020","Male","M",20,32197,62.1
,"75-84 years","75-84","Alabama","01","1999","1999","Female","F",390,121921,319.9
,"75-84 years","75-84","Alabama","01","1999","1999","Male","M",308,72852,422.8
,"75-84 years","75-84","Alabama","01","2000","2000","Female","F",405,122260,331.3
,"75-84 years","75-84","Alabama","01","2000","2000","Male","M",286,73489,389.2
,"75-84 years","75-84","Alabama","01","2001","2001","Female","F",405,123531,327.9
,"75-84 years","75-84","Alabama","01","2001","2001","Male","M",281,75102,374.2
,"75-84 years","75-84","Alabama","01","2002","2002","Female","F",426,124188,343.0
,"75-84 years","75-84","Alabama","01","2002","2002","Male","M",324,76534,423.3
,"75-84 years","75-84","Alabama","01","2003","2003","Female","F",430,125846,341.7
,"75-84 years","75-84","Alabama","01","2003","2003","Male","M",323,77992,414.1
,"75-84 years","75-84","Alabama","01","2004","2004","Female","F",396,125857,314.6
,"75-84 years","75-84","Alabama","01","2004","2004","Male","M",311,78755,394.9
,"75-84 years","75-84","Alabama","01","2005","2005","Female","F",411,125891,326.5
,"75-84 years","75-84","Alabama","01","2005","2005","Male","M",323,79794,404.8
,"75-84 years","75-84","Alabama","01","2006","2006","Female","F",391,126510,309.1
,"75-84 years","75-84","Alabama","01","2006","2006","Male","M",255,81244,313.9
,"75-84 years","75-84","Alabama","01","2007","2007","Female","F",348,126043,276.1
,"75-84 years","75-84","Alabama","01","2007","2007","Male","M",267,82498,323.6
,"75-84 years","75-84","Alabama","01","2008","2008","Female","F",334,126235,264.6
,"75-84 years","75-84","Alabama","01","2008","2008","Male","M",227,83881,270.6
,"75-84 years","75-84","Alabama","01","2009","2009","Female","F",314,125293,250.6
,"75-84 years","75-84","Alabama","01","2009","2009","Male","M",262,84669,309.4
,"75-84 years","75-84","Alabama","01","2010","2010","Female","F",344,125996,273.0
,"75-84 years","75-84","Alabama","01","2010","2010","Male","M",266,85611,310.7
,"75-84 years","75-84","Alabama","01","2011","2011","Female","F",306,126926,241.1
,"75-84 years","75-84","Alabama","01","2011","2011","Male","M",306,87737,348.8
,"75-84 years","75-84","Alabama","01","2012","2012","Female","F",303,127441,237.8
,"75-84 years","75-84","Alabama","01","2012","2012","Male","M",305,89264,341.7
,"75-84 years","75-84","Alabama","01","2013","2013","Female","F",345,128948,267.5
,"75-84 years","75-84","Alabama","01","2013","2013","Male","M",300,91538,327.7
,"75-84 years","75-84","Alabama","01","2014","2014","Female","F",348,131005,265.6
,"75-84 years","75-84","Alabama","01","2014","2014","Male","M",337,93932,358.8
,"75-84 years","75-84","Alabama","01","2015","2015","Female","F",400,132637,301.6
,"75-84 years","75-84","Alabama","01","2015","2015","Male","M",364,95813,379.9
,"75-84 years","75-84","Alabama","01","2016","2016","Female","F",348,134843,258.1
,"75-84 years","75-84","Alabama","01","2016","2016","Male","M",384,98286,390.7
,"75-84 years","75-84","Alabama","01","2017","2017","Female","F",386,137417,280.9
,"75-84 years","75-84","Alabama","01","2017","2017","Male","M",409,100843,405.6
,"75-84 years","75-84","Alabama","01","2018","2018","Female","F",421,143316,293.8
,"75-84 years","75-84","Alabama","01","2018","2018","Male","M",423,105992,399.1
,"75-84 years","75-84","Alabama","01","2019","2019","Female","F",412,147551,279.2
,"75-84 years","75-84","Alabama","01","2019","2019","Male","M",458,109296,419.0
,"75-84 years","75-84","Alabama","01","2020","2020","Female","F",498,151147,329.5
,"75-84 years","75-84","Alabama","01","2020","2020","Male","M",493,112521,438.1
,"75-84 years","75-84","Alaska","02","1999","1999","Female","F",10,5656,Unreliable
,"75-84 years","75-84","Alaska","02","1999","1999","Male","M",Suppressed,4396,Suppressed
,"75-84 years","75-84","Alaska","02","2000","2000","Female","F",12,5970,Unreliable
,"75-84 years","75-84","Alaska","02","2000","2000","Male","M",Suppressed,4588,Suppressed
,"75-84 years","75-84","Alaska","02","2001","2001","Female","F",Suppressed,6348,Suppressed
,"75-84 years","75-84","Alaska","02","2001","2001","Male","M",Suppressed,4890,Suppressed
,"75-84 years","75-84","Alaska","02","2002","2002","Female","F",Suppressed,6628,Suppressed
,"75-84 years","75-84","Alaska","02","2002","2002","Male","M",Suppressed,5140,Suppressed
,"75-84 years","75-84","Alaska","02","2003","2003","Female","F",Suppressed,6820,Suppressed
,"75-84 years","75-84","Alaska","02","2003","2003","Male","M",Suppressed,5394,Suppressed
,"75-84 years","75-84","Alaska","02","2004","2004","Female","F",10,7127,Unreliable
,"75-84 years","75-84","Alaska","02","2004","2004","Male","M",10,5754,Unreliable
,"75-84 years","75-84","Alaska","02","2005","2005","Female","F",15,7440,Unreliable
,"75-84 years","75-84","Alaska","02","2005","2005","Male","M",12,6067,Unreliable
,"75-84 years","75-84","Alaska","02","2006","2006","Female","F",12,7494,Unreliable
,"75-84 years","75-84","Alaska","02","2006","2006","Male","M",Suppressed,6246,Suppressed
,"75-84 years","75-84","Alaska","02","2007","2007","Female","F",10,7556,Unreliable
,"75-84 years","75-84","Alaska","02","2007","2007","Male","M",11,6342,Unreliable
,"75-84 years","75-84","Alaska","02","2008","2008","Female","F",Suppressed,7808,Suppressed
,"75-84 years","75-84","Alaska","02","2008","2008","Male","M",12,6431,Unreliable
,"75-84 years","75-84","Alaska","02","2009","2009","Female","F",11,7985,Unreliable
,"75-84 years","75-84","Alaska","02","2009","2009","Male","M",12,6627,Unreliable
,"75-84 years","75-84","Alaska","02","2010","2010","Female","F",10,8107,Unreliable
,"75-84 years","75-84","Alaska","02","2010","2010","Male","M",Suppressed,6770,Suppressed
,"75-84 years","75-84","Alaska","02","2011","2011","Female","F",12,8350,Unreliable
,"75-84 years","75-84","Alaska","02","2011","2011","Male","M",17,7067,Unreliable
,"75-84 years","75-84","Alaska","02","2012","2012","Female","F",10,8667,Unreliable
,"75-84 years","75-84","Alaska","02","2012","2012","Male","M",Suppressed,7457,Suppressed
,"75-84 years","75-84","Alaska","02","2013","2013","Female","F",Suppressed,8776,Suppressed
,"75-84 years","75-84","Alaska","02","2013","2013","Male","M",Suppressed,7814,Suppressed
,"75-84 years","75-84","Alaska","02","2014","2014","Female","F",Suppressed,8888,Suppressed
,"75-84 years","75-84","Alaska","02","2014","2014","Male","M",13,7988,Unreliable
,"75-84 years","75-84","Alaska","02","2015","2015","Female","F",12,9243,Unreliable
,"75-84 years","75-84","Alaska","02","2015","2015","Male","M",18,8302,Unreliable
,"75-84 years","75-84","Alaska","02","2016","2016","Female","F",13,9616,Unreliable
,"75-84 years","75-84","Alaska","02","2016","2016","Male","M",13,8783,Unreliable
,"75-84 years","75-84","Alaska","02","2017","2017","Female","F",Suppressed,10503,Suppressed
,"75-84 years","75-84","Alaska","02","2017","2017","Male","M",16,9619,Unreliable
,"75-84 years","75-84","Alaska","02","2018","2018","Female","F",Suppressed,11149,Suppressed
,"75-84 years","75-84","Alaska","02","2018","2018","Male","M",22,10454,210.4
,"75-84 years","75-84","Alaska","02","2019","2019","Female","F",17,11906,Unreliable
,"75-84 years","75-84","Alaska","02","2019","2019","Male","M",15,11201,Unreliable
,"75-84 years","75-84","Alaska","02","2020","2020","Female","F",14,12489,Unreliable
,"75-84 years","75-84","Alaska","02","2020","2020","Male","M",10,11890,Unreliable
,"75-84 years","75-84","Arizona","04","1999","1999","Female","F",128,131213,97.6
,"75-84 years","75-84","Arizona","04","1999","1999","Male","M",88,99885,88.1
,"75-84 years","75-84","Arizona","04","2000","2000","Female","F",120,133923,89.6
,"75-84 years","75-84","Arizona","04","2000","2000","Male","M",121,101550,119.2
,"75-84 years","75-84","Arizona","04","2001","2001","Female","F",137,137709,99.5
,"75-84 years","75-84","Arizona","04","2001","2001","Male","M",101,105618,95.6
,"75-84 years","75-84","Arizona","04","2002","2002","Female","F",131,140419,93.3
,"75-84 years","75-84","Arizona","04","2002","2002","Male","M",118,107779,109.5
,"75-84 years","75-84","Arizona","04","2003","2003","Female","F",153,142054,107.7
,"75-84 years","75-84","Arizona","04","2003","2003","Male","M",135,110615,122.0
,"75-84 years","75-84","Arizona","04","2004","2004","Female","F",141,143977,97.9
,"75-84 years","75-84","Arizona","04","2004","2004","Male","M",105,113555,92.5
,"75-84 years","75-84","Arizona","04","2005","2005","Female","F",153,147976,103.4
,"75-84 years","75-84","Arizona","04","2005","2005","Male","M",125,117556,106.3
,"75-84 years","75-84","Arizona","04","2006","2006","Female","F",145,149563,96.9
,"75-84 years","75-84","Arizona","04","2006","2006","Male","M",131,119949,109.2
,"75-84 years","75-84","Arizona","04","2007","2007","Female","F",121,150224,80.5
,"75-84 years","75-84","Arizona","04","2007","2007","Male","M",112,121948,91.8
,"75-84 years","75-84","Arizona","04","2008","2008","Female","F",100,150987,66.2
,"75-84 years","75-84","Arizona","04","2008","2008","Male","M",101,124360,81.2
,"75-84 years","75-84","Arizona","04","2009","2009","Female","F",126,151749,83.0
,"75-84 years","75-84","Arizona","04","2009","2009","Male","M",116,125664,92.3
,"75-84 years","75-84","Arizona","04","2010","2010","Female","F",121,152809,79.2
,"75-84 years","75-84","Arizona","04","2010","2010","Male","M",105,127730,82.2
,"75-84 years","75-84","Arizona","04","2011","2011","Female","F",121,156655,77.2
,"75-84 years","75-84","Arizona","04","2011","2011","Male","M",108,133360,81.0
,"75-84 years","75-84","Arizona","04","2012","2012","Female","F",105,160433,65.4
,"75-84 years","75-84","Arizona","04","2012","2012","Male","M",120,138086,86.9
,"75-84 years","75-84","Arizona","04","2013","2013","Female","F",108,165381,65.3
,"75-84 years","75-84","Arizona","04","2013","2013","Male","M",110,144161,76.3
,"75-84 years","75-84","Arizona","04","2014","2014","Female","F",117,172201,67.9
,"75-84 years","75-84","Arizona","04","2014","2014","Male","M",155,150758,102.8
,"75-84 years","75-84","Arizona","04","2015","2015","Female","F",165,179415,92.0
,"75-84 years","75-84","Arizona","04","2015","2015","Male","M",185,156836,118.0
,"75-84 years","75-84","Arizona","04","2016","2016","Female","F",153,187597,81.6
,"75-84 years","75-84","Arizona","04","2016","2016","Male","M",171,163673,104.5
,"75-84 years","75-84","Arizona","04","2017","2017","Female","F",187,194092,96.3
,"75-84 years","75-84","Arizona","04","2017","2017","Male","M",176,169518,103.8
,"75-84 years","75-84","Arizona","04","2018","2018","Female","F",194,208008,93.3
,"75-84 years","75-84","Arizona","04","2018","2018","Male","M",226,181805,124.3
,"75-84 years","75-84","Arizona","04","2019","2019","Female","F",189,220061,85.9
,"75-84 years","75-84","Arizona","04","2019","2019","Male","M",241,191136,126.1
,"75-84 years","75-84","Arizona","04","2020","2020","Female","F",215,232794,92.4
,"75-84 years","75-84","Arizona","04","2020","2020","Male","M",276,202178,136.5
,"75-84 years","75-84","Arkansas","05","1999","1999","Female","F",256,78259,327.1
,"75-84 years","75-84","Arkansas","05","1999","1999","Male","M",188,50539,372.0
,"75-84 years","75-84","Arkansas","05","2000","2000","Female","F",247,78230,315.7
,"75-84 years","75-84","Arkansas","05","2000","2000","Male","M",187,50963,366.9
,"75-84 years","75-84","Arkansas","05","2001","2001","Female","F",231,78439,294.5
,"75-84 years","75-84","Arkansas","05","2001","2001","Male","M",160,51405,311.3
,"75-84 years","75-84","Arkansas","05","2002","2002","Female","F",205,78554,261.0
,"75-84 years","75-84","Arkansas","05","2002","2002","Male","M",142,52189,272.1
,"75-84 years","75-84","Arkansas","05","2003","2003","Female","F",174,78473,221.7
,"75-84 years","75-84","Arkansas","05","2003","2003","Male","M",101,52545,192.2
,"75-84 years","75-84","Arkansas","05","2004","2004","Female","F",151,78096,193.4
,"75-84 years","75-84","Arkansas","05","2004","2004","Male","M",112,52865,211.9
,"75-84 years","75-84","Arkansas","05","2005","2005","Female","F",141,77861,181.1
,"75-84 years","75-84","Arkansas","05","2005","2005","Male","M",121,53433,226.5
,"75-84 years","75-84","Arkansas","05","2006","2006","Female","F",128,77922,164.3
,"75-84 years","75-84","Arkansas","05","2006","2006","Male","M",122,54099,225.5
,"75-84 years","75-84","Arkansas","05","2007","2007","Female","F",138,77596,177.8
,"75-84 years","75-84","Arkansas","05","2007","2007","Male","M",105,54730,191.9
,"75-84 years","75-84","Arkansas","05","2008","2008","Female","F",151,77810,194.1
,"75-84 years","75-84","Arkansas","05","2008","2008","Male","M",105,55052,190.7
,"75-84 years","75-84","Arkansas","05","2009","2009","Female","F",157,77316,203.1
,"75-84 years","75-84","Arkansas","05","2009","2009","Male","M",116,55825,207.8
,"75-84 years","75-84","Arkansas","05","2010","2010","Female","F",135,77657,173.8
,"75-84 years","75-84","Arkansas","05","2010","2010","Male","M",118,56320,209.5
,"75-84 years","75-84","Arkansas","05","2011","2011","Female","F",131,78156,167.6
,"75-84 years","75-84","Arkansas","05","2011","2011","Male","M",115,57628,199.6
,"75-84 years","75-84","Arkansas","05","2012","2012","Female","F",157,77619,202.3
,"75-84 years","75-84","Arkansas","05","2012","2012","Male","M",134,58281,229.9
,"75-84 years","75-84","Arkansas","05","2013","2013","Female","F",153,78543,194.8
,"75-84 years","75-84","Arkansas","05","2013","2013","Male","M",141,59910,235.4
,"75-84 years","75-84","Arkansas","05","2014","2014","Female","F",171,79505,215.1
,"75-84 years","75-84","Arkansas","05","2014","2014","Male","M",145,61423,236.1
,"75-84 years","75-84","Arkansas","05","2015","2015","Female","F",175,80842,216.5
,"75-84 years","75-84","Arkansas","05","2015","2015","Male","M",161,62916,255.9
,"75-84 years","75-84","Arkansas","05","2016","2016","Female","F",160,82249,194.5
,"75-84 years","75-84","Arkansas","05","2016","2016","Male","M",170,64225,264.7
,"75-84 years","75-84","Arkansas","05","2017","2017","Female","F",162,84369,192.0
,"75-84 years","75-84","Arkansas","05","2017","2017","Male","M",193,66384,290.7
,"75-84 years","75-84","Arkansas","05","2018","2018","Female","F",189,87831,215.2
,"75-84 years","75-84","Arkansas","05","2018","2018","Male","M",196,68968,284.2
,"75-84 years","75-84","Arkansas","05","2019","2019","Female","F",201,90236,222.7
,"75-84 years","75-84","Arkansas","05","2019","2019","Male","M",180,70905,253.9
,"75-84 years","75-84","Arkansas","05","2020","2020","Female","F",196,92229,212.5
,"75-84 years","75-84","Arkansas","05","2020","2020","Male","M",209,72483,288.3
,"75-84 years","75-84","California","06","1999","1999","Female","F",852,742128,114.8
,"75-84 years","75-84","California","06","1999","1999","Male","M",647,517511,125.0
,"75-84 years","75-84","California","06","2000","2000","Female","F",710,757189,93.8
,"75-84 years","75-84","California","06","2000","2000","Male","M",606,524989,115.4
,"75-84 years","75-84","California","06","2001","2001","Female","F",811,776780,104.4
,"75-84 years","75-84","California","06","2001","2001","Male","M",674,539762,124.9
,"75-84 years","75-84","California","06","2002","2002","Female","F",870,788729,110.3
,"75-84 years","75-84","California","06","2002","2002","Male","M",666,549464,121.2
,"75-84 years","75-84","California","06","2003","2003","Female","F",926,797361,116.1
,"75-84 years","75-84","California","06","2003","2003","Male","M",770,557352,138.2
,"75-84 years","75-84","California","06","2004","2004","Female","F",895,800298,111.8
,"75-84 years","75-84","California","06","2004","2004","Male","M",696,561706,123.9
,"75-84 years","75-84","California","06","2005","2005","Female","F",991,804001,123.3
,"75-84 years","75-84","California","06","2005","2005","Male","M",759,569520,133.3
,"75-84 years","75-84","California","06","2006","2006","Female","F",1013,797474,127.0
,"75-84 years","75-84","California","06","2006","2006","Male","M",798,569224,140.2
,"75-84 years","75-84","California","06","2007","2007","Female","F",881,793074,111.1
,"75-84 years","75-84","California","06","2007","2007","Male","M",742,570709,130.0
,"75-84 years","75-84","California","06","2008","2008","Female","F",889,789702,112.6
,"75-84 years","75-84","California","06","2008","2008","Male","M",767,573407,133.8
,"75-84 years","75-84","California","06","2009","2009","Female","F",807,787114,102.5
,"75-84 years","75-84","California","06","2009","2009","Male","M",699,576306,121.3
,"75-84 years","75-84","California","06","2010","2010","Female","F",818,787634,103.9
,"75-84 years","75-84","California","06","2010","2010","Male","M",721,582576,123.8
,"75-84 years","75-84","California","06","2011","2011","Female","F",866,792640,109.3
,"75-84 years","75-84","California","06","2011","2011","Male","M",771,595284,129.5
,"75-84 years","75-84","California","06","2012","2012","Female","F",773,800427,96.6
,"75-84 years","75-84","California","06","2012","2012","Male","M",771,606258,127.2
,"75-84 years","75-84","California","06","2013","2013","Female","F",868,813098,106.8
,"75-84 years","75-84","California","06","2013","2013","Male","M",774,621182,124.6
,"75-84 years","75-84","California","06","2014","2014","Female","F",820,831603,98.6
,"75-84 years","75-84","California","06","2014","2014","Male","M",805,638434,126.1
,"75-84 years","75-84","California","06","2015","2015","Female","F",921,848746,108.5
,"75-84 years","75-84","California","06","2015","2015","Male","M",951,654828,145.2
,"75-84 years","75-84","California","06","2016","2016","Female","F",1009,865987,116.5
,"75-84 years","75-84","California","06","2016","2016","Male","M",1017,669313,151.9
,"75-84 years","75-84","California","06","2017","2017","Female","F",1049,888341,118.1
,"75-84 years","75-84","California","06","2017","2017","Male","M",1090,688424,158.3
,"75-84 years","75-84","California","06","2018","2018","Female","F",1139,922023,123.5
,"75-84 years","75-84","California","06","2018","2018","Male","M",1230,718003,171.3
,"75-84 years","75-84","California","06","2019","2019","Female","F",1241,956230,129.8
,"75-84 years","75-84","California","06","2019","2019","Male","M",1303,745369,174.8
,"75-84 years","75-84","California","06","2020","2020","Female","F",1329,983099,135.2
,"75-84 years","75-84","California","06","2020","2020","Male","M",1357,767150,176.9
,"75-84 years","75-84","Colorado","08","1999","1999","Female","F",121,82732,146.3
,"75-84 years","75-84","Colorado","08","1999","1999","Male","M",78,56371,138.4
,"75-84 years","75-84","Colorado","08","2000","2000","Female","F",119,84082,141.5
,"75-84 years","75-84","Colorado","08","2000","2000","Male","M",88,57465,153.1
,"75-84 years","75-84","Colorado","08","2001","2001","Female","F",121,86743,139.5
,"75-84 years","75-84","Colorado","08","2001","2001","Male","M",103,59622,172.8
,"75-84 years","75-84","Colorado","08","2002","2002","Female","F",131,88630,147.8
,"75-84 years","75-84","Colorado","08","2002","2002","Male","M",103,60794,169.4
,"75-84 years","75-84","Colorado","08","2003","2003","Female","F",116,89848,129.1
,"75-84 years","75-84","Colorado","08","2003","2003","Male","M",88,62252,141.4
,"75-84 years","75-84","Colorado","08","2004","2004","Female","F",98,91298,107.3
,"75-84 years","75-84","Colorado","08","2004","2004","Male","M",86,63672,135.1
,"75-84 years","75-84","Colorado","08","2005","2005","Female","F",131,92449,141.7
,"75-84 years","75-84","Colorado","08","2005","2005","Male","M",89,65056,136.8
,"75-84 years","75-84","Colorado","08","2006","2006","Female","F",108,94493,114.3
,"75-84 years","75-84","Colorado","08","2006","2006","Male","M",94,67257,139.8
,"75-84 years","75-84","Colorado","08","2007","2007","Female","F",103,95110,108.3
,"75-84 years","75-84","Colorado","08","2007","2007","Male","M",73,68798,106.1
,"75-84 years","75-84","Colorado","08","2008","2008","Female","F",87,95492,91.1
,"75-84 years","75-84","Colorado","08","2008","2008","Male","M",66,70276,93.9
,"75-84 years","75-84","Colorado","08","2009","2009","Female","F",111,95905,115.7
,"75-84 years","75-84","Colorado","08","2009","2009","Male","M",81,71584,113.2
,"75-84 years","75-84","Colorado","08","2010","2010","Female","F",89,96823,91.9
,"75-84 years","75-84","Colorado","08","2010","2010","Male","M",75,73229,102.4
,"75-84 years","75-84","Colorado","08","2011","2011","Female","F",85,98344,86.4
,"75-84 years","75-84","Colorado","08","2011","2011","Male","M",75,75790,99.0
,"75-84 years","75-84","Colorado","08","2012","2012","Female","F",85,100047,85.0
,"75-84 years","75-84","Colorado","08","2012","2012","Male","M",80,78364,102.1
,"75-84 years","75-84","Colorado","08","2013","2013","Female","F",80,102177,78.3
,"75-84 years","75-84","Colorado","08","2013","2013","Male","M",86,80790,106.4
,"75-84 years","75-84","Colorado","08","2014","2014","Female","F",110,104668,105.1
,"75-84 years","75-84","Colorado","08","2014","2014","Male","M",89,83771,106.2
,"75-84 years","75-84","Colorado","08","2015","2015","Female","F",122,107527,113.5
,"75-84 years","75-84","Colorado","08","2015","2015","Male","M",107,86421,123.8
,"75-84 years","75-84","Colorado","08","2016","2016","Female","F",136,110606,123.0
,"75-84 years","75-84","Colorado","08","2016","2016","Male","M",140,89367,156.7
,"75-84 years","75-84","Colorado","08","2017","2017","Female","F",124,114117,108.7
,"75-84 years","75-84","Colorado","08","2017","2017","Male","M",120,92437,129.8
,"75-84 years","75-84","Colorado","08","2018","2018","Female","F",138,120617,114.4
,"75-84 years","75-84","Colorado","08","2018","2018","Male","M",136,98450,138.1
,"75-84 years","75-84","Colorado","08","2019","2019","Female","F",157,126520,124.1
,"75-84 years","75-84","Colorado","08","2019","2019","Male","M",175,103840,168.5
,"75-84 years","75-84","Colorado","08","2020","2020","Female","F",164,132526,123.7
,"75-84 years","75-84","Colorado","08","2020","2020","Male","M",172,109208,157.5
,"75-84 years","75-84","Connecticut","09","1999","1999","Female","F",124,105808,117.2
,"75-84 years","75-84","Connecticut","09","1999","1999","Male","M",88,67390,130.6
,"75-84 years","75-84","Connecticut","09","2000","2000","Female","F",113,106277,106.3
,"75-84 years","75-84","Connecticut","09","2000","2000","Male","M",100,68068,146.9
,"75-84 years","75-84","Connecticut","09","2001","2001","Female","F",132,107171,123.2
,"75-84 years","75-84","Connecticut","09","2001","2001","Male","M",107,69078,154.9
,"75-84 years","75-84","Connecticut","09","2002","2002","Female","F",106,107577,98.5
,"75-84 years","75-84","Connecticut","09","2002","2002","Male","M",107,69754,153.4
,"75-84 years","75-84","Connecticut","09","2003","2003","Female","F",114,107568,106.0
,"75-84 years","75-84","Connecticut","09","2003","2003","Male","M",89,70514,126.2
,"75-84 years","75-84","Connecticut","09","2004","2004","Female","F",108,107022,100.9
,"75-84 years","75-84","Connecticut","09","2004","2004","Male","M",89,70805,125.7
,"75-84 years","75-84","Connecticut","09","2005","2005","Female","F",104,106129,98.0
,"75-84 years","75-84","Connecticut","09","2005","2005","Male","M",104,70894,146.7
,"75-84 years","75-84","Connecticut","09","2006","2006","Female","F",122,104602,116.6
,"75-84 years","75-84","Connecticut","09","2006","2006","Male","M",121,70631,171.3
,"75-84 years","75-84","Connecticut","09","2007","2007","Female","F",105,102813,102.1
,"75-84 years","75-84","Connecticut","09","2007","2007","Male","M",98,70252,139.5
,"75-84 years","75-84","Connecticut","09","2008","2008","Female","F",104,101278,102.7
,"75-84 years","75-84","Connecticut","09","2008","2008","Male","M",93,69423,134.0
,"75-84 years","75-84","Connecticut","09","2009","2009","Female","F",92,99367,92.6
,"75-84 years","75-84","Connecticut","09","2009","2009","Male","M",81,68596,118.1
,"75-84 years","75-84","Connecticut","09","2010","2010","Female","F",106,98440,107.7
,"75-84 years","75-84","Connecticut","09","2010","2010","Male","M",72,68277,105.5
,"75-84 years","75-84","Connecticut","09","2011","2011","Female","F",96,96530,99.5
,"75-84 years","75-84","Connecticut","09","2011","2011","Male","M",94,68260,137.7
,"75-84 years","75-84","Connecticut","09","2012","2012","Female","F",96,95109,100.9
,"75-84 years","75-84","Connecticut","09","2012","2012","Male","M",83,67818,122.4
,"75-84 years","75-84","Connecticut","09","2013","2013","Female","F",109,94000,116.0
,"75-84 years","75-84","Connecticut","09","2013","2013","Male","M",101,67498,149.6
,"75-84 years","75-84","Connecticut","09","2014","2014","Female","F",90,93520,96.2
,"75-84 years","75-84","Connecticut","09","2014","2014","Male","M",92,67701,135.9
,"75-84 years","75-84","Connecticut","09","2015","2015","Female","F",105,93589,112.2
,"75-84 years","75-84","Connecticut","09","2015","2015","Male","M",103,68363,150.7
,"75-84 years","75-84","Connecticut","09","2016","2016","Female","F",114,94207,121.0
,"75-84 years","75-84","Connecticut","09","2016","2016","Male","M",106,69300,153.0
,"75-84 years","75-84","Connecticut","09","2017","2017","Female","F",117,98301,119.0
,"75-84 years","75-84","Connecticut","09","2017","2017","Male","M",110,73191,150.3
,"75-84 years","75-84","Connecticut","09","2018","2018","Female","F",107,102499,104.4
,"75-84 years","75-84","Connecticut","09","2018","2018","Male","M",122,77181,158.1
,"75-84 years","75-84","Connecticut","09","2019","2019","Female","F",147,105687,139.1
,"75-84 years","75-84","Connecticut","09","2019","2019","Male","M",137,80408,170.4
,"75-84 years","75-84","Connecticut","09","2020","2020","Female","F",132,108697,121.4
,"75-84 years","75-84","Connecticut","09","2020","2020","Male","M",144,82961,173.6
,"75-84 years","75-84","Delaware","10","1999","1999","Female","F",24,20550,116.8
,"75-84 years","75-84","Delaware","10","1999","1999","Male","M",17,13600,Unreliable
,"75-84 years","75-84","Delaware","10","2000","2000","Female","F",30,20865,143.8
,"75-84 years","75-84","Delaware","10","2000","2000","Male","M",23,13897,165.5
,"75-84 years","75-84","Delaware","10","2001","2001","Female","F",32,21318,150.1
,"75-84 years","75-84","Delaware","10","2001","2001","Male","M",22,14437,152.4
,"75-84 years","75-84","Delaware","10","2002","2002","Female","F",19,21775,Unreliable
,"75-84 years","75-84","Delaware","10","2002","2002","Male","M",23,14828,155.1
,"75-84 years","75-84","Delaware","10","2003","2003","Female","F",34,22070,154.1
,"75-84 years","75-84","Delaware","10","2003","2003","Male","M",28,15113,185.3
,"75-84 years","75-84","Delaware","10","2004","2004","Female","F",25,22269,112.3
,"75-84 years","75-84","Delaware","10","2004","2004","Male","M",18,15635,Unreliable
,"75-84 years","75-84","Delaware","10","2005","2005","Female","F",25,22527,111.0
,"75-84 years","75-84","Delaware","10","2005","2005","Male","M",23,16023,143.5
,"75-84 years","75-84","Delaware","10","2006","2006","Female","F",21,23027,91.2
,"75-84 years","75-84","Delaware","10","2006","2006","Male","M",17,16715,Unreliable
,"75-84 years","75-84","Delaware","10","2007","2007","Female","F",37,23183,159.6
,"75-84 years","75-84","Delaware","10","2007","2007","Male","M",15,17091,Unreliable
,"75-84 years","75-84","Delaware","10","2008","2008","Female","F",21,23389,89.8
,"75-84 years","75-84","Delaware","10","2008","2008","Male","M",20,17557,113.9
,"75-84 years","75-84","Delaware","10","2009","2009","Female","F",19,23181,Unreliable
,"75-84 years","75-84","Delaware","10","2009","2009","Male","M",23,17615,130.6
,"75-84 years","75-84","Delaware","10","2010","2010","Female","F",22,23247,94.6
,"75-84 years","75-84","Delaware","10","2010","2010","Male","M",29,17833,162.6
,"75-84 years","75-84","Delaware","10","2011","2011","Female","F",26,23604,110.2
,"75-84 years","75-84","Delaware","10","2011","2011","Male","M",23,18316,125.6
,"75-84 years","75-84","Delaware","10","2012","2012","Female","F",19,23889,Unreliable
,"75-84 years","75-84","Delaware","10","2012","2012","Male","M",28,18723,149.5
,"75-84 years","75-84","Delaware","10","2013","2013","Female","F",29,24598,117.9
,"75-84 years","75-84","Delaware","10","2013","2013","Male","M",20,19343,103.4
,"75-84 years","75-84","Delaware","10","2014","2014","Female","F",20,25124,79.6
,"75-84 years","75-84","Delaware","10","2014","2014","Male","M",21,19977,105.1
,"75-84 years","75-84","Delaware","10","2015","2015","Female","F",21,25832,81.3
,"75-84 years","75-84","Delaware","10","2015","2015","Male","M",20,20564,97.3
,"75-84 years","75-84","Delaware","10","2016","2016","Female","F",24,26747,89.7
,"75-84 years","75-84","Delaware","10","2016","2016","Male","M",30,21155,141.8
,"75-84 years","75-84","Delaware","10","2017","2017","Female","F",21,27729,75.7
,"75-84 years","75-84","Delaware","10","2017","2017","Male","M",22,22336,98.5
,"75-84 years","75-84","Delaware","10","2018","2018","Female","F",22,29309,75.1
,"75-84 years","75-84","Delaware","10","2018","2018","Male","M",35,23746,147.4
,"75-84 years","75-84","Delaware","10","2019","2019","Female","F",32,30853,103.7
,"75-84 years","75-84","Delaware","10","2019","2019","Male","M",32,24941,128.3
,"75-84 years","75-84","Delaware","10","2020","2020","Female","F",48,32278,148.7
,"75-84 years","75-84","Delaware","10","2020","2020","Male","M",54,26250,205.7
,"75-84 years","75-84","District of Columbia","11","1999","1999","Female","F",16,15918,Unreliable
,"75-84 years","75-84","District of Columbia","11","1999","1999","Male","M",19,8912,Unreliable
,"75-84 years","75-84","District of Columbia","11","2000","2000","Female","F",20,15987,125.1
,"75-84 years","75-84","District of Columbia","11","2000","2000","Male","M",10,9017,Unreliable
,"75-84 years","75-84","District of Columbia","11","2001","2001","Female","F",17,16014,Unreliable
,"75-84 years","75-84","District of Columbia","11","2001","2001","Male","M",16,9018,Unreliable
,"75-84 years","75-84","District of Columbia","11","2002","2002","Female","F",15,16007,Unreliable
,"75-84 years","75-84","District of Columbia","11","2002","2002","Male","M",11,8992,Unreliable
,"75-84 years","75-84","District of Columbia","11","2003","2003","Female","F",14,15770,Unreliable
,"75-84 years","75-84","District of Columbia","11","2003","2003","Male","M",Suppressed,8960,Suppressed
,"75-84 years","75-84","District of Columbia","11","2004","2004","Female","F",17,15582,Unreliable
,"75-84 years","75-84","District of Columbia","11","2004","2004","Male","M",10,8888,Unreliable
,"75-84 years","75-84","District of Columbia","11","2005","2005","Female","F",16,15223,Unreliable
,"75-84 years","75-84","District of Columbia","11","2005","2005","Male","M",Suppressed,8762,Suppressed
,"75-84 years","75-84","District of Columbia","11","2006","2006","Female","F",10,14573,Unreliable
,"75-84 years","75-84","District of Columbia","11","2006","2006","Male","M",16,8620,Unreliable
,"75-84 years","75-84","District of Columbia","11","2007","2007","Female","F",Suppressed,14084,Suppressed
,"75-84 years","75-84","District of Columbia","11","2007","2007","Male","M",Suppressed,8417,Suppressed
,"75-84 years","75-84","District of Columbia","11","2008","2008","Female","F",Suppressed,13547,Suppressed
,"75-84 years","75-84","District of Columbia","11","2008","2008","Male","M",10,8339,Unreliable
,"75-84 years","75-84","District of Columbia","11","2009","2009","Female","F",Suppressed,13303,Suppressed
,"75-84 years","75-84","District of Columbia","11","2009","2009","Male","M",11,8288,Unreliable
,"75-84 years","75-84","District of Columbia","11","2010","2010","Female","F",12,13227,Unreliable
,"75-84 years","75-84","District of Columbia","11","2010","2010","Male","M",10,8298,Unreliable
,"75-84 years","75-84","District of Columbia","11","2011","2011","Female","F",11,13192,Unreliable
,"75-84 years","75-84","District of Columbia","11","2011","2011","Male","M",Suppressed,8298,Suppressed
,"75-84 years","75-84","District of Columbia","11","2012","2012","Female","F",11,13006,Unreliable
,"75-84 years","75-84","District of Columbia","11","2012","2012","Male","M",Suppressed,8182,Suppressed
,"75-84 years","75-84","District of Columbia","11","2013","2013","Female","F",13,12911,Unreliable
,"75-84 years","75-84","District of Columbia","11","2013","2013","Male","M",Suppressed,8300,Suppressed
,"75-84 years","75-84","District of Columbia","11","2014","2014","Female","F",Suppressed,12771,Suppressed
,"75-84 years","75-84","District of Columbia","11","2014","2014","Male","M",Suppressed,8342,Suppressed
,"75-84 years","75-84","District of Columbia","11","2015","2015","Female","F",13,12903,Unreliable
,"75-84 years","75-84","District of Columbia","11","2015","2015","Male","M",Suppressed,8517,Suppressed
,"75-84 years","75-84","District of Columbia","11","2016","2016","Female","F",12,13080,Unreliable
,"75-84 years","75-84","District of Columbia","11","2016","2016","Male","M",12,8682,Unreliable
,"75-84 years","75-84","District of Columbia","11","2017","2017","Female","F",11,13988,Unreliable
,"75-84 years","75-84","District of Columbia","11","2017","2017","Male","M",Suppressed,9394,Suppressed
,"75-84 years","75-84","District of Columbia","11","2018","2018","Female","F",13,14398,Unreliable
,"75-84 years","75-84","District of Columbia","11","2018","2018","Male","M",11,9648,Unreliable
,"75-84 years","75-84","District of Columbia","11","2019","2019","Female","F",Suppressed,14881,Suppressed
,"75-84 years","75-84","District of Columbia","11","2019","2019","Male","M",12,10001,Unreliable
,"75-84 years","75-84","District of Columbia","11","2020","2020","Female","F",13,15573,Unreliable
,"75-84 years","75-84","District of Columbia","11","2020","2020","Male","M",Suppressed,10413,Suppressed
,"75-84 years","75-84","Florida","12","1999","1999","Female","F",370,581362,63.6
,"75-84 years","75-84","Florida","12","1999","1999","Male","M",303,430968,70.3
,"75-84 years","75-84","Florida","12","2000","2000","Female","F",316,588204,53.7
,"75-84 years","75-84","Florida","12","2000","2000","Male","M",259,435930,59.4
,"75-84 years","75-84","Florida","12","2001","2001","Female","F",364,596972,61.0
,"75-84 years","75-84","Florida","12","2001","2001","Male","M",303,445788,68.0
,"75-84 years","75-84","Florida","12","2002","2002","Female","F",317,604749,52.4
,"75-84 years","75-84","Florida","12","2002","2002","Male","M",307,453817,67.6
,"75-84 years","75-84","Florida","12","2003","2003","Female","F",336,610116,55.1
,"75-84 years","75-84","Florida","12","2003","2003","Male","M",268,461011,58.1
,"75-84 years","75-84","Florida","12","2004","2004","Female","F",336,617241,54.4
,"75-84 years","75-84","Florida","12","2004","2004","Male","M",298,468901,63.6
,"75-84 years","75-84","Florida","12","2005","2005","Female","F",384,620805,61.9
,"75-84 years","75-84","Florida","12","2005","2005","Male","M",303,476218,63.6
,"75-84 years","75-84","Florida","12","2006","2006","Female","F",388,616224,63.0
,"75-84 years","75-84","Florida","12","2006","2006","Male","M",346,476167,72.7
,"75-84 years","75-84","Florida","12","2007","2007","Female","F",435,613714,70.9
,"75-84 years","75-84","Florida","12","2007","2007","Male","M",366,478389,76.5
,"75-84 years","75-84","Florida","12","2008","2008","Female","F",346,614554,56.3
,"75-84 years","75-84","Florida","12","2008","2008","Male","M",335,482127,69.5
,"75-84 years","75-84","Florida","12","2009","2009","Female","F",416,610821,68.1
,"75-84 years","75-84","Florida","12","2009","2009","Male","M",424,483119,87.8
,"75-84 years","75-84","Florida","12","2010","2010","Female","F",397,611525,64.9
,"75-84 years","75-84","Florida","12","2010","2010","Male","M",455,486012,93.6
,"75-84 years","75-84","Florida","12","2011","2011","Female","F",411,618332,66.5
,"75-84 years","75-84","Florida","12","2011","2011","Male","M",408,496040,82.3
,"75-84 years","75-84","Florida","12","2012","2012","Female","F",414,625181,66.2
,"75-84 years","75-84","Florida","12","2012","2012","Male","M",436,506996,86.0
,"75-84 years","75-84","Florida","12","2013","2013","Female","F",446,636122,70.1
,"75-84 years","75-84","Florida","12","2013","2013","Male","M",513,519851,98.7
,"75-84 years","75-84","Florida","12","2014","2014","Female","F",491,651744,75.3
,"75-84 years","75-84","Florida","12","2014","2014","Male","M",561,534808,104.9
,"75-84 years","75-84","Florida","12","2015","2015","Female","F",497,670003,74.2
,"75-84 years","75-84","Florida","12","2015","2015","Male","M",583,550987,105.8
,"75-84 years","75-84","Florida","12","2016","2016","Female","F",566,691733,81.8
,"75-84 years","75-84","Florida","12","2016","2016","Male","M",608,569621,106.7
,"75-84 years","75-84","Florida","12","2017","2017","Female","F",563,720216,78.2
,"75-84 years","75-84","Florida","12","2017","2017","Male","M",679,596351,113.9
,"75-84 years","75-84","Florida","12","2018","2018","Female","F",630,758332,83.1
,"75-84 years","75-84","Florida","12","2018","2018","Male","M",732,630418,116.1
,"75-84 years","75-84","Florida","12","2019","2019","Female","F",714,792273,90.1
,"75-84 years","75-84","Florida","12","2019","2019","Male","M",833,658241,126.5
,"75-84 years","75-84","Florida","12","2020","2020","Female","F",724,821488,88.1
,"75-84 years","75-84","Florida","12","2020","2020","Male","M",825,680721,121.2
,"75-84 years","75-84","Georgia","13","1999","1999","Female","F",392,165821,236.4
,"75-84 years","75-84","Georgia","13","1999","1999","Male","M",267,95324,280.1
,"75-84 years","75-84","Georgia","13","2000","2000","Female","F",374,165567,225.9
,"75-84 years","75-84","Georgia","13","2000","2000","Male","M",284,96156,295.4
,"75-84 years","75-84","Georgia","13","2001","2001","Female","F",400,169112,236.5
,"75-84 years","75-84","Georgia","13","2001","2001","Male","M",300,99336,302.0
,"75-84 years","75-84","Georgia","13","2002","2002","Female","F",398,171178,232.5
,"75-84 years","75-84","Georgia","13","2002","2002","Male","M",289,101697,284.2
,"75-84 years","75-84","Georgia","13","2003","2003","Female","F",400,173054,231.1
,"75-84 years","75-84","Georgia","13","2003","2003","Male","M",275,104205,263.9
,"75-84 years","75-84","Georgia","13","2004","2004","Female","F",395,174421,226.5
,"75-84 years","75-84","Georgia","13","2004","2004","Male","M",322,106264,303.0
,"75-84 years","75-84","Georgia","13","2005","2005","Female","F",421,175997,239.2
,"75-84 years","75-84","Georgia","13","2005","2005","Male","M",295,109409,269.6
,"75-84 years","75-84","Georgia","13","2006","2006","Female","F",397,179195,221.5
,"75-84 years","75-84","Georgia","13","2006","2006","Male","M",315,113783,276.8
,"75-84 years","75-84","Georgia","13","2007","2007","Female","F",378,181015,208.8
,"75-84 years","75-84","Georgia","13","2007","2007","Male","M",277,117177,236.4
,"75-84 years","75-84","Georgia","13","2008","2008","Female","F",354,182608,193.9
,"75-84 years","75-84","Georgia","13","2008","2008","Male","M",293,119968,244.2
,"75-84 years","75-84","Georgia","13","2009","2009","Female","F",383,184178,208.0
,"75-84 years","75-84","Georgia","13","2009","2009","Male","M",304,122972,247.2
,"75-84 years","75-84","Georgia","13","2010","2010","Female","F",399,186127,214.4
,"75-84 years","75-84","Georgia","13","2010","2010","Male","M",309,125656,245.9
,"75-84 years","75-84","Georgia","13","2011","2011","Female","F",349,190201,183.5
,"75-84 years","75-84","Georgia","13","2011","2011","Male","M",318,131001,242.7
,"75-84 years","75-84","Georgia","13","2012","2012","Female","F",350,193589,180.8
,"75-84 years","75-84","Georgia","13","2012","2012","Male","M",346,135692,255.0
,"75-84 years","75-84","Georgia","13","2013","2013","Female","F",375,197754,189.6
,"75-84 years","75-84","Georgia","13","2013","2013","Male","M",346,141124,245.2
,"75-84 years","75-84","Georgia","13","2014","2014","Female","F",459,204061,224.9
,"75-84 years","75-84","Georgia","13","2014","2014","Male","M",364,147221,247.2
,"75-84 years","75-84","Georgia","13","2015","2015","Female","F",481,210554,228.4
,"75-84 years","75-84","Georgia","13","2015","2015","Male","M",427,153436,278.3
,"75-84 years","75-84","Georgia","13","2016","2016","Female","F",491,217237,226.0
,"75-84 years","75-84","Georgia","13","2016","2016","Male","M",460,159965,287.6
,"75-84 years","75-84","Georgia","13","2017","2017","Female","F",502,226221,221.9
,"75-84 years","75-84","Georgia","13","2017","2017","Male","M",522,168113,310.5
,"75-84 years","75-84","Georgia","13","2018","2018","Female","F",525,239047,219.6
,"75-84 years","75-84","Georgia","13","2018","2018","Male","M",586,179310,326.8
,"75-84 years","75-84","Georgia","13","2019","2019","Female","F",551,250876,219.6
,"75-84 years","75-84","Georgia","13","2019","2019","Male","M",558,189008,295.2
,"75-84 years","75-84","Georgia","13","2020","2020","Female","F",638,261912,243.6
,"75-84 years","75-84","Georgia","13","2020","2020","Male","M",609,197902,307.7
,"75-84 years","75-84","Hawaii","15","1999","1999","Female","F",31,31085,99.7
,"75-84 years","75-84","Hawaii","15","1999","1999","Male","M",29,24989,116.1
,"75-84 years","75-84","Hawaii","15","2000","2000","Female","F",23,32129,71.6
,"75-84 years","75-84","Hawaii","15","2000","2000","Male","M",22,25646,85.8
,"75-84 years","75-84","Hawaii","15","2001","2001","Female","F",27,33389,80.9
,"75-84 years","75-84","Hawaii","15","2001","2001","Male","M",21,26416,79.5
,"75-84 years","75-84","Hawaii","15","2002","2002","Female","F",31,34512,89.8
,"75-84 years","75-84","Hawaii","15","2002","2002","Male","M",22,27023,81.4
,"75-84 years","75-84","Hawaii","15","2003","2003","Female","F",24,35529,67.6
,"75-84 years","75-84","Hawaii","15","2003","2003","Male","M",25,27413,91.2
,"75-84 years","75-84","Hawaii","15","2004","2004","Female","F",21,36546,57.5
,"75-84 years","75-84","Hawaii","15","2004","2004","Male","M",37,27537,134.4
,"75-84 years","75-84","Hawaii","15","2005","2005","Female","F",19,37396,Unreliable
,"75-84 years","75-84","Hawaii","15","2005","2005","Male","M",27,27821,97.0
,"75-84 years","75-84","Hawaii","15","2006","2006","Female","F",24,37797,63.5
,"75-84 years","75-84","Hawaii","15","2006","2006","Male","M",22,27688,79.5
,"75-84 years","75-84","Hawaii","15","2007","2007","Female","F",23,37884,60.7
,"75-84 years","75-84","Hawaii","15","2007","2007","Male","M",25,27361,91.4
,"75-84 years","75-84","Hawaii","15","2008","2008","Female","F",22,38101,57.7
,"75-84 years","75-84","Hawaii","15","2008","2008","Male","M",27,27090,99.7
,"75-84 years","75-84","Hawaii","15","2009","2009","Female","F",33,37785,87.3
,"75-84 years","75-84","Hawaii","15","2009","2009","Male","M",20,27019,74.0
,"75-84 years","75-84","Hawaii","15","2010","2010","Female","F",22,37533,58.6
,"75-84 years","75-84","Hawaii","15","2010","2010","Male","M",22,26844,82.0
,"75-84 years","75-84","Hawaii","15","2011","2011","Female","F",21,37539,55.9
,"75-84 years","75-84","Hawaii","15","2011","2011","Male","M",30,26865,111.7
,"75-84 years","75-84","Hawaii","15","2012","2012","Female","F",22,37215,59.1
,"75-84 years","75-84","Hawaii","15","2012","2012","Male","M",23,26816,85.8
,"75-84 years","75-84","Hawaii","15","2013","2013","Female","F",30,36829,81.5
,"75-84 years","75-84","Hawaii","15","2013","2013","Male","M",26,26903,96.6
,"75-84 years","75-84","Hawaii","15","2014","2014","Female","F",33,37015,89.2
,"75-84 years","75-84","Hawaii","15","2014","2014","Male","M",41,27551,148.8
,"75-84 years","75-84","Hawaii","15","2015","2015","Female","F",28,37211,75.2
,"75-84 years","75-84","Hawaii","15","2015","2015","Male","M",35,28128,124.4
,"75-84 years","75-84","Hawaii","15","2016","2016","Female","F",29,37236,77.9
,"75-84 years","75-84","Hawaii","15","2016","2016","Male","M",30,28764,104.3
,"75-84 years","75-84","Hawaii","15","2017","2017","Female","F",37,38060,97.2
,"75-84 years","75-84","Hawaii","15","2017","2017","Male","M",37,30223,122.4
,"75-84 years","75-84","Hawaii","15","2018","2018","Female","F",29,39241,73.9
,"75-84 years","75-84","Hawaii","15","2018","2018","Male","M",32,31749,100.8
,"75-84 years","75-84","Hawaii","15","2019","2019","Female","F",29,41243,70.3
,"75-84 years","75-84","Hawaii","15","2019","2019","Male","M",37,33445,110.6
,"75-84 years","75-84","Hawaii","15","2020","2020","Female","F",40,42937,93.2
,"75-84 years","75-84","Hawaii","15","2020","2020","Male","M",42,35291,119.0
,"75-84 years","75-84","Idaho","16","1999","1999","Female","F",48,29716,161.5
,"75-84 years","75-84","Idaho","16","1999","1999","Male","M",31,21536,143.9
,"75-84 years","75-84","Idaho","16","2000","2000","Female","F",40,29939,133.6
,"75-84 years","75-84","Idaho","16","2000","2000","Male","M",40,21950,182.2
,"75-84 years","75-84","Idaho","16","2001","2001","Female","F",31,30457,101.8
,"75-84 years","75-84","Idaho","16","2001","2001","Male","M",26,22505,115.5
,"75-84 years","75-84","Idaho","16","2002","2002","Female","F",41,30842,132.9
,"75-84 years","75-84","Idaho","16","2002","2002","Male","M",29,22977,126.2
,"75-84 years","75-84","Idaho","16","2003","2003","Female","F",40,31109,128.6
,"75-84 years","75-84","Idaho","16","2003","2003","Male","M",34,23413,145.2
,"75-84 years","75-84","Idaho","16","2004","2004","Female","F",57,31415,181.4
,"75-84 years","75-84","Idaho","16","2004","2004","Male","M",34,23933,142.1
,"75-84 years","75-84","Idaho","16","2005","2005","Female","F",54,31691,170.4
,"75-84 years","75-84","Idaho","16","2005","2005","Male","M",45,24595,183.0
,"75-84 years","75-84","Idaho","16","2006","2006","Female","F",43,32235,133.4
,"75-84 years","75-84","Idaho","16","2006","2006","Male","M",38,24932,152.4
,"75-84 years","75-84","Idaho","16","2007","2007","Female","F",37,32346,114.4
,"75-84 years","75-84","Idaho","16","2007","2007","Male","M",32,25345,126.3
,"75-84 years","75-84","Idaho","16","2008","2008","Female","F",46,32371,142.1
,"75-84 years","75-84","Idaho","16","2008","2008","Male","M",31,25909,119.6
,"75-84 years","75-84","Idaho","16","2009","2009","Female","F",41,32564,125.9
,"75-84 years","75-84","Idaho","16","2009","2009","Male","M",35,26455,132.3
,"75-84 years","75-84","Idaho","16","2010","2010","Female","F",31,32859,94.3
,"75-84 years","75-84","Idaho","16","2010","2010","Male","M",31,27033,114.7
,"75-84 years","75-84","Idaho","16","2011","2011","Female","F",35,33268,105.2
,"75-84 years","75-84","Idaho","16","2011","2011","Male","M",38,27975,135.8
,"75-84 years","75-84","Idaho","16","2012","2012","Female","F",36,33847,106.4
,"75-84 years","75-84","Idaho","16","2012","2012","Male","M",39,28778,135.5
,"75-84 years","75-84","Idaho","16","2013","2013","Female","F",47,34827,135.0
,"75-84 years","75-84","Idaho","16","2013","2013","Male","M",43,29966,143.5
,"75-84 years","75-84","Idaho","16","2014","2014","Female","F",43,35987,119.5
,"75-84 years","75-84","Idaho","16","2014","2014","Male","M",39,31347,124.4
,"75-84 years","75-84","Idaho","16","2015","2015","Female","F",45,37059,121.4
,"75-84 years","75-84","Idaho","16","2015","2015","Male","M",60,32757,183.2
,"75-84 years","75-84","Idaho","16","2016","2016","Female","F",58,38530,150.5
,"75-84 years","75-84","Idaho","16","2016","2016","Male","M",55,34284,160.4
,"75-84 years","75-84","Idaho","16","2017","2017","Female","F",77,39792,193.5
,"75-84 years","75-84","Idaho","16","2017","2017","Male","M",66,35650,185.1
,"75-84 years","75-84","Idaho","16","2018","2018","Female","F",66,42506,155.3
,"75-84 years","75-84","Idaho","16","2018","2018","Male","M",68,38116,178.4
,"75-84 years","75-84","Idaho","16","2019","2019","Female","F",88,44943,195.8
,"75-84 years","75-84","Idaho","16","2019","2019","Male","M",77,40087,192.1
,"75-84 years","75-84","Idaho","16","2020","2020","Female","F",75,47339,158.4
,"75-84 years","75-84","Idaho","16","2020","2020","Male","M",94,42299,222.2
,"75-84 years","75-84","Illinois","17","1999","1999","Female","F",550,329633,166.9
,"75-84 years","75-84","Illinois","17","1999","1999","Male","M",402,203735,197.3
,"75-84 years","75-84","Illinois","17","2000","2000","Female","F",514,330842,155.4
,"75-84 years","75-84","Illinois","17","2000","2000","Male","M",403,204905,196.7
,"75-84 years","75-84","Illinois","17","2001","2001","Female","F",552,332390,166.1
,"75-84 years","75-84","Illinois","17","2001","2001","Male","M",391,208716,187.3
,"75-84 years","75-84","Illinois","17","2002","2002","Female","F",512,332544,154.0
,"75-84 years","75-84","Illinois","17","2002","2002","Male","M",460,211157,217.8
,"75-84 years","75-84","Illinois","17","2003","2003","Female","F",547,332434,164.5
,"75-84 years","75-84","Illinois","17","2003","2003","Male","M",420,213571,196.7
,"75-84 years","75-84","Illinois","17","2004","2004","Female","F",528,330812,159.6
,"75-84 years","75-84","Illinois","17","2004","2004","Male","M",435,215232,202.1
,"75-84 years","75-84","Illinois","17","2005","2005","Female","F",530,329769,160.7
,"75-84 years","75-84","Illinois","17","2005","2005","Male","M",427,217148,196.6
,"75-84 years","75-84","Illinois","17","2006","2006","Female","F",556,326439,170.3
,"75-84 years","75-84","Illinois","17","2006","2006","Male","M",452,216942,208.4
,"75-84 years","75-84","Illinois","17","2007","2007","Female","F",497,322175,154.3
,"75-84 years","75-84","Illinois","17","2007","2007","Male","M",382,216546,176.4
,"75-84 years","75-84","Illinois","17","2008","2008","Female","F",458,317254,144.4
,"75-84 years","75-84","Illinois","17","2008","2008","Male","M",389,215174,180.8
,"75-84 years","75-84","Illinois","17","2009","2009","Female","F",441,311821,141.4
,"75-84 years","75-84","Illinois","17","2009","2009","Male","M",395,213774,184.8
,"75-84 years","75-84","Illinois","17","2010","2010","Female","F",442,310041,142.6
,"75-84 years","75-84","Illinois","17","2010","2010","Male","M",354,214725,164.9
,"75-84 years","75-84","Illinois","17","2011","2011","Female","F",416,308380,134.9
,"75-84 years","75-84","Illinois","17","2011","2011","Male","M",406,216527,187.5
,"75-84 years","75-84","Illinois","17","2012","2012","Female","F",431,306152,140.8
,"75-84 years","75-84","Illinois","17","2012","2012","Male","M",412,216948,189.9
,"75-84 years","75-84","Illinois","17","2013","2013","Female","F",478,306465,156.0
,"75-84 years","75-84","Illinois","17","2013","2013","Male","M",431,219690,196.2
,"75-84 years","75-84","Illinois","17","2014","2014","Female","F",476,307921,154.6
,"75-84 years","75-84","Illinois","17","2014","2014","Male","M",450,222438,202.3
,"75-84 years","75-84","Illinois","17","2015","2015","Female","F",513,308445,166.3
,"75-84 years","75-84","Illinois","17","2015","2015","Male","M",499,224286,222.5
,"75-84 years","75-84","Illinois","17","2016","2016","Female","F",512,311049,164.6
,"75-84 years","75-84","Illinois","17","2016","2016","Male","M",523,227889,229.5
,"75-84 years","75-84","Illinois","17","2017","2017","Female","F",548,323926,169.2
,"75-84 years","75-84","Illinois","17","2017","2017","Male","M",544,238586,228.0
,"75-84 years","75-84","Illinois","17","2018","2018","Female","F",555,335386,165.5
,"75-84 years","75-84","Illinois","17","2018","2018","Male","M",637,248648,256.2
,"75-84 years","75-84","Illinois","17","2019","2019","Female","F",603,343966,175.3
,"75-84 years","75-84","Illinois","17","2019","2019","Male","M",629,256264,245.5
,"75-84 years","75-84","Illinois","17","2020","2020","Female","F",650,349283,186.1
,"75-84 years","75-84","Illinois","17","2020","2020","Male","M",636,261354,243.3
,"75-84 years","75-84","Indiana","18","1999","1999","Female","F",348,163352,213.0
,"75-84 years","75-84","Indiana","18","1999","1999","Male","M",251,100207,250.5
,"75-84 years","75-84","Indiana","18","2000","2000","Female","F",335,164223,204.0
,"75-84 years","75-84","Indiana","18","2000","2000","Male","M",269,101657,264.6
,"75-84 years","75-84","Indiana","18","2001","2001","Female","F",381,165751,229.9
,"75-84 years","75-84","Indiana","18","2001","2001","Male","M",303,103971,291.4
,"75-84 years","75-84","Indiana","18","2002","2002","Female","F",337,167013,201.8
,"75-84 years","75-84","Indiana","18","2002","2002","Male","M",250,106156,235.5
,"75-84 years","75-84","Indiana","18","2003","2003","Female","F",360,168179,214.1
,"75-84 years","75-84","Indiana","18","2003","2003","Male","M",279,108196,257.9
,"75-84 years","75-84","Indiana","18","2004","2004","Female","F",352,168135,209.4
,"75-84 years","75-84","Indiana","18","2004","2004","Male","M",295,109416,269.6
,"75-84 years","75-84","Indiana","18","2005","2005","Female","F",363,168142,215.9
,"75-84 years","75-84","Indiana","18","2005","2005","Male","M",257,110824,231.9
,"75-84 years","75-84","Indiana","18","2006","2006","Female","F",329,167583,196.3
,"75-84 years","75-84","Indiana","18","2006","2006","Male","M",264,111590,236.6
,"75-84 years","75-84","Indiana","18","2007","2007","Female","F",308,166243,185.3
,"75-84 years","75-84","Indiana","18","2007","2007","Male","M",245,111908,218.9
,"75-84 years","75-84","Indiana","18","2008","2008","Female","F",316,164963,191.6
,"75-84 years","75-84","Indiana","18","2008","2008","Male","M",261,112142,232.7
,"75-84 years","75-84","Indiana","18","2009","2009","Female","F",314,162334,193.4
,"75-84 years","75-84","Indiana","18","2009","2009","Male","M",268,111802,239.7
,"75-84 years","75-84","Indiana","18","2010","2010","Female","F",284,161436,175.9
,"75-84 years","75-84","Indiana","18","2010","2010","Male","M",242,112065,215.9
,"75-84 years","75-84","Indiana","18","2011","2011","Female","F",225,160416,140.3
,"75-84 years","75-84","Indiana","18","2011","2011","Male","M",212,113104,187.4
,"75-84 years","75-84","Indiana","18","2012","2012","Female","F",232,159661,145.3
,"75-84 years","75-84","Indiana","18","2012","2012","Male","M",190,114006,166.7
,"75-84 years","75-84","Indiana","18","2013","2013","Female","F",256,159699,160.3
,"75-84 years","75-84","Indiana","18","2013","2013","Male","M",245,115978,211.2
,"75-84 years","75-84","Indiana","18","2014","2014","Female","F",248,160893,154.1
,"75-84 years","75-84","Indiana","18","2014","2014","Male","M",200,118017,169.5
,"75-84 years","75-84","Indiana","18","2015","2015","Female","F",259,161899,160.0
,"75-84 years","75-84","Indiana","18","2015","2015","Male","M",250,119726,208.8
,"75-84 years","75-84","Indiana","18","2016","2016","Female","F",298,164331,181.3
,"75-84 years","75-84","Indiana","18","2016","2016","Male","M",281,122385,229.6
,"75-84 years","75-84","Indiana","18","2017","2017","Female","F",312,169222,184.4
,"75-84 years","75-84","Indiana","18","2017","2017","Male","M",305,126664,240.8
,"75-84 years","75-84","Indiana","18","2018","2018","Female","F",323,175931,183.6
,"75-84 years","75-84","Indiana","18","2018","2018","Male","M",301,132699,226.8
,"75-84 years","75-84","Indiana","18","2019","2019","Female","F",376,181168,207.5
,"75-84 years","75-84","Indiana","18","2019","2019","Male","M",309,136769,225.9
,"75-84 years","75-84","Indiana","18","2020","2020","Female","F",364,184607,197.2
,"75-84 years","75-84","Indiana","18","2020","2020","Male","M",343,140605,243.9
,"75-84 years","75-84","Iowa","19","1999","1999","Female","F",57,96820,58.9
,"75-84 years","75-84","Iowa","19","1999","1999","Male","M",47,62126,75.7
,"75-84 years","75-84","Iowa","19","2000","2000","Female","F",77,96527,79.8
,"75-84 years","75-84","Iowa","19","2000","2000","Male","M",65,62633,103.8
,"75-84 years","75-84","Iowa","19","2001","2001","Female","F",74,96640,76.6
,"75-84 years","75-84","Iowa","19","2001","2001","Male","M",59,63685,92.6
,"75-84 years","75-84","Iowa","19","2002","2002","Female","F",61,96216,63.4
,"75-84 years","75-84","Iowa","19","2002","2002","Male","M",34,64446,52.8
,"75-84 years","75-84","Iowa","19","2003","2003","Female","F",71,95977,74.0
,"75-84 years","75-84","Iowa","19","2003","2003","Male","M",41,65005,63.1
,"75-84 years","75-84","Iowa","19","2004","2004","Female","F",61,95422,63.9
,"75-84 years","75-84","Iowa","19","2004","2004","Male","M",47,65464,71.8
,"75-84 years","75-84","Iowa","19","2005","2005","Female","F",68,94701,71.8
,"75-84 years","75-84","Iowa","19","2005","2005","Male","M",59,65271,90.4
,"75-84 years","75-84","Iowa","19","2006","2006","Female","F",67,93834,71.4
,"75-84 years","75-84","Iowa","19","2006","2006","Male","M",46,65367,70.4
,"75-84 years","75-84","Iowa","19","2007","2007","Female","F",52,92975,55.9
,"75-84 years","75-84","Iowa","19","2007","2007","Male","M",39,65169,59.8
,"75-84 years","75-84","Iowa","19","2008","2008","Female","F",65,91738,70.9
,"75-84 years","75-84","Iowa","19","2008","2008","Male","M",52,64899,80.1
,"75-84 years","75-84","Iowa","19","2009","2009","Female","F",73,90215,80.9
,"75-84 years","75-84","Iowa","19","2009","2009","Male","M",47,64177,73.2
,"75-84 years","75-84","Iowa","19","2010","2010","Female","F",65,89430,72.7
,"75-84 years","75-84","Iowa","19","2010","2010","Male","M",51,64144,79.5
,"75-84 years","75-84","Iowa","19","2011","2011","Female","F",76,88445,85.9
,"75-84 years","75-84","Iowa","19","2011","2011","Male","M",56,64285,87.1
,"75-84 years","75-84","Iowa","19","2012","2012","Female","F",75,87818,85.4
,"75-84 years","75-84","Iowa","19","2012","2012","Male","M",81,64571,125.4
,"75-84 years","75-84","Iowa","19","2013","2013","Female","F",63,87337,72.1
,"75-84 years","75-84","Iowa","19","2013","2013","Male","M",59,64772,91.1
,"75-84 years","75-84","Iowa","19","2014","2014","Female","F",71,87224,81.4
,"75-84 years","75-84","Iowa","19","2014","2014","Male","M",60,65475,91.6
,"75-84 years","75-84","Iowa","19","2015","2015","Female","F",98,87044,112.6
,"75-84 years","75-84","Iowa","19","2015","2015","Male","M",79,66191,119.4
,"75-84 years","75-84","Iowa","19","2016","2016","Female","F",102,87506,116.6
,"75-84 years","75-84","Iowa","19","2016","2016","Male","M",90,66963,134.4
,"75-84 years","75-84","Iowa","19","2017","2017","Female","F",113,87557,129.1
,"75-84 years","75-84","Iowa","19","2017","2017","Male","M",110,67652,162.6
,"75-84 years","75-84","Iowa","19","2018","2018","Female","F",108,89801,120.3
,"75-84 years","75-84","Iowa","19","2018","2018","Male","M",109,70065,155.6
,"75-84 years","75-84","Iowa","19","2019","2019","Female","F",140,91244,153.4
,"75-84 years","75-84","Iowa","19","2019","2019","Male","M",123,71589,171.8
,"75-84 years","75-84","Iowa","19","2020","2020","Female","F",141,91939,153.4
,"75-84 years","75-84","Iowa","19","2020","2020","Male","M",112,72753,153.9
,"75-84 years","75-84","Kansas","20","1999","1999","Female","F",145,77537,187.0
,"75-84 years","75-84","Kansas","20","1999","1999","Male","M",88,50391,174.6
,"75-84 years","75-84","Kansas","20","2000","2000","Female","F",140,77590,180.4
,"75-84 years","75-84","Kansas","20","2000","2000","Male","M",95,50953,186.4
,"75-84 years","75-84","Kansas","20","2001","2001","Female","F",158,77718,203.3
,"75-84 years","75-84","Kansas","20","2001","2001","Male","M",107,51928,206.1
,"75-84 years","75-84","Kansas","20","2002","2002","Female","F",130,77521,167.7
,"75-84 years","75-84","Kansas","20","2002","2002","Male","M",125,52663,237.4
,"75-84 years","75-84","Kansas","20","2003","2003","Female","F",144,77319,186.2
,"75-84 years","75-84","Kansas","20","2003","2003","Male","M",119,53280,223.3
,"75-84 years","75-84","Kansas","20","2004","2004","Female","F",152,77017,197.4
,"75-84 years","75-84","Kansas","20","2004","2004","Male","M",121,53837,224.8
,"75-84 years","75-84","Kansas","20","2005","2005","Female","F",148,76612,193.2
,"75-84 years","75-84","Kansas","20","2005","2005","Male","M",115,54010,212.9
,"75-84 years","75-84","Kansas","20","2006","2006","Female","F",151,76067,198.5
,"75-84 years","75-84","Kansas","20","2006","2006","Male","M",113,54046,209.1
,"75-84 years","75-84","Kansas","20","2007","2007","Female","F",162,75258,215.3
,"75-84 years","75-84","Kansas","20","2007","2007","Male","M",119,53792,221.2
,"75-84 years","75-84","Kansas","20","2008","2008","Female","F",125,74434,167.9
,"75-84 years","75-84","Kansas","20","2008","2008","Male","M",109,53595,203.4
,"75-84 years","75-84","Kansas","20","2009","2009","Female","F",114,73465,155.2
,"75-84 years","75-84","Kansas","20","2009","2009","Male","M",100,53072,188.4
,"75-84 years","75-84","Kansas","20","2010","2010","Female","F",107,73178,146.2
,"75-84 years","75-84","Kansas","20","2010","2010","Male","M",108,53231,202.9
,"75-84 years","75-84","Kansas","20","2011","2011","Female","F",121,72474,167.0
,"75-84 years","75-84","Kansas","20","2011","2011","Male","M",109,53521,203.7
,"75-84 years","75-84","Kansas","20","2012","2012","Female","F",139,71749,193.7
,"75-84 years","75-84","Kansas","20","2012","2012","Male","M",107,53522,199.9
,"75-84 years","75-84","Kansas","20","2013","2013","Female","F",121,71750,168.6
,"75-84 years","75-84","Kansas","20","2013","2013","Male","M",110,53778,204.5
,"75-84 years","75-84","Kansas","20","2014","2014","Female","F",121,71784,168.6
,"75-84 years","75-84","Kansas","20","2014","2014","Male","M",123,54265,226.7
,"75-84 years","75-84","Kansas","20","2015","2015","Female","F",104,71754,144.9
,"75-84 years","75-84","Kansas","20","2015","2015","Male","M",116,54763,211.8
,"75-84 years","75-84","Kansas","20","2016","2016","Female","F",146,72051,202.6
,"75-84 years","75-84","Kansas","20","2016","2016","Male","M",109,55142,197.7
,"75-84 years","75-84","Kansas","20","2017","2017","Female","F",105,73049,143.7
,"75-84 years","75-84","Kansas","20","2017","2017","Male","M",96,56515,169.9
,"75-84 years","75-84","Kansas","20","2018","2018","Female","F",123,75157,163.7
,"75-84 years","75-84","Kansas","20","2018","2018","Male","M",116,58691,197.6
,"75-84 years","75-84","Kansas","20","2019","2019","Female","F",149,77067,193.3
,"75-84 years","75-84","Kansas","20","2019","2019","Male","M",125,60506,206.6
,"75-84 years","75-84","Kansas","20","2020","2020","Female","F",130,78523,165.6
,"75-84 years","75-84","Kansas","20","2020","2020","Male","M",119,61848,192.4
,"75-84 years","75-84","Kentucky","21","1999","1999","Female","F",280,106276,263.5
,"75-84 years","75-84","Kentucky","21","1999","1999","Male","M",182,64509,282.1
,"75-84 years","75-84","Kentucky","21","2000","2000","Female","F",278,107112,259.5
,"75-84 years","75-84","Kentucky","21","2000","2000","Male","M",204,65477,311.6
,"75-84 years","75-84","Kentucky","21","2001","2001","Female","F",300,107188,279.9
,"75-84 years","75-84","Kentucky","21","2001","2001","Male","M",203,66948,303.2
,"75-84 years","75-84","Kentucky","21","2002","2002","Female","F",287,108173,265.3
,"75-84 years","75-84","Kentucky","21","2002","2002","Male","M",200,68040,293.9
,"75-84 years","75-84","Kentucky","21","2003","2003","Female","F",278,108800,255.5
,"75-84 years","75-84","Kentucky","21","2003","2003","Male","M",187,69497,269.1
,"75-84 years","75-84","Kentucky","21","2004","2004","Female","F",281,108662,258.6
,"75-84 years","75-84","Kentucky","21","2004","2004","Male","M",166,70195,236.5
,"75-84 years","75-84","Kentucky","21","2005","2005","Female","F",277,109705,252.5
,"75-84 years","75-84","Kentucky","21","2005","2005","Male","M",196,71775,273.1
,"75-84 years","75-84","Kentucky","21","2006","2006","Female","F",261,109867,237.6
,"75-84 years","75-84","Kentucky","21","2006","2006","Male","M",200,72844,274.6
,"75-84 years","75-84","Kentucky","21","2007","2007","Female","F",266,109428,243.1
,"75-84 years","75-84","Kentucky","21","2007","2007","Male","M",184,73417,250.6
,"75-84 years","75-84","Kentucky","21","2008","2008","Female","F",226,109008,207.3
,"75-84 years","75-84","Kentucky","21","2008","2008","Male","M",179,73896,242.2
,"75-84 years","75-84","Kentucky","21","2009","2009","Female","F",205,108490,189.0
,"75-84 years","75-84","Kentucky","21","2009","2009","Male","M",162,74379,217.8
,"75-84 years","75-84","Kentucky","21","2010","2010","Female","F",190,108506,175.1
,"75-84 years","75-84","Kentucky","21","2010","2010","Male","M",146,75199,194.2
,"75-84 years","75-84","Kentucky","21","2011","2011","Female","F",194,108907,178.1
,"75-84 years","75-84","Kentucky","21","2011","2011","Male","M",166,76925,215.8
,"75-84 years","75-84","Kentucky","21","2012","2012","Female","F",198,108649,182.2
,"75-84 years","75-84","Kentucky","21","2012","2012","Male","M",158,77735,203.3
,"75-84 years","75-84","Kentucky","21","2013","2013","Female","F",172,109859,156.6
,"75-84 years","75-84","Kentucky","21","2013","2013","Male","M",193,79580,242.5
,"75-84 years","75-84","Kentucky","21","2014","2014","Female","F",213,111299,191.4
,"75-84 years","75-84","Kentucky","21","2014","2014","Male","M",202,81933,246.5
,"75-84 years","75-84","Kentucky","21","2015","2015","Female","F",236,112688,209.4
,"75-84 years","75-84","Kentucky","21","2015","2015","Male","M",225,83850,268.3
,"75-84 years","75-84","Kentucky","21","2016","2016","Female","F",243,114990,211.3
,"75-84 years","75-84","Kentucky","21","2016","2016","Male","M",229,85951,266.4
,"75-84 years","75-84","Kentucky","21","2017","2017","Female","F",253,117693,215.0
,"75-84 years","75-84","Kentucky","21","2017","2017","Male","M",218,88650,245.9
,"75-84 years","75-84","Kentucky","21","2018","2018","Female","F",254,122143,208.0
,"75-84 years","75-84","Kentucky","21","2018","2018","Male","M",225,92660,242.8
,"75-84 years","75-84","Kentucky","21","2019","2019","Female","F",252,125224,201.2
,"75-84 years","75-84","Kentucky","21","2019","2019","Male","M",267,95596,279.3
,"75-84 years","75-84","Kentucky","21","2020","2020","Female","F",253,128022,197.6
,"75-84 years","75-84","Kentucky","21","2020","2020","Male","M",240,98009,244.9
,"75-84 years","75-84","Louisiana","22","1999","1999","Female","F",238,106797,222.9
,"75-84 years","75-84","Louisiana","22","1999","1999","Male","M",167,66127,252.5
,"75-84 years","75-84","Louisiana","22","2000","2000","Female","F",212,108161,196.0
,"75-84 years","75-84","Louisiana","22","2000","2000","Male","M",152,67167,226.3
,"75-84 years","75-84","Louisiana","22","2001","2001","Female","F",243,109727,221.5
,"75-84 years","75-84","Louisiana","22","2001","2001","Male","M",172,69118,248.8
,"75-84 years","75-84","Louisiana","22","2002","2002","Female","F",306,111330,274.9
,"75-84 years","75-84","Louisiana","22","2002","2002","Male","M",189,70690,267.4
,"75-84 years","75-84","Louisiana","22","2003","2003","Female","F",318,112264,283.3
,"75-84 years","75-84","Louisiana","22","2003","2003","Male","M",222,72055,308.1
,"75-84 years","75-84","Louisiana","22","2004","2004","Female","F",272,112644,241.5
,"75-84 years","75-84","Louisiana","22","2004","2004","Male","M",219,73226,299.1
,"75-84 years","75-84","Louisiana","22","2005","2005","Female","F",292,112589,259.4
,"75-84 years","75-84","Louisiana","22","2005","2005","Male","M",236,73849,319.6
,"75-84 years","75-84","Louisiana","22","2006","2006","Female","F",250,106757,234.2
,"75-84 years","75-84","Louisiana","22","2006","2006","Male","M",201,70781,284.0
,"75-84 years","75-84","Louisiana","22","2007","2007","Female","F",257,106995,240.2
,"75-84 years","75-84","Louisiana","22","2007","2007","Male","M",189,71460,264.5
,"75-84 years","75-84","Louisiana","22","2008","2008","Female","F",258,107274,240.5
,"75-84 years","75-84","Louisiana","22","2008","2008","Male","M",191,72112,264.9
,"75-84 years","75-84","Louisiana","22","2009","2009","Female","F",236,106932,220.7
,"75-84 years","75-84","Louisiana","22","2009","2009","Male","M",201,72388,277.7
,"75-84 years","75-84","Louisiana","22","2010","2010","Female","F",231,107036,215.8
,"75-84 years","75-84","Louisiana","22","2010","2010","Male","M",252,73141,344.5
,"75-84 years","75-84","Louisiana","22","2011","2011","Female","F",221,107560,205.5
,"75-84 years","75-84","Louisiana","22","2011","2011","Male","M",199,74462,267.3
,"75-84 years","75-84","Louisiana","22","2012","2012","Female","F",241,107462,224.3
,"75-84 years","75-84","Louisiana","22","2012","2012","Male","M",189,75347,250.8
,"75-84 years","75-84","Louisiana","22","2013","2013","Female","F",249,108235,230.1
,"75-84 years","75-84","Louisiana","22","2013","2013","Male","M",259,76807,337.2
,"75-84 years","75-84","Louisiana","22","2014","2014","Female","F",282,109387,257.8
,"75-84 years","75-84","Louisiana","22","2014","2014","Male","M",252,78349,321.6
,"75-84 years","75-84","Louisiana","22","2015","2015","Female","F",284,110923,256.0
,"75-84 years","75-84","Louisiana","22","2015","2015","Male","M",288,80221,359.0
,"75-84 years","75-84","Louisiana","22","2016","2016","Female","F",286,112929,253.3
,"75-84 years","75-84","Louisiana","22","2016","2016","Male","M",286,82144,348.2
,"75-84 years","75-84","Louisiana","22","2017","2017","Female","F",312,115915,269.2
,"75-84 years","75-84","Louisiana","22","2017","2017","Male","M",328,85121,385.3
,"75-84 years","75-84","Louisiana","22","2018","2018","Female","F",346,120382,287.4
,"75-84 years","75-84","Louisiana","22","2018","2018","Male","M",390,89055,437.9
,"75-84 years","75-84","Louisiana","22","2019","2019","Female","F",350,124225,281.7
,"75-84 years","75-84","Louisiana","22","2019","2019","Male","M",342,92206,370.9
,"75-84 years","75-84","Louisiana","22","2020","2020","Female","F",324,127154,254.8
,"75-84 years","75-84","Louisiana","22","2020","2020","Male","M",359,95047,377.7
,"75-84 years","75-84","Maine","23","1999","1999","Female","F",51,37946,134.4
,"75-84 years","75-84","Maine","23","1999","1999","Male","M",41,24878,164.8
,"75-84 years","75-84","Maine","23","2000","2000","Female","F",54,38457,140.4
,"75-84 years","75-84","Maine","23","2000","2000","Male","M",46,25433,180.9
,"75-84 years","75-84","Maine","23","2001","2001","Female","F",57,39022,146.1
,"75-84 years","75-84","Maine","23","2001","2001","Male","M",43,26072,164.9
,"75-84 years","75-84","Maine","23","2002","2002","Female","F",44,39588,111.1
,"75-84 years","75-84","Maine","23","2002","2002","Male","M",36,26545,135.6
,"75-84 years","75-84","Maine","23","2003","2003","Female","F",60,39891,150.4
,"75-84 years","75-84","Maine","23","2003","2003","Male","M",41,27163,150.9
,"75-84 years","75-84","Maine","23","2004","2004","Female","F",49,40137,122.1
,"75-84 years","75-84","Maine","23","2004","2004","Male","M",40,27583,145.0
,"75-84 years","75-84","Maine","23","2005","2005","Female","F",44,40207,109.4
,"75-84 years","75-84","Maine","23","2005","2005","Male","M",33,27922,118.2
,"75-84 years","75-84","Maine","23","2006","2006","Female","F",51,40465,126.0
,"75-84 years","75-84","Maine","23","2006","2006","Male","M",49,28331,173.0
,"75-84 years","75-84","Maine","23","2007","2007","Female","F",55,40640,135.3
,"75-84 years","75-84","Maine","23","2007","2007","Male","M",42,28767,146.0
,"75-84 years","75-84","Maine","23","2008","2008","Female","F",49,40386,121.3
,"75-84 years","75-84","Maine","23","2008","2008","Male","M",36,29055,123.9
,"75-84 years","75-84","Maine","23","2009","2009","Female","F",42,40065,104.8
,"75-84 years","75-84","Maine","23","2009","2009","Male","M",31,29161,106.3
,"75-84 years","75-84","Maine","23","2010","2010","Female","F",45,39830,113.0
,"75-84 years","75-84","Maine","23","2010","2010","Male","M",46,29463,156.1
,"75-84 years","75-84","Maine","23","2011","2011","Female","F",44,39649,111.0
,"75-84 years","75-84","Maine","23","2011","2011","Male","M",41,30055,136.4
,"75-84 years","75-84","Maine","23","2012","2012","Female","F",53,39680,133.6
,"75-84 years","75-84","Maine","23","2012","2012","Male","M",43,30532,140.8
,"75-84 years","75-84","Maine","23","2013","2013","Female","F",45,39674,113.4
,"75-84 years","75-84","Maine","23","2013","2013","Male","M",38,30877,123.1
,"75-84 years","75-84","Maine","23","2014","2014","Female","F",46,39986,115.0
,"75-84 years","75-84","Maine","23","2014","2014","Male","M",47,31424,149.6
,"75-84 years","75-84","Maine","23","2015","2015","Female","F",49,40268,121.7
,"75-84 years","75-84","Maine","23","2015","2015","Male","M",48,31830,150.8
,"75-84 years","75-84","Maine","23","2016","2016","Female","F",52,40597,128.1
,"75-84 years","75-84","Maine","23","2016","2016","Male","M",44,32465,135.5
,"75-84 years","75-84","Maine","23","2017","2017","Female","F",61,41556,146.8
,"75-84 years","75-84","Maine","23","2017","2017","Male","M",68,33410,203.5
,"75-84 years","75-84","Maine","23","2018","2018","Female","F",51,43826,116.4
,"75-84 years","75-84","Maine","23","2018","2018","Male","M",47,35387,132.8
,"75-84 years","75-84","Maine","23","2019","2019","Female","F",61,45411,134.3
,"75-84 years","75-84","Maine","23","2019","2019","Male","M",53,36975,143.3
,"75-84 years","75-84","Maine","23","2020","2020","Female","F",57,46465,122.7
,"75-84 years","75-84","Maine","23","2020","2020","Male","M",58,38318,151.4
,"75-84 years","75-84","Maryland","24","1999","1999","Female","F",147,127760,115.1
,"75-84 years","75-84","Maryland","24","1999","1999","Male","M",107,80138,133.5
,"75-84 years","75-84","Maryland","24","2000","2000","Female","F",165,129428,127.5
,"75-84 years","75-84","Maryland","24","2000","2000","Male","M",117,81692,143.2
,"75-84 years","75-84","Maryland","24","2001","2001","Female","F",157,132382,118.6
,"75-84 years","75-84","Maryland","24","2001","2001","Male","M",115,84290,136.4
,"75-84 years","75-84","Maryland","24","2002","2002","Female","F",166,134200,123.7
,"75-84 years","75-84","Maryland","24","2002","2002","Male","M",108,86044,125.5
,"75-84 years","75-84","Maryland","24","2003","2003","Female","F",139,135820,102.3
,"75-84 years","75-84","Maryland","24","2003","2003","Male","M",114,87344,130.5
,"75-84 years","75-84","Maryland","24","2004","2004","Female","F",158,136799,115.5
,"75-84 years","75-84","Maryland","24","2004","2004","Male","M",106,88526,119.7
,"75-84 years","75-84","Maryland","24","2005","2005","Female","F",172,136611,125.9
,"75-84 years","75-84","Maryland","24","2005","2005","Male","M",112,89262,125.5
,"75-84 years","75-84","Maryland","24","2006","2006","Female","F",131,135448,96.7
,"75-84 years","75-84","Maryland","24","2006","2006","Male","M",99,89626,110.5
,"75-84 years","75-84","Maryland","24","2007","2007","Female","F",109,134105,81.3
,"75-84 years","75-84","Maryland","24","2007","2007","Male","M",98,89973,108.9
,"75-84 years","75-84","Maryland","24","2008","2008","Female","F",120,133007,90.2
,"75-84 years","75-84","Maryland","24","2008","2008","Male","M",98,90674,108.1
,"75-84 years","75-84","Maryland","24","2009","2009","Female","F",99,132184,74.9
,"75-84 years","75-84","Maryland","24","2009","2009","Male","M",117,90833,128.8
,"75-84 years","75-84","Maryland","24","2010","2010","Female","F",92,131674,69.9
,"75-84 years","75-84","Maryland","24","2010","2010","Male","M",88,91485,96.2
,"75-84 years","75-84","Maryland","24","2011","2011","Female","F",98,131704,74.4
,"75-84 years","75-84","Maryland","24","2011","2011","Male","M",86,93157,92.3
,"75-84 years","75-84","Maryland","24","2012","2012","Female","F",105,131601,79.8
,"75-84 years","75-84","Maryland","24","2012","2012","Male","M",89,94249,94.4
,"75-84 years","75-84","Maryland","24","2013","2013","Female","F",95,133106,71.4
,"75-84 years","75-84","Maryland","24","2013","2013","Male","M",112,96337,116.3
,"75-84 years","75-84","Maryland","24","2014","2014","Female","F",113,135230,83.6
,"75-84 years","75-84","Maryland","24","2014","2014","Male","M",125,98681,126.7
,"75-84 years","75-84","Maryland","24","2015","2015","Female","F",122,137718,88.6
,"75-84 years","75-84","Maryland","24","2015","2015","Male","M",112,100843,111.1
,"75-84 years","75-84","Maryland","24","2016","2016","Female","F",137,141526,96.8
,"75-84 years","75-84","Maryland","24","2016","2016","Male","M",143,103631,138.0
,"75-84 years","75-84","Maryland","24","2017","2017","Female","F",119,146369,81.3
,"75-84 years","75-84","Maryland","24","2017","2017","Male","M",139,108229,128.4
,"75-84 years","75-84","Maryland","24","2018","2018","Female","F",142,153390,92.6
,"75-84 years","75-84","Maryland","24","2018","2018","Male","M",153,113891,134.3
,"75-84 years","75-84","Maryland","24","2019","2019","Female","F",146,159859,91.3
,"75-84 years","75-84","Maryland","24","2019","2019","Male","M",124,118562,104.6
,"75-84 years","75-84","Maryland","24","2020","2020","Female","F",142,165672,85.7
,"75-84 years","75-84","Maryland","24","2020","2020","Male","M",136,122640,110.9
,"75-84 years","75-84","Massachusetts","25","1999","1999","Female","F",326,194289,167.8
,"75-84 years","75-84","Massachusetts","25","1999","1999","Male","M",255,118356,215.5
,"75-84 years","75-84","Massachusetts","25","2000","2000","Female","F",325,195347,166.4
,"75-84 years","75-84","Massachusetts","25","2000","2000","Male","M",271,120293,225.3
,"75-84 years","75-84","Massachusetts","25","2001","2001","Female","F",320,196010,163.3
,"75-84 years","75-84","Massachusetts","25","2001","2001","Male","M",267,122121,218.6
,"75-84 years","75-84","Massachusetts","25","2002","2002","Female","F",317,196464,161.4
,"75-84 years","75-84","Massachusetts","25","2002","2002","Male","M",250,124064,201.5
,"75-84 years","75-84","Massachusetts","25","2003","2003","Female","F",300,195482,153.5
,"75-84 years","75-84","Massachusetts","25","2003","2003","Male","M",268,124524,215.2
,"75-84 years","75-84","Massachusetts","25","2004","2004","Female","F",292,193894,150.6
,"75-84 years","75-84","Massachusetts","25","2004","2004","Male","M",264,125235,210.8
,"75-84 years","75-84","Massachusetts","25","2005","2005","Female","F",314,192067,163.5
,"75-84 years","75-84","Massachusetts","25","2005","2005","Male","M",248,125265,198.0
,"75-84 years","75-84","Massachusetts","25","2006","2006","Female","F",282,189281,149.0
,"75-84 years","75-84","Massachusetts","25","2006","2006","Male","M",264,124693,211.7
,"75-84 years","75-84","Massachusetts","25","2007","2007","Female","F",276,186845,147.7
,"75-84 years","75-84","Massachusetts","25","2007","2007","Male","M",199,124566,159.8
,"75-84 years","75-84","Massachusetts","25","2008","2008","Female","F",246,183908,133.8
,"75-84 years","75-84","Massachusetts","25","2008","2008","Male","M",210,123895,169.5
,"75-84 years","75-84","Massachusetts","25","2009","2009","Female","F",217,179926,120.6
,"75-84 years","75-84","Massachusetts","25","2009","2009","Male","M",187,122718,152.4
,"75-84 years","75-84","Massachusetts","25","2010","2010","Female","F",246,178583,137.8
,"75-84 years","75-84","Massachusetts","25","2010","2010","Male","M",201,122482,164.1
,"75-84 years","75-84","Massachusetts","25","2011","2011","Female","F",203,175740,115.5
,"75-84 years","75-84","Massachusetts","25","2011","2011","Male","M",187,122583,152.5
,"75-84 years","75-84","Massachusetts","25","2012","2012","Female","F",206,174373,118.1
,"75-84 years","75-84","Massachusetts","25","2012","2012","Male","M",224,122622,182.7
,"75-84 years","75-84","Massachusetts","25","2013","2013","Female","F",243,173065,140.4
,"75-84 years","75-84","Massachusetts","25","2013","2013","Male","M",189,122908,153.8
,"75-84 years","75-84","Massachusetts","25","2014","2014","Female","F",236,172496,136.8
,"75-84 years","75-84","Massachusetts","25","2014","2014","Male","M",230,123751,185.9
,"75-84 years","75-84","Massachusetts","25","2015","2015","Female","F",228,172747,132.0
,"75-84 years","75-84","Massachusetts","25","2015","2015","Male","M",229,125317,182.7
,"75-84 years","75-84","Massachusetts","25","2016","2016","Female","F",224,174911,128.1
,"75-84 years","75-84","Massachusetts","25","2016","2016","Male","M",225,127716,176.2
,"75-84 years","75-84","Massachusetts","25","2017","2017","Female","F",221,179527,123.1
,"75-84 years","75-84","Massachusetts","25","2017","2017","Male","M",248,131881,188.0
,"75-84 years","75-84","Massachusetts","25","2018","2018","Female","F",250,187067,133.6
,"75-84 years","75-84","Massachusetts","25","2018","2018","Male","M",277,138352,200.2
,"75-84 years","75-84","Massachusetts","25","2019","2019","Female","F",229,193346,118.4
,"75-84 years","75-84","Massachusetts","25","2019","2019","Male","M",242,143158,169.0
,"75-84 years","75-84","Massachusetts","25","2020","2020","Female","F",198,198529,99.7
,"75-84 years","75-84","Massachusetts","25","2020","2020","Male","M",274,147662,185.6
,"75-84 years","75-84","Michigan","26","1999","1999","Female","F",494,262240,188.4
,"75-84 years","75-84","Michigan","26","1999","1999","Male","M",326,167079,195.1
,"75-84 years","75-84","Michigan","26","2000","2000","Female","F",497,264076,188.2
,"75-84 years","75-84","Michigan","26","2000","2000","Male","M",355,169602,209.3
,"75-84 years","75-84","Michigan","26","2001","2001","Female","F",473,267681,176.7
,"75-84 years","75-84","Michigan","26","2001","2001","Male","M",363,174377,208.2
,"75-84 years","75-84","Michigan","26","2002","2002","Female","F",493,269933,182.6
,"75-84 years","75-84","Michigan","26","2002","2002","Male","M",329,178404,184.4
,"75-84 years","75-84","Michigan","26","2003","2003","Female","F",480,271158,177.0
,"75-84 years","75-84","Michigan","26","2003","2003","Male","M",368,181806,202.4
,"75-84 years","75-84","Michigan","26","2004","2004","Female","F",478,271532,176.0
,"75-84 years","75-84","Michigan","26","2004","2004","Male","M",360,184112,195.5
,"75-84 years","75-84","Michigan","26","2005","2005","Female","F",511,270997,188.6
,"75-84 years","75-84","Michigan","26","2005","2005","Male","M",390,186125,209.5
,"75-84 years","75-84","Michigan","26","2006","2006","Female","F",456,269818,169.0
,"75-84 years","75-84","Michigan","26","2006","2006","Male","M",395,187460,210.7
,"75-84 years","75-84","Michigan","26","2007","2007","Female","F",452,268037,168.6
,"75-84 years","75-84","Michigan","26","2007","2007","Male","M",359,187454,191.5
,"75-84 years","75-84","Michigan","26","2008","2008","Female","F",446,265153,168.2
,"75-84 years","75-84","Michigan","26","2008","2008","Male","M",344,186815,184.1
,"75-84 years","75-84","Michigan","26","2009","2009","Female","F",383,260960,146.8
,"75-84 years","75-84","Michigan","26","2009","2009","Male","M",345,184911,186.6
,"75-84 years","75-84","Michigan","26","2010","2010","Female","F",383,259385,147.7
,"75-84 years","75-84","Michigan","26","2010","2010","Male","M",349,185555,188.1
,"75-84 years","75-84","Michigan","26","2011","2011","Female","F",385,257438,149.6
,"75-84 years","75-84","Michigan","26","2011","2011","Male","M",308,186909,164.8
,"75-84 years","75-84","Michigan","26","2012","2012","Female","F",375,255939,146.5
,"75-84 years","75-84","Michigan","26","2012","2012","Male","M",335,187007,179.1
,"75-84 years","75-84","Michigan","26","2013","2013","Female","F",404,254822,158.5
,"75-84 years","75-84","Michigan","26","2013","2013","Male","M",359,188698,190.3
,"75-84 years","75-84","Michigan","26","2014","2014","Female","F",412,255831,161.0
,"75-84 years","75-84","Michigan","26","2014","2014","Male","M",379,191655,197.8
,"75-84 years","75-84","Michigan","26","2015","2015","Female","F",438,256321,170.9
,"75-84 years","75-84","Michigan","26","2015","2015","Male","M",433,194298,222.9
,"75-84 years","75-84","Michigan","26","2016","2016","Female","F",469,259113,181.0
,"75-84 years","75-84","Michigan","26","2016","2016","Male","M",474,198418,238.9
,"75-84 years","75-84","Michigan","26","2017","2017","Female","F",511,267013,191.4
,"75-84 years","75-84","Michigan","26","2017","2017","Male","M",475,207207,229.2
,"75-84 years","75-84","Michigan","26","2018","2018","Female","F",521,279162,186.6
,"75-84 years","75-84","Michigan","26","2018","2018","Male","M",525,218754,240.0
,"75-84 years","75-84","Michigan","26","2019","2019","Female","F",536,287964,186.1
,"75-84 years","75-84","Michigan","26","2019","2019","Male","M",511,226721,225.4
,"75-84 years","75-84","Michigan","26","2020","2020","Female","F",525,293726,178.7
,"75-84 years","75-84","Michigan","26","2020","2020","Male","M",516,232240,222.2
,"75-84 years","75-84","Minnesota","27","1999","1999","Female","F",173,127770,135.4
,"75-84 years","75-84","Minnesota","27","1999","1999","Male","M",195,84277,231.4
,"75-84 years","75-84","Minnesota","27","2000","2000","Female","F",142,127654,111.2
,"75-84 years","75-84","Minnesota","27","2000","2000","Male","M",151,85186,177.3
,"75-84 years","75-84","Minnesota","27","2001","2001","Female","F",161,128459,125.3
,"75-84 years","75-84","Minnesota","27","2001","2001","Male","M",163,87147,187.0
,"75-84 years","75-84","Minnesota","27","2002","2002","Female","F",165,129321,127.6
,"75-84 years","75-84","Minnesota","27","2002","2002","Male","M",133,88520,150.2
,"75-84 years","75-84","Minnesota","27","2003","2003","Female","F",153,129597,118.1
,"75-84 years","75-84","Minnesota","27","2003","2003","Male","M",153,89821,170.3
,"75-84 years","75-84","Minnesota","27","2004","2004","Female","F",168,129596,129.6
,"75-84 years","75-84","Minnesota","27","2004","2004","Male","M",128,90722,141.1
,"75-84 years","75-84","Minnesota","27","2005","2005","Female","F",159,129176,123.1
,"75-84 years","75-84","Minnesota","27","2005","2005","Male","M",158,91789,172.1
,"75-84 years","75-84","Minnesota","27","2006","2006","Female","F",157,128985,121.7
,"75-84 years","75-84","Minnesota","27","2006","2006","Male","M",164,92697,176.9
,"75-84 years","75-84","Minnesota","27","2007","2007","Female","F",121,128662,94.0
,"75-84 years","75-84","Minnesota","27","2007","2007","Male","M",135,93691,144.1
,"75-84 years","75-84","Minnesota","27","2008","2008","Female","F",133,128021,103.9
,"75-84 years","75-84","Minnesota","27","2008","2008","Male","M",138,94091,146.7
,"75-84 years","75-84","Minnesota","27","2009","2009","Female","F",120,126976,94.5
,"75-84 years","75-84","Minnesota","27","2009","2009","Male","M",116,94695,122.5
,"75-84 years","75-84","Minnesota","27","2010","2010","Female","F",125,126701,98.7
,"75-84 years","75-84","Minnesota","27","2010","2010","Male","M",119,95329,124.8
,"75-84 years","75-84","Minnesota","27","2011","2011","Female","F",114,126992,89.8
,"75-84 years","75-84","Minnesota","27","2011","2011","Male","M",114,96762,117.8
,"75-84 years","75-84","Minnesota","27","2012","2012","Female","F",128,127590,100.3
,"75-84 years","75-84","Minnesota","27","2012","2012","Male","M",119,97833,121.6
,"75-84 years","75-84","Minnesota","27","2013","2013","Female","F",129,128420,100.5
,"75-84 years","75-84","Minnesota","27","2013","2013","Male","M",120,99710,120.3
,"75-84 years","75-84","Minnesota","27","2014","2014","Female","F",121,129889,93.2
,"75-84 years","75-84","Minnesota","27","2014","2014","Male","M",150,101900,147.2
,"75-84 years","75-84","Minnesota","27","2015","2015","Female","F",116,131559,88.2
,"75-84 years","75-84","Minnesota","27","2015","2015","Male","M",136,103970,130.8
,"75-84 years","75-84","Minnesota","27","2016","2016","Female","F",120,134149,89.5
,"75-84 years","75-84","Minnesota","27","2016","2016","Male","M",145,106467,136.2
,"75-84 years","75-84","Minnesota","27","2017","2017","Female","F",134,136975,97.8
,"75-84 years","75-84","Minnesota","27","2017","2017","Male","M",147,109559,134.2
,"75-84 years","75-84","Minnesota","27","2018","2018","Female","F",154,142760,107.9
,"75-84 years","75-84","Minnesota","27","2018","2018","Male","M",144,115178,125.0
,"75-84 years","75-84","Minnesota","27","2019","2019","Female","F",144,147354,97.7
,"75-84 years","75-84","Minnesota","27","2019","2019","Male","M",159,119359,133.2
,"75-84 years","75-84","Minnesota","27","2020","2020","Female","F",164,150932,108.7
,"75-84 years","75-84","Minnesota","27","2020","2020","Male","M",148,122954,120.4
,"75-84 years","75-84","Mississippi","28","1999","1999","Female","F",276,72305,381.7
,"75-84 years","75-84","Mississippi","28","1999","1999","Male","M",180,42341,425.1
,"75-84 years","75-84","Mississippi","28","2000","2000","Female","F",267,72341,369.1
,"75-84 years","75-84","Mississippi","28","2000","2000","Male","M",187,42581,439.2
,"75-84 years","75-84","Mississippi","28","2001","2001","Female","F",298,72656,410.2
,"75-84 years","75-84","Mississippi","28","2001","2001","Male","M",182,43398,419.4
,"75-84 years","75-84","Mississippi","28","2002","2002","Female","F",278,73256,379.5
,"75-84 years","75-84","Mississippi","28","2002","2002","Male","M",181,44560,406.2
,"75-84 years","75-84","Mississippi","28","2003","2003","Female","F",268,73706,363.6
,"75-84 years","75-84","Mississippi","28","2003","2003","Male","M",190,45358,418.9
,"75-84 years","75-84","Mississippi","28","2004","2004","Female","F",296,73974,400.1
,"75-84 years","75-84","Mississippi","28","2004","2004","Male","M",183,46010,397.7
,"75-84 years","75-84","Mississippi","28","2005","2005","Female","F",279,73967,377.2
,"75-84 years","75-84","Mississippi","28","2005","2005","Male","M",193,46524,414.8
,"75-84 years","75-84","Mississippi","28","2006","2006","Female","F",289,73579,392.8
,"75-84 years","75-84","Mississippi","28","2006","2006","Male","M",203,46675,434.9
,"75-84 years","75-84","Mississippi","28","2007","2007","Female","F",276,73462,375.7
,"75-84 years","75-84","Mississippi","28","2007","2007","Male","M",182,47105,386.4
,"75-84 years","75-84","Mississippi","28","2008","2008","Female","F",277,73988,374.4
,"75-84 years","75-84","Mississippi","28","2008","2008","Male","M",186,47587,390.9
,"75-84 years","75-84","Mississippi","28","2009","2009","Female","F",230,72995,315.1
,"75-84 years","75-84","Mississippi","28","2009","2009","Male","M",169,47734,354.0
,"75-84 years","75-84","Mississippi","28","2010","2010","Female","F",241,73300,328.8
,"75-84 years","75-84","Mississippi","28","2010","2010","Male","M",198,48279,410.1
,"75-84 years","75-84","Mississippi","28","2011","2011","Female","F",249,73792,337.4
,"75-84 years","75-84","Mississippi","28","2011","2011","Male","M",211,49665,424.8
,"75-84 years","75-84","Mississippi","28","2012","2012","Female","F",241,74084,325.3
,"75-84 years","75-84","Mississippi","28","2012","2012","Male","M",209,50551,413.4
,"75-84 years","75-84","Mississippi","28","2013","2013","Female","F",278,74813,371.6
,"75-84 years","75-84","Mississippi","28","2013","2013","Male","M",182,52060,349.6
,"75-84 years","75-84","Mississippi","28","2014","2014","Female","F",249,75910,328.0
,"75-84 years","75-84","Mississippi","28","2014","2014","Male","M",196,53403,367.0
,"75-84 years","75-84","Mississippi","28","2015","2015","Female","F",257,76857,334.4
,"75-84 years","75-84","Mississippi","28","2015","2015","Male","M",268,54526,491.5
,"75-84 years","75-84","Mississippi","28","2016","2016","Female","F",237,78112,303.4
,"75-84 years","75-84","Mississippi","28","2016","2016","Male","M",221,55814,396.0
,"75-84 years","75-84","Mississippi","28","2017","2017","Female","F",287,79025,363.2
,"75-84 years","75-84","Mississippi","28","2017","2017","Male","M",240,57043,420.7
,"75-84 years","75-84","Mississippi","28","2018","2018","Female","F",253,81825,309.2
,"75-84 years","75-84","Mississippi","28","2018","2018","Male","M",223,59724,373.4
,"75-84 years","75-84","Mississippi","28","2019","2019","Female","F",257,83784,306.7
,"75-84 years","75-84","Mississippi","28","2019","2019","Male","M",267,61656,433.0
,"75-84 years","75-84","Mississippi","28","2020","2020","Female","F",285,85518,333.3
,"75-84 years","75-84","Mississippi","28","2020","2020","Male","M",249,62913,395.8
,"75-84 years","75-84","Missouri","29","1999","1999","Female","F",276,161287,171.1
,"75-84 years","75-84","Missouri","29","1999","1999","Male","M",192,101295,189.5
,"75-84 years","75-84","Missouri","29","2000","2000","Female","F",259,161377,160.5
,"75-84 years","75-84","Missouri","29","2000","2000","Male","M",187,102205,183.0
,"75-84 years","75-84","Missouri","29","2001","2001","Female","F",260,162605,159.9
,"75-84 years","75-84","Missouri","29","2001","2001","Male","M",216,104733,206.2
,"75-84 years","75-84","Missouri","29","2002","2002","Female","F",270,163377,165.3
,"75-84 years","75-84","Missouri","29","2002","2002","Male","M",210,106775,196.7
,"75-84 years","75-84","Missouri","29","2003","2003","Female","F",277,163962,168.9
,"75-84 years","75-84","Missouri","29","2003","2003","Male","M",231,108755,212.4
,"75-84 years","75-84","Missouri","29","2004","2004","Female","F",269,163285,164.7
,"75-84 years","75-84","Missouri","29","2004","2004","Male","M",213,110139,193.4
,"75-84 years","75-84","Missouri","29","2005","2005","Female","F",286,162982,175.5
,"75-84 years","75-84","Missouri","29","2005","2005","Male","M",219,111206,196.9
,"75-84 years","75-84","Missouri","29","2006","2006","Female","F",279,162662,171.5
,"75-84 years","75-84","Missouri","29","2006","2006","Male","M",184,112178,164.0
,"75-84 years","75-84","Missouri","29","2007","2007","Female","F",237,161327,146.9
,"75-84 years","75-84","Missouri","29","2007","2007","Male","M",189,112705,167.7
,"75-84 years","75-84","Missouri","29","2008","2008","Female","F",246,160524,153.2
,"75-84 years","75-84","Missouri","29","2008","2008","Male","M",180,113263,158.9
,"75-84 years","75-84","Missouri","29","2009","2009","Female","F",211,159442,132.3
,"75-84 years","75-84","Missouri","29","2009","2009","Male","M",197,113717,173.2
,"75-84 years","75-84","Missouri","29","2010","2010","Female","F",215,159339,134.9
,"75-84 years","75-84","Missouri","29","2010","2010","Male","M",193,114686,168.3
,"75-84 years","75-84","Missouri","29","2011","2011","Female","F",241,159300,151.3
,"75-84 years","75-84","Missouri","29","2011","2011","Male","M",208,116449,178.6
,"75-84 years","75-84","Missouri","29","2012","2012","Female","F",241,158594,152.0
,"75-84 years","75-84","Missouri","29","2012","2012","Male","M",222,117013,189.7
,"75-84 years","75-84","Missouri","29","2013","2013","Female","F",253,159122,159.0
,"75-84 years","75-84","Missouri","29","2013","2013","Male","M",275,119096,230.9
,"75-84 years","75-84","Missouri","29","2014","2014","Female","F",292,160618,181.8
,"75-84 years","75-84","Missouri","29","2014","2014","Male","M",257,121099,212.2
,"75-84 years","75-84","Missouri","29","2015","2015","Female","F",330,162025,203.7
,"75-84 years","75-84","Missouri","29","2015","2015","Male","M",319,123205,258.9
,"75-84 years","75-84","Missouri","29","2016","2016","Female","F",329,164215,200.3
,"75-84 years","75-84","Missouri","29","2016","2016","Male","M",309,125536,246.1
,"75-84 years","75-84","Missouri","29","2017","2017","Female","F",368,168227,218.8
,"75-84 years","75-84","Missouri","29","2017","2017","Male","M",340,129474,262.6
,"75-84 years","75-84","Missouri","29","2018","2018","Female","F",340,174445,194.9
,"75-84 years","75-84","Missouri","29","2018","2018","Male","M",360,135058,266.6
,"75-84 years","75-84","Missouri","29","2019","2019","Female","F",345,179201,192.5
,"75-84 years","75-84","Missouri","29","2019","2019","Male","M",332,139140,238.6
,"75-84 years","75-84","Missouri","29","2020","2020","Female","F",344,182921,188.1
,"75-84 years","75-84","Missouri","29","2020","2020","Male","M",401,142452,281.5
,"75-84 years","75-84","Montana","30","1999","1999","Female","F",63,24781,254.2
,"75-84 years","75-84","Montana","30","1999","1999","Male","M",46,17936,256.5
,"75-84 years","75-84","Montana","30","2000","2000","Female","F",45,24888,180.8
,"75-84 years","75-84","Montana","30","2000","2000","Male","M",47,18205,258.2
,"75-84 years","75-84","Montana","30","2001","2001","Female","F",48,24965,192.3
,"75-84 years","75-84","Montana","30","2001","2001","Male","M",53,18543,285.8
,"75-84 years","75-84","Montana","30","2002","2002","Female","F",50,25007,199.9
,"75-84 years","75-84","Montana","30","2002","2002","Male","M",33,18676,176.7
,"75-84 years","75-84","Montana","30","2003","2003","Female","F",56,25076,223.3
,"75-84 years","75-84","Montana","30","2003","2003","Male","M",26,18980,137.0
,"75-84 years","75-84","Montana","30","2004","2004","Female","F",55,25201,218.2
,"75-84 years","75-84","Montana","30","2004","2004","Male","M",44,19308,227.9
,"75-84 years","75-84","Montana","30","2005","2005","Female","F",43,25310,169.9
,"75-84 years","75-84","Montana","30","2005","2005","Male","M",45,19685,228.6
,"75-84 years","75-84","Montana","30","2006","2006","Female","F",43,25451,169.0
,"75-84 years","75-84","Montana","30","2006","2006","Male","M",40,20044,199.6
,"75-84 years","75-84","Montana","30","2007","2007","Female","F",41,25452,161.1
,"75-84 years","75-84","Montana","30","2007","2007","Male","M",49,20175,242.9
,"75-84 years","75-84","Montana","30","2008","2008","Female","F",51,25327,201.4
,"75-84 years","75-84","Montana","30","2008","2008","Male","M",42,20371,206.2
,"75-84 years","75-84","Montana","30","2009","2009","Female","F",42,25109,167.3
,"75-84 years","75-84","Montana","30","2009","2009","Male","M",40,20553,194.6
,"75-84 years","75-84","Montana","30","2010","2010","Female","F",41,25211,162.6
,"75-84 years","75-84","Montana","30","2010","2010","Male","M",43,20768,207.0
,"75-84 years","75-84","Montana","30","2011","2011","Female","F",31,25362,122.2
,"75-84 years","75-84","Montana","30","2011","2011","Male","M",41,21235,193.1
,"75-84 years","75-84","Montana","30","2012","2012","Female","F",31,25638,120.9
,"75-84 years","75-84","Montana","30","2012","2012","Male","M",36,21828,164.9
,"75-84 years","75-84","Montana","30","2013","2013","Female","F",42,26038,161.3
,"75-84 years","75-84","Montana","30","2013","2013","Male","M",45,22316,201.6
,"75-84 years","75-84","Montana","30","2014","2014","Female","F",39,26442,147.5
,"75-84 years","75-84","Montana","30","2014","2014","Male","M",42,22993,182.7
,"75-84 years","75-84","Montana","30","2015","2015","Female","F",29,26797,108.2
,"75-84 years","75-84","Montana","30","2015","2015","Male","M",47,23728,198.1
,"75-84 years","75-84","Montana","30","2016","2016","Female","F",53,27490,192.8
,"75-84 years","75-84","Montana","30","2016","2016","Male","M",37,24648,150.1
,"75-84 years","75-84","Montana","30","2017","2017","Female","F",36,27949,128.8
,"75-84 years","75-84","Montana","30","2017","2017","Male","M",57,25393,224.5
,"75-84 years","75-84","Montana","30","2018","2018","Female","F",41,29558,138.7
,"75-84 years","75-84","Montana","30","2018","2018","Male","M",57,27066,210.6
,"75-84 years","75-84","Montana","30","2019","2019","Female","F",40,30760,130.0
,"75-84 years","75-84","Montana","30","2019","2019","Male","M",49,28191,173.8
,"75-84 years","75-84","Montana","30","2020","2020","Female","F",56,31580,177.3
,"75-84 years","75-84","Montana","30","2020","2020","Male","M",53,29166,181.7
,"75-84 years","75-84","Nebraska","31","1999","1999","Female","F",108,49616,217.7
,"75-84 years","75-84","Nebraska","31","1999","1999","Male","M",73,32640,223.7
,"75-84 years","75-84","Nebraska","31","2000","2000","Female","F",86,49540,173.6
,"75-84 years","75-84","Nebraska","31","2000","2000","Male","M",84,33003,254.5
,"75-84 years","75-84","Nebraska","31","2001","2001","Female","F",91,49740,183.0
,"75-84 years","75-84","Nebraska","31","2001","2001","Male","M",89,33785,263.4
,"75-84 years","75-84","Nebraska","31","2002","2002","Female","F",91,49837,182.6
,"75-84 years","75-84","Nebraska","31","2002","2002","Male","M",68,34234,198.6
,"75-84 years","75-84","Nebraska","31","2003","2003","Female","F",76,49661,153.0
,"75-84 years","75-84","Nebraska","31","2003","2003","Male","M",74,34604,213.8
,"75-84 years","75-84","Nebraska","31","2004","2004","Female","F",82,49872,164.4
,"75-84 years","75-84","Nebraska","31","2004","2004","Male","M",72,34927,206.1
,"75-84 years","75-84","Nebraska","31","2005","2005","Female","F",93,49821,186.7
,"75-84 years","75-84","Nebraska","31","2005","2005","Male","M",68,35285,192.7
,"75-84 years","75-84","Nebraska","31","2006","2006","Female","F",91,49892,182.4
,"75-84 years","75-84","Nebraska","31","2006","2006","Male","M",78,35541,219.5
,"75-84 years","75-84","Nebraska","31","2007","2007","Female","F",72,49593,145.2
,"75-84 years","75-84","Nebraska","31","2007","2007","Male","M",63,35556,177.2
,"75-84 years","75-84","Nebraska","31","2008","2008","Female","F",54,49383,109.3
,"75-84 years","75-84","Nebraska","31","2008","2008","Male","M",69,35529,194.2
,"75-84 years","75-84","Nebraska","31","2009","2009","Female","F",75,48852,153.5
,"75-84 years","75-84","Nebraska","31","2009","2009","Male","M",52,35311,147.3
,"75-84 years","75-84","Nebraska","31","2010","2010","Female","F",58,48794,118.9
,"75-84 years","75-84","Nebraska","31","2010","2010","Male","M",63,35449,177.7
,"75-84 years","75-84","Nebraska","31","2011","2011","Female","F",57,48284,118.1
,"75-84 years","75-84","Nebraska","31","2011","2011","Male","M",45,35490,126.8
,"75-84 years","75-84","Nebraska","31","2012","2012","Female","F",62,47998,129.2
,"75-84 years","75-84","Nebraska","31","2012","2012","Male","M",67,35641,188.0
,"75-84 years","75-84","Nebraska","31","2013","2013","Female","F",53,47694,111.1
,"75-84 years","75-84","Nebraska","31","2013","2013","Male","M",76,35896,211.7
,"75-84 years","75-84","Nebraska","31","2014","2014","Female","F",47,47700,98.5
,"75-84 years","75-84","Nebraska","31","2014","2014","Male","M",66,36093,182.9
,"75-84 years","75-84","Nebraska","31","2015","2015","Female","F",80,47649,167.9
,"75-84 years","75-84","Nebraska","31","2015","2015","Male","M",64,36357,176.0
,"75-84 years","75-84","Nebraska","31","2016","2016","Female","F",59,47868,123.3
,"75-84 years","75-84","Nebraska","31","2016","2016","Male","M",60,36493,164.4
,"75-84 years","75-84","Nebraska","31","2017","2017","Female","F",62,48175,128.7
,"75-84 years","75-84","Nebraska","31","2017","2017","Male","M",55,37222,147.8
,"75-84 years","75-84","Nebraska","31","2018","2018","Female","F",63,49397,127.5
,"75-84 years","75-84","Nebraska","31","2018","2018","Male","M",67,38664,173.3
,"75-84 years","75-84","Nebraska","31","2019","2019","Female","F",68,50562,134.5
,"75-84 years","75-84","Nebraska","31","2019","2019","Male","M",89,39930,222.9
,"75-84 years","75-84","Nebraska","31","2020","2020","Female","F",80,51101,156.6
,"75-84 years","75-84","Nebraska","31","2020","2020","Male","M",92,40691,226.1
,"75-84 years","75-84","Nevada","32","1999","1999","Female","F",74,37914,195.2
,"75-84 years","75-84","Nevada","32","1999","1999","Male","M",64,30067,212.9
,"75-84 years","75-84","Nevada","32","2000","2000","Female","F",63,39006,161.5
,"75-84 years","75-84","Nevada","32","2000","2000","Male","M",73,31159,234.3
,"75-84 years","75-84","Nevada","32","2001","2001","Female","F",79,41767,189.1
,"75-84 years","75-84","Nevada","32","2001","2001","Male","M",75,33477,224.0
,"75-84 years","75-84","Nevada","32","2002","2002","Female","F",86,43724,196.7
,"75-84 years","75-84","Nevada","32","2002","2002","Male","M",80,35203,227.3
,"75-84 years","75-84","Nevada","32","2003","2003","Female","F",102,45549,223.9
,"75-84 years","75-84","Nevada","32","2003","2003","Male","M",71,36940,192.2
,"75-84 years","75-84","Nevada","32","2004","2004","Female","F",108,46884,230.4
,"75-84 years","75-84","Nevada","32","2004","2004","Male","M",96,38757,247.7
,"75-84 years","75-84","Nevada","32","2005","2005","Female","F",106,48026,220.7
,"75-84 years","75-84","Nevada","32","2005","2005","Male","M",120,40038,299.7
,"75-84 years","75-84","Nevada","32","2006","2006","Female","F",97,49023,197.9
,"75-84 years","75-84","Nevada","32","2006","2006","Male","M",92,40817,225.4
,"75-84 years","75-84","Nevada","32","2007","2007","Female","F",65,49336,131.7
,"75-84 years","75-84","Nevada","32","2007","2007","Male","M",105,41776,251.3
,"75-84 years","75-84","Nevada","32","2008","2008","Female","F",63,49962,126.1
,"75-84 years","75-84","Nevada","32","2008","2008","Male","M",57,42723,133.4
,"75-84 years","75-84","Nevada","32","2009","2009","Female","F",57,50749,112.3
,"75-84 years","75-84","Nevada","32","2009","2009","Male","M",67,43783,153.0
,"75-84 years","75-84","Nevada","32","2010","2010","Female","F",51,51529,99.0
,"75-84 years","75-84","Nevada","32","2010","2010","Male","M",51,44862,113.7
,"75-84 years","75-84","Nevada","32","2011","2011","Female","F",52,52798,98.5
,"75-84 years","75-84","Nevada","32","2011","2011","Male","M",47,46732,100.6
,"75-84 years","75-84","Nevada","32","2012","2012","Female","F",44,54586,80.6
,"75-84 years","75-84","Nevada","32","2012","2012","Male","M",54,48623,111.1
,"75-84 years","75-84","Nevada","32","2013","2013","Female","F",37,56939,65.0
,"75-84 years","75-84","Nevada","32","2013","2013","Male","M",61,50726,120.3
,"75-84 years","75-84","Nevada","32","2014","2014","Female","F",56,59618,93.9
,"75-84 years","75-84","Nevada","32","2014","2014","Male","M",73,53502,136.4
,"75-84 years","75-84","Nevada","32","2015","2015","Female","F",69,62131,111.1
,"75-84 years","75-84","Nevada","32","2015","2015","Male","M",93,56228,165.4
,"75-84 years","75-84","Nevada","32","2016","2016","Female","F",55,65227,84.3
,"75-84 years","75-84","Nevada","32","2016","2016","Male","M",86,58780,146.3
,"75-84 years","75-84","Nevada","32","2017","2017","Female","F",80,68715,116.4
,"75-84 years","75-84","Nevada","32","2017","2017","Male","M",109,62485,174.4
,"75-84 years","75-84","Nevada","32","2018","2018","Female","F",89,73160,121.7
,"75-84 years","75-84","Nevada","32","2018","2018","Male","M",116,66407,174.7
,"75-84 years","75-84","Nevada","32","2019","2019","Female","F",99,77657,127.5
,"75-84 years","75-84","Nevada","32","2019","2019","Male","M",120,70136,171.1
,"75-84 years","75-84","Nevada","32","2020","2020","Female","F",128,82428,155.3
,"75-84 years","75-84","Nevada","32","2020","2020","Male","M",130,73862,176.0
,"75-84 years","75-84","New Hampshire","33","1999","1999","Female","F",23,30607,75.1
,"75-84 years","75-84","New Hampshire","33","1999","1999","Male","M",14,20130,Unreliable
,"75-84 years","75-84","New Hampshire","33","2000","2000","Female","F",18,30892,Unreliable
,"75-84 years","75-84","New Hampshire","33","2000","2000","Male","M",21,20520,102.3
,"75-84 years","75-84","New Hampshire","33","2001","2001","Female","F",24,31273,76.7
,"75-84 years","75-84","New Hampshire","33","2001","2001","Male","M",15,20919,Unreliable
,"75-84 years","75-84","New Hampshire","33","2002","2002","Female","F",26,31788,81.8
,"75-84 years","75-84","New Hampshire","33","2002","2002","Male","M",18,21380,Unreliable
,"75-84 years","75-84","New Hampshire","33","2003","2003","Female","F",32,32213,99.3
,"75-84 years","75-84","New Hampshire","33","2003","2003","Male","M",25,21757,114.9
,"75-84 years","75-84","New Hampshire","33","2004","2004","Female","F",32,32573,98.2
,"75-84 years","75-84","New Hampshire","33","2004","2004","Male","M",36,22324,161.3
,"75-84 years","75-84","New Hampshire","33","2005","2005","Female","F",32,32733,97.8
,"75-84 years","75-84","New Hampshire","33","2005","2005","Male","M",23,22677,101.4
,"75-84 years","75-84","New Hampshire","33","2006","2006","Female","F",53,32797,161.6
,"75-84 years","75-84","New Hampshire","33","2006","2006","Male","M",40,23084,173.3
,"75-84 years","75-84","New Hampshire","33","2007","2007","Female","F",47,32858,143.0
,"75-84 years","75-84","New Hampshire","33","2007","2007","Male","M",28,23545,118.9
,"75-84 years","75-84","New Hampshire","33","2008","2008","Female","F",41,32790,125.0
,"75-84 years","75-84","New Hampshire","33","2008","2008","Male","M",35,23906,146.4
,"75-84 years","75-84","New Hampshire","33","2009","2009","Female","F",44,32499,135.4
,"75-84 years","75-84","New Hampshire","33","2009","2009","Male","M",31,24199,128.1
,"75-84 years","75-84","New Hampshire","33","2010","2010","Female","F",45,32376,139.0
,"75-84 years","75-84","New Hampshire","33","2010","2010","Male","M",38,24369,155.9
,"75-84 years","75-84","New Hampshire","33","2011","2011","Female","F",41,32518,126.1
,"75-84 years","75-84","New Hampshire","33","2011","2011","Male","M",26,24914,104.4
,"75-84 years","75-84","New Hampshire","33","2012","2012","Female","F",39,32398,120.4
,"75-84 years","75-84","New Hampshire","33","2012","2012","Male","M",33,25252,130.7
,"75-84 years","75-84","New Hampshire","33","2013","2013","Female","F",37,32873,112.6
,"75-84 years","75-84","New Hampshire","33","2013","2013","Male","M",49,25720,190.5
,"75-84 years","75-84","New Hampshire","33","2014","2014","Female","F",40,33033,121.1
,"75-84 years","75-84","New Hampshire","33","2014","2014","Male","M",31,26290,117.9
,"75-84 years","75-84","New Hampshire","33","2015","2015","Female","F",42,33450,125.6
,"75-84 years","75-84","New Hampshire","33","2015","2015","Male","M",44,26990,163.0
,"75-84 years","75-84","New Hampshire","33","2016","2016","Female","F",53,34149,155.2
,"75-84 years","75-84","New Hampshire","33","2016","2016","Male","M",55,27671,198.8
,"75-84 years","75-84","New Hampshire","33","2017","2017","Female","F",57,35377,161.1
,"75-84 years","75-84","New Hampshire","33","2017","2017","Male","M",54,28955,186.5
,"75-84 years","75-84","New Hampshire","33","2018","2018","Female","F",52,37376,139.1
,"75-84 years","75-84","New Hampshire","33","2018","2018","Male","M",64,30848,207.5
,"75-84 years","75-84","New Hampshire","33","2019","2019","Female","F",63,38770,162.5
,"75-84 years","75-84","New Hampshire","33","2019","2019","Male","M",48,32184,149.1
,"75-84 years","75-84","New Hampshire","33","2020","2020","Female","F",58,40177,144.4
,"75-84 years","75-84","New Hampshire","33","2020","2020","Male","M",65,33445,194.3
,"75-84 years","75-84","New Jersey","34","1999","1999","Female","F",316,245740,128.6
,"75-84 years","75-84","New Jersey","34","1999","1999","Male","M",241,151937,158.6
,"75-84 years","75-84","New Jersey","34","2000","2000","Female","F",319,248617,128.3
,"75-84 years","75-84","New Jersey","34","2000","2000","Male","M",281,153851,182.6
,"75-84 years","75-84","New Jersey","34","2001","2001","Female","F",296,251039,117.9
,"75-84 years","75-84","New Jersey","34","2001","2001","Male","M",261,157099,166.1
,"75-84 years","75-84","New Jersey","34","2002","2002","Female","F",286,252333,113.3
,"75-84 years","75-84","New Jersey","34","2002","2002","Male","M",237,159678,148.4
,"75-84 years","75-84","New Jersey","34","2003","2003","Female","F",313,252610,123.9
,"75-84 years","75-84","New Jersey","34","2003","2003","Male","M",243,161044,150.9
,"75-84 years","75-84","New Jersey","34","2004","2004","Female","F",298,252267,118.1
,"75-84 years","75-84","New Jersey","34","2004","2004","Male","M",232,162433,142.8
,"75-84 years","75-84","New Jersey","34","2005","2005","Female","F",291,250153,116.3
,"75-84 years","75-84","New Jersey","34","2005","2005","Male","M",258,162853,158.4
,"75-84 years","75-84","New Jersey","34","2006","2006","Female","F",263,247246,106.4
,"75-84 years","75-84","New Jersey","34","2006","2006","Male","M",228,162581,140.2
,"75-84 years","75-84","New Jersey","34","2007","2007","Female","F",273,244974,111.4
,"75-84 years","75-84","New Jersey","34","2007","2007","Male","M",209,162001,129.0
,"75-84 years","75-84","New Jersey","34","2008","2008","Female","F",244,241250,101.1
,"75-84 years","75-84","New Jersey","34","2008","2008","Male","M",222,161509,137.5
,"75-84 years","75-84","New Jersey","34","2009","2009","Female","F",257,237586,108.2
,"75-84 years","75-84","New Jersey","34","2009","2009","Male","M",242,160082,151.2
,"75-84 years","75-84","New Jersey","34","2010","2010","Female","F",248,235121,105.5
,"75-84 years","75-84","New Jersey","34","2010","2010","Male","M",213,159827,133.3
,"75-84 years","75-84","New Jersey","34","2011","2011","Female","F",238,232151,102.5
,"75-84 years","75-84","New Jersey","34","2011","2011","Male","M",203,159852,127.0
,"75-84 years","75-84","New Jersey","34","2012","2012","Female","F",237,230333,102.9
,"75-84 years","75-84","New Jersey","34","2012","2012","Male","M",208,159953,130.0
,"75-84 years","75-84","New Jersey","34","2013","2013","Female","F",225,229270,98.1
,"75-84 years","75-84","New Jersey","34","2013","2013","Male","M",221,160776,137.5
,"75-84 years","75-84","New Jersey","34","2014","2014","Female","F",224,229137,97.8
,"75-84 years","75-84","New Jersey","34","2014","2014","Male","M",222,162315,136.8
,"75-84 years","75-84","New Jersey","34","2015","2015","Female","F",214,229690,93.2
,"75-84 years","75-84","New Jersey","34","2015","2015","Male","M",276,163489,168.8
,"75-84 years","75-84","New Jersey","34","2016","2016","Female","F",244,231490,105.4
,"75-84 years","75-84","New Jersey","34","2016","2016","Male","M",262,165777,158.0
,"75-84 years","75-84","New Jersey","34","2017","2017","Female","F",271,239539,113.1
,"75-84 years","75-84","New Jersey","34","2017","2017","Male","M",286,172552,165.7
,"75-84 years","75-84","New Jersey","34","2018","2018","Female","F",326,246734,132.1
,"75-84 years","75-84","New Jersey","34","2018","2018","Male","M",337,179402,187.8
,"75-84 years","75-84","New Jersey","34","2019","2019","Female","F",332,254106,130.7
,"75-84 years","75-84","New Jersey","34","2019","2019","Male","M",342,185459,184.4
,"75-84 years","75-84","New Jersey","34","2020","2020","Female","F",321,259279,123.8
,"75-84 years","75-84","New Jersey","34","2020","2020","Male","M",350,189971,184.2
,"75-84 years","75-84","New Mexico","35","1999","1999","Female","F",49,39846,123.0
,"75-84 years","75-84","New Mexico","35","1999","1999","Male","M",45,29645,151.8
,"75-84 years","75-84","New Mexico","35","2000","2000","Female","F",51,40816,125.0
,"75-84 years","75-84","New Mexico","35","2000","2000","Male","M",41,30358,135.1
,"75-84 years","75-84","New Mexico","35","2001","2001","Female","F",54,42196,128.0
,"75-84 years","75-84","New Mexico","35","2001","2001","Male","M",51,31355,162.7
,"75-84 years","75-84","New Mexico","35","2002","2002","Female","F",57,43128,132.2
,"75-84 years","75-84","New Mexico","35","2002","2002","Male","M",51,32149,158.6
,"75-84 years","75-84","New Mexico","35","2003","2003","Female","F",53,44123,120.1
,"75-84 years","75-84","New Mexico","35","2003","2003","Male","M",50,32968,151.7
,"75-84 years","75-84","New Mexico","35","2004","2004","Female","F",49,44706,109.6
,"75-84 years","75-84","New Mexico","35","2004","2004","Male","M",63,33683,187.0
,"75-84 years","75-84","New Mexico","35","2005","2005","Female","F",74,45573,162.4
,"75-84 years","75-84","New Mexico","35","2005","2005","Male","M",59,34758,169.7
,"75-84 years","75-84","New Mexico","35","2006","2006","Female","F",71,46492,152.7
,"75-84 years","75-84","New Mexico","35","2006","2006","Male","M",61,35535,171.7
,"75-84 years","75-84","New Mexico","35","2007","2007","Female","F",70,46888,149.3
,"75-84 years","75-84","New Mexico","35","2007","2007","Male","M",51,36414,140.1
,"75-84 years","75-84","New Mexico","35","2008","2008","Female","F",65,47275,137.5
,"75-84 years","75-84","New Mexico","35","2008","2008","Male","M",46,37047,124.2
,"75-84 years","75-84","New Mexico","35","2009","2009","Female","F",56,47601,117.6
,"75-84 years","75-84","New Mexico","35","2009","2009","Male","M",52,37682,138.0
,"75-84 years","75-84","New Mexico","35","2010","2010","Female","F",60,48081,124.8
,"75-84 years","75-84","New Mexico","35","2010","2010","Male","M",42,38387,109.4
,"75-84 years","75-84","New Mexico","35","2011","2011","Female","F",59,48901,120.7
,"75-84 years","75-84","New Mexico","35","2011","2011","Male","M",43,39537,108.8
,"75-84 years","75-84","New Mexico","35","2012","2012","Female","F",52,49583,104.9
,"75-84 years","75-84","New Mexico","35","2012","2012","Male","M",55,40374,136.2
,"75-84 years","75-84","New Mexico","35","2013","2013","Female","F",55,50693,108.5
,"75-84 years","75-84","New Mexico","35","2013","2013","Male","M",45,41455,108.6
,"75-84 years","75-84","New Mexico","35","2014","2014","Female","F",53,52050,101.8
,"75-84 years","75-84","New Mexico","35","2014","2014","Male","M",50,42592,117.4
,"75-84 years","75-84","New Mexico","35","2015","2015","Female","F",61,52959,115.2
,"75-84 years","75-84","New Mexico","35","2015","2015","Male","M",55,43582,126.2
,"75-84 years","75-84","New Mexico","35","2016","2016","Female","F",70,54597,128.2
,"75-84 years","75-84","New Mexico","35","2016","2016","Male","M",65,44935,144.7
,"75-84 years","75-84","New Mexico","35","2017","2017","Female","F",70,55650,125.8
,"75-84 years","75-84","New Mexico","35","2017","2017","Male","M",50,46164,108.3
,"75-84 years","75-84","New Mexico","35","2018","2018","Female","F",69,58430,118.1
,"75-84 years","75-84","New Mexico","35","2018","2018","Male","M",55,48704,112.9
,"75-84 years","75-84","New Mexico","35","2019","2019","Female","F",76,60973,124.6
,"75-84 years","75-84","New Mexico","35","2019","2019","Male","M",79,50741,155.7
,"75-84 years","75-84","New Mexico","35","2020","2020","Female","F",70,63048,111.0
,"75-84 years","75-84","New Mexico","35","2020","2020","Male","M",73,52818,138.2
,"75-84 years","75-84","New York","36","1999","1999","Female","F",644,524588,122.8
,"75-84 years","75-84","New York","36","1999","1999","Male","M",479,324665,147.5
,"75-84 years","75-84","New York","36","2000","2000","Female","F",634,533004,118.9
,"75-84 years","75-84","New York","36","2000","2000","Male","M",519,327814,158.3
,"75-84 years","75-84","New York","36","2001","2001","Female","F",643,541388,118.8
,"75-84 years","75-84","New York","36","2001","2001","Male","M",475,336577,141.1
,"75-84 years","75-84","New York","36","2002","2002","Female","F",539,546277,98.7
,"75-84 years","75-84","New York","36","2002","2002","Male","M",462,343519,134.5
,"75-84 years","75-84","New York","36","2003","2003","Female","F",570,547715,104.1
,"75-84 years","75-84","New York","36","2003","2003","Male","M",491,348398,140.9
,"75-84 years","75-84","New York","36","2004","2004","Female","F",609,549374,110.9
,"75-84 years","75-84","New York","36","2004","2004","Male","M",471,352481,133.6
,"75-84 years","75-84","New York","36","2005","2005","Female","F",586,545944,107.3
,"75-84 years","75-84","New York","36","2005","2005","Male","M",468,354554,132.0
,"75-84 years","75-84","New York","36","2006","2006","Female","F",560,538881,103.9
,"75-84 years","75-84","New York","36","2006","2006","Male","M",456,353841,128.9
,"75-84 years","75-84","New York","36","2007","2007","Female","F",543,534333,101.6
,"75-84 years","75-84","New York","36","2007","2007","Male","M",444,354008,125.4
,"75-84 years","75-84","New York","36","2008","2008","Female","F",490,527235,92.9
,"75-84 years","75-84","New York","36","2008","2008","Male","M",430,352086,122.1
,"75-84 years","75-84","New York","36","2009","2009","Female","F",459,519125,88.4
,"75-84 years","75-84","New York","36","2009","2009","Male","M",412,350336,117.6
,"75-84 years","75-84","New York","36","2010","2010","Female","F",440,515425,85.4
,"75-84 years","75-84","New York","36","2010","2010","Male","M",429,351042,122.2
,"75-84 years","75-84","New York","36","2011","2011","Female","F",506,511042,99.0
,"75-84 years","75-84","New York","36","2011","2011","Male","M",383,351806,108.9
,"75-84 years","75-84","New York","36","2012","2012","Female","F",465,508847,91.4
,"75-84 years","75-84","New York","36","2012","2012","Male","M",459,353283,129.9
,"75-84 years","75-84","New York","36","2013","2013","Female","F",529,507917,104.2
,"75-84 years","75-84","New York","36","2013","2013","Male","M",494,356152,138.7
,"75-84 years","75-84","New York","36","2014","2014","Female","F",473,507984,93.1
,"75-84 years","75-84","New York","36","2014","2014","Male","M",470,359031,130.9
,"75-84 years","75-84","New York","36","2015","2015","Female","F",483,508822,94.9
,"75-84 years","75-84","New York","36","2015","2015","Male","M",483,361974,133.4
,"75-84 years","75-84","New York","36","2016","2016","Female","F",511,513913,99.4
,"75-84 years","75-84","New York","36","2016","2016","Male","M",517,367156,140.8
,"75-84 years","75-84","New York","36","2017","2017","Female","F",512,536242,95.5
,"75-84 years","75-84","New York","36","2017","2017","Male","M",507,384660,131.8
,"75-84 years","75-84","New York","36","2018","2018","Female","F",538,550988,97.6
,"75-84 years","75-84","New York","36","2018","2018","Male","M",574,397107,144.5
,"75-84 years","75-84","New York","36","2019","2019","Female","F",545,566795,96.2
,"75-84 years","75-84","New York","36","2019","2019","Male","M",530,409428,129.4
,"75-84 years","75-84","New York","36","2020","2020","Female","F",537,577688,93.0
,"75-84 years","75-84","New York","36","2020","2020","Male","M",594,418640,141.9
,"75-84 years","75-84","North Carolina","37","1999","1999","Female","F",299,204263,146.4
,"75-84 years","75-84","North Carolina","37","1999","1999","Male","M",188,121999,154.1
,"75-84 years","75-84","North Carolina","37","2000","2000","Female","F",284,205638,138.1
,"75-84 years","75-84","North Carolina","37","2000","2000","Male","M",218,124172,175.6
,"75-84 years","75-84","North Carolina","37","2001","2001","Female","F",320,209476,152.8
,"75-84 years","75-84","North Carolina","37","2001","2001","Male","M",239,128556,185.9
,"75-84 years","75-84","North Carolina","37","2002","2002","Female","F",290,213187,136.0
,"75-84 years","75-84","North Carolina","37","2002","2002","Male","M",204,132621,153.8
,"75-84 years","75-84","North Carolina","37","2003","2003","Female","F",356,216535,164.4
,"75-84 years","75-84","North Carolina","37","2003","2003","Male","M",236,136162,173.3
,"75-84 years","75-84","North Carolina","37","2004","2004","Female","F",342,219141,156.1
,"75-84 years","75-84","North Carolina","37","2004","2004","Male","M",226,139460,162.1
,"75-84 years","75-84","North Carolina","37","2005","2005","Female","F",294,221006,133.0
,"75-84 years","75-84","North Carolina","37","2005","2005","Male","M",240,142707,168.2
,"75-84 years","75-84","North Carolina","37","2006","2006","Female","F",316,224475,140.8
,"75-84 years","75-84","North Carolina","37","2006","2006","Male","M",261,146838,177.7
,"75-84 years","75-84","North Carolina","37","2007","2007","Female","F",273,226094,120.7
,"75-84 years","75-84","North Carolina","37","2007","2007","Male","M",235,149721,157.0
,"75-84 years","75-84","North Carolina","37","2008","2008","Female","F",267,228563,116.8
,"75-84 years","75-84","North Carolina","37","2008","2008","Male","M",242,153275,157.9
,"75-84 years","75-84","North Carolina","37","2009","2009","Female","F",266,228483,116.4
,"75-84 years","75-84","North Carolina","37","2009","2009","Male","M",258,155567,165.8
,"75-84 years","75-84","North Carolina","37","2010","2010","Female","F",294,230497,127.6
,"75-84 years","75-84","North Carolina","37","2010","2010","Male","M",227,158554,143.2
,"75-84 years","75-84","North Carolina","37","2011","2011","Female","F",309,234423,131.8
,"75-84 years","75-84","North Carolina","37","2011","2011","Male","M",242,163980,147.6
,"75-84 years","75-84","North Carolina","37","2012","2012","Female","F",268,237896,112.7
,"75-84 years","75-84","North Carolina","37","2012","2012","Male","M",250,167980,148.8
,"75-84 years","75-84","North Carolina","37","2013","2013","Female","F",318,241897,131.5
,"75-84 years","75-84","North Carolina","37","2013","2013","Male","M",269,172768,155.7
,"75-84 years","75-84","North Carolina","37","2014","2014","Female","F",313,246619,126.9
,"75-84 years","75-84","North Carolina","37","2014","2014","Male","M",329,178578,184.2
,"75-84 years","75-84","North Carolina","37","2015","2015","Female","F",387,252071,153.5
,"75-84 years","75-84","North Carolina","37","2015","2015","Male","M",355,184283,192.6
,"75-84 years","75-84","North Carolina","37","2016","2016","Female","F",386,258883,149.1
,"75-84 years","75-84","North Carolina","37","2016","2016","Male","M",386,190959,202.1
,"75-84 years","75-84","North Carolina","37","2017","2017","Female","F",452,267654,168.9
,"75-84 years","75-84","North Carolina","37","2017","2017","Male","M",411,199365,206.2
,"75-84 years","75-84","North Carolina","37","2018","2018","Female","F",509,281004,181.1
,"75-84 years","75-84","North Carolina","37","2018","2018","Male","M",478,212054,225.4
,"75-84 years","75-84","North Carolina","37","2019","2019","Female","F",540,292600,184.6
,"75-84 years","75-84","North Carolina","37","2019","2019","Male","M",509,222592,228.7
,"75-84 years","75-84","North Carolina","37","2020","2020","Female","F",555,303889,182.6
,"75-84 years","75-84","North Carolina","37","2020","2020","Male","M",553,231930,238.4
,"75-84 years","75-84","North Dakota","38","1999","1999","Female","F",25,19887,125.7
,"75-84 years","75-84","North Dakota","38","1999","1999","Male","M",28,13864,202.0
,"75-84 years","75-84","North Dakota","38","2000","2000","Female","F",14,19871,Unreliable
,"75-84 years","75-84","North Dakota","38","2000","2000","Male","M",16,13980,Unreliable
,"75-84 years","75-84","North Dakota","38","2001","2001","Female","F",13,19856,Unreliable
,"75-84 years","75-84","North Dakota","38","2001","2001","Male","M",14,14176,Unreliable
,"75-84 years","75-84","North Dakota","38","2002","2002","Female","F",12,19678,Unreliable
,"75-84 years","75-84","North Dakota","38","2002","2002","Male","M",14,14323,Unreliable
,"75-84 years","75-84","North Dakota","38","2003","2003","Female","F",Suppressed,19628,Suppressed
,"75-84 years","75-84","North Dakota","38","2003","2003","Male","M",Suppressed,14401,Suppressed
,"75-84 years","75-84","North Dakota","38","2004","2004","Female","F",12,19877,Unreliable
,"75-84 years","75-84","North Dakota","38","2004","2004","Male","M",Suppressed,14616,Suppressed
,"75-84 years","75-84","North Dakota","38","2005","2005","Female","F",10,19871,Unreliable
,"75-84 years","75-84","North Dakota","38","2005","2005","Male","M",10,14689,Unreliable
,"75-84 years","75-84","North Dakota","38","2006","2006","Female","F",Suppressed,19761,Suppressed
,"75-84 years","75-84","North Dakota","38","2006","2006","Male","M",15,14604,Unreliable
,"75-84 years","75-84","North Dakota","38","2007","2007","Female","F",Suppressed,19717,Suppressed
,"75-84 years","75-84","North Dakota","38","2007","2007","Male","M",10,14494,Unreliable
,"75-84 years","75-84","North Dakota","38","2008","2008","Female","F",19,19599,Unreliable
,"75-84 years","75-84","North Dakota","38","2008","2008","Male","M",17,14638,Unreliable
,"75-84 years","75-84","North Dakota","38","2009","2009","Female","F",15,19532,Unreliable
,"75-84 years","75-84","North Dakota","38","2009","2009","Male","M",20,14404,138.9
,"75-84 years","75-84","North Dakota","38","2010","2010","Female","F",17,19477,Unreliable
,"75-84 years","75-84","North Dakota","38","2010","2010","Male","M",15,14439,Unreliable
,"75-84 years","75-84","North Dakota","38","2011","2011","Female","F",12,19279,Unreliable
,"75-84 years","75-84","North Dakota","38","2011","2011","Male","M",18,14275,Unreliable
,"75-84 years","75-84","North Dakota","38","2012","2012","Female","F",11,19098,Unreliable
,"75-84 years","75-84","North Dakota","38","2012","2012","Male","M",20,14270,140.2
,"75-84 years","75-84","North Dakota","38","2013","2013","Female","F",19,18930,Unreliable
,"75-84 years","75-84","North Dakota","38","2013","2013","Male","M",22,14220,154.7
,"75-84 years","75-84","North Dakota","38","2014","2014","Female","F",13,18674,Unreliable
,"75-84 years","75-84","North Dakota","38","2014","2014","Male","M",24,14156,169.5
,"75-84 years","75-84","North Dakota","38","2015","2015","Female","F",25,18502,135.1
,"75-84 years","75-84","North Dakota","38","2015","2015","Male","M",20,14097,141.9
,"75-84 years","75-84","North Dakota","38","2016","2016","Female","F",22,18397,119.6
,"75-84 years","75-84","North Dakota","38","2016","2016","Male","M",20,14245,140.4
,"75-84 years","75-84","North Dakota","38","2017","2017","Female","F",15,18378,Unreliable
,"75-84 years","75-84","North Dakota","38","2017","2017","Male","M",25,14431,173.2
,"75-84 years","75-84","North Dakota","38","2018","2018","Female","F",22,18636,118.1
,"75-84 years","75-84","North Dakota","38","2018","2018","Male","M",17,14983,Unreliable
,"75-84 years","75-84","North Dakota","38","2019","2019","Female","F",26,18908,137.5
,"75-84 years","75-84","North Dakota","38","2019","2019","Male","M",27,15460,174.6
,"75-84 years","75-84","North Dakota","38","2020","2020","Female","F",33,19113,172.7
,"75-84 years","75-84","North Dakota","38","2020","2020","Male","M",30,15737,190.6
,"75-84 years","75-84","Ohio","39","1999","1999","Female","F",537,330885,162.3
,"75-84 years","75-84","Ohio","39","1999","1999","Male","M",406,204831,198.2
,"75-84 years","75-84","Ohio","39","2000","2000","Female","F",574,333132,172.3
,"75-84 years","75-84","Ohio","39","2000","2000","Male","M",370,207577,178.2
,"75-84 years","75-84","Ohio","39","2001","2001","Female","F",573,336181,170.4
,"75-84 years","75-84","Ohio","39","2001","2001","Male","M",415,212436,195.4
,"75-84 years","75-84","Ohio","39","2002","2002","Female","F",572,338456,169.0
,"75-84 years","75-84","Ohio","39","2002","2002","Male","M",400,217054,184.3
,"75-84 years","75-84","Ohio","39","2003","2003","Female","F",591,339842,173.9
,"75-84 years","75-84","Ohio","39","2003","2003","Male","M",408,220104,185.4
,"75-84 years","75-84","Ohio","39","2004","2004","Female","F",514,338929,151.7
,"75-84 years","75-84","Ohio","39","2004","2004","Male","M",393,221654,177.3
,"75-84 years","75-84","Ohio","39","2005","2005","Female","F",474,337894,140.3
,"75-84 years","75-84","Ohio","39","2005","2005","Male","M",353,223148,158.2
,"75-84 years","75-84","Ohio","39","2006","2006","Female","F",455,335403,135.7
,"75-84 years","75-84","Ohio","39","2006","2006","Male","M",317,224354,141.3
,"75-84 years","75-84","Ohio","39","2007","2007","Female","F",333,331945,100.3
,"75-84 years","75-84","Ohio","39","2007","2007","Male","M",286,224277,127.5
,"75-84 years","75-84","Ohio","39","2008","2008","Female","F",385,327461,117.6
,"75-84 years","75-84","Ohio","39","2008","2008","Male","M",262,223255,117.4
,"75-84 years","75-84","Ohio","39","2009","2009","Female","F",350,320975,109.0
,"75-84 years","75-84","Ohio","39","2009","2009","Male","M",313,221549,141.3
,"75-84 years","75-84","Ohio","39","2010","2010","Female","F",400,319196,125.3
,"75-84 years","75-84","Ohio","39","2010","2010","Male","M",337,222156,151.7
,"75-84 years","75-84","Ohio","39","2011","2011","Female","F",383,316721,120.9
,"75-84 years","75-84","Ohio","39","2011","2011","Male","M",334,223377,149.5
,"75-84 years","75-84","Ohio","39","2012","2012","Female","F",389,314444,123.7
,"75-84 years","75-84","Ohio","39","2012","2012","Male","M",349,223295,156.3
,"75-84 years","75-84","Ohio","39","2013","2013","Female","F",418,313543,133.3
,"75-84 years","75-84","Ohio","39","2013","2013","Male","M",357,225192,158.5
,"75-84 years","75-84","Ohio","39","2014","2014","Female","F",466,314414,148.2
,"75-84 years","75-84","Ohio","39","2014","2014","Male","M",423,228068,185.5
,"75-84 years","75-84","Ohio","39","2015","2015","Female","F",491,314999,155.9
,"75-84 years","75-84","Ohio","39","2015","2015","Male","M",464,230204,201.6
,"75-84 years","75-84","Ohio","39","2016","2016","Female","F",521,318103,163.8
,"75-84 years","75-84","Ohio","39","2016","2016","Male","M",509,233349,218.1
,"75-84 years","75-84","Ohio","39","2017","2017","Female","F",535,325465,164.4
,"75-84 years","75-84","Ohio","39","2017","2017","Male","M",535,240650,222.3
,"75-84 years","75-84","Ohio","39","2018","2018","Female","F",583,337317,172.8
,"75-84 years","75-84","Ohio","39","2018","2018","Male","M",523,250993,208.4
,"75-84 years","75-84","Ohio","39","2019","2019","Female","F",612,344102,177.9
,"75-84 years","75-84","Ohio","39","2019","2019","Male","M",628,256703,244.6
,"75-84 years","75-84","Ohio","39","2020","2020","Female","F",637,347975,183.1
,"75-84 years","75-84","Ohio","39","2020","2020","Male","M",630,260817,241.5
,"75-84 years","75-84","Oklahoma","40","1999","1999","Female","F",220,93941,234.2
,"75-84 years","75-84","Oklahoma","40","1999","1999","Male","M",157,61206,256.5
,"75-84 years","75-84","Oklahoma","40","2000","2000","Female","F",233,94164,247.4
,"75-84 years","75-84","Oklahoma","40","2000","2000","Male","M",181,62112,291.4
,"75-84 years","75-84","Oklahoma","40","2001","2001","Female","F",201,94870,211.9
,"75-84 years","75-84","Oklahoma","40","2001","2001","Male","M",166,63603,261.0
,"75-84 years","75-84","Oklahoma","40","2002","2002","Female","F",200,95119,210.3
,"75-84 years","75-84","Oklahoma","40","2002","2002","Male","M",163,64576,252.4
,"75-84 years","75-84","Oklahoma","40","2003","2003","Female","F",209,95257,219.4
,"75-84 years","75-84","Oklahoma","40","2003","2003","Male","M",153,65220,234.6
,"75-84 years","75-84","Oklahoma","40","2004","2004","Female","F",203,95281,213.1
,"75-84 years","75-84","Oklahoma","40","2004","2004","Male","M",150,65921,227.5
,"75-84 years","75-84","Oklahoma","40","2005","2005","Female","F",243,94835,256.2
,"75-84 years","75-84","Oklahoma","40","2005","2005","Male","M",177,66785,265.0
,"75-84 years","75-84","Oklahoma","40","2006","2006","Female","F",238,95182,250.0
,"75-84 years","75-84","Oklahoma","40","2006","2006","Male","M",190,67635,280.9
,"75-84 years","75-84","Oklahoma","40","2007","2007","Female","F",248,94807,261.6
,"75-84 years","75-84","Oklahoma","40","2007","2007","Male","M",212,67907,312.2
,"75-84 years","75-84","Oklahoma","40","2008","2008","Female","F",244,94691,257.7
,"75-84 years","75-84","Oklahoma","40","2008","2008","Male","M",211,68139,309.7
,"75-84 years","75-84","Oklahoma","40","2009","2009","Female","F",211,94275,223.8
,"75-84 years","75-84","Oklahoma","40","2009","2009","Male","M",209,68418,305.5
,"75-84 years","75-84","Oklahoma","40","2010","2010","Female","F",229,94896,241.3
,"75-84 years","75-84","Oklahoma","40","2010","2010","Male","M",201,69439,289.5
,"75-84 years","75-84","Oklahoma","40","2011","2011","Female","F",179,95282,187.9
,"75-84 years","75-84","Oklahoma","40","2011","2011","Male","M",155,70671,219.3
,"75-84 years","75-84","Oklahoma","40","2012","2012","Female","F",178,95036,187.3
,"75-84 years","75-84","Oklahoma","40","2012","2012","Male","M",112,71205,157.3
,"75-84 years","75-84","Oklahoma","40","2013","2013","Female","F",163,95849,170.1
,"75-84 years","75-84","Oklahoma","40","2013","2013","Male","M",142,72794,195.1
,"75-84 years","75-84","Oklahoma","40","2014","2014","Female","F",215,97256,221.1
,"75-84 years","75-84","Oklahoma","40","2014","2014","Male","M",169,74485,226.9
,"75-84 years","75-84","Oklahoma","40","2015","2015","Female","F",214,98619,217.0
,"75-84 years","75-84","Oklahoma","40","2015","2015","Male","M",202,76005,265.8
,"75-84 years","75-84","Oklahoma","40","2016","2016","Female","F",192,100194,191.6
,"75-84 years","75-84","Oklahoma","40","2016","2016","Male","M",152,77484,196.2
,"75-84 years","75-84","Oklahoma","40","2017","2017","Female","F",216,101760,212.3
,"75-84 years","75-84","Oklahoma","40","2017","2017","Male","M",183,78965,231.7
,"75-84 years","75-84","Oklahoma","40","2018","2018","Female","F",228,105433,216.3
,"75-84 years","75-84","Oklahoma","40","2018","2018","Male","M",245,82278,297.8
,"75-84 years","75-84","Oklahoma","40","2019","2019","Female","F",210,108266,194.0
,"75-84 years","75-84","Oklahoma","40","2019","2019","Male","M",279,84653,329.6
,"75-84 years","75-84","Oklahoma","40","2020","2020","Female","F",317,111000,285.6
,"75-84 years","75-84","Oklahoma","40","2020","2020","Male","M",279,86625,322.1
,"75-84 years","75-84","Oregon","41","1999","1999","Female","F",133,94247,141.1
,"75-84 years","75-84","Oregon","41","1999","1999","Male","M",115,66016,174.2
,"75-84 years","75-84","Oregon","41","2000","2000","Female","F",133,94873,140.2
,"75-84 years","75-84","Oregon","41","2000","2000","Male","M",122,66531,183.4
,"75-84 years","75-84","Oregon","41","2001","2001","Female","F",162,95813,169.1
,"75-84 years","75-84","Oregon","41","2001","2001","Male","M",107,67891,157.6
,"75-84 years","75-84","Oregon","41","2002","2002","Female","F",132,96788,136.4
,"75-84 years","75-84","Oregon","41","2002","2002","Male","M",126,69394,181.6
,"75-84 years","75-84","Oregon","41","2003","2003","Female","F",133,97055,137.0
,"75-84 years","75-84","Oregon","41","2003","2003","Male","M",110,69975,157.2
,"75-84 years","75-84","Oregon","41","2004","2004","Female","F",139,97452,142.6
,"75-84 years","75-84","Oregon","41","2004","2004","Male","M",107,70453,151.9
,"75-84 years","75-84","Oregon","41","2005","2005","Female","F",127,97528,130.2
,"75-84 years","75-84","Oregon","41","2005","2005","Male","M",107,71092,150.5
,"75-84 years","75-84","Oregon","41","2006","2006","Female","F",137,97198,140.9
,"75-84 years","75-84","Oregon","41","2006","2006","Male","M",111,71523,155.2
,"75-84 years","75-84","Oregon","41","2007","2007","Female","F",130,96403,134.9
,"75-84 years","75-84","Oregon","41","2007","2007","Male","M",102,71666,142.3
,"75-84 years","75-84","Oregon","41","2008","2008","Female","F",122,95358,127.9
,"75-84 years","75-84","Oregon","41","2008","2008","Male","M",99,71545,138.4
,"75-84 years","75-84","Oregon","41","2009","2009","Female","F",93,94021,98.9
,"75-84 years","75-84","Oregon","41","2009","2009","Male","M",98,71642,136.8
,"75-84 years","75-84","Oregon","41","2010","2010","Female","F",110,93507,117.6
,"75-84 years","75-84","Oregon","41","2010","2010","Male","M",102,72113,141.4
,"75-84 years","75-84","Oregon","41","2011","2011","Female","F",113,93496,120.9
,"75-84 years","75-84","Oregon","41","2011","2011","Male","M",119,73303,162.3
,"75-84 years","75-84","Oregon","41","2012","2012","Female","F",106,94024,112.7
,"75-84 years","75-84","Oregon","41","2012","2012","Male","M",103,74705,137.9
,"75-84 years","75-84","Oregon","41","2013","2013","Female","F",126,95057,132.6
,"75-84 years","75-84","Oregon","41","2013","2013","Male","M",112,76513,146.4
,"75-84 years","75-84","Oregon","41","2014","2014","Female","F",89,97102,91.7
,"75-84 years","75-84","Oregon","41","2014","2014","Male","M",132,79237,166.6
,"75-84 years","75-84","Oregon","41","2015","2015","Female","F",133,99337,133.9
,"75-84 years","75-84","Oregon","41","2015","2015","Male","M",126,82104,153.5
,"75-84 years","75-84","Oregon","41","2016","2016","Female","F",143,102702,139.2
,"75-84 years","75-84","Oregon","41","2016","2016","Male","M",142,85275,166.5
,"75-84 years","75-84","Oregon","41","2017","2017","Female","F",143,105356,135.7
,"75-84 years","75-84","Oregon","41","2017","2017","Male","M",153,88303,173.3
,"75-84 years","75-84","Oregon","41","2018","2018","Female","F",136,112055,121.4
,"75-84 years","75-84","Oregon","41","2018","2018","Male","M",173,94419,183.2
,"75-84 years","75-84","Oregon","41","2019","2019","Female","F",136,117651,115.6
,"75-84 years","75-84","Oregon","41","2019","2019","Male","M",140,99293,141.0
,"75-84 years","75-84","Oregon","41","2020","2020","Female","F",170,122660,138.6
,"75-84 years","75-84","Oregon","41","2020","2020","Male","M",197,103818,189.8
,"75-84 years","75-84","Pennsylvania","42","1999","1999","Female","F",646,437115,147.8
,"75-84 years","75-84","Pennsylvania","42","1999","1999","Male","M",513,269126,190.6
,"75-84 years","75-84","Pennsylvania","42","2000","2000","Female","F",690,439943,156.8
,"75-84 years","75-84","Pennsylvania","42","2000","2000","Male","M",507,272383,186.1
,"75-84 years","75-84","Pennsylvania","42","2001","2001","Female","F",642,442106,145.2
,"75-84 years","75-84","Pennsylvania","42","2001","2001","Male","M",533,277765,191.9
,"75-84 years","75-84","Pennsylvania","42","2002","2002","Female","F",671,443166,151.4
,"75-84 years","75-84","Pennsylvania","42","2002","2002","Male","M",516,281893,183.0
,"75-84 years","75-84","Pennsylvania","42","2003","2003","Female","F",668,442864,150.8
,"75-84 years","75-84","Pennsylvania","42","2003","2003","Male","M",505,284855,177.3
,"75-84 years","75-84","Pennsylvania","42","2004","2004","Female","F",692,439590,157.4
,"75-84 years","75-84","Pennsylvania","42","2004","2004","Male","M",511,285700,178.9
,"75-84 years","75-84","Pennsylvania","42","2005","2005","Female","F",649,435637,149.0
,"75-84 years","75-84","Pennsylvania","42","2005","2005","Male","M",517,286094,180.7
,"75-84 years","75-84","Pennsylvania","42","2006","2006","Female","F",656,431263,152.1
,"75-84 years","75-84","Pennsylvania","42","2006","2006","Male","M",488,285121,171.2
,"75-84 years","75-84","Pennsylvania","42","2007","2007","Female","F",559,424408,131.7
,"75-84 years","75-84","Pennsylvania","42","2007","2007","Male","M",456,283566,160.8
,"75-84 years","75-84","Pennsylvania","42","2008","2008","Female","F",542,415632,130.4
,"75-84 years","75-84","Pennsylvania","42","2008","2008","Male","M",448,280777,159.6
,"75-84 years","75-84","Pennsylvania","42","2009","2009","Female","F",510,404612,126.0
,"75-84 years","75-84","Pennsylvania","42","2009","2009","Male","M",453,276557,163.8
,"75-84 years","75-84","Pennsylvania","42","2010","2010","Female","F",487,399272,122.0
,"75-84 years","75-84","Pennsylvania","42","2010","2010","Male","M",418,274821,152.1
,"75-84 years","75-84","Pennsylvania","42","2011","2011","Female","F",532,391703,135.8
,"75-84 years","75-84","Pennsylvania","42","2011","2011","Male","M",439,273587,160.5
,"75-84 years","75-84","Pennsylvania","42","2012","2012","Female","F",485,385953,125.7
,"75-84 years","75-84","Pennsylvania","42","2012","2012","Male","M",414,271860,152.3
,"75-84 years","75-84","Pennsylvania","42","2013","2013","Female","F",488,380101,128.4
,"75-84 years","75-84","Pennsylvania","42","2013","2013","Male","M",444,271333,163.6
,"75-84 years","75-84","Pennsylvania","42","2014","2014","Female","F",515,378026,136.2
,"75-84 years","75-84","Pennsylvania","42","2014","2014","Male","M",453,272597,166.2
,"75-84 years","75-84","Pennsylvania","42","2015","2015","Female","F",547,375837,145.5
,"75-84 years","75-84","Pennsylvania","42","2015","2015","Male","M",510,273495,186.5
,"75-84 years","75-84","Pennsylvania","42","2016","2016","Female","F",561,375829,149.3
,"75-84 years","75-84","Pennsylvania","42","2016","2016","Male","M",546,276418,197.5
,"75-84 years","75-84","Pennsylvania","42","2017","2017","Female","F",626,382033,163.9
,"75-84 years","75-84","Pennsylvania","42","2017","2017","Male","M",608,282941,214.9
,"75-84 years","75-84","Pennsylvania","42","2018","2018","Female","F",644,395575,162.8
,"75-84 years","75-84","Pennsylvania","42","2018","2018","Male","M",610,295062,206.7
,"75-84 years","75-84","Pennsylvania","42","2019","2019","Female","F",688,404042,170.3
,"75-84 years","75-84","Pennsylvania","42","2019","2019","Male","M",645,303115,212.8
,"75-84 years","75-84","Pennsylvania","42","2020","2020","Female","F",650,409133,158.9
,"75-84 years","75-84","Pennsylvania","42","2020","2020","Male","M",687,308656,222.6
,"75-84 years","75-84","Rhode Island","44","1999","1999","Female","F",21,35590,59.0
,"75-84 years","75-84","Rhode Island","44","1999","1999","Male","M",14,21666,Unreliable
,"75-84 years","75-84","Rhode Island","44","2000","2000","Female","F",26,35792,72.6
,"75-84 years","75-84","Rhode Island","44","2000","2000","Male","M",13,22029,Unreliable
,"75-84 years","75-84","Rhode Island","44","2001","2001","Female","F",24,35979,66.7
,"75-84 years","75-84","Rhode Island","44","2001","2001","Male","M",21,22458,93.5
,"75-84 years","75-84","Rhode Island","44","2002","2002","Female","F",26,36142,71.9
,"75-84 years","75-84","Rhode Island","44","2002","2002","Male","M",15,22765,Unreliable
,"75-84 years","75-84","Rhode Island","44","2003","2003","Female","F",31,35885,86.4
,"75-84 years","75-84","Rhode Island","44","2003","2003","Male","M",14,22746,Unreliable
,"75-84 years","75-84","Rhode Island","44","2004","2004","Female","F",21,35605,59.0
,"75-84 years","75-84","Rhode Island","44","2004","2004","Male","M",10,22822,Unreliable
,"75-84 years","75-84","Rhode Island","44","2005","2005","Female","F",28,35097,79.8
,"75-84 years","75-84","Rhode Island","44","2005","2005","Male","M",22,22430,98.1
,"75-84 years","75-84","Rhode Island","44","2006","2006","Female","F",33,34486,95.7
,"75-84 years","75-84","Rhode Island","44","2006","2006","Male","M",24,22178,108.2
,"75-84 years","75-84","Rhode Island","44","2007","2007","Female","F",25,33416,74.8
,"75-84 years","75-84","Rhode Island","44","2007","2007","Male","M",17,21494,Unreliable
,"75-84 years","75-84","Rhode Island","44","2008","2008","Female","F",29,32554,89.1
,"75-84 years","75-84","Rhode Island","44","2008","2008","Male","M",17,21050,Unreliable
,"75-84 years","75-84","Rhode Island","44","2009","2009","Female","F",17,31535,Unreliable
,"75-84 years","75-84","Rhode Island","44","2009","2009","Male","M",19,20720,Unreliable
,"75-84 years","75-84","Rhode Island","44","2010","2010","Female","F",16,30771,Unreliable
,"75-84 years","75-84","Rhode Island","44","2010","2010","Male","M",22,20481,107.4
,"75-84 years","75-84","Rhode Island","44","2011","2011","Female","F",31,29953,103.5
,"75-84 years","75-84","Rhode Island","44","2011","2011","Male","M",20,20197,99.0
,"75-84 years","75-84","Rhode Island","44","2012","2012","Female","F",18,29221,Unreliable
,"75-84 years","75-84","Rhode Island","44","2012","2012","Male","M",22,19809,111.1
,"75-84 years","75-84","Rhode Island","44","2013","2013","Female","F",23,28632,80.3
,"75-84 years","75-84","Rhode Island","44","2013","2013","Male","M",18,19717,Unreliable
,"75-84 years","75-84","Rhode Island","44","2014","2014","Female","F",29,28366,102.2
,"75-84 years","75-84","Rhode Island","44","2014","2014","Male","M",28,19821,141.3
,"75-84 years","75-84","Rhode Island","44","2015","2015","Female","F",27,28148,95.9
,"75-84 years","75-84","Rhode Island","44","2015","2015","Male","M",32,20061,159.5
,"75-84 years","75-84","Rhode Island","44","2016","2016","Female","F",30,28338,105.9
,"75-84 years","75-84","Rhode Island","44","2016","2016","Male","M",25,20333,123.0
,"75-84 years","75-84","Rhode Island","44","2017","2017","Female","F",39,28758,135.6
,"75-84 years","75-84","Rhode Island","44","2017","2017","Male","M",24,20923,114.7
,"75-84 years","75-84","Rhode Island","44","2018","2018","Female","F",37,29816,124.1
,"75-84 years","75-84","Rhode Island","44","2018","2018","Male","M",35,21991,159.2
,"75-84 years","75-84","Rhode Island","44","2019","2019","Female","F",28,30655,91.3
,"75-84 years","75-84","Rhode Island","44","2019","2019","Male","M",47,22720,206.9
,"75-84 years","75-84","Rhode Island","44","2020","2020","Female","F",33,31536,104.6
,"75-84 years","75-84","Rhode Island","44","2020","2020","Male","M",32,23652,135.3
,"75-84 years","75-84","South Carolina","45","1999","1999","Female","F",222,100399,221.1
,"75-84 years","75-84","South Carolina","45","1999","1999","Male","M",117,61421,190.5
,"75-84 years","75-84","South Carolina","45","2000","2000","Female","F",185,102231,181.0
,"75-84 years","75-84","South Carolina","45","2000","2000","Male","M",125,62785,199.1
,"75-84 years","75-84","South Carolina","45","2001","2001","Female","F",175,104266,167.8
,"75-84 years","75-84","South Carolina","45","2001","2001","Male","M",149,64657,230.4
,"75-84 years","75-84","South Carolina","45","2002","2002","Female","F",183,105555,173.4
,"75-84 years","75-84","South Carolina","45","2002","2002","Male","M",133,65905,201.8
,"75-84 years","75-84","South Carolina","45","2003","2003","Female","F",211,106835,197.5
,"75-84 years","75-84","South Carolina","45","2003","2003","Male","M",149,67469,220.8
,"75-84 years","75-84","South Carolina","45","2004","2004","Female","F",196,107696,182.0
,"75-84 years","75-84","South Carolina","45","2004","2004","Male","M",149,69039,215.8
,"75-84 years","75-84","South Carolina","45","2005","2005","Female","F",204,107979,188.9
,"75-84 years","75-84","South Carolina","45","2005","2005","Male","M",185,70726,261.6
,"75-84 years","75-84","South Carolina","45","2006","2006","Female","F",193,109215,176.7
,"75-84 years","75-84","South Carolina","45","2006","2006","Male","M",160,73032,219.1
,"75-84 years","75-84","South Carolina","45","2007","2007","Female","F",193,110017,175.4
,"75-84 years","75-84","South Carolina","45","2007","2007","Male","M",136,74250,183.2
,"75-84 years","75-84","South Carolina","45","2008","2008","Female","F",167,111221,150.2
,"75-84 years","75-84","South Carolina","45","2008","2008","Male","M",143,76339,187.3
,"75-84 years","75-84","South Carolina","45","2009","2009","Female","F",149,111259,133.9
,"75-84 years","75-84","South Carolina","45","2009","2009","Male","M",129,78015,165.4
,"75-84 years","75-84","South Carolina","45","2010","2010","Female","F",176,112110,157.0
,"75-84 years","75-84","South Carolina","45","2010","2010","Male","M",164,80004,205.0
,"75-84 years","75-84","South Carolina","45","2011","2011","Female","F",181,114323,158.3
,"75-84 years","75-84","South Carolina","45","2011","2011","Male","M",159,83425,190.6
,"75-84 years","75-84","South Carolina","45","2012","2012","Female","F",151,116469,129.6
,"75-84 years","75-84","South Carolina","45","2012","2012","Male","M",169,85822,196.9
,"75-84 years","75-84","South Carolina","45","2013","2013","Female","F",172,118840,144.7
,"75-84 years","75-84","South Carolina","45","2013","2013","Male","M",178,89278,199.4
,"75-84 years","75-84","South Carolina","45","2014","2014","Female","F",196,122191,160.4
,"75-84 years","75-84","South Carolina","45","2014","2014","Male","M",184,93119,197.6
,"75-84 years","75-84","South Carolina","45","2015","2015","Female","F",204,125955,162.0
,"75-84 years","75-84","South Carolina","45","2015","2015","Male","M",179,97101,184.3
,"75-84 years","75-84","South Carolina","45","2016","2016","Female","F",223,130868,170.4
,"75-84 years","75-84","South Carolina","45","2016","2016","Male","M",216,101930,211.9
,"75-84 years","75-84","South Carolina","45","2017","2017","Female","F",204,137094,148.8
,"75-84 years","75-84","South Carolina","45","2017","2017","Male","M",232,107560,215.7
,"75-84 years","75-84","South Carolina","45","2018","2018","Female","F",230,145733,157.8
,"75-84 years","75-84","South Carolina","45","2018","2018","Male","M",258,115376,223.6
,"75-84 years","75-84","South Carolina","45","2019","2019","Female","F",271,152896,177.2
,"75-84 years","75-84","South Carolina","45","2019","2019","Male","M",306,122117,250.6
,"75-84 years","75-84","South Carolina","45","2020","2020","Female","F",287,160516,178.8
,"75-84 years","75-84","South Carolina","45","2020","2020","Male","M",331,128517,257.6
,"75-84 years","75-84","South Dakota","46","1999","1999","Female","F",16,22692,Unreliable
,"75-84 years","75-84","South Dakota","46","1999","1999","Male","M",25,16000,156.2
,"75-84 years","75-84","South Dakota","46","2000","2000","Female","F",44,22667,194.1
,"75-84 years","75-84","South Dakota","46","2000","2000","Male","M",34,16249,209.2
,"75-84 years","75-84","South Dakota","46","2001","2001","Female","F",29,22820,127.1
,"75-84 years","75-84","South Dakota","46","2001","2001","Male","M",22,16502,133.3
,"75-84 years","75-84","South Dakota","46","2002","2002","Female","F",27,22891,118.0
,"75-84 years","75-84","South Dakota","46","2002","2002","Male","M",25,16655,150.1
,"75-84 years","75-84","South Dakota","46","2003","2003","Female","F",19,22833,Unreliable
,"75-84 years","75-84","South Dakota","46","2003","2003","Male","M",21,16882,124.4
,"75-84 years","75-84","South Dakota","46","2004","2004","Female","F",22,22884,96.1
,"75-84 years","75-84","South Dakota","46","2004","2004","Male","M",12,17043,Unreliable
,"75-84 years","75-84","South Dakota","46","2005","2005","Female","F",Suppressed,22910,Suppressed
,"75-84 years","75-84","South Dakota","46","2005","2005","Male","M",Suppressed,17078,Suppressed
,"75-84 years","75-84","South Dakota","46","2006","2006","Female","F",10,23001,Unreliable
,"75-84 years","75-84","South Dakota","46","2006","2006","Male","M",11,17316,Unreliable
,"75-84 years","75-84","South Dakota","46","2007","2007","Female","F",Suppressed,23049,Suppressed
,"75-84 years","75-84","South Dakota","46","2007","2007","Male","M",Suppressed,17327,Suppressed
,"75-84 years","75-84","South Dakota","46","2008","2008","Female","F",26,23091,112.6
,"75-84 years","75-84","South Dakota","46","2008","2008","Male","M",19,17231,Unreliable
,"75-84 years","75-84","South Dakota","46","2009","2009","Female","F",16,22870,Unreliable
,"75-84 years","75-84","South Dakota","46","2009","2009","Male","M",10,16896,Unreliable
,"75-84 years","75-84","South Dakota","46","2010","2010","Female","F",17,22800,Unreliable
,"75-84 years","75-84","South Dakota","46","2010","2010","Male","M",Suppressed,16928,Suppressed
,"75-84 years","75-84","South Dakota","46","2011","2011","Female","F",13,22575,Unreliable
,"75-84 years","75-84","South Dakota","46","2011","2011","Male","M",Suppressed,17187,Suppressed
,"75-84 years","75-84","South Dakota","46","2012","2012","Female","F",12,22584,Unreliable
,"75-84 years","75-84","South Dakota","46","2012","2012","Male","M",Suppressed,17294,Suppressed
,"75-84 years","75-84","South Dakota","46","2013","2013","Female","F",17,22672,Unreliable
,"75-84 years","75-84","South Dakota","46","2013","2013","Male","M",13,17284,Unreliable
,"75-84 years","75-84","South Dakota","46","2014","2014","Female","F",17,22525,Unreliable
,"75-84 years","75-84","South Dakota","46","2014","2014","Male","M",Suppressed,17479,Suppressed
,"75-84 years","75-84","South Dakota","46","2015","2015","Female","F",10,22314,Unreliable
,"75-84 years","75-84","South Dakota","46","2015","2015","Male","M",Suppressed,17607,Suppressed
,"75-84 years","75-84","South Dakota","46","2016","2016","Female","F",15,22058,Unreliable
,"75-84 years","75-84","South Dakota","46","2016","2016","Male","M",19,17767,Unreliable
,"75-84 years","75-84","South Dakota","46","2017","2017","Female","F",18,21817,Unreliable
,"75-84 years","75-84","South Dakota","46","2017","2017","Male","M",17,17797,Unreliable
,"75-84 years","75-84","South Dakota","46","2018","2018","Female","F",18,22371,Unreliable
,"75-84 years","75-84","South Dakota","46","2018","2018","Male","M",23,18442,124.7
,"75-84 years","75-84","South Dakota","46","2019","2019","Female","F",18,22801,Unreliable
,"75-84 years","75-84","South Dakota","46","2019","2019","Male","M",22,18869,116.6
,"75-84 years","75-84","South Dakota","46","2020","2020","Female","F",23,23039,99.8
,"75-84 years","75-84","South Dakota","46","2020","2020","Male","M",26,19241,135.1
,"75-84 years","75-84","Tennessee","47","1999","1999","Female","F",219,148766,147.2
,"75-84 years","75-84","Tennessee","47","1999","1999","Male","M",155,88428,175.3
,"75-84 years","75-84","Tennessee","47","2000","2000","Female","F",210,149429,140.5
,"75-84 years","75-84","Tennessee","47","2000","2000","Male","M",124,89565,138.4
,"75-84 years","75-84","Tennessee","47","2001","2001","Female","F",181,151304,119.6
,"75-84 years","75-84","Tennessee","47","2001","2001","Male","M",128,91783,139.5
,"75-84 years","75-84","Tennessee","47","2002","2002","Female","F",175,152193,115.0
,"75-84 years","75-84","Tennessee","47","2002","2002","Male","M",110,93615,117.5
,"75-84 years","75-84","Tennessee","47","2003","2003","Female","F",179,153558,116.6
,"75-84 years","75-84","Tennessee","47","2003","2003","Male","M",137,95763,143.1
,"75-84 years","75-84","Tennessee","47","2004","2004","Female","F",205,153572,133.5
,"75-84 years","75-84","Tennessee","47","2004","2004","Male","M",106,97292,109.0
,"75-84 years","75-84","Tennessee","47","2005","2005","Female","F",217,154561,140.4
,"75-84 years","75-84","Tennessee","47","2005","2005","Male","M",128,99577,128.5
,"75-84 years","75-84","Tennessee","47","2006","2006","Female","F",239,156126,153.1
,"75-84 years","75-84","Tennessee","47","2006","2006","Male","M",137,102052,134.2
,"75-84 years","75-84","Tennessee","47","2007","2007","Female","F",210,156129,134.5
,"75-84 years","75-84","Tennessee","47","2007","2007","Male","M",124,104028,119.2
,"75-84 years","75-84","Tennessee","47","2008","2008","Female","F",174,156937,110.9
,"75-84 years","75-84","Tennessee","47","2008","2008","Male","M",105,105907,99.1
,"75-84 years","75-84","Tennessee","47","2009","2009","Female","F",160,156716,102.1
,"75-84 years","75-84","Tennessee","47","2009","2009","Male","M",113,107144,105.5
,"75-84 years","75-84","Tennessee","47","2010","2010","Female","F",187,157723,118.6
,"75-84 years","75-84","Tennessee","47","2010","2010","Male","M",121,108748,111.3
,"75-84 years","75-84","Tennessee","47","2011","2011","Female","F",195,159965,121.9
,"75-84 years","75-84","Tennessee","47","2011","2011","Male","M",108,112514,96.0
,"75-84 years","75-84","Tennessee","47","2012","2012","Female","F",176,161389,109.1
,"75-84 years","75-84","Tennessee","47","2012","2012","Male","M",137,114569,119.6
,"75-84 years","75-84","Tennessee","47","2013","2013","Female","F",199,163497,121.7
,"75-84 years","75-84","Tennessee","47","2013","2013","Male","M",176,118118,149.0
,"75-84 years","75-84","Tennessee","47","2014","2014","Female","F",241,166226,145.0
,"75-84 years","75-84","Tennessee","47","2014","2014","Male","M",185,122036,151.6
,"75-84 years","75-84","Tennessee","47","2015","2015","Female","F",255,169433,150.5
,"75-84 years","75-84","Tennessee","47","2015","2015","Male","M",223,125691,177.4
,"75-84 years","75-84","Tennessee","47","2016","2016","Female","F",293,173377,169.0
,"75-84 years","75-84","Tennessee","47","2016","2016","Male","M",205,129559,158.2
,"75-84 years","75-84","Tennessee","47","2017","2017","Female","F",299,177913,168.1
,"75-84 years","75-84","Tennessee","47","2017","2017","Male","M",252,134637,187.2
,"75-84 years","75-84","Tennessee","47","2018","2018","Female","F",339,185646,182.6
,"75-84 years","75-84","Tennessee","47","2018","2018","Male","M",288,142387,202.3
,"75-84 years","75-84","Tennessee","47","2019","2019","Female","F",365,192054,190.1
,"75-84 years","75-84","Tennessee","47","2019","2019","Male","M",355,148174,239.6
,"75-84 years","75-84","Tennessee","47","2020","2020","Female","F",363,197881,183.4
,"75-84 years","75-84","Tennessee","47","2020","2020","Male","M",360,153871,234.0
,"75-84 years","75-84","Texas","48","1999","1999","Female","F",696,412583,168.7
,"75-84 years","75-84","Texas","48","1999","1999","Male","M",532,270227,196.9
,"75-84 years","75-84","Texas","48","2000","2000","Female","F",709,416505,170.2
,"75-84 years","75-84","Texas","48","2000","2000","Male","M",515,275479,186.9
,"75-84 years","75-84","Texas","48","2001","2001","Female","F",785,426978,183.9
,"75-84 years","75-84","Texas","48","2001","2001","Male","M",576,285245,201.9
,"75-84 years","75-84","Texas","48","2002","2002","Female","F",748,434541,172.1
,"75-84 years","75-84","Texas","48","2002","2002","Male","M",639,292973,218.1
,"75-84 years","75-84","Texas","48","2003","2003","Female","F",751,441052,170.3
,"75-84 years","75-84","Texas","48","2003","2003","Male","M",535,300011,178.3
,"75-84 years","75-84","Texas","48","2004","2004","Female","F",739,448300,164.8
,"75-84 years","75-84","Texas","48","2004","2004","Male","M",621,307504,201.9
,"75-84 years","75-84","Texas","48","2005","2005","Female","F",793,456074,173.9
,"75-84 years","75-84","Texas","48","2005","2005","Male","M",575,315476,182.3
,"75-84 years","75-84","Texas","48","2006","2006","Female","F",829,464276,178.6
,"75-84 years","75-84","Texas","48","2006","2006","Male","M",660,324995,203.1
,"75-84 years","75-84","Texas","48","2007","2007","Female","F",796,467061,170.4
,"75-84 years","75-84","Texas","48","2007","2007","Male","M",683,330172,206.9
,"75-84 years","75-84","Texas","48","2008","2008","Female","F",785,470208,166.9
,"75-84 years","75-84","Texas","48","2008","2008","Male","M",681,335437,203.0
,"75-84 years","75-84","Texas","48","2009","2009","Female","F",745,472694,157.6
,"75-84 years","75-84","Texas","48","2009","2009","Male","M",606,341034,177.7
,"75-84 years","75-84","Texas","48","2010","2010","Female","F",733,476892,153.7
,"75-84 years","75-84","Texas","48","2010","2010","Male","M",655,347559,188.5
,"75-84 years","75-84","Texas","48","2011","2011","Female","F",706,485967,145.3
,"75-84 years","75-84","Texas","48","2011","2011","Male","M",641,358697,178.7
,"75-84 years","75-84","Texas","48","2012","2012","Female","F",745,492750,151.2
,"75-84 years","75-84","Texas","48","2012","2012","Male","M",722,366964,196.7
,"75-84 years","75-84","Texas","48","2013","2013","Female","F",719,502826,143.0
,"75-84 years","75-84","Texas","48","2013","2013","Male","M",694,377726,183.7
,"75-84 years","75-84","Texas","48","2014","2014","Female","F",777,514578,151.0
,"75-84 years","75-84","Texas","48","2014","2014","Male","M",697,389500,178.9
,"75-84 years","75-84","Texas","48","2015","2015","Female","F",774,525995,147.1
,"75-84 years","75-84","Texas","48","2015","2015","Male","M",814,401438,202.8
,"75-84 years","75-84","Texas","48","2016","2016","Female","F",790,542337,145.7
,"75-84 years","75-84","Texas","48","2016","2016","Male","M",833,414664,200.9
,"75-84 years","75-84","Texas","48","2017","2017","Female","F",820,558077,146.9
,"75-84 years","75-84","Texas","48","2017","2017","Male","M",856,430008,199.1
,"75-84 years","75-84","Texas","48","2018","2018","Female","F",906,582762,155.5
,"75-84 years","75-84","Texas","48","2018","2018","Male","M",914,452530,202.0
,"75-84 years","75-84","Texas","48","2019","2019","Female","F",1018,608101,167.4
,"75-84 years","75-84","Texas","48","2019","2019","Male","M",1005,472641,212.6
,"75-84 years","75-84","Texas","48","2020","2020","Female","F",1070,628515,170.2
,"75-84 years","75-84","Texas","48","2020","2020","Male","M",1121,491326,228.2
,"75-84 years","75-84","Utah","49","1999","1999","Female","F",71,37973,187.0
,"75-84 years","75-84","Utah","49","1999","1999","Male","M",45,27788,161.9
,"75-84 years","75-84","Utah","49","2000","2000","Female","F",93,38588,241.0
,"75-84 years","75-84","Utah","49","2000","2000","Male","M",62,28335,218.8
,"75-84 years","75-84","Utah","49","2001","2001","Female","F",85,39395,215.8
,"75-84 years","75-84","Utah","49","2001","2001","Male","M",58,29403,197.3
,"75-84 years","75-84","Utah","49","2002","2002","Female","F",88,40026,219.9
,"75-84 years","75-84","Utah","49","2002","2002","Male","M",91,30052,302.8
,"75-84 years","75-84","Utah","49","2003","2003","Female","F",116,40214,288.5
,"75-84 years","75-84","Utah","49","2003","2003","Male","M",72,30446,236.5
,"75-84 years","75-84","Utah","49","2004","2004","Female","F",109,40579,268.6
,"75-84 years","75-84","Utah","49","2004","2004","Male","M",69,31317,220.3
,"75-84 years","75-84","Utah","49","2005","2005","Female","F",102,41616,245.1
,"75-84 years","75-84","Utah","49","2005","2005","Male","M",72,32234,223.4
,"75-84 years","75-84","Utah","49","2006","2006","Female","F",104,42545,244.4
,"75-84 years","75-84","Utah","49","2006","2006","Male","M",92,33370,275.7
,"75-84 years","75-84","Utah","49","2007","2007","Female","F",108,42978,251.3
,"75-84 years","75-84","Utah","49","2007","2007","Male","M",98,33881,289.2
,"75-84 years","75-84","Utah","49","2008","2008","Female","F",83,43251,191.9
,"75-84 years","75-84","Utah","49","2008","2008","Male","M",93,34706,268.0
,"75-84 years","75-84","Utah","49","2009","2009","Female","F",105,43646,240.6
,"75-84 years","75-84","Utah","49","2009","2009","Male","M",80,35351,226.3
,"75-84 years","75-84","Utah","49","2010","2010","Female","F",86,44148,194.8
,"75-84 years","75-84","Utah","49","2010","2010","Male","M",76,36099,210.5
,"75-84 years","75-84","Utah","49","2011","2011","Female","F",110,45105,243.9
,"75-84 years","75-84","Utah","49","2011","2011","Male","M",74,37094,199.5
,"75-84 years","75-84","Utah","49","2012","2012","Female","F",87,45743,190.2
,"75-84 years","75-84","Utah","49","2012","2012","Male","M",79,37959,208.1
,"75-84 years","75-84","Utah","49","2013","2013","Female","F",118,46916,251.5
,"75-84 years","75-84","Utah","49","2013","2013","Male","M",81,39076,207.3
,"75-84 years","75-84","Utah","49","2014","2014","Female","F",119,47898,248.4
,"75-84 years","75-84","Utah","49","2014","2014","Male","M",79,40204,196.5
,"75-84 years","75-84","Utah","49","2015","2015","Female","F",99,49270,200.9
,"75-84 years","75-84","Utah","49","2015","2015","Male","M",99,41327,239.6
,"75-84 years","75-84","Utah","49","2016","2016","Female","F",122,50951,239.4
,"75-84 years","75-84","Utah","49","2016","2016","Male","M",102,42633,239.3
,"75-84 years","75-84","Utah","49","2017","2017","Female","F",137,52620,260.4
,"75-84 years","75-84","Utah","49","2017","2017","Male","M",110,44416,247.7
,"75-84 years","75-84","Utah","49","2018","2018","Female","F",116,55788,207.9
,"75-84 years","75-84","Utah","49","2018","2018","Male","M",114,47043,242.3
,"75-84 years","75-84","Utah","49","2019","2019","Female","F",159,58450,272.0
,"75-84 years","75-84","Utah","49","2019","2019","Male","M",120,49382,243.0
,"75-84 years","75-84","Utah","49","2020","2020","Female","F",162,60676,267.0
,"75-84 years","75-84","Utah","49","2020","2020","Male","M",122,51342,237.6
,"75-84 years","75-84","Vermont","50","1999","1999","Female","F",20,15960,125.3
,"75-84 years","75-84","Vermont","50","1999","1999","Male","M",11,10418,Unreliable
,"75-84 years","75-84","Vermont","50","2000","2000","Female","F",13,16190,Unreliable
,"75-84 years","75-84","Vermont","50","2000","2000","Male","M",13,10641,Unreliable
,"75-84 years","75-84","Vermont","50","2001","2001","Female","F",19,16403,Unreliable
,"75-84 years","75-84","Vermont","50","2001","2001","Male","M",10,10969,Unreliable
,"75-84 years","75-84","Vermont","50","2002","2002","Female","F",12,16565,Unreliable
,"75-84 years","75-84","Vermont","50","2002","2002","Male","M",10,11200,Unreliable
,"75-84 years","75-84","Vermont","50","2003","2003","Female","F",15,16549,Unreliable
,"75-84 years","75-84","Vermont","50","2003","2003","Male","M",11,11494,Unreliable
,"75-84 years","75-84","Vermont","50","2004","2004","Female","F",19,16736,Unreliable
,"75-84 years","75-84","Vermont","50","2004","2004","Male","M",13,11633,Unreliable
,"75-84 years","75-84","Vermont","50","2005","2005","Female","F",15,16835,Unreliable
,"75-84 years","75-84","Vermont","50","2005","2005","Male","M",10,11782,Unreliable
,"75-84 years","75-84","Vermont","50","2006","2006","Female","F",10,16936,Unreliable
,"75-84 years","75-84","Vermont","50","2006","2006","Male","M",Suppressed,11937,Suppressed
,"75-84 years","75-84","Vermont","50","2007","2007","Female","F",Suppressed,16937,Suppressed
,"75-84 years","75-84","Vermont","50","2007","2007","Male","M",Suppressed,12124,Suppressed
,"75-84 years","75-84","Vermont","50","2008","2008","Female","F",Suppressed,16709,Suppressed
,"75-84 years","75-84","Vermont","50","2008","2008","Male","M",Suppressed,12128,Suppressed
,"75-84 years","75-84","Vermont","50","2009","2009","Female","F",15,16401,Unreliable
,"75-84 years","75-84","Vermont","50","2009","2009","Male","M",Suppressed,12212,Suppressed
,"75-84 years","75-84","Vermont","50","2010","2010","Female","F",Suppressed,16452,Suppressed
,"75-84 years","75-84","Vermont","50","2010","2010","Male","M",10,12291,Unreliable
,"75-84 years","75-84","Vermont","50","2011","2011","Female","F",11,16289,Unreliable
,"75-84 years","75-84","Vermont","50","2011","2011","Male","M",Suppressed,12607,Suppressed
,"75-84 years","75-84","Vermont","50","2012","2012","Female","F",10,16347,Unreliable
,"75-84 years","75-84","Vermont","50","2012","2012","Male","M",13,12781,Unreliable
,"75-84 years","75-84","Vermont","50","2013","2013","Female","F",17,16409,Unreliable
,"75-84 years","75-84","Vermont","50","2013","2013","Male","M",Suppressed,12951,Suppressed
,"75-84 years","75-84","Vermont","50","2014","2014","Female","F",Suppressed,16559,Suppressed
,"75-84 years","75-84","Vermont","50","2014","2014","Male","M",11,13216,Unreliable
,"75-84 years","75-84","Vermont","50","2015","2015","Female","F",Suppressed,16800,Suppressed
,"75-84 years","75-84","Vermont","50","2015","2015","Male","M",13,13492,Unreliable
,"75-84 years","75-84","Vermont","50","2016","2016","Female","F",Suppressed,17100,Suppressed
,"75-84 years","75-84","Vermont","50","2016","2016","Male","M",Suppressed,13873,Suppressed
,"75-84 years","75-84","Vermont","50","2017","2017","Female","F",Suppressed,17480,Suppressed
,"75-84 years","75-84","Vermont","50","2017","2017","Male","M",10,14451,Unreliable
,"75-84 years","75-84","Vermont","50","2018","2018","Female","F",18,18475,Unreliable
,"75-84 years","75-84","Vermont","50","2018","2018","Male","M",10,15418,Unreliable
,"75-84 years","75-84","Vermont","50","2019","2019","Female","F",15,19206,Unreliable
,"75-84 years","75-84","Vermont","50","2019","2019","Male","M",Suppressed,16190,Suppressed
,"75-84 years","75-84","Vermont","50","2020","2020","Female","F",12,19859,Unreliable
,"75-84 years","75-84","Vermont","50","2020","2020","Male","M",19,16765,Unreliable
,"75-84 years","75-84","Virginia","51","1999","1999","Female","F",299,165029,181.2
,"75-84 years","75-84","Virginia","51","1999","1999","Male","M",243,102454,237.2
,"75-84 years","75-84","Virginia","51","2000","2000","Female","F",300,167818,178.8
,"75-84 years","75-84","Virginia","51","2000","2000","Male","M",226,104793,215.7
,"75-84 years","75-84","Virginia","51","2001","2001","Female","F",269,171877,156.5
,"75-84 years","75-84","Virginia","51","2001","2001","Male","M",203,108191,187.6
,"75-84 years","75-84","Virginia","51","2002","2002","Female","F",290,174477,166.2
,"75-84 years","75-84","Virginia","51","2002","2002","Male","M",245,110759,221.2
,"75-84 years","75-84","Virginia","51","2003","2003","Female","F",319,176368,180.9
,"75-84 years","75-84","Virginia","51","2003","2003","Male","M",247,113294,218.0
,"75-84 years","75-84","Virginia","51","2004","2004","Female","F",305,177480,171.9
,"75-84 years","75-84","Virginia","51","2004","2004","Male","M",217,115224,188.3
,"75-84 years","75-84","Virginia","51","2005","2005","Female","F",321,179311,179.0
,"75-84 years","75-84","Virginia","51","2005","2005","Male","M",233,118184,197.2
,"75-84 years","75-84","Virginia","51","2006","2006","Female","F",280,179740,155.8
,"75-84 years","75-84","Virginia","51","2006","2006","Male","M",247,120173,205.5
,"75-84 years","75-84","Virginia","51","2007","2007","Female","F",288,178892,161.0
,"75-84 years","75-84","Virginia","51","2007","2007","Male","M",248,121506,204.1
,"75-84 years","75-84","Virginia","51","2008","2008","Female","F",301,178807,168.3
,"75-84 years","75-84","Virginia","51","2008","2008","Male","M",261,123431,211.5
,"75-84 years","75-84","Virginia","51","2009","2009","Female","F",279,177821,156.9
,"75-84 years","75-84","Virginia","51","2009","2009","Male","M",224,124605,179.8
,"75-84 years","75-84","Virginia","51","2010","2010","Female","F",280,178309,157.0
,"75-84 years","75-84","Virginia","51","2010","2010","Male","M",223,126421,176.4
,"75-84 years","75-84","Virginia","51","2011","2011","Female","F",260,179935,144.5
,"75-84 years","75-84","Virginia","51","2011","2011","Male","M",273,129786,210.3
,"75-84 years","75-84","Virginia","51","2012","2012","Female","F",247,181469,136.1
,"75-84 years","75-84","Virginia","51","2012","2012","Male","M",236,132954,177.5
,"75-84 years","75-84","Virginia","51","2013","2013","Female","F",273,184080,148.3
,"75-84 years","75-84","Virginia","51","2013","2013","Male","M",259,137087,188.9
,"75-84 years","75-84","Virginia","51","2014","2014","Female","F",237,187917,126.1
,"75-84 years","75-84","Virginia","51","2014","2014","Male","M",279,141247,197.5
,"75-84 years","75-84","Virginia","51","2015","2015","Female","F",294,192296,152.9
,"75-84 years","75-84","Virginia","51","2015","2015","Male","M",256,145882,175.5
,"75-84 years","75-84","Virginia","51","2016","2016","Female","F",268,197873,135.4
,"75-84 years","75-84","Virginia","51","2016","2016","Male","M",295,151020,195.3
,"75-84 years","75-84","Virginia","51","2017","2017","Female","F",356,205264,173.4
,"75-84 years","75-84","Virginia","51","2017","2017","Male","M",356,158112,225.2
,"75-84 years","75-84","Virginia","51","2018","2018","Female","F",352,216564,162.5
,"75-84 years","75-84","Virginia","51","2018","2018","Male","M",376,167907,223.9
,"75-84 years","75-84","Virginia","51","2019","2019","Female","F",391,226348,172.7
,"75-84 years","75-84","Virginia","51","2019","2019","Male","M",422,175782,240.1
,"75-84 years","75-84","Virginia","51","2020","2020","Female","F",378,234508,161.2
,"75-84 years","75-84","Virginia","51","2020","2020","Male","M",411,182334,225.4
,"75-84 years","75-84","Washington","53","1999","1999","Female","F",117,140766,83.1
,"75-84 years","75-84","Washington","53","1999","1999","Male","M",63,97787,64.4
,"75-84 years","75-84","Washington","53","2000","2000","Female","F",116,142051,81.7
,"75-84 years","75-84","Washington","53","2000","2000","Male","M",84,98846,85.0
,"75-84 years","75-84","Washington","53","2001","2001","Female","F",130,144410,90.0
,"75-84 years","75-84","Washington","53","2001","2001","Male","M",67,100559,66.6
,"75-84 years","75-84","Washington","53","2002","2002","Female","F",130,145604,89.3
,"75-84 years","75-84","Washington","53","2002","2002","Male","M",72,101657,70.8
,"75-84 years","75-84","Washington","53","2003","2003","Female","F",109,145807,74.8
,"75-84 years","75-84","Washington","53","2003","2003","Male","M",74,102402,72.3
,"75-84 years","75-84","Washington","53","2004","2004","Female","F",112,146085,76.7
,"75-84 years","75-84","Washington","53","2004","2004","Male","M",91,103632,87.8
,"75-84 years","75-84","Washington","53","2005","2005","Female","F",147,146018,100.7
,"75-84 years","75-84","Washington","53","2005","2005","Male","M",109,104751,104.1
,"75-84 years","75-84","Washington","53","2006","2006","Female","F",148,145867,101.5
,"75-84 years","75-84","Washington","53","2006","2006","Male","M",94,106475,88.3
,"75-84 years","75-84","Washington","53","2007","2007","Female","F",141,144820,97.4
,"75-84 years","75-84","Washington","53","2007","2007","Male","M",93,107084,86.8
,"75-84 years","75-84","Washington","53","2008","2008","Female","F",134,143587,93.3
,"75-84 years","75-84","Washington","53","2008","2008","Male","M",91,107352,84.8
,"75-84 years","75-84","Washington","53","2009","2009","Female","F",124,142935,86.8
,"75-84 years","75-84","Washington","53","2009","2009","Male","M",61,108645,56.1
,"75-84 years","75-84","Washington","53","2010","2010","Female","F",118,143118,82.4
,"75-84 years","75-84","Washington","53","2010","2010","Male","M",75,110068,68.1
,"75-84 years","75-84","Washington","53","2011","2011","Female","F",93,144647,64.3
,"75-84 years","75-84","Washington","53","2011","2011","Male","M",77,113228,68.0
,"75-84 years","75-84","Washington","53","2012","2012","Female","F",127,145546,87.3
,"75-84 years","75-84","Washington","53","2012","2012","Male","M",98,115554,84.8
,"75-84 years","75-84","Washington","53","2013","2013","Female","F",118,147853,79.8
,"75-84 years","75-84","Washington","53","2013","2013","Male","M",92,119149,77.2
,"75-84 years","75-84","Washington","53","2014","2014","Female","F",105,151029,69.5
,"75-84 years","75-84","Washington","53","2014","2014","Male","M",115,122719,93.7
,"75-84 years","75-84","Washington","53","2015","2015","Female","F",133,154764,85.9
,"75-84 years","75-84","Washington","53","2015","2015","Male","M",134,126994,105.5
,"75-84 years","75-84","Washington","53","2016","2016","Female","F",140,159873,87.6
,"75-84 years","75-84","Washington","53","2016","2016","Male","M",143,132194,108.2
,"75-84 years","75-84","Washington","53","2017","2017","Female","F",172,164731,104.4
,"75-84 years","75-84","Washington","53","2017","2017","Male","M",150,137131,109.4
,"75-84 years","75-84","Washington","53","2018","2018","Female","F",162,175352,92.4
,"75-84 years","75-84","Washington","53","2018","2018","Male","M",142,146689,96.8
,"75-84 years","75-84","Washington","53","2019","2019","Female","F",190,185101,102.6
,"75-84 years","75-84","Washington","53","2019","2019","Male","M",209,154520,135.3
,"75-84 years","75-84","Washington","53","2020","2020","Female","F",201,192835,104.2
,"75-84 years","75-84","Washington","53","2020","2020","Male","M",177,161153,109.8
,"75-84 years","75-84","West Virginia","54","1999","1999","Female","F",145,59111,245.3
,"75-84 years","75-84","West Virginia","54","1999","1999","Male","M",95,36781,258.3
,"75-84 years","75-84","West Virginia","54","2000","2000","Female","F",149,59398,250.9
,"75-84 years","75-84","West Virginia","54","2000","2000","Male","M",86,37255,230.8
,"75-84 years","75-84","West Virginia","54","2001","2001","Female","F",102,59598,171.1
,"75-84 years","75-84","West Virginia","54","2001","2001","Male","M",96,38067,252.2
,"75-84 years","75-84","West Virginia","54","2002","2002","Female","F",128,59816,214.0
,"75-84 years","75-84","West Virginia","54","2002","2002","Male","M",68,39092,173.9
,"75-84 years","75-84","West Virginia","54","2003","2003","Female","F",122,60091,203.0
,"75-84 years","75-84","West Virginia","54","2003","2003","Male","M",76,40074,189.6
,"75-84 years","75-84","West Virginia","54","2004","2004","Female","F",122,59900,203.7
,"75-84 years","75-84","West Virginia","54","2004","2004","Male","M",92,40200,228.9
,"75-84 years","75-84","West Virginia","54","2005","2005","Female","F",112,60030,186.6
,"75-84 years","75-84","West Virginia","54","2005","2005","Male","M",98,40684,240.9
,"75-84 years","75-84","West Virginia","54","2006","2006","Female","F",128,59857,213.8
,"75-84 years","75-84","West Virginia","54","2006","2006","Male","M",92,40925,224.8
,"75-84 years","75-84","West Virginia","54","2007","2007","Female","F",103,59151,174.1
,"75-84 years","75-84","West Virginia","54","2007","2007","Male","M",82,40927,200.4
,"75-84 years","75-84","West Virginia","54","2008","2008","Female","F",99,58888,168.1
,"75-84 years","75-84","West Virginia","54","2008","2008","Male","M",72,40628,177.2
,"75-84 years","75-84","West Virginia","54","2009","2009","Female","F",94,57732,162.8
,"75-84 years","75-84","West Virginia","54","2009","2009","Male","M",92,40120,229.3
,"75-84 years","75-84","West Virginia","54","2010","2010","Female","F",94,57609,163.2
,"75-84 years","75-84","West Virginia","54","2010","2010","Male","M",82,40354,203.2
,"75-84 years","75-84","West Virginia","54","2011","2011","Female","F",123,56984,215.9
,"75-84 years","75-84","West Virginia","54","2011","2011","Male","M",72,40519,177.7
,"75-84 years","75-84","West Virginia","54","2012","2012","Female","F",122,56855,214.6
,"75-84 years","75-84","West Virginia","54","2012","2012","Male","M",84,41047,204.6
,"75-84 years","75-84","West Virginia","54","2013","2013","Female","F",85,56524,150.4
,"75-84 years","75-84","West Virginia","54","2013","2013","Male","M",77,41767,184.4
,"75-84 years","75-84","West Virginia","54","2014","2014","Female","F",85,56509,150.4
,"75-84 years","75-84","West Virginia","54","2014","2014","Male","M",89,42604,208.9
,"75-84 years","75-84","West Virginia","54","2015","2015","Female","F",107,56525,189.3
,"75-84 years","75-84","West Virginia","54","2015","2015","Male","M",90,43135,208.6
,"75-84 years","75-84","West Virginia","54","2016","2016","Female","F",75,57055,131.5
,"75-84 years","75-84","West Virginia","54","2016","2016","Male","M",86,44113,195.0
,"75-84 years","75-84","West Virginia","54","2017","2017","Female","F",82,57857,141.7
,"75-84 years","75-84","West Virginia","54","2017","2017","Male","M",90,45398,198.2
,"75-84 years","75-84","West Virginia","54","2018","2018","Female","F",93,59513,156.3
,"75-84 years","75-84","West Virginia","54","2018","2018","Male","M",85,47628,178.5
,"75-84 years","75-84","West Virginia","54","2019","2019","Female","F",90,60582,148.6
,"75-84 years","75-84","West Virginia","54","2019","2019","Male","M",111,48970,226.7
,"75-84 years","75-84","West Virginia","54","2020","2020","Female","F",88,61122,144.0
,"75-84 years","75-84","West Virginia","54","2020","2020","Male","M",89,49961,178.1
,"75-84 years","75-84","Wisconsin","55","1999","1999","Female","F",247,151603,162.9
,"75-84 years","75-84","Wisconsin","55","1999","1999","Male","M",189,98885,191.1
,"75-84 years","75-84","Wisconsin","55","2000","2000","Female","F",250,151743,164.8
,"75-84 years","75-84","Wisconsin","55","2000","2000","Male","M",183,99878,183.2
,"75-84 years","75-84","Wisconsin","55","2001","2001","Female","F",213,152448,139.7
,"75-84 years","75-84","Wisconsin","55","2001","2001","Male","M",197,101787,193.5
,"75-84 years","75-84","Wisconsin","55","2002","2002","Female","F",221,153660,143.8
,"75-84 years","75-84","Wisconsin","55","2002","2002","Male","M",213,103567,205.7
,"75-84 years","75-84","Wisconsin","55","2003","2003","Female","F",241,154021,156.5
,"75-84 years","75-84","Wisconsin","55","2003","2003","Male","M",230,105103,218.8
,"75-84 years","75-84","Wisconsin","55","2004","2004","Female","F",243,153855,157.9
,"75-84 years","75-84","Wisconsin","55","2004","2004","Male","M",233,106501,218.8
,"75-84 years","75-84","Wisconsin","55","2005","2005","Female","F",226,154298,146.5
,"75-84 years","75-84","Wisconsin","55","2005","2005","Male","M",194,108136,179.4
,"75-84 years","75-84","Wisconsin","55","2006","2006","Female","F",225,153879,146.2
,"75-84 years","75-84","Wisconsin","55","2006","2006","Male","M",205,109211,187.7
,"75-84 years","75-84","Wisconsin","55","2007","2007","Female","F",226,152539,148.2
,"75-84 years","75-84","Wisconsin","55","2007","2007","Male","M",188,109827,171.2
,"75-84 years","75-84","Wisconsin","55","2008","2008","Female","F",164,151222,108.4
,"75-84 years","75-84","Wisconsin","55","2008","2008","Male","M",193,109973,175.5
,"75-84 years","75-84","Wisconsin","55","2009","2009","Female","F",196,149266,131.3
,"75-84 years","75-84","Wisconsin","55","2009","2009","Male","M",173,109547,157.9
,"75-84 years","75-84","Wisconsin","55","2010","2010","Female","F",180,148583,121.1
,"75-84 years","75-84","Wisconsin","55","2010","2010","Male","M",193,109730,175.9
,"75-84 years","75-84","Wisconsin","55","2011","2011","Female","F",185,147753,125.2
,"75-84 years","75-84","Wisconsin","55","2011","2011","Male","M",182,110946,164.0
,"75-84 years","75-84","Wisconsin","55","2012","2012","Female","F",176,148000,118.9
,"75-84 years","75-84","Wisconsin","55","2012","2012","Male","M",192,112159,171.2
,"75-84 years","75-84","Wisconsin","55","2013","2013","Female","F",190,147979,128.4
,"75-84 years","75-84","Wisconsin","55","2013","2013","Male","M",196,113342,172.9
,"75-84 years","75-84","Wisconsin","55","2014","2014","Female","F",190,148369,128.1
,"75-84 years","75-84","Wisconsin","55","2014","2014","Male","M",179,115171,155.4
,"75-84 years","75-84","Wisconsin","55","2015","2015","Female","F",193,148673,129.8
,"75-84 years","75-84","Wisconsin","55","2015","2015","Male","M",205,116538,175.9
,"75-84 years","75-84","Wisconsin","55","2016","2016","Female","F",201,149924,134.1
,"75-84 years","75-84","Wisconsin","55","2016","2016","Male","M",214,118539,180.5
,"75-84 years","75-84","Wisconsin","55","2017","2017","Female","F",196,152078,128.9
,"75-84 years","75-84","Wisconsin","55","2017","2017","Male","M",200,121222,165.0
,"75-84 years","75-84","Wisconsin","55","2018","2018","Female","F",200,158017,126.6
,"75-84 years","75-84","Wisconsin","55","2018","2018","Male","M",212,127197,166.7
,"75-84 years","75-84","Wisconsin","55","2019","2019","Female","F",230,162605,141.4
,"75-84 years","75-84","Wisconsin","55","2019","2019","Male","M",240,131581,182.4
,"75-84 years","75-84","Wisconsin","55","2020","2020","Female","F",235,165704,141.8
,"75-84 years","75-84","Wisconsin","55","2020","2020","Male","M",248,135138,183.5
,"75-84 years","75-84","Wyoming","56","1999","1999","Female","F",23,11115,206.9
,"75-84 years","75-84","Wyoming","56","1999","1999","Male","M",15,8067,Unreliable
,"75-84 years","75-84","Wyoming","56","2000","2000","Female","F",19,11274,Unreliable
,"75-84 years","75-84","Wyoming","56","2000","2000","Male","M",21,8341,251.8
,"75-84 years","75-84","Wyoming","56","2001","2001","Female","F",20,11373,175.9
,"75-84 years","75-84","Wyoming","56","2001","2001","Male","M",15,8601,Unreliable
,"75-84 years","75-84","Wyoming","56","2002","2002","Female","F",21,11422,183.9
,"75-84 years","75-84","Wyoming","56","2002","2002","Male","M",18,8768,Unreliable
,"75-84 years","75-84","Wyoming","56","2003","2003","Female","F",17,11609,Unreliable
,"75-84 years","75-84","Wyoming","56","2003","2003","Male","M",18,9035,Unreliable
,"75-84 years","75-84","Wyoming","56","2004","2004","Female","F",23,11845,194.2
,"75-84 years","75-84","Wyoming","56","2004","2004","Male","M",14,9270,Unreliable
,"75-84 years","75-84","Wyoming","56","2005","2005","Female","F",13,11864,Unreliable
,"75-84 years","75-84","Wyoming","56","2005","2005","Male","M",22,9426,233.4
,"75-84 years","75-84","Wyoming","56","2006","2006","Female","F",17,11799,Unreliable
,"75-84 years","75-84","Wyoming","56","2006","2006","Male","M",27,9499,284.2
,"75-84 years","75-84","Wyoming","56","2007","2007","Female","F",18,11900,Unreliable
,"75-84 years","75-84","Wyoming","56","2007","2007","Male","M",14,9612,Unreliable
,"75-84 years","75-84","Wyoming","56","2008","2008","Female","F",22,11902,184.8
,"75-84 years","75-84","Wyoming","56","2008","2008","Male","M",16,9659,Unreliable
,"75-84 years","75-84","Wyoming","56","2009","2009","Female","F",18,11980,Unreliable
,"75-84 years","75-84","Wyoming","56","2009","2009","Male","M",19,9663,Unreliable
,"75-84 years","75-84","Wyoming","56","2010","2010","Female","F",25,12040,207.6
,"75-84 years","75-84","Wyoming","56","2010","2010","Male","M",15,9880,Unreliable
,"75-84 years","75-84","Wyoming","56","2011","2011","Female","F",15,12207,Unreliable
,"75-84 years","75-84","Wyoming","56","2011","2011","Male","M",14,10049,Unreliable
,"75-84 years","75-84","Wyoming","56","2012","2012","Female","F",16,12455,Unreliable
,"75-84 years","75-84","Wyoming","56","2012","2012","Male","M",17,10318,Unreliable
,"75-84 years","75-84","Wyoming","56","2013","2013","Female","F",15,12642,Unreliable
,"75-84 years","75-84","Wyoming","56","2013","2013","Male","M",20,10490,190.7
,"75-84 years","75-84","Wyoming","56","2014","2014","Female","F",18,12530,Unreliable
,"75-84 years","75-84","Wyoming","56","2014","2014","Male","M",23,10682,215.3
,"75-84 years","75-84","Wyoming","56","2015","2015","Female","F",15,12758,Unreliable
,"75-84 years","75-84","Wyoming","56","2015","2015","Male","M",22,10875,202.3
,"75-84 years","75-84","Wyoming","56","2016","2016","Female","F",18,12917,Unreliable
,"75-84 years","75-84","Wyoming","56","2016","2016","Male","M",19,11120,Unreliable
,"75-84 years","75-84","Wyoming","56","2017","2017","Female","F",18,13494,Unreliable
,"75-84 years","75-84","Wyoming","56","2017","2017","Male","M",21,11660,180.1
,"75-84 years","75-84","Wyoming","56","2018","2018","Female","F",19,14083,Unreliable
,"75-84 years","75-84","Wyoming","56","2018","2018","Male","M",18,12443,Unreliable
,"75-84 years","75-84","Wyoming","56","2019","2019","Female","F",23,14585,157.7
,"75-84 years","75-84","Wyoming","56","2019","2019","Male","M",33,13013,253.6
,"75-84 years","75-84","Wyoming","56","2020","2020","Female","F",24,15211,157.8
,"75-84 years","75-84","Wyoming","56","2020","2020","Male","M",26,13737,189.3
,"85+ years","85+","Alabama","01","1999","1999","Female","F",752,48252,1558.5
,"85+ years","85+","Alabama","01","1999","1999","Male","M",284,17701,1604.4
,"85+ years","85+","Alabama","01","2000","2000","Female","F",792,49319,1605.9
,"85+ years","85+","Alabama","01","2000","2000","Male","M",282,17982,1568.2
,"85+ years","85+","Alabama","01","2001","2001","Female","F",815,48883,1667.2
,"85+ years","85+","Alabama","01","2001","2001","Male","M",294,18053,1628.5
,"85+ years","85+","Alabama","01","2002","2002","Female","F",803,48380,1659.8
,"85+ years","85+","Alabama","01","2002","2002","Male","M",299,18044,1657.1
,"85+ years","85+","Alabama","01","2003","2003","Female","F",854,47525,1796.9
,"85+ years","85+","Alabama","01","2003","2003","Male","M",299,18042,1657.2
,"85+ years","85+","Alabama","01","2004","2004","Female","F",776,47191,1644.4
,"85+ years","85+","Alabama","01","2004","2004","Male","M",278,18312,1518.1
,"85+ years","85+","Alabama","01","2005","2005","Female","F",785,48224,1627.8
,"85+ years","85+","Alabama","01","2005","2005","Male","M",321,19166,1674.8
,"85+ years","85+","Alabama","01","2006","2006","Female","F",699,49256,1419.1
,"85+ years","85+","Alabama","01","2006","2006","Male","M",267,20022,1333.5
,"85+ years","85+","Alabama","01","2007","2007","Female","F",705,50174,1405.1
,"85+ years","85+","Alabama","01","2007","2007","Male","M",288,20744,1388.4
,"85+ years","85+","Alabama","01","2008","2008","Female","F",648,51183,1266.0
,"85+ years","85+","Alabama","01","2008","2008","Male","M",269,21411,1256.4
,"85+ years","85+","Alabama","01","2009","2009","Female","F",656,52158,1257.7
,"85+ years","85+","Alabama","01","2009","2009","Male","M",274,22166,1236.1
,"85+ years","85+","Alabama","01","2010","2010","Female","F",651,52825,1232.4
,"85+ years","85+","Alabama","01","2010","2010","Male","M",286,22859,1251.1
,"85+ years","85+","Alabama","01","2011","2011","Female","F",704,53998,1303.8
,"85+ years","85+","Alabama","01","2011","2011","Male","M",291,23745,1225.5
,"85+ years","85+","Alabama","01","2012","2012","Female","F",698,55261,1263.1
,"85+ years","85+","Alabama","01","2012","2012","Male","M",344,24843,1384.7
,"85+ years","85+","Alabama","01","2013","2013","Female","F",735,56120,1309.7
,"85+ years","85+","Alabama","01","2013","2013","Male","M",318,25856,1229.9
,"85+ years","85+","Alabama","01","2014","2014","Female","F",807,56867,1419.1
,"85+ years","85+","Alabama","01","2014","2014","Male","M",417,26700,1561.8
,"85+ years","85+","Alabama","01","2015","2015","Female","F",877,57861,1515.7
,"85+ years","85+","Alabama","01","2015","2015","Male","M",466,27578,1689.8
,"85+ years","85+","Alabama","01","2016","2016","Female","F",849,58484,1451.7
,"85+ years","85+","Alabama","01","2016","2016","Male","M",434,28269,1535.3
,"85+ years","85+","Alabama","01","2017","2017","Female","F",867,59027,1468.8
,"85+ years","85+","Alabama","01","2017","2017","Male","M",443,29152,1519.6
,"85+ years","85+","Alabama","01","2018","2018","Female","F",895,59732,1498.4
,"85+ years","85+","Alabama","01","2018","2018","Male","M",511,30133,1695.8
,"85+ years","85+","Alabama","01","2019","2019","Female","F",915,60221,1519.4
,"85+ years","85+","Alabama","01","2019","2019","Male","M",497,31322,1586.7
,"85+ years","85+","Alabama","01","2020","2020","Female","F",954,60932,1565.7
,"85+ years","85+","Alabama","01","2020","2020","Male","M",523,31927,1638.1
,"85+ years","85+","Alaska","02","1999","1999","Female","F",18,1627,Unreliable
,"85+ years","85+","Alaska","02","1999","1999","Male","M",Suppressed,834,Suppressed
,"85+ years","85+","Alaska","02","2000","2000","Female","F",13,1731,Unreliable
,"85+ years","85+","Alaska","02","2000","2000","Male","M",Suppressed,903,Suppressed
,"85+ years","85+","Alaska","02","2001","2001","Female","F",12,1900,Unreliable
,"85+ years","85+","Alaska","02","2001","2001","Male","M",Suppressed,939,Suppressed
,"85+ years","85+","Alaska","02","2002","2002","Female","F",10,2003,Unreliable
,"85+ years","85+","Alaska","02","2002","2002","Male","M",Suppressed,982,Suppressed
,"85+ years","85+","Alaska","02","2003","2003","Female","F",15,2119,Unreliable
,"85+ years","85+","Alaska","02","2003","2003","Male","M",Suppressed,1045,Suppressed
,"85+ years","85+","Alaska","02","2004","2004","Female","F",18,2198,Unreliable
,"85+ years","85+","Alaska","02","2004","2004","Male","M",Suppressed,1120,Suppressed
,"85+ years","85+","Alaska","02","2005","2005","Female","F",17,2395,Unreliable
,"85+ years","85+","Alaska","02","2005","2005","Male","M",Suppressed,1218,Suppressed
,"85+ years","85+","Alaska","02","2006","2006","Female","F",26,2587,1005.0
,"85+ years","85+","Alaska","02","2006","2006","Male","M",10,1283,Unreliable
,"85+ years","85+","Alaska","02","2007","2007","Female","F",17,2660,Unreliable
,"85+ years","85+","Alaska","02","2007","2007","Male","M",11,1345,Unreliable
,"85+ years","85+","Alaska","02","2008","2008","Female","F",17,2803,Unreliable
,"85+ years","85+","Alaska","02","2008","2008","Male","M",Suppressed,1482,Suppressed
,"85+ years","85+","Alaska","02","2009","2009","Female","F",15,2922,Unreliable
,"85+ years","85+","Alaska","02","2009","2009","Male","M",Suppressed,1586,Suppressed
,"85+ years","85+","Alaska","02","2010","2010","Female","F",20,3051,655.5
,"85+ years","85+","Alaska","02","2010","2010","Male","M",13,1660,Unreliable
,"85+ years","85+","Alaska","02","2011","2011","Female","F",22,3283,670.1
,"85+ years","85+","Alaska","02","2011","2011","Male","M",Suppressed,1811,Suppressed
,"85+ years","85+","Alaska","02","2012","2012","Female","F",28,3467,807.6
,"85+ years","85+","Alaska","02","2012","2012","Male","M",10,1906,Unreliable
,"85+ years","85+","Alaska","02","2013","2013","Female","F",17,3687,Unreliable
,"85+ years","85+","Alaska","02","2013","2013","Male","M",10,2002,Unreliable
,"85+ years","85+","Alaska","02","2014","2014","Female","F",25,3770,663.1
,"85+ years","85+","Alaska","02","2014","2014","Male","M",17,2161,Unreliable
,"85+ years","85+","Alaska","02","2015","2015","Female","F",26,3821,680.5
,"85+ years","85+","Alaska","02","2015","2015","Male","M",16,2316,Unreliable
,"85+ years","85+","Alaska","02","2016","2016","Female","F",23,4003,574.6
,"85+ years","85+","Alaska","02","2016","2016","Male","M",14,2417,Unreliable
,"85+ years","85+","Alaska","02","2017","2017","Female","F",30,4021,746.1
,"85+ years","85+","Alaska","02","2017","2017","Male","M",19,2533,Unreliable
,"85+ years","85+","Alaska","02","2018","2018","Female","F",28,4259,657.4
,"85+ years","85+","Alaska","02","2018","2018","Male","M",18,2594,Unreliable
,"85+ years","85+","Alaska","02","2019","2019","Female","F",29,4440,653.2
,"85+ years","85+","Alaska","02","2019","2019","Male","M",17,2741,Unreliable
,"85+ years","85+","Alaska","02","2020","2020","Female","F",24,4486,535.0
,"85+ years","85+","Alaska","02","2020","2020","Male","M",20,2853,701.0
,"85+ years","85+","Arizona","04","1999","1999","Female","F",253,44045,574.4
,"85+ years","85+","Arizona","04","1999","1999","Male","M",89,22155,401.7
,"85+ years","85+","Arizona","04","2000","2000","Female","F",238,45497,523.1
,"85+ years","85+","Arizona","04","2000","2000","Male","M",123,23028,534.1
,"85+ years","85+","Arizona","04","2001","2001","Female","F",280,46950,596.4
,"85+ years","85+","Arizona","04","2001","2001","Male","M",113,24044,470.0
,"85+ years","85+","Arizona","04","2002","2002","Female","F",286,47727,599.2
,"85+ years","85+","Arizona","04","2002","2002","Male","M",139,24878,558.7
,"85+ years","85+","Arizona","04","2003","2003","Female","F",302,49553,609.4
,"85+ years","85+","Arizona","04","2003","2003","Male","M",140,26151,535.4
,"85+ years","85+","Arizona","04","2004","2004","Female","F",303,51046,593.6
,"85+ years","85+","Arizona","04","2004","2004","Male","M",151,27151,556.1
,"85+ years","85+","Arizona","04","2005","2005","Female","F",343,53100,646.0
,"85+ years","85+","Arizona","04","2005","2005","Male","M",161,29084,553.6
,"85+ years","85+","Arizona","04","2006","2006","Female","F",314,55696,563.8
,"85+ years","85+","Arizona","04","2006","2006","Male","M",169,31091,543.6
,"85+ years","85+","Arizona","04","2007","2007","Female","F",326,58354,558.7
,"85+ years","85+","Arizona","04","2007","2007","Male","M",191,32856,581.3
,"85+ years","85+","Arizona","04","2008","2008","Female","F",331,60524,546.9
,"85+ years","85+","Arizona","04","2008","2008","Male","M",167,34307,486.8
,"85+ years","85+","Arizona","04","2009","2009","Female","F",290,63534,456.4
,"85+ years","85+","Arizona","04","2009","2009","Male","M",147,36317,404.8
,"85+ years","85+","Arizona","04","2010","2010","Female","F",309,65662,470.6
,"85+ years","85+","Arizona","04","2010","2010","Male","M",157,37738,416.0
,"85+ years","85+","Arizona","04","2011","2011","Female","F",376,69379,542.0
,"85+ years","85+","Arizona","04","2011","2011","Male","M",191,40861,467.4
,"85+ years","85+","Arizona","04","2012","2012","Female","F",371,71719,517.3
,"85+ years","85+","Arizona","04","2012","2012","Male","M",212,42706,496.4
,"85+ years","85+","Arizona","04","2013","2013","Female","F",389,73863,526.7
,"85+ years","85+","Arizona","04","2013","2013","Male","M",216,45347,476.3
,"85+ years","85+","Arizona","04","2014","2014","Female","F",421,76558,549.9
,"85+ years","85+","Arizona","04","2014","2014","Male","M",237,48214,491.6
,"85+ years","85+","Arizona","04","2015","2015","Female","F",512,79265,645.9
,"85+ years","85+","Arizona","04","2015","2015","Male","M",285,51524,553.1
,"85+ years","85+","Arizona","04","2016","2016","Female","F",484,82369,587.6
,"85+ years","85+","Arizona","04","2016","2016","Male","M",331,54465,607.7
,"85+ years","85+","Arizona","04","2017","2017","Female","F",564,81277,693.9
,"85+ years","85+","Arizona","04","2017","2017","Male","M",342,55450,616.8
,"85+ years","85+","Arizona","04","2018","2018","Female","F",607,84094,721.8
,"85+ years","85+","Arizona","04","2018","2018","Male","M",407,58181,699.5
,"85+ years","85+","Arizona","04","2019","2019","Female","F",586,85133,688.3
,"85+ years","85+","Arizona","04","2019","2019","Male","M",387,60604,638.6
,"85+ years","85+","Arizona","04","2020","2020","Female","F",579,88175,656.6
,"85+ years","85+","Arizona","04","2020","2020","Male","M",398,63923,622.6
,"85+ years","85+","Arkansas","05","1999","1999","Female","F",477,32564,1464.8
,"85+ years","85+","Arkansas","05","1999","1999","Male","M",182,13298,1368.6
,"85+ years","85+","Arkansas","05","2000","2000","Female","F",542,32931,1645.9
,"85+ years","85+","Arkansas","05","2000","2000","Male","M",192,13561,1415.8
,"85+ years","85+","Arkansas","05","2001","2001","Female","F",510,32910,1549.7
,"85+ years","85+","Arkansas","05","2001","2001","Male","M",173,13557,1276.1
,"85+ years","85+","Arkansas","05","2002","2002","Female","F",394,32732,1203.7
,"85+ years","85+","Arkansas","05","2002","2002","Male","M",141,13534,1041.8
,"85+ years","85+","Arkansas","05","2003","2003","Female","F",344,32619,1054.6
,"85+ years","85+","Arkansas","05","2003","2003","Male","M",118,13653,864.3
,"85+ years","85+","Arkansas","05","2004","2004","Female","F",328,32551,1007.6
,"85+ years","85+","Arkansas","05","2004","2004","Male","M",102,13863,735.8
,"85+ years","85+","Arkansas","05","2005","2005","Female","F",304,32829,926.0
,"85+ years","85+","Arkansas","05","2005","2005","Male","M",133,14299,930.1
,"85+ years","85+","Arkansas","05","2006","2006","Female","F",339,33569,1009.9
,"85+ years","85+","Arkansas","05","2006","2006","Male","M",122,14836,822.3
,"85+ years","85+","Arkansas","05","2007","2007","Female","F",341,34105,999.9
,"85+ years","85+","Arkansas","05","2007","2007","Male","M",112,15105,741.5
,"85+ years","85+","Arkansas","05","2008","2008","Female","F",398,34435,1155.8
,"85+ years","85+","Arkansas","05","2008","2008","Male","M",155,15617,992.5
,"85+ years","85+","Arkansas","05","2009","2009","Female","F",361,34574,1044.1
,"85+ years","85+","Arkansas","05","2009","2009","Male","M",170,16054,1058.9
,"85+ years","85+","Arkansas","05","2010","2010","Female","F",360,34868,1032.5
,"85+ years","85+","Arkansas","05","2010","2010","Male","M",158,16534,955.6
,"85+ years","85+","Arkansas","05","2011","2011","Female","F",336,35637,942.8
,"85+ years","85+","Arkansas","05","2011","2011","Male","M",188,17414,1079.6
,"85+ years","85+","Arkansas","05","2012","2012","Female","F",343,36025,952.1
,"85+ years","85+","Arkansas","05","2012","2012","Male","M",179,17895,1000.3
,"85+ years","85+","Arkansas","05","2013","2013","Female","F",380,36212,1049.4
,"85+ years","85+","Arkansas","05","2013","2013","Male","M",200,18204,1098.7
,"85+ years","85+","Arkansas","05","2014","2014","Female","F",329,36315,906.0
,"85+ years","85+","Arkansas","05","2014","2014","Male","M",182,18735,971.4
,"85+ years","85+","Arkansas","05","2015","2015","Female","F",407,36688,1109.4
,"85+ years","85+","Arkansas","05","2015","2015","Male","M",205,19292,1062.6
,"85+ years","85+","Arkansas","05","2016","2016","Female","F",406,36945,1098.9
,"85+ years","85+","Arkansas","05","2016","2016","Male","M",203,19735,1028.6
,"85+ years","85+","Arkansas","05","2017","2017","Female","F",389,37738,1030.8
,"85+ years","85+","Arkansas","05","2017","2017","Male","M",238,20144,1181.5
,"85+ years","85+","Arkansas","05","2018","2018","Female","F",360,38043,946.3
,"85+ years","85+","Arkansas","05","2018","2018","Male","M",229,20974,1091.8
,"85+ years","85+","Arkansas","05","2019","2019","Female","F",443,38354,1155.0
,"85+ years","85+","Arkansas","05","2019","2019","Male","M",236,21558,1094.7
,"85+ years","85+","Arkansas","05","2020","2020","Female","F",433,38942,1111.9
,"85+ years","85+","Arkansas","05","2020","2020","Male","M",254,22163,1146.1
,"85+ years","85+","California","06","1999","1999","Female","F",1890,283620,666.4
,"85+ years","85+","California","06","1999","1999","Male","M",770,129644,593.9
,"85+ years","85+","California","06","2000","2000","Female","F",1728,291475,592.8
,"85+ years","85+","California","06","2000","2000","Male","M",760,134182,566.4
,"85+ years","85+","California","06","2001","2001","Female","F",1797,297706,603.6
,"85+ years","85+","California","06","2001","2001","Male","M",815,139521,584.1
,"85+ years","85+","California","06","2002","2002","Female","F",1894,302395,626.3
,"85+ years","85+","California","06","2002","2002","Male","M",853,144055,592.1
,"85+ years","85+","California","06","2003","2003","Female","F",2125,310049,685.4
,"85+ years","85+","California","06","2003","2003","Male","M",982,150957,650.5
,"85+ years","85+","California","06","2004","2004","Female","F",2135,314875,678.0
,"85+ years","85+","California","06","2004","2004","Male","M",1002,156170,641.6
,"85+ years","85+","California","06","2005","2005","Female","F",2376,327649,725.2
,"85+ years","85+","California","06","2005","2005","Male","M",1078,165590,651.0
,"85+ years","85+","California","06","2006","2006","Female","F",2575,338626,760.4
,"85+ years","85+","California","06","2006","2006","Male","M",1168,174381,669.8
,"85+ years","85+","California","06","2007","2007","Female","F",2289,352374,649.6
,"85+ years","85+","California","06","2007","2007","Male","M",1117,185028,603.7
,"85+ years","85+","California","06","2008","2008","Female","F",2433,365817,665.1
,"85+ years","85+","California","06","2008","2008","Male","M",1240,195090,635.6
,"85+ years","85+","California","06","2009","2009","Female","F",2478,380191,651.8
,"85+ years","85+","California","06","2009","2009","Male","M",1353,204653,661.1
,"85+ years","85+","California","06","2010","2010","Female","F",2596,390153,665.4
,"85+ years","85+","California","06","2010","2010","Male","M",1389,210815,658.9
,"85+ years","85+","California","06","2011","2011","Female","F",2772,410221,675.7
,"85+ years","85+","California","06","2011","2011","Male","M",1541,223413,689.8
,"85+ years","85+","California","06","2012","2012","Female","F",2720,422796,643.3
,"85+ years","85+","California","06","2012","2012","Male","M",1565,231485,676.1
,"85+ years","85+","California","06","2013","2013","Female","F",2754,430630,639.5
,"85+ years","85+","California","06","2013","2013","Male","M",1667,237836,700.9
,"85+ years","85+","California","06","2014","2014","Female","F",2902,440737,658.4
,"85+ years","85+","California","06","2014","2014","Male","M",1614,247913,651.0
,"85+ years","85+","California","06","2015","2015","Female","F",3183,451074,705.6
,"85+ years","85+","California","06","2015","2015","Male","M",1901,256703,740.5
,"85+ years","85+","California","06","2016","2016","Female","F",3423,458451,746.6
,"85+ years","85+","California","06","2016","2016","Male","M",2148,263882,814.0
,"85+ years","85+","California","06","2017","2017","Female","F",3735,462477,807.6
,"85+ years","85+","California","06","2017","2017","Male","M",2307,270316,853.4
,"85+ years","85+","California","06","2018","2018","Female","F",3929,468110,839.3
,"85+ years","85+","California","06","2018","2018","Male","M",2378,275475,863.2
,"85+ years","85+","California","06","2019","2019","Female","F",4120,469557,877.4
,"85+ years","85+","California","06","2019","2019","Male","M",2718,280289,969.7
,"85+ years","85+","California","06","2020","2020","Female","F",4183,472521,885.3
,"85+ years","85+","California","06","2020","2020","Male","M",2797,283851,985.4
,"85+ years","85+","Colorado","08","1999","1999","Female","F",276,33532,823.1
,"85+ years","85+","Colorado","08","1999","1999","Male","M",94,13720,685.1
,"85+ years","85+","Colorado","08","2000","2000","Female","F",291,34063,854.3
,"85+ years","85+","Colorado","08","2000","2000","Male","M",116,14153,819.6
,"85+ years","85+","Colorado","08","2001","2001","Female","F",302,34812,867.5
,"85+ years","85+","Colorado","08","2001","2001","Male","M",128,14722,869.4
,"85+ years","85+","Colorado","08","2002","2002","Female","F",333,35350,942.0
,"85+ years","85+","Colorado","08","2002","2002","Male","M",119,15072,789.5
,"85+ years","85+","Colorado","08","2003","2003","Female","F",306,36363,841.5
,"85+ years","85+","Colorado","08","2003","2003","Male","M",95,15700,605.1
,"85+ years","85+","Colorado","08","2004","2004","Female","F",245,37235,658.0
,"85+ years","85+","Colorado","08","2004","2004","Male","M",121,16712,724.0
,"85+ years","85+","Colorado","08","2005","2005","Female","F",346,38568,897.1
,"85+ years","85+","Colorado","08","2005","2005","Male","M",141,17734,795.1
,"85+ years","85+","Colorado","08","2006","2006","Female","F",369,40402,913.3
,"85+ years","85+","Colorado","08","2006","2006","Male","M",154,18994,810.8
,"85+ years","85+","Colorado","08","2007","2007","Female","F",326,42156,773.3
,"85+ years","85+","Colorado","08","2007","2007","Male","M",141,20199,698.1
,"85+ years","85+","Colorado","08","2008","2008","Female","F",311,43758,710.7
,"85+ years","85+","Colorado","08","2008","2008","Male","M",130,21140,614.9
,"85+ years","85+","Colorado","08","2009","2009","Female","F",332,45490,729.8
,"85+ years","85+","Colorado","08","2009","2009","Male","M",139,22456,619.0
,"85+ years","85+","Colorado","08","2010","2010","Female","F",340,46495,731.3
,"85+ years","85+","Colorado","08","2010","2010","Male","M",145,23118,627.2
,"85+ years","85+","Colorado","08","2011","2011","Female","F",372,49003,759.1
,"85+ years","85+","Colorado","08","2011","2011","Male","M",176,24794,709.8
,"85+ years","85+","Colorado","08","2012","2012","Female","F",367,50715,723.7
,"85+ years","85+","Colorado","08","2012","2012","Male","M",159,25795,616.4
,"85+ years","85+","Colorado","08","2013","2013","Female","F",355,52126,681.0
,"85+ years","85+","Colorado","08","2013","2013","Male","M",178,27146,655.7
,"85+ years","85+","Colorado","08","2014","2014","Female","F",386,53310,724.1
,"85+ years","85+","Colorado","08","2014","2014","Male","M",201,28317,709.8
,"85+ years","85+","Colorado","08","2015","2015","Female","F",425,54476,780.2
,"85+ years","85+","Colorado","08","2015","2015","Male","M",230,29503,779.6
,"85+ years","85+","Colorado","08","2016","2016","Female","F",407,55167,737.8
,"85+ years","85+","Colorado","08","2016","2016","Male","M",257,30604,839.8
,"85+ years","85+","Colorado","08","2017","2017","Female","F",453,54960,824.2
,"85+ years","85+","Colorado","08","2017","2017","Male","M",226,31308,721.9
,"85+ years","85+","Colorado","08","2018","2018","Female","F",465,55970,830.8
,"85+ years","85+","Colorado","08","2018","2018","Male","M",261,32394,805.7
,"85+ years","85+","Colorado","08","2019","2019","Female","F",546,56572,965.1
,"85+ years","85+","Colorado","08","2019","2019","Male","M",287,33349,860.6
,"85+ years","85+","Colorado","08","2020","2020","Female","F",523,57373,911.6
,"85+ years","85+","Colorado","08","2020","2020","Male","M",290,33917,855.0
,"85+ years","85+","Connecticut","09","1999","1999","Female","F",307,45509,674.6
,"85+ years","85+","Connecticut","09","1999","1999","Male","M",100,17312,577.6
,"85+ years","85+","Connecticut","09","2000","2000","Female","F",309,46341,666.8
,"85+ years","85+","Connecticut","09","2000","2000","Male","M",133,17932,741.7
,"85+ years","85+","Connecticut","09","2001","2001","Female","F",378,47405,797.4
,"85+ years","85+","Connecticut","09","2001","2001","Male","M",124,18775,660.5
,"85+ years","85+","Connecticut","09","2002","2002","Female","F",349,48647,717.4
,"85+ years","85+","Connecticut","09","2002","2002","Male","M",145,19731,734.9
,"85+ years","85+","Connecticut","09","2003","2003","Female","F",307,50178,611.8
,"85+ years","85+","Connecticut","09","2003","2003","Male","M",151,20764,727.2
,"85+ years","85+","Connecticut","09","2004","2004","Female","F",311,51003,609.8
,"85+ years","85+","Connecticut","09","2004","2004","Male","M",145,21363,678.7
,"85+ years","85+","Connecticut","09","2005","2005","Female","F",339,52314,648.0
,"85+ years","85+","Connecticut","09","2005","2005","Male","M",142,22380,634.5
,"85+ years","85+","Connecticut","09","2006","2006","Female","F",351,53615,654.7
,"85+ years","85+","Connecticut","09","2006","2006","Male","M",144,23432,614.5
,"85+ years","85+","Connecticut","09","2007","2007","Female","F",323,54719,590.3
,"85+ years","85+","Connecticut","09","2007","2007","Male","M",183,24368,751.0
,"85+ years","85+","Connecticut","09","2008","2008","Female","F",364,55965,650.4
,"85+ years","85+","Connecticut","09","2008","2008","Male","M",167,25348,658.8
,"85+ years","85+","Connecticut","09","2009","2009","Female","F",365,57059,639.7
,"85+ years","85+","Connecticut","09","2009","2009","Male","M",156,26236,594.6
,"85+ years","85+","Connecticut","09","2010","2010","Female","F",351,57950,605.7
,"85+ years","85+","Connecticut","09","2010","2010","Male","M",197,26948,731.0
,"85+ years","85+","Connecticut","09","2011","2011","Female","F",329,59186,555.9
,"85+ years","85+","Connecticut","09","2011","2011","Male","M",199,28013,710.4
,"85+ years","85+","Connecticut","09","2012","2012","Female","F",389,59560,653.1
,"85+ years","85+","Connecticut","09","2012","2012","Male","M",186,28608,650.2
,"85+ years","85+","Connecticut","09","2013","2013","Female","F",392,60008,653.2
,"85+ years","85+","Connecticut","09","2013","2013","Male","M",246,29362,837.8
,"85+ years","85+","Connecticut","09","2014","2014","Female","F",415,60092,690.6
,"85+ years","85+","Connecticut","09","2014","2014","Male","M",265,29693,892.5
,"85+ years","85+","Connecticut","09","2015","2015","Female","F",477,60031,794.6
,"85+ years","85+","Connecticut","09","2015","2015","Male","M",278,30093,923.8
,"85+ years","85+","Connecticut","09","2016","2016","Female","F",473,59773,791.3
,"85+ years","85+","Connecticut","09","2016","2016","Male","M",279,30155,925.2
,"85+ years","85+","Connecticut","09","2017","2017","Female","F",474,61280,773.5
,"85+ years","85+","Connecticut","09","2017","2017","Male","M",288,31375,917.9
,"85+ years","85+","Connecticut","09","2018","2018","Female","F",529,60708,871.4
,"85+ years","85+","Connecticut","09","2018","2018","Male","M",307,31163,985.1
,"85+ years","85+","Connecticut","09","2019","2019","Female","F",571,59956,952.4
,"85+ years","85+","Connecticut","09","2019","2019","Male","M",325,31374,1035.9
,"85+ years","85+","Connecticut","09","2020","2020","Female","F",548,59411,922.4
,"85+ years","85+","Connecticut","09","2020","2020","Male","M",325,31163,1042.9
,"85+ years","85+","Delaware","10","1999","1999","Female","F",49,7392,662.9
,"85+ years","85+","Delaware","10","1999","1999","Male","M",24,2847,843.0
,"85+ years","85+","Delaware","10","2000","2000","Female","F",52,7599,684.3
,"85+ years","85+","Delaware","10","2000","2000","Male","M",18,2950,Unreliable
,"85+ years","85+","Delaware","10","2001","2001","Female","F",45,7759,580.0
,"85+ years","85+","Delaware","10","2001","2001","Male","M",19,3106,Unreliable
,"85+ years","85+","Delaware","10","2002","2002","Female","F",47,8013,586.5
,"85+ years","85+","Delaware","10","2002","2002","Male","M",25,3316,753.9
,"85+ years","85+","Delaware","10","2003","2003","Female","F",57,8214,693.9
,"85+ years","85+","Delaware","10","2003","2003","Male","M",18,3567,Unreliable
,"85+ years","85+","Delaware","10","2004","2004","Female","F",61,8519,716.0
,"85+ years","85+","Delaware","10","2004","2004","Male","M",18,3709,Unreliable
,"85+ years","85+","Delaware","10","2005","2005","Female","F",58,8949,648.1
,"85+ years","85+","Delaware","10","2005","2005","Male","M",19,3905,Unreliable
,"85+ years","85+","Delaware","10","2006","2006","Female","F",50,9216,542.5
,"85+ years","85+","Delaware","10","2006","2006","Male","M",22,4090,537.9
,"85+ years","85+","Delaware","10","2007","2007","Female","F",58,9609,603.6
,"85+ years","85+","Delaware","10","2007","2007","Male","M",32,4375,731.4
,"85+ years","85+","Delaware","10","2008","2008","Female","F",44,9985,440.7
,"85+ years","85+","Delaware","10","2008","2008","Male","M",41,4611,889.2
,"85+ years","85+","Delaware","10","2009","2009","Female","F",50,10346,483.3
,"85+ years","85+","Delaware","10","2009","2009","Male","M",40,4849,824.9
,"85+ years","85+","Delaware","10","2010","2010","Female","F",61,10630,573.8
,"85+ years","85+","Delaware","10","2010","2010","Male","M",31,5114,606.2
,"85+ years","85+","Delaware","10","2011","2011","Female","F",57,10834,526.1
,"85+ years","85+","Delaware","10","2011","2011","Male","M",31,5398,574.3
,"85+ years","85+","Delaware","10","2012","2012","Female","F",63,11190,563.0
,"85+ years","85+","Delaware","10","2012","2012","Male","M",29,5630,515.1
,"85+ years","85+","Delaware","10","2013","2013","Female","F",51,11483,444.1
,"85+ years","85+","Delaware","10","2013","2013","Male","M",26,6001,433.3
,"85+ years","85+","Delaware","10","2014","2014","Female","F",50,11677,428.2
,"85+ years","85+","Delaware","10","2014","2014","Male","M",34,6274,541.9
,"85+ years","85+","Delaware","10","2015","2015","Female","F",62,12032,515.3
,"85+ years","85+","Delaware","10","2015","2015","Male","M",29,6620,438.1
,"85+ years","85+","Delaware","10","2016","2016","Female","F",50,12244,408.4
,"85+ years","85+","Delaware","10","2016","2016","Male","M",36,6843,526.1
,"85+ years","85+","Delaware","10","2017","2017","Female","F",60,12352,485.8
,"85+ years","85+","Delaware","10","2017","2017","Male","M",48,7164,670.0
,"85+ years","85+","Delaware","10","2018","2018","Female","F",63,12518,503.3
,"85+ years","85+","Delaware","10","2018","2018","Male","M",42,7319,573.8
,"85+ years","85+","Delaware","10","2019","2019","Female","F",97,12656,766.4
,"85+ years","85+","Delaware","10","2019","2019","Male","M",58,7598,763.4
,"85+ years","85+","Delaware","10","2020","2020","Female","F",114,12887,884.6
,"85+ years","85+","Delaware","10","2020","2020","Male","M",64,7717,829.3
,"85+ years","85+","District of Columbia","11","1999","1999","Female","F",39,6405,608.9
,"85+ years","85+","District of Columbia","11","1999","1999","Male","M",18,2357,Unreliable
,"85+ years","85+","District of Columbia","11","2000","2000","Female","F",44,6552,671.6
,"85+ years","85+","District of Columbia","11","2000","2000","Male","M",17,2423,Unreliable
,"85+ years","85+","District of Columbia","11","2001","2001","Female","F",38,6486,585.9
,"85+ years","85+","District of Columbia","11","2001","2001","Male","M",13,2383,Unreliable
,"85+ years","85+","District of Columbia","11","2002","2002","Female","F",24,6409,374.5
,"85+ years","85+","District of Columbia","11","2002","2002","Male","M",Suppressed,2430,Suppressed
,"85+ years","85+","District of Columbia","11","2003","2003","Female","F",35,6315,554.2
,"85+ years","85+","District of Columbia","11","2003","2003","Male","M",16,2426,Unreliable
,"85+ years","85+","District of Columbia","11","2004","2004","Female","F",31,6345,488.6
,"85+ years","85+","District of Columbia","11","2004","2004","Male","M",12,2470,Unreliable
,"85+ years","85+","District of Columbia","11","2005","2005","Female","F",34,6452,527.0
,"85+ years","85+","District of Columbia","11","2005","2005","Male","M",10,2623,Unreliable
,"85+ years","85+","District of Columbia","11","2006","2006","Female","F",30,6494,462.0
,"85+ years","85+","District of Columbia","11","2006","2006","Male","M",Suppressed,2680,Suppressed
,"85+ years","85+","District of Columbia","11","2007","2007","Female","F",42,6688,628.0
,"85+ years","85+","District of Columbia","11","2007","2007","Male","M",19,2791,Unreliable
,"85+ years","85+","District of Columbia","11","2008","2008","Female","F",33,6870,480.3
,"85+ years","85+","District of Columbia","11","2008","2008","Male","M",Suppressed,2885,Suppressed
,"85+ years","85+","District of Columbia","11","2009","2009","Female","F",33,7023,469.9
,"85+ years","85+","District of Columbia","11","2009","2009","Male","M",Suppressed,3016,Suppressed
,"85+ years","85+","District of Columbia","11","2010","2010","Female","F",30,7198,416.8
,"85+ years","85+","District of Columbia","11","2010","2010","Male","M",Suppressed,3117,Suppressed
,"85+ years","85+","District of Columbia","11","2011","2011","Female","F",23,7463,308.2
,"85+ years","85+","District of Columbia","11","2011","2011","Male","M",15,3153,Unreliable
,"85+ years","85+","District of Columbia","11","2012","2012","Female","F",25,7660,326.4
,"85+ years","85+","District of Columbia","11","2012","2012","Male","M",12,3343,Unreliable
,"85+ years","85+","District of Columbia","11","2013","2013","Female","F",39,7756,502.8
,"85+ years","85+","District of Columbia","11","2013","2013","Male","M",14,3439,Unreliable
,"85+ years","85+","District of Columbia","11","2014","2014","Female","F",30,7715,388.9
,"85+ years","85+","District of Columbia","11","2014","2014","Male","M",20,3488,573.4
,"85+ years","85+","District of Columbia","11","2015","2015","Female","F",36,7858,458.1
,"85+ years","85+","District of Columbia","11","2015","2015","Male","M",24,3589,668.7
,"85+ years","85+","District of Columbia","11","2016","2016","Female","F",41,7807,525.2
,"85+ years","85+","District of Columbia","11","2016","2016","Male","M",15,3563,Unreliable
,"85+ years","85+","District of Columbia","11","2017","2017","Female","F",36,8139,442.3
,"85+ years","85+","District of Columbia","11","2017","2017","Male","M",16,3994,Unreliable
,"85+ years","85+","District of Columbia","11","2018","2018","Female","F",40,8147,491.0
,"85+ years","85+","District of Columbia","11","2018","2018","Male","M",13,4006,Unreliable
,"85+ years","85+","District of Columbia","11","2019","2019","Female","F",32,8138,393.2
,"85+ years","85+","District of Columbia","11","2019","2019","Male","M",13,4104,Unreliable
,"85+ years","85+","District of Columbia","11","2020","2020","Female","F",44,8106,542.8
,"85+ years","85+","District of Columbia","11","2020","2020","Male","M",12,4184,Unreliable
,"85+ years","85+","Florida","12","1999","1999","Female","F",786,214270,366.8
,"85+ years","85+","Florida","12","1999","1999","Male","M",343,108641,315.7
,"85+ years","85+","Florida","12","2000","2000","Female","F",738,219127,336.8
,"85+ years","85+","Florida","12","2000","2000","Male","M",335,112160,298.7
,"85+ years","85+","Florida","12","2001","2001","Female","F",875,220967,396.0
,"85+ years","85+","Florida","12","2001","2001","Male","M",421,114276,368.4
,"85+ years","85+","Florida","12","2002","2002","Female","F",912,222139,410.6
,"85+ years","85+","Florida","12","2002","2002","Male","M",413,116885,353.3
,"85+ years","85+","Florida","12","2003","2003","Female","F",858,225650,380.2
,"85+ years","85+","Florida","12","2003","2003","Male","M",476,120451,395.2
,"85+ years","85+","Florida","12","2004","2004","Female","F",945,229120,412.4
,"85+ years","85+","Florida","12","2004","2004","Male","M",490,124101,394.8
,"85+ years","85+","Florida","12","2005","2005","Female","F",1041,235399,442.2
,"85+ years","85+","Florida","12","2005","2005","Male","M",524,129047,406.1
,"85+ years","85+","Florida","12","2006","2006","Female","F",987,242340,407.3
,"85+ years","85+","Florida","12","2006","2006","Male","M",502,134426,373.4
,"85+ years","85+","Florida","12","2007","2007","Female","F",1003,249981,401.2
,"85+ years","85+","Florida","12","2007","2007","Male","M",552,140644,392.5
,"85+ years","85+","Florida","12","2008","2008","Female","F",1007,258660,389.3
,"85+ years","85+","Florida","12","2008","2008","Male","M",576,146721,392.6
,"85+ years","85+","Florida","12","2009","2009","Female","F",989,268776,368.0
,"85+ years","85+","Florida","12","2009","2009","Male","M",603,153311,393.3
,"85+ years","85+","Florida","12","2010","2010","Female","F",1032,275812,374.2
,"85+ years","85+","Florida","12","2010","2010","Male","M",670,158313,423.2
,"85+ years","85+","Florida","12","2011","2011","Female","F",1047,296467,353.2
,"85+ years","85+","Florida","12","2011","2011","Male","M",677,170924,396.1
,"85+ years","85+","Florida","12","2012","2012","Female","F",1225,303902,403.1
,"85+ years","85+","Florida","12","2012","2012","Male","M",751,178851,419.9
,"85+ years","85+","Florida","12","2013","2013","Female","F",1332,316707,420.6
,"85+ years","85+","Florida","12","2013","2013","Male","M",897,189012,474.6
,"85+ years","85+","Florida","12","2014","2014","Female","F",1542,324507,475.2
,"85+ years","85+","Florida","12","2014","2014","Male","M",1007,197784,509.1
,"85+ years","85+","Florida","12","2015","2015","Female","F",1619,333187,485.9
,"85+ years","85+","Florida","12","2015","2015","Male","M",1100,207089,531.2
,"85+ years","85+","Florida","12","2016","2016","Female","F",1748,340872,512.8
,"85+ years","85+","Florida","12","2016","2016","Male","M",1086,215107,504.9
,"85+ years","85+","Florida","12","2017","2017","Female","F",1760,336142,523.6
,"85+ years","85+","Florida","12","2017","2017","Male","M",1297,219410,591.1
,"85+ years","85+","Florida","12","2018","2018","Female","F",1947,344134,565.8
,"85+ years","85+","Florida","12","2018","2018","Male","M",1327,227285,583.8
,"85+ years","85+","Florida","12","2019","2019","Female","F",1889,347183,544.1
,"85+ years","85+","Florida","12","2019","2019","Male","M",1270,234271,542.1
,"85+ years","85+","Florida","12","2020","2020","Female","F",1921,354150,542.4
,"85+ years","85+","Florida","12","2020","2020","Male","M",1340,242159,553.4
,"85+ years","85+","Georgia","13","1999","1999","Female","F",708,64641,1095.3
,"85+ years","85+","Georgia","13","1999","1999","Male","M",233,21768,1070.4
,"85+ years","85+","Georgia","13","2000","2000","Female","F",719,65469,1098.2
,"85+ years","85+","Georgia","13","2000","2000","Male","M",257,22388,1147.9
,"85+ years","85+","Georgia","13","2001","2001","Female","F",730,65567,1113.4
,"85+ years","85+","Georgia","13","2001","2001","Male","M",257,22894,1122.6
,"85+ years","85+","Georgia","13","2002","2002","Female","F",742,66183,1121.1
,"85+ years","85+","Georgia","13","2002","2002","Male","M",254,23427,1084.2
,"85+ years","85+","Georgia","13","2003","2003","Female","F",803,66663,1204.6
,"85+ years","85+","Georgia","13","2003","2003","Male","M",268,24094,1112.3
,"85+ years","85+","Georgia","13","2004","2004","Female","F",733,67550,1085.1
,"85+ years","85+","Georgia","13","2004","2004","Male","M",266,24871,1069.5
,"85+ years","85+","Georgia","13","2005","2005","Female","F",772,69924,1104.1
,"85+ years","85+","Georgia","13","2005","2005","Male","M",295,26588,1109.5
,"85+ years","85+","Georgia","13","2006","2006","Female","F",781,72865,1071.8
,"85+ years","85+","Georgia","13","2006","2006","Male","M",299,28243,1058.7
,"85+ years","85+","Georgia","13","2007","2007","Female","F",787,74953,1050.0
,"85+ years","85+","Georgia","13","2007","2007","Male","M",302,29509,1023.4
,"85+ years","85+","Georgia","13","2008","2008","Female","F",780,77012,1012.8
,"85+ years","85+","Georgia","13","2008","2008","Male","M",314,31028,1012.0
,"85+ years","85+","Georgia","13","2009","2009","Female","F",729,79134,921.2
,"85+ years","85+","Georgia","13","2009","2009","Male","M",324,32267,1004.1
,"85+ years","85+","Georgia","13","2010","2010","Female","F",767,80512,952.7
,"85+ years","85+","Georgia","13","2010","2010","Male","M",334,33311,1002.7
,"85+ years","85+","Georgia","13","2011","2011","Female","F",816,83791,973.9
,"85+ years","85+","Georgia","13","2011","2011","Male","M",366,35457,1032.2
,"85+ years","85+","Georgia","13","2012","2012","Female","F",877,86241,1016.9
,"85+ years","85+","Georgia","13","2012","2012","Male","M",374,37242,1004.2
,"85+ years","85+","Georgia","13","2013","2013","Female","F",863,88466,975.5
,"85+ years","85+","Georgia","13","2013","2013","Male","M",378,39552,955.7
,"85+ years","85+","Georgia","13","2014","2014","Female","F",1008,89771,1122.9
,"85+ years","85+","Georgia","13","2014","2014","Male","M",491,41423,1185.3
,"85+ years","85+","Georgia","13","2015","2015","Female","F",1094,92354,1184.6
,"85+ years","85+","Georgia","13","2015","2015","Male","M",538,43593,1234.1
,"85+ years","85+","Georgia","13","2016","2016","Female","F",1103,92992,1186.1
,"85+ years","85+","Georgia","13","2016","2016","Male","M",593,45143,1313.6
,"85+ years","85+","Georgia","13","2017","2017","Female","F",1137,95336,1192.6
,"85+ years","85+","Georgia","13","2017","2017","Male","M",624,47261,1320.3
,"85+ years","85+","Georgia","13","2018","2018","Female","F",1235,97183,1270.8
,"85+ years","85+","Georgia","13","2018","2018","Male","M",708,49450,1431.7
,"85+ years","85+","Georgia","13","2019","2019","Female","F",1262,99377,1269.9
,"85+ years","85+","Georgia","13","2019","2019","Male","M",676,51692,1307.7
,"85+ years","85+","Georgia","13","2020","2020","Female","F",1215,101704,1194.6
,"85+ years","85+","Georgia","13","2020","2020","Male","M",715,53885,1326.9
,"85+ years","85+","Hawaii","15","1999","1999","Female","F",48,9830,488.3
,"85+ years","85+","Hawaii","15","1999","1999","Male","M",33,7078,466.2
,"85+ years","85+","Hawaii","15","2000","2000","Female","F",51,10294,495.4
,"85+ years","85+","Hawaii","15","2000","2000","Male","M",43,7270,591.5
,"85+ years","85+","Hawaii","15","2001","2001","Female","F",46,11170,411.8
,"85+ years","85+","Hawaii","15","2001","2001","Male","M",30,7571,396.2
,"85+ years","85+","Hawaii","15","2002","2002","Female","F",41,11817,347.0
,"85+ years","85+","Hawaii","15","2002","2002","Male","M",37,7775,475.9
,"85+ years","85+","Hawaii","15","2003","2003","Female","F",53,12574,421.5
,"85+ years","85+","Hawaii","15","2003","2003","Male","M",31,8003,387.4
,"85+ years","85+","Hawaii","15","2004","2004","Female","F",51,13266,384.4
,"85+ years","85+","Hawaii","15","2004","2004","Male","M",34,8323,408.5
,"85+ years","85+","Hawaii","15","2005","2005","Female","F",54,14195,380.4
,"85+ years","85+","Hawaii","15","2005","2005","Male","M",42,8758,479.6
,"85+ years","85+","Hawaii","15","2006","2006","Female","F",58,14963,387.6
,"85+ years","85+","Hawaii","15","2006","2006","Male","M",41,9179,446.7
,"85+ years","85+","Hawaii","15","2007","2007","Female","F",60,15714,381.8
,"85+ years","85+","Hawaii","15","2007","2007","Male","M",39,9687,402.6
,"85+ years","85+","Hawaii","15","2008","2008","Female","F",60,16662,360.1
,"85+ years","85+","Hawaii","15","2008","2008","Male","M",46,10230,449.7
,"85+ years","85+","Hawaii","15","2009","2009","Female","F",79,17759,444.8
,"85+ years","85+","Hawaii","15","2009","2009","Male","M",48,10750,446.5
,"85+ years","85+","Hawaii","15","2010","2010","Female","F",62,18886,328.3
,"85+ years","85+","Hawaii","15","2010","2010","Male","M",48,11352,422.8
,"85+ years","85+","Hawaii","15","2011","2011","Female","F",74,20498,361.0
,"85+ years","85+","Hawaii","15","2011","2011","Male","M",64,12200,524.6
,"85+ years","85+","Hawaii","15","2012","2012","Female","F",97,21896,443.0
,"85+ years","85+","Hawaii","15","2012","2012","Male","M",62,12727,487.2
,"85+ years","85+","Hawaii","15","2013","2013","Female","F",103,22617,455.4
,"85+ years","85+","Hawaii","15","2013","2013","Male","M",73,12671,576.1
,"85+ years","85+","Hawaii","15","2014","2014","Female","F",103,23644,435.6
,"85+ years","85+","Hawaii","15","2014","2014","Male","M",72,13247,543.5
,"85+ years","85+","Hawaii","15","2015","2015","Female","F",121,24633,491.2
,"85+ years","85+","Hawaii","15","2015","2015","Male","M",88,13670,643.7
,"85+ years","85+","Hawaii","15","2016","2016","Female","F",136,25066,542.6
,"85+ years","85+","Hawaii","15","2016","2016","Male","M",75,13886,540.1
,"85+ years","85+","Hawaii","15","2017","2017","Female","F",132,25949,508.7
,"85+ years","85+","Hawaii","15","2017","2017","Male","M",83,14392,576.7
,"85+ years","85+","Hawaii","15","2018","2018","Female","F",97,26384,367.6
,"85+ years","85+","Hawaii","15","2018","2018","Male","M",80,14660,545.7
,"85+ years","85+","Hawaii","15","2019","2019","Female","F",122,26678,457.3
,"85+ years","85+","Hawaii","15","2019","2019","Male","M",84,14990,560.4
,"85+ years","85+","Hawaii","15","2020","2020","Female","F",112,26897,416.4
,"85+ years","85+","Hawaii","15","2020","2020","Male","M",78,15249,511.5
,"85+ years","85+","Idaho","16","1999","1999","Female","F",82,11730,699.1
,"85+ years","85+","Idaho","16","1999","1999","Male","M",57,5814,980.4
,"85+ years","85+","Idaho","16","2000","2000","Female","F",109,12076,902.6
,"85+ years","85+","Idaho","16","2000","2000","Male","M",44,5981,735.7
,"85+ years","85+","Idaho","16","2001","2001","Female","F",108,12396,871.2
,"85+ years","85+","Idaho","16","2001","2001","Male","M",60,6171,972.3
,"85+ years","85+","Idaho","16","2002","2002","Female","F",120,12647,948.8
,"85+ years","85+","Idaho","16","2002","2002","Male","M",49,6372,769.0
,"85+ years","85+","Idaho","16","2003","2003","Female","F",112,13025,859.9
,"85+ years","85+","Idaho","16","2003","2003","Male","M",58,6741,860.4
,"85+ years","85+","Idaho","16","2004","2004","Female","F",138,13293,1038.1
,"85+ years","85+","Idaho","16","2004","2004","Male","M",68,6919,982.8
,"85+ years","85+","Idaho","16","2005","2005","Female","F",128,13792,928.1
,"85+ years","85+","Idaho","16","2005","2005","Male","M",61,7280,837.9
,"85+ years","85+","Idaho","16","2006","2006","Female","F",145,14286,1015.0
,"85+ years","85+","Idaho","16","2006","2006","Male","M",67,7815,857.3
,"85+ years","85+","Idaho","16","2007","2007","Female","F",143,14871,961.6
,"85+ years","85+","Idaho","16","2007","2007","Male","M",57,8141,700.2
,"85+ years","85+","Idaho","16","2008","2008","Female","F",136,15371,884.8
,"85+ years","85+","Idaho","16","2008","2008","Male","M",61,8313,733.8
,"85+ years","85+","Idaho","16","2009","2009","Female","F",136,15841,858.5
,"85+ years","85+","Idaho","16","2009","2009","Male","M",61,8730,698.7
,"85+ years","85+","Idaho","16","2010","2010","Female","F",122,16234,751.5
,"85+ years","85+","Idaho","16","2010","2010","Male","M",66,9008,732.7
,"85+ years","85+","Idaho","16","2011","2011","Female","F",165,16779,983.4
,"85+ years","85+","Idaho","16","2011","2011","Male","M",79,9405,840.0
,"85+ years","85+","Idaho","16","2012","2012","Female","F",154,16937,909.3
,"85+ years","85+","Idaho","16","2012","2012","Male","M",90,9673,930.4
,"85+ years","85+","Idaho","16","2013","2013","Female","F",124,17166,722.4
,"85+ years","85+","Idaho","16","2013","2013","Male","M",68,9972,681.9
,"85+ years","85+","Idaho","16","2014","2014","Female","F",175,17152,1020.3
,"85+ years","85+","Idaho","16","2014","2014","Male","M",87,10197,853.2
,"85+ years","85+","Idaho","16","2015","2015","Female","F",183,17442,1049.2
,"85+ years","85+","Idaho","16","2015","2015","Male","M",102,10492,972.2
,"85+ years","85+","Idaho","16","2016","2016","Female","F",181,17670,1024.3
,"85+ years","85+","Idaho","16","2016","2016","Male","M",106,10765,984.7
,"85+ years","85+","Idaho","16","2017","2017","Female","F",209,17605,1187.2
,"85+ years","85+","Idaho","16","2017","2017","Male","M",136,11002,1236.1
,"85+ years","85+","Idaho","16","2018","2018","Female","F",249,17913,1390.1
,"85+ years","85+","Idaho","16","2018","2018","Male","M",125,11506,1086.4
,"85+ years","85+","Idaho","16","2019","2019","Female","F",204,17977,1134.8
,"85+ years","85+","Idaho","16","2019","2019","Male","M",147,11797,1246.1
,"85+ years","85+","Idaho","16","2020","2020","Female","F",222,18269,1215.2
,"85+ years","85+","Idaho","16","2020","2020","Male","M",140,12145,1152.7
,"85+ years","85+","Illinois","17","1999","1999","Female","F",1231,136788,899.9
,"85+ years","85+","Illinois","17","1999","1999","Male","M",450,51612,871.9
,"85+ years","85+","Illinois","17","2000","2000","Female","F",1265,139046,909.8
,"85+ years","85+","Illinois","17","2000","2000","Male","M",466,52985,879.5
,"85+ years","85+","Illinois","17","2001","2001","Female","F",1279,140775,908.5
,"85+ years","85+","Illinois","17","2001","2001","Male","M",471,54348,866.6
,"85+ years","85+","Illinois","17","2002","2002","Female","F",1287,141583,909.0
,"85+ years","85+","Illinois","17","2002","2002","Male","M",476,55307,860.7
,"85+ years","85+","Illinois","17","2003","2003","Female","F",1328,143117,927.9
,"85+ years","85+","Illinois","17","2003","2003","Male","M",536,57126,938.3
,"85+ years","85+","Illinois","17","2004","2004","Female","F",1312,144903,905.4
,"85+ years","85+","Illinois","17","2004","2004","Male","M",518,58744,881.8
,"85+ years","85+","Illinois","17","2005","2005","Female","F",1427,147389,968.2
,"85+ years","85+","Illinois","17","2005","2005","Male","M",564,60657,929.8
,"85+ years","85+","Illinois","17","2006","2006","Female","F",1339,150393,890.3
,"85+ years","85+","Illinois","17","2006","2006","Male","M",554,63179,876.9
,"85+ years","85+","Illinois","17","2007","2007","Female","F",1279,154174,829.6
,"85+ years","85+","Illinois","17","2007","2007","Male","M",558,65752,848.6
,"85+ years","85+","Illinois","17","2008","2008","Female","F",1359,156718,867.2
,"85+ years","85+","Illinois","17","2008","2008","Male","M",530,68380,775.1
,"85+ years","85+","Illinois","17","2009","2009","Female","F",1260,159816,788.4
,"85+ years","85+","Illinois","17","2009","2009","Male","M",527,70994,742.3
,"85+ years","85+","Illinois","17","2010","2010","Female","F",1235,162020,762.3
,"85+ years","85+","Illinois","17","2010","2010","Male","M",623,72892,854.7
,"85+ years","85+","Illinois","17","2011","2011","Female","F",1414,166261,850.5
,"85+ years","85+","Illinois","17","2011","2011","Male","M",672,76652,876.7
,"85+ years","85+","Illinois","17","2012","2012","Female","F",1371,168677,812.8
,"85+ years","85+","Illinois","17","2012","2012","Male","M",714,79161,902.0
,"85+ years","85+","Illinois","17","2013","2013","Female","F",1424,170806,833.7
,"85+ years","85+","Illinois","17","2013","2013","Male","M",752,81901,918.2
,"85+ years","85+","Illinois","17","2014","2014","Female","F",1450,172383,841.2
,"85+ years","85+","Illinois","17","2014","2014","Male","M",794,83669,949.0
,"85+ years","85+","Illinois","17","2015","2015","Female","F",1722,173306,993.6
,"85+ years","85+","Illinois","17","2015","2015","Male","M",904,85411,1058.4
,"85+ years","85+","Illinois","17","2016","2016","Female","F",1701,173425,980.8
,"85+ years","85+","Illinois","17","2016","2016","Male","M",890,86058,1034.2
,"85+ years","85+","Illinois","17","2017","2017","Female","F",1787,176808,1010.7
,"85+ years","85+","Illinois","17","2017","2017","Male","M",998,89089,1120.2
,"85+ years","85+","Illinois","17","2018","2018","Female","F",1930,176731,1092.1
,"85+ years","85+","Illinois","17","2018","2018","Male","M",1070,89943,1189.6
,"85+ years","85+","Illinois","17","2019","2019","Female","F",1963,175949,1115.7
,"85+ years","85+","Illinois","17","2019","2019","Male","M",1139,91020,1251.4
,"85+ years","85+","Illinois","17","2020","2020","Female","F",1983,174950,1133.5
,"85+ years","85+","Illinois","17","2020","2020","Male","M",1159,91906,1261.1
,"85+ years","85+","Indiana","18","1999","1999","Female","F",703,65587,1071.9
,"85+ years","85+","Indiana","18","1999","1999","Male","M",261,24687,1057.2
,"85+ years","85+","Indiana","18","2000","2000","Female","F",706,66270,1065.3
,"85+ years","85+","Indiana","18","2000","2000","Male","M",274,25288,1083.5
,"85+ years","85+","Indiana","18","2001","2001","Female","F",741,67391,1099.6
,"85+ years","85+","Indiana","18","2001","2001","Male","M",298,25956,1148.1
,"85+ years","85+","Indiana","18","2002","2002","Female","F",746,67756,1101.0
,"85+ years","85+","Indiana","18","2002","2002","Male","M",270,26453,1020.7
,"85+ years","85+","Indiana","18","2003","2003","Female","F",785,68706,1142.5
,"85+ years","85+","Indiana","18","2003","2003","Male","M",315,27216,1157.4
,"85+ years","85+","Indiana","18","2004","2004","Female","F",735,69328,1060.2
,"85+ years","85+","Indiana","18","2004","2004","Male","M",304,27888,1090.1
,"85+ years","85+","Indiana","18","2005","2005","Female","F",851,70854,1201.1
,"85+ years","85+","Indiana","18","2005","2005","Male","M",348,28837,1206.8
,"85+ years","85+","Indiana","18","2006","2006","Female","F",835,72964,1144.4
,"85+ years","85+","Indiana","18","2006","2006","Male","M",333,30356,1097.0
,"85+ years","85+","Indiana","18","2007","2007","Female","F",789,74855,1054.0
,"85+ years","85+","Indiana","18","2007","2007","Male","M",308,31948,964.1
,"85+ years","85+","Indiana","18","2008","2008","Female","F",817,76570,1067.0
,"85+ years","85+","Indiana","18","2008","2008","Male","M",318,33347,953.6
,"85+ years","85+","Indiana","18","2009","2009","Female","F",800,78517,1018.9
,"85+ years","85+","Indiana","18","2009","2009","Male","M",366,34601,1057.8
,"85+ years","85+","Indiana","18","2010","2010","Female","F",779,79625,978.3
,"85+ years","85+","Indiana","18","2010","2010","Male","M",373,35647,1046.4
,"85+ years","85+","Indiana","18","2011","2011","Female","F",652,82024,794.9
,"85+ years","85+","Indiana","18","2011","2011","Male","M",305,37754,807.9
,"85+ years","85+","Indiana","18","2012","2012","Female","F",738,83113,887.9
,"85+ years","85+","Indiana","18","2012","2012","Male","M",287,38814,739.4
,"85+ years","85+","Indiana","18","2013","2013","Female","F",740,84535,875.4
,"85+ years","85+","Indiana","18","2013","2013","Male","M",385,40298,955.4
,"85+ years","85+","Indiana","18","2014","2014","Female","F",729,85122,856.4
,"85+ years","85+","Indiana","18","2014","2014","Male","M",383,41301,927.3
,"85+ years","85+","Indiana","18","2015","2015","Female","F",795,85694,927.7
,"85+ years","85+","Indiana","18","2015","2015","Male","M",417,42116,990.1
,"85+ years","85+","Indiana","18","2016","2016","Female","F",765,85835,891.2
,"85+ years","85+","Indiana","18","2016","2016","Male","M",385,42634,903.0
,"85+ years","85+","Indiana","18","2017","2017","Female","F",835,86563,964.6
,"85+ years","85+","Indiana","18","2017","2017","Male","M",465,43497,1069.0
,"85+ years","85+","Indiana","18","2018","2018","Female","F",834,86840,960.4
,"85+ years","85+","Indiana","18","2018","2018","Male","M",451,43970,1025.7
,"85+ years","85+","Indiana","18","2019","2019","Female","F",874,86294,1012.8
,"85+ years","85+","Indiana","18","2019","2019","Male","M",498,44775,1112.2
,"85+ years","85+","Indiana","18","2020","2020","Female","F",844,86142,979.8
,"85+ years","85+","Indiana","18","2020","2020","Male","M",458,45049,1016.7
,"85+ years","85+","Iowa","19","1999","1999","Female","F",214,47006,455.3
,"85+ years","85+","Iowa","19","1999","1999","Male","M",50,17776,281.3
,"85+ years","85+","Iowa","19","2000","2000","Female","F",252,47145,534.5
,"85+ years","85+","Iowa","19","2000","2000","Male","M",83,17973,461.8
,"85+ years","85+","Iowa","19","2001","2001","Female","F",228,47626,478.7
,"85+ years","85+","Iowa","19","2001","2001","Male","M",55,18434,298.4
,"85+ years","85+","Iowa","19","2002","2002","Female","F",251,47560,527.8
,"85+ years","85+","Iowa","19","2002","2002","Male","M",65,18837,345.1
,"85+ years","85+","Iowa","19","2003","2003","Female","F",213,48033,443.4
,"85+ years","85+","Iowa","19","2003","2003","Male","M",76,19344,392.9
,"85+ years","85+","Iowa","19","2004","2004","Female","F",228,48403,471.0
,"85+ years","85+","Iowa","19","2004","2004","Male","M",65,19748,329.1
,"85+ years","85+","Iowa","19","2005","2005","Female","F",235,48899,480.6
,"85+ years","85+","Iowa","19","2005","2005","Male","M",85,20224,420.3
,"85+ years","85+","Iowa","19","2006","2006","Female","F",215,49713,432.5
,"85+ years","85+","Iowa","19","2006","2006","Male","M",86,20972,410.1
,"85+ years","85+","Iowa","19","2007","2007","Female","F",225,50395,446.5
,"85+ years","85+","Iowa","19","2007","2007","Male","M",81,21673,373.7
,"85+ years","85+","Iowa","19","2008","2008","Female","F",250,50647,493.6
,"85+ years","85+","Iowa","19","2008","2008","Male","M",70,22190,315.5
,"85+ years","85+","Iowa","19","2009","2009","Female","F",236,50755,465.0
,"85+ years","85+","Iowa","19","2009","2009","Male","M",96,22781,421.4
,"85+ years","85+","Iowa","19","2010","2010","Female","F",250,51307,487.3
,"85+ years","85+","Iowa","19","2010","2010","Male","M",96,23351,411.1
,"85+ years","85+","Iowa","19","2011","2011","Female","F",289,52299,552.6
,"85+ years","85+","Iowa","19","2011","2011","Male","M",120,24359,492.6
,"85+ years","85+","Iowa","19","2012","2012","Female","F",364,52439,694.1
,"85+ years","85+","Iowa","19","2012","2012","Male","M",166,24933,665.8
,"85+ years","85+","Iowa","19","2013","2013","Female","F",328,52767,621.6
,"85+ years","85+","Iowa","19","2013","2013","Male","M",140,25728,544.2
,"85+ years","85+","Iowa","19","2014","2014","Female","F",356,52632,676.4
,"85+ years","85+","Iowa","19","2014","2014","Male","M",145,26070,556.2
,"85+ years","85+","Iowa","19","2015","2015","Female","F",389,52972,734.4
,"85+ years","85+","Iowa","19","2015","2015","Male","M",163,26214,621.8
,"85+ years","85+","Iowa","19","2016","2016","Female","F",405,52355,773.6
,"85+ years","85+","Iowa","19","2016","2016","Male","M",174,26345,660.5
,"85+ years","85+","Iowa","19","2017","2017","Female","F",417,52738,790.7
,"85+ years","85+","Iowa","19","2017","2017","Male","M",230,26599,864.7
,"85+ years","85+","Iowa","19","2018","2018","Female","F",456,52325,871.5
,"85+ years","85+","Iowa","19","2018","2018","Male","M",251,26766,937.8
,"85+ years","85+","Iowa","19","2019","2019","Female","F",522,51738,1008.9
,"85+ years","85+","Iowa","19","2019","2019","Male","M",241,26936,894.7
,"85+ years","85+","Iowa","19","2020","2020","Female","F",430,51265,838.8
,"85+ years","85+","Iowa","19","2020","2020","Male","M",226,26830,842.3
,"85+ years","85+","Kansas","20","1999","1999","Female","F",426,36997,1151.4
,"85+ years","85+","Kansas","20","1999","1999","Male","M",170,14500,1172.4
,"85+ years","85+","Kansas","20","2000","2000","Female","F",452,37158,1216.4
,"85+ years","85+","Kansas","20","2000","2000","Male","M",174,14612,1190.8
,"85+ years","85+","Kansas","20","2001","2001","Female","F",481,37262,1290.9
,"85+ years","85+","Kansas","20","2001","2001","Male","M",150,14782,1014.7
,"85+ years","85+","Kansas","20","2002","2002","Female","F",509,37115,1371.4
,"85+ years","85+","Kansas","20","2002","2002","Male","M",188,14912,1260.7
,"85+ years","85+","Kansas","20","2003","2003","Female","F",473,37229,1270.5
,"85+ years","85+","Kansas","20","2003","2003","Male","M",172,15312,1123.3
,"85+ years","85+","Kansas","20","2004","2004","Female","F",437,37482,1165.9
,"85+ years","85+","Kansas","20","2004","2004","Male","M",172,15650,1099.0
,"85+ years","85+","Kansas","20","2005","2005","Female","F",432,37924,1139.1
,"85+ years","85+","Kansas","20","2005","2005","Male","M",181,16312,1109.6
,"85+ years","85+","Kansas","20","2006","2006","Female","F",502,38579,1301.2
,"85+ years","85+","Kansas","20","2006","2006","Male","M",219,17040,1285.2
,"85+ years","85+","Kansas","20","2007","2007","Female","F",502,39235,1279.5
,"85+ years","85+","Kansas","20","2007","2007","Male","M",219,17825,1228.6
,"85+ years","85+","Kansas","20","2008","2008","Female","F",450,39499,1139.3
,"85+ years","85+","Kansas","20","2008","2008","Male","M",211,18265,1155.2
,"85+ years","85+","Kansas","20","2009","2009","Female","F",429,39842,1076.8
,"85+ years","85+","Kansas","20","2009","2009","Male","M",177,18844,939.3
,"85+ years","85+","Kansas","20","2010","2010","Female","F",426,39997,1065.1
,"85+ years","85+","Kansas","20","2010","2010","Male","M",193,19321,998.9
,"85+ years","85+","Kansas","20","2011","2011","Female","F",425,41003,1036.5
,"85+ years","85+","Kansas","20","2011","2011","Male","M",208,20403,1019.5
,"85+ years","85+","Kansas","20","2012","2012","Female","F",418,41346,1011.0
,"85+ years","85+","Kansas","20","2012","2012","Male","M",225,20822,1080.6
,"85+ years","85+","Kansas","20","2013","2013","Female","F",426,41703,1021.5
,"85+ years","85+","Kansas","20","2013","2013","Male","M",240,21288,1127.4
,"85+ years","85+","Kansas","20","2014","2014","Female","F",461,41948,1099.0
,"85+ years","85+","Kansas","20","2014","2014","Male","M",234,21879,1069.5
,"85+ years","85+","Kansas","20","2015","2015","Female","F",460,42371,1085.6
,"85+ years","85+","Kansas","20","2015","2015","Male","M",244,22254,1096.4
,"85+ years","85+","Kansas","20","2016","2016","Female","F",440,42385,1038.1
,"85+ years","85+","Kansas","20","2016","2016","Male","M",229,22419,1021.5
,"85+ years","85+","Kansas","20","2017","2017","Female","F",412,42337,973.1
,"85+ years","85+","Kansas","20","2017","2017","Male","M",208,22605,920.2
,"85+ years","85+","Kansas","20","2018","2018","Female","F",437,42553,1027.0
,"85+ years","85+","Kansas","20","2018","2018","Male","M",214,22983,931.1
,"85+ years","85+","Kansas","20","2019","2019","Female","F",432,42461,1017.4
,"85+ years","85+","Kansas","20","2019","2019","Male","M",244,23217,1051.0
,"85+ years","85+","Kansas","20","2020","2020","Female","F",397,42064,943.8
,"85+ years","85+","Kansas","20","2020","2020","Male","M",238,23423,1016.1
,"85+ years","85+","Kentucky","21","1999","1999","Female","F",487,41921,1161.7
,"85+ years","85+","Kentucky","21","1999","1999","Male","M",184,15593,1180.0
,"85+ years","85+","Kentucky","21","2000","2000","Female","F",541,42555,1271.3
,"85+ years","85+","Kentucky","21","2000","2000","Male","M",213,15706,1356.2
,"85+ years","85+","Kentucky","21","2001","2001","Female","F",535,42839,1248.9
,"85+ years","85+","Kentucky","21","2001","2001","Male","M",178,15832,1124.3
,"85+ years","85+","Kentucky","21","2002","2002","Female","F",517,42406,1219.2
,"85+ years","85+","Kentucky","21","2002","2002","Male","M",192,15905,1207.2
,"85+ years","85+","Kentucky","21","2003","2003","Female","F",540,42471,1271.5
,"85+ years","85+","Kentucky","21","2003","2003","Male","M",166,16099,1031.1
,"85+ years","85+","Kentucky","21","2004","2004","Female","F",499,42781,1166.4
,"85+ years","85+","Kentucky","21","2004","2004","Male","M",151,16450,917.9
,"85+ years","85+","Kentucky","21","2005","2005","Female","F",549,43659,1257.5
,"85+ years","85+","Kentucky","21","2005","2005","Male","M",198,17187,1152.0
,"85+ years","85+","Kentucky","21","2006","2006","Female","F",526,44914,1171.1
,"85+ years","85+","Kentucky","21","2006","2006","Male","M",188,18074,1040.2
,"85+ years","85+","Kentucky","21","2007","2007","Female","F",456,45921,993.0
,"85+ years","85+","Kentucky","21","2007","2007","Male","M",198,18826,1051.7
,"85+ years","85+","Kentucky","21","2008","2008","Female","F",512,46865,1092.5
,"85+ years","85+","Kentucky","21","2008","2008","Male","M",199,19714,1009.4
,"85+ years","85+","Kentucky","21","2009","2009","Female","F",426,47465,897.5
,"85+ years","85+","Kentucky","21","2009","2009","Male","M",155,20490,756.5
,"85+ years","85+","Kentucky","21","2010","2010","Female","F",436,48188,904.8
,"85+ years","85+","Kentucky","21","2010","2010","Male","M",197,21020,937.2
,"85+ years","85+","Kentucky","21","2011","2011","Female","F",463,49273,939.7
,"85+ years","85+","Kentucky","21","2011","2011","Male","M",212,22200,955.0
,"85+ years","85+","Kentucky","21","2012","2012","Female","F",469,50029,937.5
,"85+ years","85+","Kentucky","21","2012","2012","Male","M",218,22942,950.2
,"85+ years","85+","Kentucky","21","2013","2013","Female","F",482,50771,949.4
,"85+ years","85+","Kentucky","21","2013","2013","Male","M",241,23914,1007.8
,"85+ years","85+","Kentucky","21","2014","2014","Female","F",469,51171,916.5
,"85+ years","85+","Kentucky","21","2014","2014","Male","M",266,24724,1075.9
,"85+ years","85+","Kentucky","21","2015","2015","Female","F",504,52001,969.2
,"85+ years","85+","Kentucky","21","2015","2015","Male","M",288,25360,1135.6
,"85+ years","85+","Kentucky","21","2016","2016","Female","F",506,52294,967.6
,"85+ years","85+","Kentucky","21","2016","2016","Male","M",267,25795,1035.1
,"85+ years","85+","Kentucky","21","2017","2017","Female","F",538,53179,1011.7
,"85+ years","85+","Kentucky","21","2017","2017","Male","M",303,26434,1146.3
,"85+ years","85+","Kentucky","21","2018","2018","Female","F",573,53490,1071.2
,"85+ years","85+","Kentucky","21","2018","2018","Male","M",293,27128,1080.1
,"85+ years","85+","Kentucky","21","2019","2019","Female","F",555,53946,1028.8
,"85+ years","85+","Kentucky","21","2019","2019","Male","M",287,27922,1027.9
,"85+ years","85+","Kentucky","21","2020","2020","Female","F",484,53978,896.7
,"85+ years","85+","Kentucky","21","2020","2020","Male","M",272,28464,955.6
,"85+ years","85+","Louisiana","22","1999","1999","Female","F",473,41394,1142.7
,"85+ years","85+","Louisiana","22","1999","1999","Male","M",165,15996,1031.5
,"85+ years","85+","Louisiana","22","2000","2000","Female","F",446,42358,1052.9
,"85+ years","85+","Louisiana","22","2000","2000","Male","M",157,16318,962.1
,"85+ years","85+","Louisiana","22","2001","2001","Female","F",451,41943,1075.3
,"85+ years","85+","Louisiana","22","2001","2001","Male","M",154,16366,941.0
,"85+ years","85+","Louisiana","22","2002","2002","Female","F",460,41661,1104.2
,"85+ years","85+","Louisiana","22","2002","2002","Male","M",191,16448,1161.2
,"85+ years","85+","Louisiana","22","2003","2003","Female","F",537,41832,1283.7
,"85+ years","85+","Louisiana","22","2003","2003","Male","M",213,16730,1273.2
,"85+ years","85+","Louisiana","22","2004","2004","Female","F",552,41842,1319.2
,"85+ years","85+","Louisiana","22","2004","2004","Male","M",206,17068,1206.9
,"85+ years","85+","Louisiana","22","2005","2005","Female","F",572,42879,1334.0
,"85+ years","85+","Louisiana","22","2005","2005","Male","M",227,17814,1274.3
,"85+ years","85+","Louisiana","22","2006","2006","Female","F",474,41109,1153.0
,"85+ years","85+","Louisiana","22","2006","2006","Male","M",212,17595,1204.9
,"85+ years","85+","Louisiana","22","2007","2007","Female","F",540,42242,1278.3
,"85+ years","85+","Louisiana","22","2007","2007","Male","M",197,18533,1063.0
,"85+ years","85+","Louisiana","22","2008","2008","Female","F",528,43157,1223.4
,"85+ years","85+","Louisiana","22","2008","2008","Male","M",215,19528,1101.0
,"85+ years","85+","Louisiana","22","2009","2009","Female","F",474,43879,1080.2
,"85+ years","85+","Louisiana","22","2009","2009","Male","M",227,20379,1113.9
,"85+ years","85+","Louisiana","22","2010","2010","Female","F",547,44789,1221.3
,"85+ years","85+","Louisiana","22","2010","2010","Male","M",244,20897,1167.6
,"85+ years","85+","Louisiana","22","2011","2011","Female","F",480,46348,1035.6
,"85+ years","85+","Louisiana","22","2011","2011","Male","M",238,22156,1074.2
,"85+ years","85+","Louisiana","22","2012","2012","Female","F",524,47536,1102.3
,"85+ years","85+","Louisiana","22","2012","2012","Male","M",295,23204,1271.3
,"85+ years","85+","Louisiana","22","2013","2013","Female","F",546,48825,1118.3
,"85+ years","85+","Louisiana","22","2013","2013","Male","M",302,24461,1234.6
,"85+ years","85+","Louisiana","22","2014","2014","Female","F",575,49410,1163.7
,"85+ years","85+","Louisiana","22","2014","2014","Male","M",336,25016,1343.1
,"85+ years","85+","Louisiana","22","2015","2015","Female","F",659,50161,1313.8
,"85+ years","85+","Louisiana","22","2015","2015","Male","M",377,25818,1460.2
,"85+ years","85+","Louisiana","22","2016","2016","Female","F",732,51083,1433.0
,"85+ years","85+","Louisiana","22","2016","2016","Male","M",410,26378,1554.3
,"85+ years","85+","Louisiana","22","2017","2017","Female","F",681,52588,1295.0
,"85+ years","85+","Louisiana","22","2017","2017","Male","M",434,27340,1587.4
,"85+ years","85+","Louisiana","22","2018","2018","Female","F",736,53023,1388.1
,"85+ years","85+","Louisiana","22","2018","2018","Male","M",418,28027,1491.4
,"85+ years","85+","Louisiana","22","2019","2019","Female","F",745,53371,1395.9
,"85+ years","85+","Louisiana","22","2019","2019","Male","M",430,28686,1499.0
,"85+ years","85+","Louisiana","22","2020","2020","Female","F",724,53979,1341.3
,"85+ years","85+","Louisiana","22","2020","2020","Male","M",430,29288,1468.2
,"85+ years","85+","Maine","23","1999","1999","Female","F",124,16656,744.5
,"85+ years","85+","Maine","23","1999","1999","Male","M",60,6227,963.5
,"85+ years","85+","Maine","23","2000","2000","Female","F",136,16879,805.7
,"85+ years","85+","Maine","23","2000","2000","Male","M",41,6437,636.9
,"85+ years","85+","Maine","23","2001","2001","Female","F",134,17140,781.8
,"85+ years","85+","Maine","23","2001","2001","Male","M",45,6709,670.7
,"85+ years","85+","Maine","23","2002","2002","Female","F",133,17224,772.2
,"85+ years","85+","Maine","23","2002","2002","Male","M",43,6965,617.4
,"85+ years","85+","Maine","23","2003","2003","Female","F",144,17377,828.7
,"85+ years","85+","Maine","23","2003","2003","Male","M",58,7160,810.1
,"85+ years","85+","Maine","23","2004","2004","Female","F",148,17513,845.1
,"85+ years","85+","Maine","23","2004","2004","Male","M",48,7413,647.5
,"85+ years","85+","Maine","23","2005","2005","Female","F",134,17746,755.1
,"85+ years","85+","Maine","23","2005","2005","Male","M",46,7647,601.5
,"85+ years","85+","Maine","23","2006","2006","Female","F",136,18285,743.8
,"85+ years","85+","Maine","23","2006","2006","Male","M",58,8019,723.3
,"85+ years","85+","Maine","23","2007","2007","Female","F",118,18715,630.5
,"85+ years","85+","Maine","23","2007","2007","Male","M",57,8293,687.3
,"85+ years","85+","Maine","23","2008","2008","Female","F",133,19157,694.3
,"85+ years","85+","Maine","23","2008","2008","Male","M",52,8758,593.7
,"85+ years","85+","Maine","23","2009","2009","Female","F",139,19386,717.0
,"85+ years","85+","Maine","23","2009","2009","Male","M",72,9029,797.4
,"85+ years","85+","Maine","23","2010","2010","Female","F",120,19797,606.2
,"85+ years","85+","Maine","23","2010","2010","Male","M",74,9339,792.4
,"85+ years","85+","Maine","23","2011","2011","Female","F",140,20099,696.6
,"85+ years","85+","Maine","23","2011","2011","Male","M",78,9702,804.0
,"85+ years","85+","Maine","23","2012","2012","Female","F",145,20389,711.2
,"85+ years","85+","Maine","23","2012","2012","Male","M",74,10084,733.8
,"85+ years","85+","Maine","23","2013","2013","Female","F",159,20706,767.9
,"85+ years","85+","Maine","23","2013","2013","Male","M",73,10440,699.2
,"85+ years","85+","Maine","23","2014","2014","Female","F",163,20859,781.4
,"85+ years","85+","Maine","23","2014","2014","Male","M",81,10862,745.7
,"85+ years","85+","Maine","23","2015","2015","Female","F",198,21011,942.4
,"85+ years","85+","Maine","23","2015","2015","Male","M",84,11014,762.7
,"85+ years","85+","Maine","23","2016","2016","Female","F",168,21128,795.2
,"85+ years","85+","Maine","23","2016","2016","Male","M",83,11162,743.6
,"85+ years","85+","Maine","23","2017","2017","Female","F",179,21343,838.7
,"85+ years","85+","Maine","23","2017","2017","Male","M",90,11385,790.5
,"85+ years","85+","Maine","23","2018","2018","Female","F",172,21666,793.9
,"85+ years","85+","Maine","23","2018","2018","Male","M",108,11753,918.9
,"85+ years","85+","Maine","23","2019","2019","Female","F",155,21778,711.7
,"85+ years","85+","Maine","23","2019","2019","Male","M",93,12022,773.6
,"85+ years","85+","Maine","23","2020","2020","Female","F",164,21474,763.7
,"85+ years","85+","Maine","23","2020","2020","Male","M",96,12151,790.1
,"85+ years","85+","Maryland","24","1999","1999","Female","F",330,47443,695.6
,"85+ years","85+","Maryland","24","1999","1999","Male","M",109,18110,601.9
,"85+ years","85+","Maryland","24","2000","2000","Female","F",338,48192,701.4
,"85+ years","85+","Maryland","24","2000","2000","Male","M",87,18710,465.0
,"85+ years","85+","Maryland","24","2001","2001","Female","F",350,49459,707.7
,"85+ years","85+","Maryland","24","2001","2001","Male","M",131,19645,666.8
,"85+ years","85+","Maryland","24","2002","2002","Female","F",342,50673,674.9
,"85+ years","85+","Maryland","24","2002","2002","Male","M",115,20440,562.6
,"85+ years","85+","Maryland","24","2003","2003","Female","F",313,52190,599.7
,"85+ years","85+","Maryland","24","2003","2003","Male","M",135,21505,627.8
,"85+ years","85+","Maryland","24","2004","2004","Female","F",316,53353,592.3
,"85+ years","85+","Maryland","24","2004","2004","Male","M",124,22577,549.2
,"85+ years","85+","Maryland","24","2005","2005","Female","F",311,55789,557.5
,"85+ years","85+","Maryland","24","2005","2005","Male","M",141,24090,585.3
,"85+ years","85+","Maryland","24","2006","2006","Female","F",331,58330,567.5
,"85+ years","85+","Maryland","24","2006","2006","Male","M",140,25753,543.6
,"85+ years","85+","Maryland","24","2007","2007","Female","F",290,60552,478.9
,"85+ years","85+","Maryland","24","2007","2007","Male","M",129,27155,475.1
,"85+ years","85+","Maryland","24","2008","2008","Female","F",286,62901,454.7
,"85+ years","85+","Maryland","24","2008","2008","Male","M",128,28453,449.9
,"85+ years","85+","Maryland","24","2009","2009","Female","F",304,65407,464.8
,"85+ years","85+","Maryland","24","2009","2009","Male","M",143,29856,479.0
,"85+ years","85+","Maryland","24","2010","2010","Female","F",297,67116,442.5
,"85+ years","85+","Maryland","24","2010","2010","Male","M",132,31010,425.7
,"85+ years","85+","Maryland","24","2011","2011","Female","F",292,69712,418.9
,"85+ years","85+","Maryland","24","2011","2011","Male","M",149,32696,455.7
,"85+ years","85+","Maryland","24","2012","2012","Female","F",333,71689,464.5
,"85+ years","85+","Maryland","24","2012","2012","Male","M",176,34119,515.8
,"85+ years","85+","Maryland","24","2013","2013","Female","F",329,73559,447.3
,"85+ years","85+","Maryland","24","2013","2013","Male","M",177,35627,496.8
,"85+ years","85+","Maryland","24","2014","2014","Female","F",349,74567,468.0
,"85+ years","85+","Maryland","24","2014","2014","Male","M",178,36441,488.5
,"85+ years","85+","Maryland","24","2015","2015","Female","F",365,75598,482.8
,"85+ years","85+","Maryland","24","2015","2015","Male","M",212,37616,563.6
,"85+ years","85+","Maryland","24","2016","2016","Female","F",403,76384,527.6
,"85+ years","85+","Maryland","24","2016","2016","Male","M",227,38547,588.9
,"85+ years","85+","Maryland","24","2017","2017","Female","F",395,76817,514.2
,"85+ years","85+","Maryland","24","2017","2017","Male","M",242,39681,609.9
,"85+ years","85+","Maryland","24","2018","2018","Female","F",457,77817,587.3
,"85+ years","85+","Maryland","24","2018","2018","Male","M",263,40586,648.0
,"85+ years","85+","Maryland","24","2019","2019","Female","F",455,78183,582.0
,"85+ years","85+","Maryland","24","2019","2019","Male","M",256,41210,621.2
,"85+ years","85+","Maryland","24","2020","2020","Female","F",409,78537,520.8
,"85+ years","85+","Maryland","24","2020","2020","Male","M",236,41994,562.0
,"85+ years","85+","Massachusetts","25","1999","1999","Female","F",840,84570,993.3
,"85+ years","85+","Massachusetts","25","1999","1999","Male","M",285,30087,947.3
,"85+ years","85+","Massachusetts","25","2000","2000","Female","F",846,85744,986.7
,"85+ years","85+","Massachusetts","25","2000","2000","Male","M",287,30948,927.4
,"85+ years","85+","Massachusetts","25","2001","2001","Female","F",915,86176,1061.8
,"85+ years","85+","Massachusetts","25","2001","2001","Male","M",313,31998,978.2
,"85+ years","85+","Massachusetts","25","2002","2002","Female","F",863,86497,997.7
,"85+ years","85+","Massachusetts","25","2002","2002","Male","M",305,33004,924.1
,"85+ years","85+","Massachusetts","25","2003","2003","Female","F",796,88296,901.5
,"85+ years","85+","Massachusetts","25","2003","2003","Male","M",302,34496,875.5
,"85+ years","85+","Massachusetts","25","2004","2004","Female","F",839,89085,941.8
,"85+ years","85+","Massachusetts","25","2004","2004","Male","M",358,35634,1004.7
,"85+ years","85+","Massachusetts","25","2005","2005","Female","F",904,90888,994.6
,"85+ years","85+","Massachusetts","25","2005","2005","Male","M",353,37138,950.5
,"85+ years","85+","Massachusetts","25","2006","2006","Female","F",886,92949,953.2
,"85+ years","85+","Massachusetts","25","2006","2006","Male","M",327,38739,844.1
,"85+ years","85+","Massachusetts","25","2007","2007","Female","F",750,95114,788.5
,"85+ years","85+","Massachusetts","25","2007","2007","Male","M",311,40626,765.5
,"85+ years","85+","Massachusetts","25","2008","2008","Female","F",806,97142,829.7
,"85+ years","85+","Massachusetts","25","2008","2008","Male","M",344,42170,815.7
,"85+ years","85+","Massachusetts","25","2009","2009","Female","F",717,99358,721.6
,"85+ years","85+","Massachusetts","25","2009","2009","Male","M",388,43813,885.6
,"85+ years","85+","Massachusetts","25","2010","2010","Female","F",797,100174,795.6
,"85+ years","85+","Massachusetts","25","2010","2010","Male","M",404,45025,897.3
,"85+ years","85+","Massachusetts","25","2011","2011","Female","F",794,102905,771.6
,"85+ years","85+","Massachusetts","25","2011","2011","Male","M",405,47174,858.5
,"85+ years","85+","Massachusetts","25","2012","2012","Female","F",819,104611,782.9
,"85+ years","85+","Massachusetts","25","2012","2012","Male","M",406,48502,837.1
,"85+ years","85+","Massachusetts","25","2013","2013","Female","F",888,105823,839.1
,"85+ years","85+","Massachusetts","25","2013","2013","Male","M",462,50058,922.9
,"85+ years","85+","Massachusetts","25","2014","2014","Female","F",927,106301,872.1
,"85+ years","85+","Massachusetts","25","2014","2014","Male","M",468,50893,919.6
,"85+ years","85+","Massachusetts","25","2015","2015","Female","F",949,106870,888.0
,"85+ years","85+","Massachusetts","25","2015","2015","Male","M",512,51688,990.6
,"85+ years","85+","Massachusetts","25","2016","2016","Female","F",933,106745,874.0
,"85+ years","85+","Massachusetts","25","2016","2016","Male","M",509,52061,977.7
,"85+ years","85+","Massachusetts","25","2017","2017","Female","F",1015,107179,947.0
,"85+ years","85+","Massachusetts","25","2017","2017","Male","M",600,53311,1125.5
,"85+ years","85+","Massachusetts","25","2018","2018","Female","F",1045,106344,982.7
,"85+ years","85+","Massachusetts","25","2018","2018","Male","M",587,53508,1097.0
,"85+ years","85+","Massachusetts","25","2019","2019","Female","F",995,105610,942.1
,"85+ years","85+","Massachusetts","25","2019","2019","Male","M",631,53913,1170.4
,"85+ years","85+","Massachusetts","25","2020","2020","Female","F",947,104454,906.6
,"85+ years","85+","Massachusetts","25","2020","2020","Male","M",562,53916,1042.4
,"85+ years","85+","Michigan","26","1999","1999","Female","F",990,100071,989.3
,"85+ years","85+","Michigan","26","1999","1999","Male","M",411,39713,1034.9
,"85+ years","85+","Michigan","26","2000","2000","Female","F",1030,101710,1012.7
,"85+ years","85+","Michigan","26","2000","2000","Male","M",354,40750,868.7
,"85+ years","85+","Michigan","26","2001","2001","Female","F",994,104028,955.5
,"85+ years","85+","Michigan","26","2001","2001","Male","M",419,42288,990.8
,"85+ years","85+","Michigan","26","2002","2002","Female","F",1023,105857,966.4
,"85+ years","85+","Michigan","26","2002","2002","Male","M",421,43512,967.5
,"85+ years","85+","Michigan","26","2003","2003","Female","F",1038,108840,953.7
,"85+ years","85+","Michigan","26","2003","2003","Male","M",429,45301,947.0
,"85+ years","85+","Michigan","26","2004","2004","Female","F",1110,110492,1004.6
,"85+ years","85+","Michigan","26","2004","2004","Male","M",467,46915,995.4
,"85+ years","85+","Michigan","26","2005","2005","Female","F",1143,113304,1008.8
,"85+ years","85+","Michigan","26","2005","2005","Male","M",498,48726,1022.0
,"85+ years","85+","Michigan","26","2006","2006","Female","F",1245,117557,1059.1
,"85+ years","85+","Michigan","26","2006","2006","Male","M",514,51462,998.8
,"85+ years","85+","Michigan","26","2007","2007","Female","F",1198,121312,987.5
,"85+ years","85+","Michigan","26","2007","2007","Male","M",483,54201,891.1
,"85+ years","85+","Michigan","26","2008","2008","Female","F",1219,124127,982.1
,"85+ years","85+","Michigan","26","2008","2008","Male","M",546,56522,966.0
,"85+ years","85+","Michigan","26","2009","2009","Female","F",1148,127446,900.8
,"85+ years","85+","Michigan","26","2009","2009","Male","M",544,59280,917.7
,"85+ years","85+","Michigan","26","2010","2010","Female","F",1211,130288,929.5
,"85+ years","85+","Michigan","26","2010","2010","Male","M",576,61593,935.2
,"85+ years","85+","Michigan","26","2011","2011","Female","F",1189,134442,884.4
,"85+ years","85+","Michigan","26","2011","2011","Male","M",561,64813,865.6
,"85+ years","85+","Michigan","26","2012","2012","Female","F",1235,136781,902.9
,"85+ years","85+","Michigan","26","2012","2012","Male","M",598,67133,890.8
,"85+ years","85+","Michigan","26","2013","2013","Female","F",1277,138815,919.9
,"85+ years","85+","Michigan","26","2013","2013","Male","M",671,69819,961.1
,"85+ years","85+","Michigan","26","2014","2014","Female","F",1381,139481,990.1
,"85+ years","85+","Michigan","26","2014","2014","Male","M",739,71340,1035.9
,"85+ years","85+","Michigan","26","2015","2015","Female","F",1499,140225,1069.0
,"85+ years","85+","Michigan","26","2015","2015","Male","M",819,72687,1126.7
,"85+ years","85+","Michigan","26","2016","2016","Female","F",1529,140386,1089.1
,"85+ years","85+","Michigan","26","2016","2016","Male","M",813,72903,1115.2
,"85+ years","85+","Michigan","26","2017","2017","Female","F",1607,139831,1149.2
,"85+ years","85+","Michigan","26","2017","2017","Male","M",969,73927,1310.8
,"85+ years","85+","Michigan","26","2018","2018","Female","F",1655,139591,1185.6
,"85+ years","85+","Michigan","26","2018","2018","Male","M",977,74395,1313.3
,"85+ years","85+","Michigan","26","2019","2019","Female","F",1748,138217,1264.7
,"85+ years","85+","Michigan","26","2019","2019","Male","M",976,74919,1302.7
,"85+ years","85+","Michigan","26","2020","2020","Female","F",1658,136730,1212.6
,"85+ years","85+","Michigan","26","2020","2020","Male","M",989,74983,1319.0
,"85+ years","85+","Minnesota","27","1999","1999","Female","F",577,60953,946.6
,"85+ years","85+","Minnesota","27","1999","1999","Male","M",226,23864,947.0
,"85+ years","85+","Minnesota","27","2000","2000","Female","F",602,61293,982.2
,"85+ years","85+","Minnesota","27","2000","2000","Male","M",211,24308,868.0
,"85+ years","85+","Minnesota","27","2001","2001","Female","F",512,62574,818.2
,"85+ years","85+","Minnesota","27","2001","2001","Male","M",237,25254,938.5
,"85+ years","85+","Minnesota","27","2002","2002","Female","F",509,63349,803.5
,"85+ years","85+","Minnesota","27","2002","2002","Male","M",216,25989,831.1
,"85+ years","85+","Minnesota","27","2003","2003","Female","F",541,64635,837.0
,"85+ years","85+","Minnesota","27","2003","2003","Male","M",245,26907,910.5
,"85+ years","85+","Minnesota","27","2004","2004","Female","F",556,65378,850.4
,"85+ years","85+","Minnesota","27","2004","2004","Male","M",243,27673,878.1
,"85+ years","85+","Minnesota","27","2005","2005","Female","F",560,66164,846.4
,"85+ years","85+","Minnesota","27","2005","2005","Male","M",257,28459,903.1
,"85+ years","85+","Minnesota","27","2006","2006","Female","F",569,67695,840.5
,"85+ years","85+","Minnesota","27","2006","2006","Male","M",291,29990,970.3
,"85+ years","85+","Minnesota","27","2007","2007","Female","F",556,69209,803.4
,"85+ years","85+","Minnesota","27","2007","2007","Male","M",252,31107,810.1
,"85+ years","85+","Minnesota","27","2008","2008","Female","F",556,70564,787.9
,"85+ years","85+","Minnesota","27","2008","2008","Male","M",234,32584,718.1
,"85+ years","85+","Minnesota","27","2009","2009","Female","F",517,71408,724.0
,"85+ years","85+","Minnesota","27","2009","2009","Male","M",235,33427,703.0
,"85+ years","85+","Minnesota","27","2010","2010","Female","F",512,72357,707.6
,"85+ years","85+","Minnesota","27","2010","2010","Male","M",253,34307,737.5
,"85+ years","85+","Minnesota","27","2011","2011","Female","F",547,74391,735.3
,"85+ years","85+","Minnesota","27","2011","2011","Male","M",262,36223,723.3
,"85+ years","85+","Minnesota","27","2012","2012","Female","F",518,75251,688.4
,"85+ years","85+","Minnesota","27","2012","2012","Male","M",250,37368,669.0
,"85+ years","85+","Minnesota","27","2013","2013","Female","F",596,76340,780.7
,"85+ years","85+","Minnesota","27","2013","2013","Male","M",288,38865,741.0
,"85+ years","85+","Minnesota","27","2014","2014","Female","F",569,76931,739.6
,"85+ years","85+","Minnesota","27","2014","2014","Male","M",319,39731,802.9
,"85+ years","85+","Minnesota","27","2015","2015","Female","F",630,77560,812.3
,"85+ years","85+","Minnesota","27","2015","2015","Male","M",318,40649,782.3
,"85+ years","85+","Minnesota","27","2016","2016","Female","F",587,77904,753.5
,"85+ years","85+","Minnesota","27","2016","2016","Male","M",339,41460,817.7
,"85+ years","85+","Minnesota","27","2017","2017","Female","F",635,78396,810.0
,"85+ years","85+","Minnesota","27","2017","2017","Male","M",362,42174,858.3
,"85+ years","85+","Minnesota","27","2018","2018","Female","F",664,78748,843.2
,"85+ years","85+","Minnesota","27","2018","2018","Male","M",355,42936,826.8
,"85+ years","85+","Minnesota","27","2019","2019","Female","F",680,78603,865.1
,"85+ years","85+","Minnesota","27","2019","2019","Male","M",380,44007,863.5
,"85+ years","85+","Minnesota","27","2020","2020","Female","F",640,78514,815.1
,"85+ years","85+","Minnesota","27","2020","2020","Male","M",352,44233,795.8
,"85+ years","85+","Mississippi","28","1999","1999","Female","F",504,30630,1645.4
,"85+ years","85+","Mississippi","28","1999","1999","Male","M",203,11636,1744.6
,"85+ years","85+","Mississippi","28","2000","2000","Female","F",574,31112,1844.9
,"85+ years","85+","Mississippi","28","2000","2000","Male","M",182,11779,1545.1
,"85+ years","85+","Mississippi","28","2001","2001","Female","F",606,30431,1991.4
,"85+ years","85+","Mississippi","28","2001","2001","Male","M",161,11491,1401.1
,"85+ years","85+","Mississippi","28","2002","2002","Female","F",542,29832,1816.8
,"85+ years","85+","Mississippi","28","2002","2002","Male","M",196,11250,1742.2
,"85+ years","85+","Mississippi","28","2003","2003","Female","F",597,29407,2030.1
,"85+ years","85+","Mississippi","28","2003","2003","Male","M",189,11124,1699.0
,"85+ years","85+","Mississippi","28","2004","2004","Female","F",512,29369,1743.3
,"85+ years","85+","Mississippi","28","2004","2004","Male","M",200,11183,1788.4
,"85+ years","85+","Mississippi","28","2005","2005","Female","F",606,29918,2025.5
,"85+ years","85+","Mississippi","28","2005","2005","Male","M",214,11562,1850.9
,"85+ years","85+","Mississippi","28","2006","2006","Female","F",602,30149,1996.7
,"85+ years","85+","Mississippi","28","2006","2006","Male","M",215,11572,1857.9
,"85+ years","85+","Mississippi","28","2007","2007","Female","F",553,30504,1812.9
,"85+ years","85+","Mississippi","28","2007","2007","Male","M",209,11887,1758.2
,"85+ years","85+","Mississippi","28","2008","2008","Female","F",525,30783,1705.5
,"85+ years","85+","Mississippi","28","2008","2008","Male","M",210,12267,1711.9
,"85+ years","85+","Mississippi","28","2009","2009","Female","F",545,31062,1754.6
,"85+ years","85+","Mississippi","28","2009","2009","Male","M",204,12617,1616.9
,"85+ years","85+","Mississippi","28","2010","2010","Female","F",535,31313,1708.6
,"85+ years","85+","Mississippi","28","2010","2010","Male","M",222,13046,1701.7
,"85+ years","85+","Mississippi","28","2011","2011","Female","F",544,31896,1705.5
,"85+ years","85+","Mississippi","28","2011","2011","Male","M",230,13542,1698.4
,"85+ years","85+","Mississippi","28","2012","2012","Female","F",526,32919,1597.9
,"85+ years","85+","Mississippi","28","2012","2012","Male","M",223,14310,1558.4
,"85+ years","85+","Mississippi","28","2013","2013","Female","F",513,33582,1527.6
,"85+ years","85+","Mississippi","28","2013","2013","Male","M",252,15223,1655.4
,"85+ years","85+","Mississippi","28","2014","2014","Female","F",531,34025,1560.6
,"85+ years","85+","Mississippi","28","2014","2014","Male","M",249,15610,1595.1
,"85+ years","85+","Mississippi","28","2015","2015","Female","F",534,34264,1558.5
,"85+ years","85+","Mississippi","28","2015","2015","Male","M",286,16032,1783.9
,"85+ years","85+","Mississippi","28","2016","2016","Female","F",560,34589,1619.0
,"85+ years","85+","Mississippi","28","2016","2016","Male","M",231,16375,1410.7
,"85+ years","85+","Mississippi","28","2017","2017","Female","F",570,34869,1634.7
,"85+ years","85+","Mississippi","28","2017","2017","Male","M",281,16592,1693.6
,"85+ years","85+","Mississippi","28","2018","2018","Female","F",529,35336,1497.1
,"85+ years","85+","Mississippi","28","2018","2018","Male","M",257,17005,1511.3
,"85+ years","85+","Mississippi","28","2019","2019","Female","F",535,35130,1522.9
,"85+ years","85+","Mississippi","28","2019","2019","Male","M",275,17168,1601.8
,"85+ years","85+","Mississippi","28","2020","2020","Female","F",559,35429,1577.8
,"85+ years","85+","Mississippi","28","2020","2020","Male","M",299,17886,1671.7
,"85+ years","85+","Missouri","29","1999","1999","Female","F",625,71189,877.9
,"85+ years","85+","Missouri","29","1999","1999","Male","M",222,26530,836.8
,"85+ years","85+","Missouri","29","2000","2000","Female","F",602,71628,840.5
,"85+ years","85+","Missouri","29","2000","2000","Male","M",241,26943,894.5
,"85+ years","85+","Missouri","29","2001","2001","Female","F",654,71781,911.1
,"85+ years","85+","Missouri","29","2001","2001","Male","M",220,27363,804.0
,"85+ years","85+","Missouri","29","2002","2002","Female","F",627,71487,877.1
,"85+ years","85+","Missouri","29","2002","2002","Male","M",219,27577,794.1
,"85+ years","85+","Missouri","29","2003","2003","Female","F",671,71705,935.8
,"85+ years","85+","Missouri","29","2003","2003","Male","M",257,28097,914.7
,"85+ years","85+","Missouri","29","2004","2004","Female","F",630,71655,879.2
,"85+ years","85+","Missouri","29","2004","2004","Male","M",229,28552,802.0
,"85+ years","85+","Missouri","29","2005","2005","Female","F",635,72525,875.6
,"85+ years","85+","Missouri","29","2005","2005","Male","M",241,29583,814.7
,"85+ years","85+","Missouri","29","2006","2006","Female","F",679,73779,920.3
,"85+ years","85+","Missouri","29","2006","2006","Male","M",264,30906,854.2
,"85+ years","85+","Missouri","29","2007","2007","Female","F",639,74975,852.3
,"85+ years","85+","Missouri","29","2007","2007","Male","M",286,32313,885.1
,"85+ years","85+","Missouri","29","2008","2008","Female","F",637,75852,839.8
,"85+ years","85+","Missouri","29","2008","2008","Male","M",249,33483,743.7
,"85+ years","85+","Missouri","29","2009","2009","Female","F",614,76855,798.9
,"85+ years","85+","Missouri","29","2009","2009","Male","M",278,34759,799.8
,"85+ years","85+","Missouri","29","2010","2010","Female","F",627,77923,804.6
,"85+ years","85+","Missouri","29","2010","2010","Male","M",304,35856,847.8
,"85+ years","85+","Missouri","29","2011","2011","Female","F",663,79887,829.9
,"85+ years","85+","Missouri","29","2011","2011","Male","M",311,37712,824.7
,"85+ years","85+","Missouri","29","2012","2012","Female","F",643,81153,792.3
,"85+ years","85+","Missouri","29","2012","2012","Male","M",310,39132,792.2
,"85+ years","85+","Missouri","29","2013","2013","Female","F",785,82364,953.1
,"85+ years","85+","Missouri","29","2013","2013","Male","M",425,40488,1049.7
,"85+ years","85+","Missouri","29","2014","2014","Female","F",837,83292,1004.9
,"85+ years","85+","Missouri","29","2014","2014","Male","M",432,41713,1035.6
,"85+ years","85+","Missouri","29","2015","2015","Female","F",872,84033,1037.7
,"85+ years","85+","Missouri","29","2015","2015","Male","M",457,42697,1070.3
,"85+ years","85+","Missouri","29","2016","2016","Female","F",910,84676,1074.7
,"85+ years","85+","Missouri","29","2016","2016","Male","M",512,43621,1173.7
,"85+ years","85+","Missouri","29","2017","2017","Female","F",932,85396,1091.4
,"85+ years","85+","Missouri","29","2017","2017","Male","M",547,44604,1226.3
,"85+ years","85+","Missouri","29","2018","2018","Female","F",945,86284,1095.2
,"85+ years","85+","Missouri","29","2018","2018","Male","M",517,45600,1133.8
,"85+ years","85+","Missouri","29","2019","2019","Female","F",955,86837,1099.8
,"85+ years","85+","Missouri","29","2019","2019","Male","M",595,46694,1274.3
,"85+ years","85+","Missouri","29","2020","2020","Female","F",984,86675,1135.3
,"85+ years","85+","Missouri","29","2020","2020","Male","M",612,47278,1294.5
,"85+ years","85+","Montana","30","1999","1999","Female","F",132,10283,1283.7
,"85+ years","85+","Montana","30","1999","1999","Male","M",65,4718,1377.7
,"85+ years","85+","Montana","30","2000","2000","Female","F",114,10455,1090.4
,"85+ years","85+","Montana","30","2000","2000","Male","M",69,4882,1413.4
,"85+ years","85+","Montana","30","2001","2001","Female","F",135,10829,1246.7
,"85+ years","85+","Montana","30","2001","2001","Male","M",70,5037,1389.7
,"85+ years","85+","Montana","30","2002","2002","Female","F",116,10973,1057.1
,"85+ years","85+","Montana","30","2002","2002","Male","M",60,5249,1143.1
,"85+ years","85+","Montana","30","2003","2003","Female","F",134,11209,1195.5
,"85+ years","85+","Montana","30","2003","2003","Male","M",60,5391,1113.0
,"85+ years","85+","Montana","30","2004","2004","Female","F",118,11498,1026.3
,"85+ years","85+","Montana","30","2004","2004","Male","M",60,5627,1066.3
,"85+ years","85+","Montana","30","2005","2005","Female","F",124,11806,1050.3
,"85+ years","85+","Montana","30","2005","2005","Male","M",55,5850,940.2
,"85+ years","85+","Montana","30","2006","2006","Female","F",161,12087,1332.0
,"85+ years","85+","Montana","30","2006","2006","Male","M",82,6117,1340.5
,"85+ years","85+","Montana","30","2007","2007","Female","F",154,12314,1250.6
,"85+ years","85+","Montana","30","2007","2007","Male","M",75,6506,1152.8
,"85+ years","85+","Montana","30","2008","2008","Female","F",138,12558,1098.9
,"85+ years","85+","Montana","30","2008","2008","Male","M",57,6628,860.0
,"85+ years","85+","Montana","30","2009","2009","Female","F",129,12849,1004.0
,"85+ years","85+","Montana","30","2009","2009","Male","M",69,6816,1012.3
,"85+ years","85+","Montana","30","2010","2010","Female","F",138,13005,1061.1
,"85+ years","85+","Montana","30","2010","2010","Male","M",74,7016,1054.7
,"85+ years","85+","Montana","30","2011","2011","Female","F",129,13334,967.5
,"85+ years","85+","Montana","30","2011","2011","Male","M",84,7401,1135.0
,"85+ years","85+","Montana","30","2012","2012","Female","F",132,13506,977.3
,"85+ years","85+","Montana","30","2012","2012","Male","M",81,7575,1069.3
,"85+ years","85+","Montana","30","2013","2013","Female","F",147,13713,1072.0
,"85+ years","85+","Montana","30","2013","2013","Male","M",67,7849,853.6
,"85+ years","85+","Montana","30","2014","2014","Female","F",150,13884,1080.4
,"85+ years","85+","Montana","30","2014","2014","Male","M",72,8101,888.8
,"85+ years","85+","Montana","30","2015","2015","Female","F",156,14080,1108.0
,"85+ years","85+","Montana","30","2015","2015","Male","M",83,8345,994.6
,"85+ years","85+","Montana","30","2016","2016","Female","F",176,14252,1234.9
,"85+ years","85+","Montana","30","2016","2016","Male","M",98,8523,1149.8
,"85+ years","85+","Montana","30","2017","2017","Female","F",154,13948,1104.1
,"85+ years","85+","Montana","30","2017","2017","Male","M",90,8436,1066.9
,"85+ years","85+","Montana","30","2018","2018","Female","F",172,14033,1225.7
,"85+ years","85+","Montana","30","2018","2018","Male","M",102,8662,1177.6
,"85+ years","85+","Montana","30","2019","2019","Female","F",153,13990,1093.6
,"85+ years","85+","Montana","30","2019","2019","Male","M",116,8865,1308.5
,"85+ years","85+","Montana","30","2020","2020","Female","F",149,13984,1065.5
,"85+ years","85+","Montana","30","2020","2020","Male","M",90,9088,990.3
,"85+ years","85+","Nebraska","31","1999","1999","Female","F",293,24456,1198.1
,"85+ years","85+","Nebraska","31","1999","1999","Male","M",106,9399,1127.8
,"85+ years","85+","Nebraska","31","2000","2000","Female","F",268,24391,1098.8
,"85+ years","85+","Nebraska","31","2000","2000","Male","M",110,9562,1150.4
,"85+ years","85+","Nebraska","31","2001","2001","Female","F",300,24578,1220.6
,"85+ years","85+","Nebraska","31","2001","2001","Male","M",122,9805,1244.3
,"85+ years","85+","Nebraska","31","2002","2002","Female","F",313,24508,1277.1
,"85+ years","85+","Nebraska","31","2002","2002","Male","M",119,9964,1194.3
,"85+ years","85+","Nebraska","31","2003","2003","Female","F",300,24564,1221.3
,"85+ years","85+","Nebraska","31","2003","2003","Male","M",133,10195,1304.6
,"85+ years","85+","Nebraska","31","2004","2004","Female","F",286,24559,1164.5
,"85+ years","85+","Nebraska","31","2004","2004","Male","M",116,10291,1127.2
,"85+ years","85+","Nebraska","31","2005","2005","Female","F",261,24996,1044.2
,"85+ years","85+","Nebraska","31","2005","2005","Male","M",105,10588,991.7
,"85+ years","85+","Nebraska","31","2006","2006","Female","F",276,25318,1090.1
,"85+ years","85+","Nebraska","31","2006","2006","Male","M",100,11000,909.1
,"85+ years","85+","Nebraska","31","2007","2007","Female","F",254,25823,983.6
,"85+ years","85+","Nebraska","31","2007","2007","Male","M",86,11539,745.3
,"85+ years","85+","Nebraska","31","2008","2008","Female","F",299,25861,1156.2
,"85+ years","85+","Nebraska","31","2008","2008","Male","M",118,11899,991.7
,"85+ years","85+","Nebraska","31","2009","2009","Female","F",234,26169,894.2
,"85+ years","85+","Nebraska","31","2009","2009","Male","M",103,12493,824.5
,"85+ years","85+","Nebraska","31","2010","2010","Female","F",238,26518,897.5
,"85+ years","85+","Nebraska","31","2010","2010","Male","M",108,12790,844.4
,"85+ years","85+","Nebraska","31","2011","2011","Female","F",226,27084,834.4
,"85+ years","85+","Nebraska","31","2011","2011","Male","M",107,13434,796.5
,"85+ years","85+","Nebraska","31","2012","2012","Female","F",251,27226,921.9
,"85+ years","85+","Nebraska","31","2012","2012","Male","M",119,13724,867.1
,"85+ years","85+","Nebraska","31","2013","2013","Female","F",244,27384,891.0
,"85+ years","85+","Nebraska","31","2013","2013","Male","M",128,14071,909.7
,"85+ years","85+","Nebraska","31","2014","2014","Female","F",242,27469,881.0
,"85+ years","85+","Nebraska","31","2014","2014","Male","M",131,14383,910.8
,"85+ years","85+","Nebraska","31","2015","2015","Female","F",260,27576,942.8
,"85+ years","85+","Nebraska","31","2015","2015","Male","M",151,14648,1030.9
,"85+ years","85+","Nebraska","31","2016","2016","Female","F",274,27769,986.7
,"85+ years","85+","Nebraska","31","2016","2016","Male","M",118,15053,783.9
,"85+ years","85+","Nebraska","31","2017","2017","Female","F",267,27858,958.4
,"85+ years","85+","Nebraska","31","2017","2017","Male","M",135,15138,891.8
,"85+ years","85+","Nebraska","31","2018","2018","Female","F",272,27836,977.2
,"85+ years","85+","Nebraska","31","2018","2018","Male","M",137,15242,898.8
,"85+ years","85+","Nebraska","31","2019","2019","Female","F",281,27630,1017.0
,"85+ years","85+","Nebraska","31","2019","2019","Male","M",147,15428,952.8
,"85+ years","85+","Nebraska","31","2020","2020","Female","F",293,27252,1075.2
,"85+ years","85+","Nebraska","31","2020","2020","Male","M",147,15378,955.9
,"85+ years","85+","Nevada","32","1999","1999","Female","F",111,10972,1011.7
,"85+ years","85+","Nevada","32","1999","1999","Male","M",39,5362,727.3
,"85+ years","85+","Nevada","32","2000","2000","Female","F",135,11345,1190.0
,"85+ years","85+","Nevada","32","2000","2000","Male","M",58,5644,1027.6
,"85+ years","85+","Nevada","32","2001","2001","Female","F",148,12223,1210.8
,"85+ years","85+","Nevada","32","2001","2001","Male","M",59,6171,956.1
,"85+ years","85+","Nevada","32","2002","2002","Female","F",153,12748,1200.2
,"85+ years","85+","Nevada","32","2002","2002","Male","M",72,6595,1091.7
,"85+ years","85+","Nevada","32","2003","2003","Female","F",133,13560,980.8
,"85+ years","85+","Nevada","32","2003","2003","Male","M",71,7016,1012.0
,"85+ years","85+","Nevada","32","2004","2004","Female","F",168,14233,1180.4
,"85+ years","85+","Nevada","32","2004","2004","Male","M",100,7437,1344.6
,"85+ years","85+","Nevada","32","2005","2005","Female","F",169,15047,1123.1
,"85+ years","85+","Nevada","32","2005","2005","Male","M",90,7991,1126.3
,"85+ years","85+","Nevada","32","2006","2006","Female","F",156,15805,987.0
,"85+ years","85+","Nevada","32","2006","2006","Male","M",81,8612,940.5
,"85+ years","85+","Nevada","32","2007","2007","Female","F",138,16817,820.6
,"85+ years","85+","Nevada","32","2007","2007","Male","M",70,9348,748.8
,"85+ years","85+","Nevada","32","2008","2008","Female","F",121,17620,686.7
,"85+ years","85+","Nevada","32","2008","2008","Male","M",75,10009,749.3
,"85+ years","85+","Nevada","32","2009","2009","Female","F",77,18543,415.3
,"85+ years","85+","Nevada","32","2009","2009","Male","M",74,10486,705.7
,"85+ years","85+","Nevada","32","2010","2010","Female","F",96,19170,500.8
,"85+ years","85+","Nevada","32","2010","2010","Male","M",56,11017,508.3
,"85+ years","85+","Nevada","32","2011","2011","Female","F",110,20780,529.4
,"85+ years","85+","Nevada","32","2011","2011","Male","M",56,12211,458.6
,"85+ years","85+","Nevada","32","2012","2012","Female","F",113,21890,516.2
,"85+ years","85+","Nevada","32","2012","2012","Male","M",74,12854,575.7
,"85+ years","85+","Nevada","32","2013","2013","Female","F",106,22661,467.8
,"85+ years","85+","Nevada","32","2013","2013","Male","M",73,13691,533.2
,"85+ years","85+","Nevada","32","2014","2014","Female","F",138,23226,594.2
,"85+ years","85+","Nevada","32","2014","2014","Male","M",88,14538,605.3
,"85+ years","85+","Nevada","32","2015","2015","Female","F",151,24170,624.7
,"85+ years","85+","Nevada","32","2015","2015","Male","M",96,15478,620.2
,"85+ years","85+","Nevada","32","2016","2016","Female","F",169,25080,673.8
,"85+ years","85+","Nevada","32","2016","2016","Male","M",111,16457,674.5
,"85+ years","85+","Nevada","32","2017","2017","Female","F",178,24564,724.6
,"85+ years","85+","Nevada","32","2017","2017","Male","M",113,16964,666.1
,"85+ years","85+","Nevada","32","2018","2018","Female","F",174,25481,682.9
,"85+ years","85+","Nevada","32","2018","2018","Male","M",129,17881,721.4
,"85+ years","85+","Nevada","32","2019","2019","Female","F",212,26168,810.1
,"85+ years","85+","Nevada","32","2019","2019","Male","M",152,18648,815.1
,"85+ years","85+","Nevada","32","2020","2020","Female","F",252,27219,925.8
,"85+ years","85+","Nevada","32","2020","2020","Male","M",152,19695,771.8
,"85+ years","85+","New Hampshire","33","1999","1999","Female","F",74,13004,569.1
,"85+ years","85+","New Hampshire","33","1999","1999","Male","M",25,4869,513.5
,"85+ years","85+","New Hampshire","33","2000","2000","Female","F",76,13182,576.5
,"85+ years","85+","New Hampshire","33","2000","2000","Male","M",24,5049,475.3
,"85+ years","85+","New Hampshire","33","2001","2001","Female","F",74,13402,552.2
,"85+ years","85+","New Hampshire","33","2001","2001","Male","M",29,5285,548.7
,"85+ years","85+","New Hampshire","33","2002","2002","Female","F",67,13579,493.4
,"85+ years","85+","New Hampshire","33","2002","2002","Male","M",28,5473,511.6
,"85+ years","85+","New Hampshire","33","2003","2003","Female","F",83,13872,598.3
,"85+ years","85+","New Hampshire","33","2003","2003","Male","M",31,5683,545.5
,"85+ years","85+","New Hampshire","33","2004","2004","Female","F",82,14381,570.2
,"85+ years","85+","New Hampshire","33","2004","2004","Male","M",29,6060,478.5
,"85+ years","85+","New Hampshire","33","2005","2005","Female","F",108,14793,730.1
,"85+ years","85+","New Hampshire","33","2005","2005","Male","M",38,6404,593.4
,"85+ years","85+","New Hampshire","33","2006","2006","Female","F",154,15444,997.2
,"85+ years","85+","New Hampshire","33","2006","2006","Male","M",53,6898,768.3
,"85+ years","85+","New Hampshire","33","2007","2007","Female","F",123,15961,770.6
,"85+ years","85+","New Hampshire","33","2007","2007","Male","M",50,7209,693.6
,"85+ years","85+","New Hampshire","33","2008","2008","Female","F",128,16249,787.7
,"85+ years","85+","New Hampshire","33","2008","2008","Male","M",57,7529,757.1
,"85+ years","85+","New Hampshire","33","2009","2009","Female","F",133,16393,811.3
,"85+ years","85+","New Hampshire","33","2009","2009","Male","M",58,7776,745.9
,"85+ years","85+","New Hampshire","33","2010","2010","Female","F",116,16710,694.2
,"85+ years","85+","New Hampshire","33","2010","2010","Male","M",63,8051,782.5
,"85+ years","85+","New Hampshire","33","2011","2011","Female","F",121,17242,701.8
,"85+ years","85+","New Hampshire","33","2011","2011","Male","M",59,8414,701.2
,"85+ years","85+","New Hampshire","33","2012","2012","Female","F",112,17715,632.2
,"85+ years","85+","New Hampshire","33","2012","2012","Male","M",70,8699,804.7
,"85+ years","85+","New Hampshire","33","2013","2013","Female","F",121,18314,660.7
,"85+ years","85+","New Hampshire","33","2013","2013","Male","M",69,9150,754.1
,"85+ years","85+","New Hampshire","33","2014","2014","Female","F",154,18483,833.2
,"85+ years","85+","New Hampshire","33","2014","2014","Male","M",73,9392,777.3
,"85+ years","85+","New Hampshire","33","2015","2015","Female","F",163,19111,852.9
,"85+ years","85+","New Hampshire","33","2015","2015","Male","M",85,9833,864.4
,"85+ years","85+","New Hampshire","33","2016","2016","Female","F",159,19214,827.5
,"85+ years","85+","New Hampshire","33","2016","2016","Male","M",90,10102,890.9
,"85+ years","85+","New Hampshire","33","2017","2017","Female","F",188,19587,959.8
,"85+ years","85+","New Hampshire","33","2017","2017","Male","M",103,10467,984.0
,"85+ years","85+","New Hampshire","33","2018","2018","Female","F",194,19865,976.6
,"85+ years","85+","New Hampshire","33","2018","2018","Male","M",113,10623,1063.7
,"85+ years","85+","New Hampshire","33","2019","2019","Female","F",195,19502,999.9
,"85+ years","85+","New Hampshire","33","2019","2019","Male","M",113,10739,1052.2
,"85+ years","85+","New Hampshire","33","2020","2020","Female","F",205,19666,1042.4
,"85+ years","85+","New Hampshire","33","2020","2020","Male","M",113,10914,1035.4
,"85+ years","85+","New Jersey","34","1999","1999","Female","F",609,95208,639.7
,"85+ years","85+","New Jersey","34","1999","1999","Male","M",264,37495,704.1
,"85+ years","85+","New Jersey","34","2000","2000","Female","F",709,97267,728.9
,"85+ years","85+","New Jersey","34","2000","2000","Male","M",273,38732,704.8
,"85+ years","85+","New Jersey","34","2001","2001","Female","F",647,99029,653.3
,"85+ years","85+","New Jersey","34","2001","2001","Male","M",244,39928,611.1
,"85+ years","85+","New Jersey","34","2002","2002","Female","F",651,100590,647.2
,"85+ years","85+","New Jersey","34","2002","2002","Male","M",255,40892,623.6
,"85+ years","85+","New Jersey","34","2003","2003","Female","F",694,102556,676.7
,"85+ years","85+","New Jersey","34","2003","2003","Male","M",292,42523,686.7
,"85+ years","85+","New Jersey","34","2004","2004","Female","F",700,103288,677.7
,"85+ years","85+","New Jersey","34","2004","2004","Male","M",303,43552,695.7
,"85+ years","85+","New Jersey","34","2005","2005","Female","F",773,106367,726.7
,"85+ years","85+","New Jersey","34","2005","2005","Male","M",311,45523,683.2
,"85+ years","85+","New Jersey","34","2006","2006","Female","F",730,110288,661.9
,"85+ years","85+","New Jersey","34","2006","2006","Male","M",316,48111,656.8
,"85+ years","85+","New Jersey","34","2007","2007","Female","F",711,113373,627.1
,"85+ years","85+","New Jersey","34","2007","2007","Male","M",363,50362,720.8
,"85+ years","85+","New Jersey","34","2008","2008","Female","F",807,116543,692.4
,"85+ years","85+","New Jersey","34","2008","2008","Male","M",352,52324,672.7
,"85+ years","85+","New Jersey","34","2009","2009","Female","F",795,120511,659.7
,"85+ years","85+","New Jersey","34","2009","2009","Male","M",341,54622,624.3
,"85+ years","85+","New Jersey","34","2010","2010","Female","F",836,123274,678.2
,"85+ years","85+","New Jersey","34","2010","2010","Male","M",410,56337,727.8
,"85+ years","85+","New Jersey","34","2011","2011","Female","F",811,126483,641.2
,"85+ years","85+","New Jersey","34","2011","2011","Male","M",402,59138,679.8
,"85+ years","85+","New Jersey","34","2012","2012","Female","F",837,128184,653.0
,"85+ years","85+","New Jersey","34","2012","2012","Male","M",435,60935,713.9
,"85+ years","85+","New Jersey","34","2013","2013","Female","F",880,129679,678.6
,"85+ years","85+","New Jersey","34","2013","2013","Male","M",486,62589,776.5
,"85+ years","85+","New Jersey","34","2014","2014","Female","F",968,130822,739.9
,"85+ years","85+","New Jersey","34","2014","2014","Male","M",463,64138,721.9
,"85+ years","85+","New Jersey","34","2015","2015","Female","F",956,131571,726.6
,"85+ years","85+","New Jersey","34","2015","2015","Male","M",529,65439,808.4
,"85+ years","85+","New Jersey","34","2016","2016","Female","F",1009,132513,761.4
,"85+ years","85+","New Jersey","34","2016","2016","Male","M",558,66213,842.7
,"85+ years","85+","New Jersey","34","2017","2017","Female","F",1105,135837,813.5
,"85+ years","85+","New Jersey","34","2017","2017","Male","M",627,68231,918.9
,"85+ years","85+","New Jersey","34","2018","2018","Female","F",1218,134100,908.3
,"85+ years","85+","New Jersey","34","2018","2018","Male","M",678,68193,994.2
,"85+ years","85+","New Jersey","34","2019","2019","Female","F",1268,133819,947.5
,"85+ years","85+","New Jersey","34","2019","2019","Male","M",783,69285,1130.1
,"85+ years","85+","New Jersey","34","2020","2020","Female","F",1180,132189,892.7
,"85+ years","85+","New Jersey","34","2020","2020","Male","M",747,69180,1079.8
,"85+ years","85+","New Mexico","35","1999","1999","Female","F",142,15230,932.4
,"85+ years","85+","New Mexico","35","1999","1999","Male","M",40,7307,547.4
,"85+ years","85+","New Mexico","35","2000","2000","Female","F",104,15689,662.9
,"85+ years","85+","New Mexico","35","2000","2000","Male","M",59,7617,774.6
,"85+ years","85+","New Mexico","35","2001","2001","Female","F",109,16272,669.9
,"85+ years","85+","New Mexico","35","2001","2001","Male","M",49,7952,616.2
,"85+ years","85+","New Mexico","35","2002","2002","Female","F",114,16374,696.2
,"85+ years","85+","New Mexico","35","2002","2002","Male","M",51,8113,628.6
,"85+ years","85+","New Mexico","35","2003","2003","Female","F",130,16674,779.7
,"85+ years","85+","New Mexico","35","2003","2003","Male","M",57,8363,681.6
,"85+ years","85+","New Mexico","35","2004","2004","Female","F",135,16808,803.2
,"85+ years","85+","New Mexico","35","2004","2004","Male","M",70,8604,813.6
,"85+ years","85+","New Mexico","35","2005","2005","Female","F",167,17365,961.7
,"85+ years","85+","New Mexico","35","2005","2005","Male","M",75,9072,826.7
,"85+ years","85+","New Mexico","35","2006","2006","Female","F",194,17946,1081.0
,"85+ years","85+","New Mexico","35","2006","2006","Male","M",72,9611,749.1
,"85+ years","85+","New Mexico","35","2007","2007","Female","F",158,18824,839.4
,"85+ years","85+","New Mexico","35","2007","2007","Male","M",76,10085,753.6
,"85+ years","85+","New Mexico","35","2008","2008","Female","F",146,19373,753.6
,"85+ years","85+","New Mexico","35","2008","2008","Male","M",71,10544,673.4
,"85+ years","85+","New Mexico","35","2009","2009","Female","F",155,20107,770.9
,"85+ years","85+","New Mexico","35","2009","2009","Male","M",74,11033,670.7
,"85+ years","85+","New Mexico","35","2010","2010","Female","F",141,20617,683.9
,"85+ years","85+","New Mexico","35","2010","2010","Male","M",66,11376,580.2
,"85+ years","85+","New Mexico","35","2011","2011","Female","F",137,21684,631.8
,"85+ years","85+","New Mexico","35","2011","2011","Male","M",79,12105,652.6
,"85+ years","85+","New Mexico","35","2012","2012","Female","F",155,22212,697.8
,"85+ years","85+","New Mexico","35","2012","2012","Male","M",88,12665,694.8
,"85+ years","85+","New Mexico","35","2013","2013","Female","F",144,22649,635.8
,"85+ years","85+","New Mexico","35","2013","2013","Male","M",96,13368,718.1
,"85+ years","85+","New Mexico","35","2014","2014","Female","F",155,23497,659.7
,"85+ years","85+","New Mexico","35","2014","2014","Male","M",83,13876,598.2
,"85+ years","85+","New Mexico","35","2015","2015","Female","F",183,24138,758.1
,"85+ years","85+","New Mexico","35","2015","2015","Male","M",85,14564,583.6
,"85+ years","85+","New Mexico","35","2016","2016","Female","F",180,24556,733.0
,"85+ years","85+","New Mexico","35","2016","2016","Male","M",102,15040,678.2
,"85+ years","85+","New Mexico","35","2017","2017","Female","F",183,24684,741.4
,"85+ years","85+","New Mexico","35","2017","2017","Male","M",134,15307,875.4
,"85+ years","85+","New Mexico","35","2018","2018","Female","F",210,25345,828.6
,"85+ years","85+","New Mexico","35","2018","2018","Male","M",119,15826,751.9
,"85+ years","85+","New Mexico","35","2019","2019","Female","F",222,25386,874.5
,"85+ years","85+","New Mexico","35","2019","2019","Male","M",112,16023,699.0
,"85+ years","85+","New Mexico","35","2020","2020","Female","F",185,25891,714.5
,"85+ years","85+","New Mexico","35","2020","2020","Male","M",103,16408,627.7
,"85+ years","85+","New York","36","1999","1999","Female","F",1324,219824,602.3
,"85+ years","85+","New York","36","1999","1999","Male","M",525,84791,619.2
,"85+ years","85+","New York","36","2000","2000","Female","F",1414,224426,630.1
,"85+ years","85+","New York","36","2000","2000","Male","M",549,87062,630.6
,"85+ years","85+","New York","36","2001","2001","Female","F",1413,228332,618.8
,"85+ years","85+","New York","36","2001","2001","Male","M",518,89392,579.5
,"85+ years","85+","New York","36","2002","2002","Female","F",1383,230210,600.8
,"85+ years","85+","New York","36","2002","2002","Male","M",543,91687,592.2
,"85+ years","85+","New York","36","2003","2003","Female","F",1399,233585,598.9
,"85+ years","85+","New York","36","2003","2003","Male","M",535,94675,565.1
,"85+ years","85+","New York","36","2004","2004","Female","F",1420,234949,604.4
,"85+ years","85+","New York","36","2004","2004","Male","M",620,97197,637.9
,"85+ years","85+","New York","36","2005","2005","Female","F",1458,240851,605.4
,"85+ years","85+","New York","36","2005","2005","Male","M",658,101848,646.1
,"85+ years","85+","New York","36","2006","2006","Female","F",1473,246264,598.1
,"85+ years","85+","New York","36","2006","2006","Male","M",632,106293,594.6
,"85+ years","85+","New York","36","2007","2007","Female","F",1389,252355,550.4
,"85+ years","85+","New York","36","2007","2007","Male","M",647,110711,584.4
,"85+ years","85+","New York","36","2008","2008","Female","F",1417,257482,550.3
,"85+ years","85+","New York","36","2008","2008","Male","M",696,115334,603.5
,"85+ years","85+","New York","36","2009","2009","Female","F",1417,263746,537.3
,"85+ years","85+","New York","36","2009","2009","Male","M",722,119599,603.7
,"85+ years","85+","New York","36","2010","2010","Female","F",1494,268252,556.9
,"85+ years","85+","New York","36","2010","2010","Male","M",693,122622,565.2
,"85+ years","85+","New York","36","2011","2011","Female","F",1518,275849,550.3
,"85+ years","85+","New York","36","2011","2011","Male","M",744,128770,577.8
,"85+ years","85+","New York","36","2012","2012","Female","F",1496,281131,532.1
,"85+ years","85+","New York","36","2012","2012","Male","M",831,133254,623.6
,"85+ years","85+","New York","36","2013","2013","Female","F",1604,285964,560.9
,"85+ years","85+","New York","36","2013","2013","Male","M",922,138326,666.5
,"85+ years","85+","New York","36","2014","2014","Female","F",1570,287924,545.3
,"85+ years","85+","New York","36","2014","2014","Male","M",948,141258,671.1
,"85+ years","85+","New York","36","2015","2015","Female","F",1777,289069,614.7
,"85+ years","85+","New York","36","2015","2015","Male","M",1006,144402,696.7
,"85+ years","85+","New York","36","2016","2016","Female","F",1838,291298,631.0
,"85+ years","85+","New York","36","2016","2016","Male","M",1096,147102,745.1
,"85+ years","85+","New York","36","2017","2017","Female","F",1776,302330,587.4
,"85+ years","85+","New York","36","2017","2017","Male","M",1009,154013,655.1
,"85+ years","85+","New York","36","2018","2018","Female","F",1996,301297,662.5
,"85+ years","85+","New York","36","2018","2018","Male","M",1017,155022,656.0
,"85+ years","85+","New York","36","2019","2019","Female","F",1844,301703,611.2
,"85+ years","85+","New York","36","2019","2019","Male","M",1110,158298,701.2
,"85+ years","85+","New York","36","2020","2020","Female","F",1788,301359,593.3
,"85+ years","85+","New York","36","2020","2020","Male","M",1071,159160,672.9
,"85+ years","85+","North Carolina","37","1999","1999","Female","F",541,77056,702.1
,"85+ years","85+","North Carolina","37","1999","1999","Male","M",182,26504,686.7
,"85+ years","85+","North Carolina","37","2000","2000","Female","F",590,78093,755.5
,"85+ years","85+","North Carolina","37","2000","2000","Male","M",196,27368,716.2
,"85+ years","85+","North Carolina","37","2001","2001","Female","F",606,79468,762.6
,"85+ years","85+","North Carolina","37","2001","2001","Male","M",181,28205,641.7
,"85+ years","85+","North Carolina","37","2002","2002","Female","F",579,80669,717.7
,"85+ years","85+","North Carolina","37","2002","2002","Male","M",209,29027,720.0
,"85+ years","85+","North Carolina","37","2003","2003","Female","F",644,82558,780.1
,"85+ years","85+","North Carolina","37","2003","2003","Male","M",235,30428,772.3
,"85+ years","85+","North Carolina","37","2004","2004","Female","F",647,84010,770.1
,"85+ years","85+","North Carolina","37","2004","2004","Male","M",210,31805,660.3
,"85+ years","85+","North Carolina","37","2005","2005","Female","F",643,86342,744.7
,"85+ years","85+","North Carolina","37","2005","2005","Male","M",220,33409,658.5
,"85+ years","85+","North Carolina","37","2006","2006","Female","F",658,90495,727.1
,"85+ years","85+","North Carolina","37","2006","2006","Male","M",228,35991,633.5
,"85+ years","85+","North Carolina","37","2007","2007","Female","F",650,94172,690.2
,"85+ years","85+","North Carolina","37","2007","2007","Male","M",242,38115,634.9
,"85+ years","85+","North Carolina","37","2008","2008","Female","F",691,97135,711.4
,"85+ years","85+","North Carolina","37","2008","2008","Male","M",264,39886,661.9
,"85+ years","85+","North Carolina","37","2009","2009","Female","F",651,100721,646.3
,"85+ years","85+","North Carolina","37","2009","2009","Male","M",278,42374,656.1
,"85+ years","85+","North Carolina","37","2010","2010","Female","F",659,103205,638.5
,"85+ years","85+","North Carolina","37","2010","2010","Male","M",301,44256,680.1
,"85+ years","85+","North Carolina","37","2011","2011","Female","F",729,106651,683.5
,"85+ years","85+","North Carolina","37","2011","2011","Male","M",294,47082,624.4
,"85+ years","85+","North Carolina","37","2012","2012","Female","F",751,110120,682.0
,"85+ years","85+","North Carolina","37","2012","2012","Male","M",327,49752,657.3
,"85+ years","85+","North Carolina","37","2013","2013","Female","F",727,112875,644.1
,"85+ years","85+","North Carolina","37","2013","2013","Male","M",376,52676,713.8
,"85+ years","85+","North Carolina","37","2014","2014","Female","F",835,115384,723.7
,"85+ years","85+","North Carolina","37","2014","2014","Male","M",426,54998,774.6
,"85+ years","85+","North Carolina","37","2015","2015","Female","F",986,117789,837.1
,"85+ years","85+","North Carolina","37","2015","2015","Male","M",503,57255,878.5
,"85+ years","85+","North Carolina","37","2016","2016","Female","F",999,118983,839.6
,"85+ years","85+","North Carolina","37","2016","2016","Male","M",547,58827,929.8
,"85+ years","85+","North Carolina","37","2017","2017","Female","F",1111,121042,917.9
,"85+ years","85+","North Carolina","37","2017","2017","Male","M",605,60903,993.4
,"85+ years","85+","North Carolina","37","2018","2018","Female","F",1125,123009,914.6
,"85+ years","85+","North Carolina","37","2018","2018","Male","M",663,62740,1056.7
,"85+ years","85+","North Carolina","37","2019","2019","Female","F",1261,124626,1011.8
,"85+ years","85+","North Carolina","37","2019","2019","Male","M",690,64768,1065.3
,"85+ years","85+","North Carolina","37","2020","2020","Female","F",1256,126693,991.4
,"85+ years","85+","North Carolina","37","2020","2020","Male","M",727,67548,1076.3
,"85+ years","85+","North Dakota","38","1999","1999","Female","F",107,10045,1065.2
,"85+ years","85+","North Dakota","38","1999","1999","Male","M",48,4513,1063.6
,"85+ years","85+","North Dakota","38","2000","2000","Female","F",71,10159,698.9
,"85+ years","85+","North Dakota","38","2000","2000","Male","M",26,4567,569.3
,"85+ years","85+","North Dakota","38","2001","2001","Female","F",69,10305,669.6
,"85+ years","85+","North Dakota","38","2001","2001","Male","M",29,4619,627.8
,"85+ years","85+","North Dakota","38","2002","2002","Female","F",62,10351,599.0
,"85+ years","85+","North Dakota","38","2002","2002","Male","M",25,4701,531.8
,"85+ years","85+","North Dakota","38","2003","2003","Female","F",69,10455,660.0
,"85+ years","85+","North Dakota","38","2003","2003","Male","M",33,4751,694.6
,"85+ years","85+","North Dakota","38","2004","2004","Female","F",66,10656,619.4
,"85+ years","85+","North Dakota","38","2004","2004","Male","M",33,4866,678.2
,"85+ years","85+","North Dakota","38","2005","2005","Female","F",72,10684,673.9
,"85+ years","85+","North Dakota","38","2005","2005","Male","M",34,4850,701.0
,"85+ years","85+","North Dakota","38","2006","2006","Female","F",79,10930,722.8
,"85+ years","85+","North Dakota","38","2006","2006","Male","M",27,4963,544.0
,"85+ years","85+","North Dakota","38","2007","2007","Female","F",74,10950,675.8
,"85+ years","85+","North Dakota","38","2007","2007","Male","M",24,5117,469.0
,"85+ years","85+","North Dakota","38","2008","2008","Female","F",78,11027,707.4
,"85+ years","85+","North Dakota","38","2008","2008","Male","M",31,5182,598.2
,"85+ years","85+","North Dakota","38","2009","2009","Female","F",73,11060,660.0
,"85+ years","85+","North Dakota","38","2009","2009","Male","M",37,5302,697.8
,"85+ years","85+","North Dakota","38","2010","2010","Female","F",96,11237,854.3
,"85+ years","85+","North Dakota","38","2010","2010","Male","M",47,5451,862.2
,"85+ years","85+","North Dakota","38","2011","2011","Female","F",88,11499,765.3
,"85+ years","85+","North Dakota","38","2011","2011","Male","M",29,5717,507.3
,"85+ years","85+","North Dakota","38","2012","2012","Female","F",102,11542,883.7
,"85+ years","85+","North Dakota","38","2012","2012","Male","M",31,5788,535.6
,"85+ years","85+","North Dakota","38","2013","2013","Female","F",91,11696,778.0
,"85+ years","85+","North Dakota","38","2013","2013","Male","M",36,5984,601.6
,"85+ years","85+","North Dakota","38","2014","2014","Female","F",119,11911,999.1
,"85+ years","85+","North Dakota","38","2014","2014","Male","M",48,6048,793.7
,"85+ years","85+","North Dakota","38","2015","2015","Female","F",83,11884,698.4
,"85+ years","85+","North Dakota","38","2015","2015","Male","M",43,6202,693.3
,"85+ years","85+","North Dakota","38","2016","2016","Female","F",94,11882,791.1
,"85+ years","85+","North Dakota","38","2016","2016","Male","M",53,6265,846.0
,"85+ years","85+","North Dakota","38","2017","2017","Female","F",96,12269,782.5
,"85+ years","85+","North Dakota","38","2017","2017","Male","M",56,6380,877.7
,"85+ years","85+","North Dakota","38","2018","2018","Female","F",92,12300,748.0
,"85+ years","85+","North Dakota","38","2018","2018","Male","M",52,6496,800.5
,"85+ years","85+","North Dakota","38","2019","2019","Female","F",109,12294,886.6
,"85+ years","85+","North Dakota","38","2019","2019","Male","M",58,6519,889.7
,"85+ years","85+","North Dakota","38","2020","2020","Female","F",105,12123,866.1
,"85+ years","85+","North Dakota","38","2020","2020","Male","M",43,6510,660.5
,"85+ years","85+","Ohio","39","1999","1999","Female","F",1056,126825,832.6
,"85+ years","85+","Ohio","39","1999","1999","Male","M",350,46982,745.0
,"85+ years","85+","Ohio","39","2000","2000","Female","F",1169,128624,908.9
,"85+ years","85+","Ohio","39","2000","2000","Male","M",395,48172,820.0
,"85+ years","85+","Ohio","39","2001","2001","Female","F",1211,130346,929.1
,"85+ years","85+","Ohio","39","2001","2001","Male","M",422,49695,849.2
,"85+ years","85+","Ohio","39","2002","2002","Female","F",1066,131745,809.1
,"85+ years","85+","Ohio","39","2002","2002","Male","M",389,51240,759.2
,"85+ years","85+","Ohio","39","2003","2003","Female","F",1141,134406,848.9
,"85+ years","85+","Ohio","39","2003","2003","Male","M",438,53634,816.6
,"85+ years","85+","Ohio","39","2004","2004","Female","F",1128,135645,831.6
,"85+ years","85+","Ohio","39","2004","2004","Male","M",447,55533,804.9
,"85+ years","85+","Ohio","39","2005","2005","Female","F",1013,138507,731.4
,"85+ years","85+","Ohio","39","2005","2005","Male","M",433,58019,746.3
,"85+ years","85+","Ohio","39","2006","2006","Female","F",997,143271,695.9
,"85+ years","85+","Ohio","39","2006","2006","Male","M",399,61197,652.0
,"85+ years","85+","Ohio","39","2007","2007","Female","F",830,147858,561.3
,"85+ years","85+","Ohio","39","2007","2007","Male","M",358,64402,555.9
,"85+ years","85+","Ohio","39","2008","2008","Female","F",970,151356,640.9
,"85+ years","85+","Ohio","39","2008","2008","Male","M",385,67296,572.1
,"85+ years","85+","Ohio","39","2009","2009","Female","F",985,155271,634.4
,"85+ years","85+","Ohio","39","2009","2009","Male","M",406,70247,578.0
,"85+ years","85+","Ohio","39","2010","2010","Female","F",1057,158083,668.6
,"85+ years","85+","Ohio","39","2010","2010","Male","M",480,72346,663.5
,"85+ years","85+","Ohio","39","2011","2011","Female","F",1081,162763,664.2
,"85+ years","85+","Ohio","39","2011","2011","Male","M",480,76311,629.0
,"85+ years","85+","Ohio","39","2012","2012","Female","F",1129,164740,685.3
,"85+ years","85+","Ohio","39","2012","2012","Male","M",535,78773,679.2
,"85+ years","85+","Ohio","39","2013","2013","Female","F",1260,166953,754.7
,"85+ years","85+","Ohio","39","2013","2013","Male","M",658,81547,806.9
,"85+ years","85+","Ohio","39","2014","2014","Female","F",1327,167645,791.6
,"85+ years","85+","Ohio","39","2014","2014","Male","M",654,83284,785.3
,"85+ years","85+","Ohio","39","2015","2015","Female","F",1483,168221,881.6
,"85+ years","85+","Ohio","39","2015","2015","Male","M",765,84799,902.1
,"85+ years","85+","Ohio","39","2016","2016","Female","F",1589,168262,944.4
,"85+ years","85+","Ohio","39","2016","2016","Male","M",894,85885,1040.9
,"85+ years","85+","Ohio","39","2017","2017","Female","F",1660,169211,981.0
,"85+ years","85+","Ohio","39","2017","2017","Male","M",845,87219,968.8
,"85+ years","85+","Ohio","39","2018","2018","Female","F",1822,168602,1080.7
,"85+ years","85+","Ohio","39","2018","2018","Male","M",1054,87735,1201.3
,"85+ years","85+","Ohio","39","2019","2019","Female","F",1805,167534,1077.4
,"85+ years","85+","Ohio","39","2019","2019","Male","M",1042,88738,1174.2
,"85+ years","85+","Ohio","39","2020","2020","Female","F",1796,166703,1077.4
,"85+ years","85+","Ohio","39","2020","2020","Male","M",1050,88907,1181.0
,"85+ years","85+","Oklahoma","40","1999","1999","Female","F",518,41141,1259.1
,"85+ years","85+","Oklahoma","40","1999","1999","Male","M",161,15754,1022.0
,"85+ years","85+","Oklahoma","40","2000","2000","Female","F",558,41269,1352.1
,"85+ years","85+","Oklahoma","40","2000","2000","Male","M",179,15906,1125.4
,"85+ years","85+","Oklahoma","40","2001","2001","Female","F",526,40450,1300.4
,"85+ years","85+","Oklahoma","40","2001","2001","Male","M",187,15748,1187.5
,"85+ years","85+","Oklahoma","40","2002","2002","Female","F",523,39689,1317.7
,"85+ years","85+","Oklahoma","40","2002","2002","Male","M",181,15746,1149.5
,"85+ years","85+","Oklahoma","40","2003","2003","Female","F",497,39096,1271.2
,"85+ years","85+","Oklahoma","40","2003","2003","Male","M",165,16262,1014.6
,"85+ years","85+","Oklahoma","40","2004","2004","Female","F",467,38674,1207.5
,"85+ years","85+","Oklahoma","40","2004","2004","Male","M",154,16461,935.5
,"85+ years","85+","Oklahoma","40","2005","2005","Female","F",471,38911,1210.5
,"85+ years","85+","Oklahoma","40","2005","2005","Male","M",175,16836,1039.4
,"85+ years","85+","Oklahoma","40","2006","2006","Female","F",516,39597,1303.1
,"85+ years","85+","Oklahoma","40","2006","2006","Male","M",206,17681,1165.1
,"85+ years","85+","Oklahoma","40","2007","2007","Female","F",501,39992,1252.8
,"85+ years","85+","Oklahoma","40","2007","2007","Male","M",232,18430,1258.8
,"85+ years","85+","Oklahoma","40","2008","2008","Female","F",514,40537,1268.0
,"85+ years","85+","Oklahoma","40","2008","2008","Male","M",215,19073,1127.2
,"85+ years","85+","Oklahoma","40","2009","2009","Female","F",461,41210,1118.7
,"85+ years","85+","Oklahoma","40","2009","2009","Male","M",244,19958,1222.6
,"85+ years","85+","Oklahoma","40","2010","2010","Female","F",502,41486,1210.0
,"85+ years","85+","Oklahoma","40","2010","2010","Male","M",216,20426,1057.5
,"85+ years","85+","Oklahoma","40","2011","2011","Female","F",386,42726,903.4
,"85+ years","85+","Oklahoma","40","2011","2011","Male","M",189,21671,872.1
,"85+ years","85+","Oklahoma","40","2012","2012","Female","F",360,43222,832.9
,"85+ years","85+","Oklahoma","40","2012","2012","Male","M",175,22338,783.4
,"85+ years","85+","Oklahoma","40","2013","2013","Female","F",371,43775,847.5
,"85+ years","85+","Oklahoma","40","2013","2013","Male","M",205,23184,884.2
,"85+ years","85+","Oklahoma","40","2014","2014","Female","F",413,44186,934.7
,"85+ years","85+","Oklahoma","40","2014","2014","Male","M",203,23906,849.2
,"85+ years","85+","Oklahoma","40","2015","2015","Female","F",438,44886,975.8
,"85+ years","85+","Oklahoma","40","2015","2015","Male","M",213,24563,867.2
,"85+ years","85+","Oklahoma","40","2016","2016","Female","F",428,45373,943.3
,"85+ years","85+","Oklahoma","40","2016","2016","Male","M",195,25197,773.9
,"85+ years","85+","Oklahoma","40","2017","2017","Female","F",486,45701,1063.4
,"85+ years","85+","Oklahoma","40","2017","2017","Male","M",238,25666,927.3
,"85+ years","85+","Oklahoma","40","2018","2018","Female","F",509,46617,1091.9
,"85+ years","85+","Oklahoma","40","2018","2018","Male","M",267,26579,1004.6
,"85+ years","85+","Oklahoma","40","2019","2019","Female","F",520,46930,1108.0
,"85+ years","85+","Oklahoma","40","2019","2019","Male","M",286,27233,1050.2
,"85+ years","85+","Oklahoma","40","2020","2020","Female","F",592,47315,1251.2
,"85+ years","85+","Oklahoma","40","2020","2020","Male","M",327,27672,1181.7
,"85+ years","85+","Oregon","41","1999","1999","Female","F",379,38550,983.1
,"85+ years","85+","Oregon","41","1999","1999","Male","M",146,17635,827.9
,"85+ years","85+","Oregon","41","2000","2000","Female","F",415,39188,1059.0
,"85+ years","85+","Oregon","41","2000","2000","Male","M",159,18243,871.6
,"85+ years","85+","Oregon","41","2001","2001","Female","F",399,40274,990.7
,"85+ years","85+","Oregon","41","2001","2001","Male","M",155,18954,817.8
,"85+ years","85+","Oregon","41","2002","2002","Female","F",412,41168,1000.8
,"85+ years","85+","Oregon","41","2002","2002","Male","M",174,19332,900.1
,"85+ years","85+","Oregon","41","2003","2003","Female","F",413,42126,980.4
,"85+ years","85+","Oregon","41","2003","2003","Male","M",172,20296,847.5
,"85+ years","85+","Oregon","41","2004","2004","Female","F",363,43118,841.9
,"85+ years","85+","Oregon","41","2004","2004","Male","M",173,21041,822.2
,"85+ years","85+","Oregon","41","2005","2005","Female","F",438,44194,991.1
,"85+ years","85+","Oregon","41","2005","2005","Male","M",201,21941,916.1
,"85+ years","85+","Oregon","41","2006","2006","Female","F",410,45820,894.8
,"85+ years","85+","Oregon","41","2006","2006","Male","M",227,23237,976.9
,"85+ years","85+","Oregon","41","2007","2007","Female","F",368,47392,776.5
,"85+ years","85+","Oregon","41","2007","2007","Male","M",174,24215,718.6
,"85+ years","85+","Oregon","41","2008","2008","Female","F",364,48768,746.4
,"85+ years","85+","Oregon","41","2008","2008","Male","M",208,25211,825.0
,"85+ years","85+","Oregon","41","2009","2009","Female","F",395,50301,785.3
,"85+ years","85+","Oregon","41","2009","2009","Male","M",173,26035,664.5
,"85+ years","85+","Oregon","41","2010","2010","Female","F",381,51201,744.1
,"85+ years","85+","Oregon","41","2010","2010","Male","M",191,26671,716.1
,"85+ years","85+","Oregon","41","2011","2011","Female","F",394,52814,746.0
,"85+ years","85+","Oregon","41","2011","2011","Male","M",211,28183,748.7
,"85+ years","85+","Oregon","41","2012","2012","Female","F",392,53284,735.7
,"85+ years","85+","Oregon","41","2012","2012","Male","M",222,28849,769.5
,"85+ years","85+","Oregon","41","2013","2013","Female","F",402,53484,751.6
,"85+ years","85+","Oregon","41","2013","2013","Male","M",231,29338,787.4
,"85+ years","85+","Oregon","41","2014","2014","Female","F",431,53701,802.6
,"85+ years","85+","Oregon","41","2014","2014","Male","M",265,29839,888.1
,"85+ years","85+","Oregon","41","2015","2015","Female","F",501,53944,928.7
,"85+ years","85+","Oregon","41","2015","2015","Male","M",255,30385,839.2
,"85+ years","85+","Oregon","41","2016","2016","Female","F",489,54365,899.5
,"85+ years","85+","Oregon","41","2016","2016","Male","M",283,30889,916.2
,"85+ years","85+","Oregon","41","2017","2017","Female","F",492,52869,930.6
,"85+ years","85+","Oregon","41","2017","2017","Male","M",272,30566,889.9
,"85+ years","85+","Oregon","41","2018","2018","Female","F",505,53013,952.6
,"85+ years","85+","Oregon","41","2018","2018","Male","M",295,31012,951.2
,"85+ years","85+","Oregon","41","2019","2019","Female","F",521,52741,987.8
,"85+ years","85+","Oregon","41","2019","2019","Male","M",274,31797,861.7
,"85+ years","85+","Oregon","41","2020","2020","Female","F",469,52332,896.2
,"85+ years","85+","Oregon","41","2020","2020","Male","M",307,32165,954.5
,"85+ years","85+","Pennsylvania","42","1999","1999","Female","F",1437,168803,851.3
,"85+ years","85+","Pennsylvania","42","1999","1999","Male","M",524,63432,826.1
,"85+ years","85+","Pennsylvania","42","2000","2000","Female","F",1440,171917,837.6
,"85+ years","85+","Pennsylvania","42","2000","2000","Male","M",533,65650,811.9
,"85+ years","85+","Pennsylvania","42","2001","2001","Female","F",1536,174118,882.2
,"85+ years","85+","Pennsylvania","42","2001","2001","Male","M",570,67359,846.2
,"85+ years","85+","Pennsylvania","42","2002","2002","Female","F",1547,176344,877.3
,"85+ years","85+","Pennsylvania","42","2002","2002","Male","M",550,69343,793.2
,"85+ years","85+","Pennsylvania","42","2003","2003","Female","F",1445,180053,802.5
,"85+ years","85+","Pennsylvania","42","2003","2003","Male","M",614,72401,848.1
,"85+ years","85+","Pennsylvania","42","2004","2004","Female","F",1526,182261,837.3
,"85+ years","85+","Pennsylvania","42","2004","2004","Male","M",619,74226,833.9
,"85+ years","85+","Pennsylvania","42","2005","2005","Female","F",1580,186799,845.8
,"85+ years","85+","Pennsylvania","42","2005","2005","Male","M",645,77846,828.6
,"85+ years","85+","Pennsylvania","42","2006","2006","Female","F",1617,192572,839.7
,"85+ years","85+","Pennsylvania","42","2006","2006","Male","M",675,82492,818.3
,"85+ years","85+","Pennsylvania","42","2007","2007","Female","F",1473,198134,743.4
,"85+ years","85+","Pennsylvania","42","2007","2007","Male","M",641,86420,741.7
,"85+ years","85+","Pennsylvania","42","2008","2008","Female","F",1534,202278,758.4
,"85+ years","85+","Pennsylvania","42","2008","2008","Male","M",659,89189,738.9
,"85+ years","85+","Pennsylvania","42","2009","2009","Female","F",1532,206807,740.8
,"85+ years","85+","Pennsylvania","42","2009","2009","Male","M",665,92632,717.9
,"85+ years","85+","Pennsylvania","42","2010","2010","Female","F",1497,210280,711.9
,"85+ years","85+","Pennsylvania","42","2010","2010","Male","M",722,95396,756.8
,"85+ years","85+","Pennsylvania","42","2011","2011","Female","F",1542,216269,713.0
,"85+ years","85+","Pennsylvania","42","2011","2011","Male","M",761,100070,760.5
,"85+ years","85+","Pennsylvania","42","2012","2012","Female","F",1551,218951,708.4
,"85+ years","85+","Pennsylvania","42","2012","2012","Male","M",738,103101,715.8
,"85+ years","85+","Pennsylvania","42","2013","2013","Female","F",1723,222541,774.2
,"85+ years","85+","Pennsylvania","42","2013","2013","Male","M",844,106854,789.9
,"85+ years","85+","Pennsylvania","42","2014","2014","Female","F",1787,222839,801.9
,"85+ years","85+","Pennsylvania","42","2014","2014","Male","M",939,108390,866.3
,"85+ years","85+","Pennsylvania","42","2015","2015","Female","F",1898,223738,848.3
,"85+ years","85+","Pennsylvania","42","2015","2015","Male","M",1022,110090,928.3
,"85+ years","85+","Pennsylvania","42","2016","2016","Female","F",2007,223628,897.5
,"85+ years","85+","Pennsylvania","42","2016","2016","Male","M",1151,110840,1038.4
,"85+ years","85+","Pennsylvania","42","2017","2017","Female","F",2123,223440,950.1
,"85+ years","85+","Pennsylvania","42","2017","2017","Male","M",1196,111989,1068.0
,"85+ years","85+","Pennsylvania","42","2018","2018","Female","F",2317,221788,1044.7
,"85+ years","85+","Pennsylvania","42","2018","2018","Male","M",1349,112455,1199.6
,"85+ years","85+","Pennsylvania","42","2019","2019","Female","F",2298,219285,1048.0
,"85+ years","85+","Pennsylvania","42","2019","2019","Male","M",1334,112827,1182.3
,"85+ years","85+","Pennsylvania","42","2020","2020","Female","F",2227,216682,1027.8
,"85+ years","85+","Pennsylvania","42","2020","2020","Male","M",1369,111958,1222.8
,"85+ years","85+","Rhode Island","44","1999","1999","Female","F",45,15222,295.6
,"85+ years","85+","Rhode Island","44","1999","1999","Male","M",12,5280,Unreliable
,"85+ years","85+","Rhode Island","44","2000","2000","Female","F",58,15475,374.8
,"85+ years","85+","Rhode Island","44","2000","2000","Male","M",24,5422,442.6
,"85+ years","85+","Rhode Island","44","2001","2001","Female","F",53,15685,337.9
,"85+ years","85+","Rhode Island","44","2001","2001","Male","M",12,5604,Unreliable
,"85+ years","85+","Rhode Island","44","2002","2002","Female","F",53,16021,330.8
,"85+ years","85+","Rhode Island","44","2002","2002","Male","M",19,5875,Unreliable
,"85+ years","85+","Rhode Island","44","2003","2003","Female","F",51,16345,312.0
,"85+ years","85+","Rhode Island","44","2003","2003","Male","M",19,6201,Unreliable
,"85+ years","85+","Rhode Island","44","2004","2004","Female","F",52,16805,309.4
,"85+ years","85+","Rhode Island","44","2004","2004","Male","M",23,6469,355.5
,"85+ years","85+","Rhode Island","44","2005","2005","Female","F",66,16932,389.8
,"85+ years","85+","Rhode Island","44","2005","2005","Male","M",20,6667,300.0
,"85+ years","85+","Rhode Island","44","2006","2006","Female","F",76,17426,436.1
,"85+ years","85+","Rhode Island","44","2006","2006","Male","M",33,7130,462.8
,"85+ years","85+","Rhode Island","44","2007","2007","Female","F",69,17646,391.0
,"85+ years","85+","Rhode Island","44","2007","2007","Male","M",38,7385,514.6
,"85+ years","85+","Rhode Island","44","2008","2008","Female","F",92,17989,511.4
,"85+ years","85+","Rhode Island","44","2008","2008","Male","M",37,7694,480.9
,"85+ years","85+","Rhode Island","44","2009","2009","Female","F",74,18378,402.7
,"85+ years","85+","Rhode Island","44","2009","2009","Male","M",41,7969,514.5
,"85+ years","85+","Rhode Island","44","2010","2010","Female","F",88,18593,473.3
,"85+ years","85+","Rhode Island","44","2010","2010","Male","M",48,8157,588.5
,"85+ years","85+","Rhode Island","44","2011","2011","Female","F",94,18985,495.1
,"85+ years","85+","Rhode Island","44","2011","2011","Male","M",53,8523,621.8
,"85+ years","85+","Rhode Island","44","2012","2012","Female","F",99,18985,521.5
,"85+ years","85+","Rhode Island","44","2012","2012","Male","M",61,8579,711.0
,"85+ years","85+","Rhode Island","44","2013","2013","Female","F",108,19483,554.3
,"85+ years","85+","Rhode Island","44","2013","2013","Male","M",54,8845,610.5
,"85+ years","85+","Rhode Island","44","2014","2014","Female","F",111,19338,574.0
,"85+ years","85+","Rhode Island","44","2014","2014","Male","M",64,8971,713.4
,"85+ years","85+","Rhode Island","44","2015","2015","Female","F",134,19416,690.2
,"85+ years","85+","Rhode Island","44","2015","2015","Male","M",67,8997,744.7
,"85+ years","85+","Rhode Island","44","2016","2016","Female","F",115,19390,593.1
,"85+ years","85+","Rhode Island","44","2016","2016","Male","M",61,8970,680.0
,"85+ years","85+","Rhode Island","44","2017","2017","Female","F",135,19034,709.3
,"85+ years","85+","Rhode Island","44","2017","2017","Male","M",74,8830,838.1
,"85+ years","85+","Rhode Island","44","2018","2018","Female","F",137,18915,724.3
,"85+ years","85+","Rhode Island","44","2018","2018","Male","M",62,8937,693.7
,"85+ years","85+","Rhode Island","44","2019","2019","Female","F",127,18534,685.2
,"85+ years","85+","Rhode Island","44","2019","2019","Male","M",83,8978,924.5
,"85+ years","85+","Rhode Island","44","2020","2020","Female","F",146,18176,803.3
,"85+ years","85+","Rhode Island","44","2020","2020","Male","M",68,8781,774.4
,"85+ years","85+","South Carolina","45","1999","1999","Female","F",320,36051,887.6
,"85+ years","85+","South Carolina","45","1999","1999","Male","M",106,12602,841.1
,"85+ years","85+","South Carolina","45","2000","2000","Female","F",306,37133,824.1
,"85+ years","85+","South Carolina","45","2000","2000","Male","M",98,13136,746.0
,"85+ years","85+","South Carolina","45","2001","2001","Female","F",355,37816,938.8
,"85+ years","85+","South Carolina","45","2001","2001","Male","M",105,13595,772.3
,"85+ years","85+","South Carolina","45","2002","2002","Female","F",357,38249,933.4
,"85+ years","85+","South Carolina","45","2002","2002","Male","M",121,13962,866.6
,"85+ years","85+","South Carolina","45","2003","2003","Female","F",340,38718,878.1
,"85+ years","85+","South Carolina","45","2003","2003","Male","M",117,14588,802.0
,"85+ years","85+","South Carolina","45","2004","2004","Female","F",316,39906,791.9
,"85+ years","85+","South Carolina","45","2004","2004","Male","M",136,15252,891.7
,"85+ years","85+","South Carolina","45","2005","2005","Female","F",391,41156,950.0
,"85+ years","85+","South Carolina","45","2005","2005","Male","M",153,16157,947.0
,"85+ years","85+","South Carolina","45","2006","2006","Female","F",351,43307,810.5
,"85+ years","85+","South Carolina","45","2006","2006","Male","M",164,17249,950.8
,"85+ years","85+","South Carolina","45","2007","2007","Female","F",325,45171,719.5
,"85+ years","85+","South Carolina","45","2007","2007","Male","M",135,18520,728.9
,"85+ years","85+","South Carolina","45","2008","2008","Female","F",358,46889,763.5
,"85+ years","85+","South Carolina","45","2008","2008","Male","M",165,19706,837.3
,"85+ years","85+","South Carolina","45","2009","2009","Female","F",380,48221,788.0
,"85+ years","85+","South Carolina","45","2009","2009","Male","M",153,20713,738.7
,"85+ years","85+","South Carolina","45","2010","2010","Female","F",346,49306,701.7
,"85+ years","85+","South Carolina","45","2010","2010","Male","M",164,21411,766.0
,"85+ years","85+","South Carolina","45","2011","2011","Female","F",368,51077,720.5
,"85+ years","85+","South Carolina","45","2011","2011","Male","M",165,22527,732.5
,"85+ years","85+","South Carolina","45","2012","2012","Female","F",391,52475,745.1
,"85+ years","85+","South Carolina","45","2012","2012","Male","M",185,23628,783.0
,"85+ years","85+","South Carolina","45","2013","2013","Female","F",375,53791,697.1
,"85+ years","85+","South Carolina","45","2013","2013","Male","M",187,24935,749.9
,"85+ years","85+","South Carolina","45","2014","2014","Female","F",462,54305,850.8
,"85+ years","85+","South Carolina","45","2014","2014","Male","M",215,26079,824.4
,"85+ years","85+","South Carolina","45","2015","2015","Female","F",425,55050,772.0
,"85+ years","85+","South Carolina","45","2015","2015","Male","M",228,27206,838.1
,"85+ years","85+","South Carolina","45","2016","2016","Female","F",447,55963,798.7
,"85+ years","85+","South Carolina","45","2016","2016","Male","M",249,28185,883.4
,"85+ years","85+","South Carolina","45","2017","2017","Female","F",493,56766,868.5
,"85+ years","85+","South Carolina","45","2017","2017","Male","M",276,29607,932.2
,"85+ years","85+","South Carolina","45","2018","2018","Female","F",537,57987,926.1
,"85+ years","85+","South Carolina","45","2018","2018","Male","M",286,30988,922.9
,"85+ years","85+","South Carolina","45","2019","2019","Female","F",642,58999,1088.2
,"85+ years","85+","South Carolina","45","2019","2019","Male","M",354,32411,1092.2
,"85+ years","85+","South Carolina","45","2020","2020","Female","F",616,60356,1020.6
,"85+ years","85+","South Carolina","45","2020","2020","Male","M",347,33938,1022.5
,"85+ years","85+","South Dakota","46","1999","1999","Female","F",102,11249,906.7
,"85+ years","85+","South Dakota","46","1999","1999","Male","M",33,4601,717.2
,"85+ years","85+","South Dakota","46","2000","2000","Female","F",123,11350,1083.7
,"85+ years","85+","South Dakota","46","2000","2000","Male","M",43,4736,907.9
,"85+ years","85+","South Dakota","46","2001","2001","Female","F",108,11434,944.6
,"85+ years","85+","South Dakota","46","2001","2001","Male","M",46,4829,952.6
,"85+ years","85+","South Dakota","46","2002","2002","Female","F",97,11572,838.2
,"85+ years","85+","South Dakota","46","2002","2002","Male","M",38,4904,774.9
,"85+ years","85+","South Dakota","46","2003","2003","Female","F",78,11792,661.5
,"85+ years","85+","South Dakota","46","2003","2003","Male","M",52,5045,1030.7
,"85+ years","85+","South Dakota","46","2004","2004","Female","F",86,11914,721.8
,"85+ years","85+","South Dakota","46","2004","2004","Male","M",31,5211,594.9
,"85+ years","85+","South Dakota","46","2005","2005","Female","F",63,12026,523.9
,"85+ years","85+","South Dakota","46","2005","2005","Male","M",19,5426,Unreliable
,"85+ years","85+","South Dakota","46","2006","2006","Female","F",64,12310,519.9
,"85+ years","85+","South Dakota","46","2006","2006","Male","M",21,5546,378.7
,"85+ years","85+","South Dakota","46","2007","2007","Female","F",58,12538,462.6
,"85+ years","85+","South Dakota","46","2007","2007","Male","M",24,5696,421.3
,"85+ years","85+","South Dakota","46","2008","2008","Female","F",46,12672,363.0
,"85+ years","85+","South Dakota","46","2008","2008","Male","M",40,5839,685.0
,"85+ years","85+","South Dakota","46","2009","2009","Female","F",82,12814,639.9
,"85+ years","85+","South Dakota","46","2009","2009","Male","M",28,6117,457.7
,"85+ years","85+","South Dakota","46","2010","2010","Female","F",70,12929,541.4
,"85+ years","85+","South Dakota","46","2010","2010","Male","M",31,6297,492.3
,"85+ years","85+","South Dakota","46","2011","2011","Female","F",49,13335,367.5
,"85+ years","85+","South Dakota","46","2011","2011","Male","M",18,6530,Unreliable
,"85+ years","85+","South Dakota","46","2012","2012","Female","F",59,13501,437.0
,"85+ years","85+","South Dakota","46","2012","2012","Male","M",28,6670,419.8
,"85+ years","85+","South Dakota","46","2013","2013","Female","F",67,13726,488.1
,"85+ years","85+","South Dakota","46","2013","2013","Male","M",25,6894,362.6
,"85+ years","85+","South Dakota","46","2014","2014","Female","F",62,13823,448.5
,"85+ years","85+","South Dakota","46","2014","2014","Male","M",23,7048,326.3
,"85+ years","85+","South Dakota","46","2015","2015","Female","F",70,14048,498.3
,"85+ years","85+","South Dakota","46","2015","2015","Male","M",26,7320,355.2
,"85+ years","85+","South Dakota","46","2016","2016","Female","F",93,14181,655.8
,"85+ years","85+","South Dakota","46","2016","2016","Male","M",24,7335,327.2
,"85+ years","85+","South Dakota","46","2017","2017","Female","F",81,13674,592.4
,"85+ years","85+","South Dakota","46","2017","2017","Male","M",38,7107,534.7
,"85+ years","85+","South Dakota","46","2018","2018","Female","F",89,13796,645.1
,"85+ years","85+","South Dakota","46","2018","2018","Male","M",40,7195,555.9
,"85+ years","85+","South Dakota","46","2019","2019","Female","F",89,13747,647.4
,"85+ years","85+","South Dakota","46","2019","2019","Male","M",53,7238,732.2
,"85+ years","85+","South Dakota","46","2020","2020","Female","F",93,13608,683.4
,"85+ years","85+","South Dakota","46","2020","2020","Male","M",46,7248,634.7
,"85+ years","85+","Tennessee","47","1999","1999","Female","F",413,58916,701.0
,"85+ years","85+","Tennessee","47","1999","1999","Male","M",129,21451,601.4
,"85+ years","85+","Tennessee","47","2000","2000","Female","F",370,59622,620.6
,"85+ years","85+","Tennessee","47","2000","2000","Male","M",140,21843,640.9
,"85+ years","85+","Tennessee","47","2001","2001","Female","F",375,60060,624.4
,"85+ years","85+","Tennessee","47","2001","2001","Male","M",100,22288,448.7
,"85+ years","85+","Tennessee","47","2002","2002","Female","F",345,59731,577.6
,"85+ years","85+","Tennessee","47","2002","2002","Male","M",118,22289,529.4
,"85+ years","85+","Tennessee","47","2003","2003","Female","F",397,59757,664.4
,"85+ years","85+","Tennessee","47","2003","2003","Male","M",117,22562,518.6
,"85+ years","85+","Tennessee","47","2004","2004","Female","F",399,60291,661.8
,"85+ years","85+","Tennessee","47","2004","2004","Male","M",119,23177,513.4
,"85+ years","85+","Tennessee","47","2005","2005","Female","F",427,61645,692.7
,"85+ years","85+","Tennessee","47","2005","2005","Male","M",155,24110,642.9
,"85+ years","85+","Tennessee","47","2006","2006","Female","F",403,63865,631.0
,"85+ years","85+","Tennessee","47","2006","2006","Male","M",146,25385,575.1
,"85+ years","85+","Tennessee","47","2007","2007","Female","F",458,65565,698.5
,"85+ years","85+","Tennessee","47","2007","2007","Male","M",139,26613,522.3
,"85+ years","85+","Tennessee","47","2008","2008","Female","F",439,66570,659.5
,"85+ years","85+","Tennessee","47","2008","2008","Male","M",136,27702,490.9
,"85+ years","85+","Tennessee","47","2009","2009","Female","F",400,68449,584.4
,"85+ years","85+","Tennessee","47","2009","2009","Male","M",151,28953,521.5
,"85+ years","85+","Tennessee","47","2010","2010","Female","F",408,69881,583.8
,"85+ years","85+","Tennessee","47","2010","2010","Male","M",135,30036,449.5
,"85+ years","85+","Tennessee","47","2011","2011","Female","F",419,72266,579.8
,"85+ years","85+","Tennessee","47","2011","2011","Male","M",167,31905,523.4
,"85+ years","85+","Tennessee","47","2012","2012","Female","F",408,73264,556.9
,"85+ years","85+","Tennessee","47","2012","2012","Male","M",181,33125,546.4
,"85+ years","85+","Tennessee","47","2013","2013","Female","F",489,74347,657.7
,"85+ years","85+","Tennessee","47","2013","2013","Male","M",242,34491,701.6
,"85+ years","85+","Tennessee","47","2014","2014","Female","F",513,75293,681.3
,"85+ years","85+","Tennessee","47","2014","2014","Male","M",229,35847,638.8
,"85+ years","85+","Tennessee","47","2015","2015","Female","F",567,76570,740.5
,"85+ years","85+","Tennessee","47","2015","2015","Male","M",262,37166,704.9
,"85+ years","85+","Tennessee","47","2016","2016","Female","F",632,77388,816.7
,"85+ years","85+","Tennessee","47","2016","2016","Male","M",314,38319,819.4
,"85+ years","85+","Tennessee","47","2017","2017","Female","F",687,78448,875.7
,"85+ years","85+","Tennessee","47","2017","2017","Male","M",336,39455,851.6
,"85+ years","85+","Tennessee","47","2018","2018","Female","F",797,79400,1003.8
,"85+ years","85+","Tennessee","47","2018","2018","Male","M",370,40662,909.9
,"85+ years","85+","Tennessee","47","2019","2019","Female","F",819,79896,1025.1
,"85+ years","85+","Tennessee","47","2019","2019","Male","M",471,41873,1124.8
,"85+ years","85+","Tennessee","47","2020","2020","Female","F",936,80981,1155.8
,"85+ years","85+","Tennessee","47","2020","2020","Male","M",443,42940,1031.7
,"85+ years","85+","Texas","48","1999","1999","Female","F",1523,167430,909.6
,"85+ years","85+","Texas","48","1999","1999","Male","M",512,66337,771.8
,"85+ years","85+","Texas","48","2000","2000","Female","F",1498,169720,882.6
,"85+ years","85+","Texas","48","2000","2000","Male","M",579,68220,848.7
,"85+ years","85+","Texas","48","2001","2001","Female","F",1562,169344,922.4
,"85+ years","85+","Texas","48","2001","2001","Male","M",576,69069,833.9
,"85+ years","85+","Texas","48","2002","2002","Female","F",1493,168790,884.5
,"85+ years","85+","Texas","48","2002","2002","Male","M",613,69748,878.9
,"85+ years","85+","Texas","48","2003","2003","Female","F",1501,170564,880.0
,"85+ years","85+","Texas","48","2003","2003","Male","M",615,72055,853.5
,"85+ years","85+","Texas","48","2004","2004","Female","F",1585,171804,922.6
,"85+ years","85+","Texas","48","2004","2004","Male","M",564,74272,759.4
,"85+ years","85+","Texas","48","2005","2005","Female","F",1619,177125,914.0
,"85+ years","85+","Texas","48","2005","2005","Male","M",644,78755,817.7
,"85+ years","85+","Texas","48","2006","2006","Female","F",1832,182870,1001.8
,"85+ years","85+","Texas","48","2006","2006","Male","M",765,83598,915.1
,"85+ years","85+","Texas","48","2007","2007","Female","F",1706,188210,906.4
,"85+ years","85+","Texas","48","2007","2007","Male","M",762,88196,864.0
,"85+ years","85+","Texas","48","2008","2008","Female","F",1745,192848,904.9
,"85+ years","85+","Texas","48","2008","2008","Male","M",771,92863,830.3
,"85+ years","85+","Texas","48","2009","2009","Female","F",1636,199210,821.2
,"85+ years","85+","Texas","48","2009","2009","Male","M",815,97557,835.4
,"85+ years","85+","Texas","48","2010","2010","Female","F",1723,204208,843.7
,"85+ years","85+","Texas","48","2010","2010","Male","M",844,100971,835.9
,"85+ years","85+","Texas","48","2011","2011","Female","F",1658,214548,772.8
,"85+ years","85+","Texas","48","2011","2011","Male","M",766,108256,707.6
,"85+ years","85+","Texas","48","2012","2012","Female","F",1758,221928,792.1
,"85+ years","85+","Texas","48","2012","2012","Male","M",883,113704,776.6
,"85+ years","85+","Texas","48","2013","2013","Female","F",1814,228831,792.7
,"85+ years","85+","Texas","48","2013","2013","Male","M",885,119061,743.3
,"85+ years","85+","Texas","48","2014","2014","Female","F",1853,235944,785.4
,"85+ years","85+","Texas","48","2014","2014","Male","M",991,125558,789.3
,"85+ years","85+","Texas","48","2015","2015","Female","F",2031,243146,835.3
,"85+ years","85+","Texas","48","2015","2015","Male","M",1119,131293,852.3
,"85+ years","85+","Texas","48","2016","2016","Female","F",2077,251025,827.4
,"85+ years","85+","Texas","48","2016","2016","Male","M",1174,136765,858.4
,"85+ years","85+","Texas","48","2017","2017","Female","F",2166,254079,852.5
,"85+ years","85+","Texas","48","2017","2017","Male","M",1259,141312,890.9
,"85+ years","85+","Texas","48","2018","2018","Female","F",2396,255566,937.5
,"85+ years","85+","Texas","48","2018","2018","Male","M",1394,144933,961.8
,"85+ years","85+","Texas","48","2019","2019","Female","F",2413,258904,932.0
,"85+ years","85+","Texas","48","2019","2019","Male","M",1417,149555,947.5
,"85+ years","85+","Texas","48","2020","2020","Female","F",2452,261265,938.5
,"85+ years","85+","Texas","48","2020","2020","Male","M",1498,152665,981.2
,"85+ years","85+","Utah","49","1999","1999","Female","F",189,14280,1323.5
,"85+ years","85+","Utah","49","1999","1999","Male","M",75,6877,1090.6
,"85+ years","85+","Utah","49","2000","2000","Female","F",207,14574,1420.3
,"85+ years","85+","Utah","49","2000","2000","Male","M",79,7177,1100.7
,"85+ years","85+","Utah","49","2001","2001","Female","F",203,14919,1360.7
,"85+ years","85+","Utah","49","2001","2001","Male","M",83,7465,1111.9
,"85+ years","85+","Utah","49","2002","2002","Female","F",219,15181,1442.6
,"85+ years","85+","Utah","49","2002","2002","Male","M",108,7771,1389.8
,"85+ years","85+","Utah","49","2003","2003","Female","F",257,15429,1665.7
,"85+ years","85+","Utah","49","2003","2003","Male","M",130,8136,1597.8
,"85+ years","85+","Utah","49","2004","2004","Female","F",250,15761,1586.2
,"85+ years","85+","Utah","49","2004","2004","Male","M",113,8367,1350.5
,"85+ years","85+","Utah","49","2005","2005","Female","F",260,16309,1594.2
,"85+ years","85+","Utah","49","2005","2005","Male","M",123,8861,1388.1
,"85+ years","85+","Utah","49","2006","2006","Female","F",299,17167,1741.7
,"85+ years","85+","Utah","49","2006","2006","Male","M",123,9468,1299.1
,"85+ years","85+","Utah","49","2007","2007","Female","F",247,17747,1391.8
,"85+ years","85+","Utah","49","2007","2007","Male","M",130,10024,1296.9
,"85+ years","85+","Utah","49","2008","2008","Female","F",247,18458,1338.2
,"85+ years","85+","Utah","49","2008","2008","Male","M",133,10464,1271.0
,"85+ years","85+","Utah","49","2009","2009","Female","F",274,19217,1425.8
,"85+ years","85+","Utah","49","2009","2009","Male","M",136,10933,1243.9
,"85+ years","85+","Utah","49","2010","2010","Female","F",220,19681,1117.8
,"85+ years","85+","Utah","49","2010","2010","Male","M",130,11310,1149.4
,"85+ years","85+","Utah","49","2011","2011","Female","F",268,20478,1308.7
,"85+ years","85+","Utah","49","2011","2011","Male","M",140,12226,1145.1
,"85+ years","85+","Utah","49","2012","2012","Female","F",281,20887,1345.3
,"85+ years","85+","Utah","49","2012","2012","Male","M",140,12570,1113.8
,"85+ years","85+","Utah","49","2013","2013","Female","F",316,21091,1498.3
,"85+ years","85+","Utah","49","2013","2013","Male","M",180,13108,1373.2
,"85+ years","85+","Utah","49","2014","2014","Female","F",336,21134,1589.9
,"85+ years","85+","Utah","49","2014","2014","Male","M",209,13624,1534.1
,"85+ years","85+","Utah","49","2015","2015","Female","F",360,21540,1671.3
,"85+ years","85+","Utah","49","2015","2015","Male","M",212,14168,1496.3
,"85+ years","85+","Utah","49","2016","2016","Female","F",374,21788,1716.5
,"85+ years","85+","Utah","49","2016","2016","Male","M",217,14590,1487.3
,"85+ years","85+","Utah","49","2017","2017","Female","F",388,22078,1757.4
,"85+ years","85+","Utah","49","2017","2017","Male","M",254,15197,1671.4
,"85+ years","85+","Utah","49","2018","2018","Female","F",386,22291,1731.6
,"85+ years","85+","Utah","49","2018","2018","Male","M",241,15485,1556.3
,"85+ years","85+","Utah","49","2019","2019","Female","F",429,22667,1892.6
,"85+ years","85+","Utah","49","2019","2019","Male","M",260,15907,1634.5
,"85+ years","85+","Utah","49","2020","2020","Female","F",446,23142,1927.2
,"85+ years","85+","Utah","49","2020","2020","Male","M",271,16381,1654.4
,"85+ years","85+","Vermont","50","1999","1999","Female","F",50,7161,698.2
,"85+ years","85+","Vermont","50","1999","1999","Male","M",11,2693,Unreliable
,"85+ years","85+","Vermont","50","2000","2000","Female","F",50,7230,691.6
,"85+ years","85+","Vermont","50","2000","2000","Male","M",25,2766,903.8
,"85+ years","85+","Vermont","50","2001","2001","Female","F",55,7351,748.2
,"85+ years","85+","Vermont","50","2001","2001","Male","M",23,2842,809.3
,"85+ years","85+","Vermont","50","2002","2002","Female","F",43,7392,581.7
,"85+ years","85+","Vermont","50","2002","2002","Male","M",20,2926,683.5
,"85+ years","85+","Vermont","50","2003","2003","Female","F",39,7558,516.0
,"85+ years","85+","Vermont","50","2003","2003","Male","M",11,3044,Unreliable
,"85+ years","85+","Vermont","50","2004","2004","Female","F",64,7574,845.0
,"85+ years","85+","Vermont","50","2004","2004","Male","M",26,3175,818.9
,"85+ years","85+","Vermont","50","2005","2005","Female","F",50,7691,650.1
,"85+ years","85+","Vermont","50","2005","2005","Male","M",20,3256,614.3
,"85+ years","85+","Vermont","50","2006","2006","Female","F",44,7951,553.4
,"85+ years","85+","Vermont","50","2006","2006","Male","M",21,3459,607.1
,"85+ years","85+","Vermont","50","2007","2007","Female","F",38,8139,466.9
,"85+ years","85+","Vermont","50","2007","2007","Male","M",14,3602,Unreliable
,"85+ years","85+","Vermont","50","2008","2008","Female","F",31,8381,369.9
,"85+ years","85+","Vermont","50","2008","2008","Male","M",15,3782,Unreliable
,"85+ years","85+","Vermont","50","2009","2009","Female","F",35,8627,405.7
,"85+ years","85+","Vermont","50","2009","2009","Male","M",28,3935,711.6
,"85+ years","85+","Vermont","50","2010","2010","Female","F",54,8694,621.1
,"85+ years","85+","Vermont","50","2010","2010","Male","M",26,4103,633.7
,"85+ years","85+","Vermont","50","2011","2011","Female","F",56,9064,617.8
,"85+ years","85+","Vermont","50","2011","2011","Male","M",17,4273,Unreliable
,"85+ years","85+","Vermont","50","2012","2012","Female","F",51,9099,560.5
,"85+ years","85+","Vermont","50","2012","2012","Male","M",18,4403,Unreliable
,"85+ years","85+","Vermont","50","2013","2013","Female","F",53,9240,573.6
,"85+ years","85+","Vermont","50","2013","2013","Male","M",15,4598,Unreliable
,"85+ years","85+","Vermont","50","2014","2014","Female","F",48,9354,513.1
,"85+ years","85+","Vermont","50","2014","2014","Male","M",28,4753,589.1
,"85+ years","85+","Vermont","50","2015","2015","Female","F",64,9528,671.7
,"85+ years","85+","Vermont","50","2015","2015","Male","M",22,4846,454.0
,"85+ years","85+","Vermont","50","2016","2016","Female","F",58,9445,614.1
,"85+ years","85+","Vermont","50","2016","2016","Male","M",20,4838,413.4
,"85+ years","85+","Vermont","50","2017","2017","Female","F",55,9344,588.6
,"85+ years","85+","Vermont","50","2017","2017","Male","M",22,4928,446.4
,"85+ years","85+","Vermont","50","2018","2018","Female","F",56,9368,597.8
,"85+ years","85+","Vermont","50","2018","2018","Male","M",25,5053,494.8
,"85+ years","85+","Vermont","50","2019","2019","Female","F",60,9277,646.8
,"85+ years","85+","Vermont","50","2019","2019","Male","M",33,5160,639.5
,"85+ years","85+","Vermont","50","2020","2020","Female","F",72,9235,779.6
,"85+ years","85+","Vermont","50","2020","2020","Male","M",40,5122,780.9
,"85+ years","85+","Virginia","51","1999","1999","Female","F",569,62754,906.7
,"85+ years","85+","Virginia","51","1999","1999","Male","M",182,22452,810.6
,"85+ years","85+","Virginia","51","2000","2000","Female","F",586,64052,914.9
,"85+ years","85+","Virginia","51","2000","2000","Male","M",194,23214,835.7
,"85+ years","85+","Virginia","51","2001","2001","Female","F",573,64852,883.6
,"85+ years","85+","Virginia","51","2001","2001","Male","M",203,24163,840.1
,"85+ years","85+","Virginia","51","2002","2002","Female","F",624,65956,946.1
,"85+ years","85+","Virginia","51","2002","2002","Male","M",220,25250,871.3
,"85+ years","85+","Virginia","51","2003","2003","Female","F",640,67358,950.1
,"85+ years","85+","Virginia","51","2003","2003","Male","M",253,26561,952.5
,"85+ years","85+","Virginia","51","2004","2004","Female","F",652,68700,949.1
,"85+ years","85+","Virginia","51","2004","2004","Male","M",261,27695,942.4
,"85+ years","85+","Virginia","51","2005","2005","Female","F",645,70746,911.7
,"85+ years","85+","Virginia","51","2005","2005","Male","M",258,29321,879.9
,"85+ years","85+","Virginia","51","2006","2006","Female","F",711,73826,963.1
,"85+ years","85+","Virginia","51","2006","2006","Male","M",271,31197,868.7
,"85+ years","85+","Virginia","51","2007","2007","Female","F",673,76546,879.2
,"85+ years","85+","Virginia","51","2007","2007","Male","M",306,33235,920.7
,"85+ years","85+","Virginia","51","2008","2008","Female","F",726,78857,920.7
,"85+ years","85+","Virginia","51","2008","2008","Male","M",283,34951,809.7
,"85+ years","85+","Virginia","51","2009","2009","Female","F",691,81961,843.1
,"85+ years","85+","Virginia","51","2009","2009","Male","M",262,37076,706.7
,"85+ years","85+","Virginia","51","2010","2010","Female","F",718,83957,855.2
,"85+ years","85+","Virginia","51","2010","2010","Male","M",322,38446,837.5
,"85+ years","85+","Virginia","51","2011","2011","Female","F",683,87289,782.5
,"85+ years","85+","Virginia","51","2011","2011","Male","M",319,40758,782.7
,"85+ years","85+","Virginia","51","2012","2012","Female","F",723,89753,805.5
,"85+ years","85+","Virginia","51","2012","2012","Male","M",357,42467,840.7
,"85+ years","85+","Virginia","51","2013","2013","Female","F",697,91474,762.0
,"85+ years","85+","Virginia","51","2013","2013","Male","M",357,44273,806.4
,"85+ years","85+","Virginia","51","2014","2014","Female","F",723,92760,779.4
,"85+ years","85+","Virginia","51","2014","2014","Male","M",366,46080,794.3
,"85+ years","85+","Virginia","51","2015","2015","Female","F",750,94568,793.1
,"85+ years","85+","Virginia","51","2015","2015","Male","M",396,47944,826.0
,"85+ years","85+","Virginia","51","2016","2016","Female","F",802,95870,836.5
,"85+ years","85+","Virginia","51","2016","2016","Male","M",447,49457,903.8
,"85+ years","85+","Virginia","51","2017","2017","Female","F",912,97125,939.0
,"85+ years","85+","Virginia","51","2017","2017","Male","M",553,51409,1075.7
,"85+ years","85+","Virginia","51","2018","2018","Female","F",866,98754,876.9
,"85+ years","85+","Virginia","51","2018","2018","Male","M",530,53138,997.4
,"85+ years","85+","Virginia","51","2019","2019","Female","F",1018,99694,1021.1
,"85+ years","85+","Virginia","51","2019","2019","Male","M",623,54791,1137.0
,"85+ years","85+","Virginia","51","2020","2020","Female","F",975,100494,970.2
,"85+ years","85+","Virginia","51","2020","2020","Male","M",581,56142,1034.9
,"85+ years","85+","Washington","53","1999","1999","Female","F",353,56787,621.6
,"85+ years","85+","Washington","53","1999","1999","Male","M",145,25446,569.8
,"85+ years","85+","Washington","53","2000","2000","Female","F",310,57868,535.7
,"85+ years","85+","Washington","53","2000","2000","Male","M",113,26217,431.0
,"85+ years","85+","Washington","53","2001","2001","Female","F",314,59268,529.8
,"85+ years","85+","Washington","53","2001","2001","Male","M",106,27486,385.7
,"85+ years","85+","Washington","53","2002","2002","Female","F",316,60476,522.5
,"85+ years","85+","Washington","53","2002","2002","Male","M",143,28254,506.1
,"85+ years","85+","Washington","53","2003","2003","Female","F",310,61986,500.1
,"85+ years","85+","Washington","53","2003","2003","Male","M",113,29463,383.5
,"85+ years","85+","Washington","53","2004","2004","Female","F",356,63664,559.2
,"85+ years","85+","Washington","53","2004","2004","Male","M",185,30515,606.3
,"85+ years","85+","Washington","53","2005","2005","Female","F",394,65589,600.7
,"85+ years","85+","Washington","53","2005","2005","Male","M",147,32079,458.2
,"85+ years","85+","Washington","53","2006","2006","Female","F",406,68670,591.2
,"85+ years","85+","Washington","53","2006","2006","Male","M",207,34112,606.8
,"85+ years","85+","Washington","53","2007","2007","Female","F",419,70984,590.3
,"85+ years","85+","Washington","53","2007","2007","Male","M",205,35920,570.7
,"85+ years","85+","Washington","53","2008","2008","Female","F",421,72871,577.7
,"85+ years","85+","Washington","53","2008","2008","Male","M",168,37205,451.6
,"85+ years","85+","Washington","53","2009","2009","Female","F",394,75748,520.1
,"85+ years","85+","Washington","53","2009","2009","Male","M",182,38922,467.6
,"85+ years","85+","Washington","53","2010","2010","Female","F",455,77188,589.5
,"85+ years","85+","Washington","53","2010","2010","Male","M",180,40083,449.1
,"85+ years","85+","Washington","53","2011","2011","Female","F",432,80304,538.0
,"85+ years","85+","Washington","53","2011","2011","Male","M",209,42302,494.1
,"85+ years","85+","Washington","53","2012","2012","Female","F",463,81486,568.2
,"85+ years","85+","Washington","53","2012","2012","Male","M",201,43112,466.2
,"85+ years","85+","Washington","53","2013","2013","Female","F",480,82185,584.0
,"85+ years","85+","Washington","53","2013","2013","Male","M",260,43992,591.0
,"85+ years","85+","Washington","53","2014","2014","Female","F",459,83395,550.4
,"85+ years","85+","Washington","53","2014","2014","Male","M",250,45293,552.0
,"85+ years","85+","Washington","53","2015","2015","Female","F",563,84496,666.3
,"85+ years","85+","Washington","53","2015","2015","Male","M",265,46488,570.0
,"85+ years","85+","Washington","53","2016","2016","Female","F",570,85063,670.1
,"85+ years","85+","Washington","53","2016","2016","Male","M",347,47426,731.7
,"85+ years","85+","Washington","53","2017","2017","Female","F",591,83946,704.0
,"85+ years","85+","Washington","53","2017","2017","Male","M",366,47471,771.0
,"85+ years","85+","Washington","53","2018","2018","Female","F",608,84959,715.6
,"85+ years","85+","Washington","53","2018","2018","Male","M",341,48424,704.2
,"85+ years","85+","Washington","53","2019","2019","Female","F",632,85068,742.9
,"85+ years","85+","Washington","53","2019","2019","Male","M",351,49510,708.9
,"85+ years","85+","Washington","53","2020","2020","Female","F",666,84941,784.1
,"85+ years","85+","Washington","53","2020","2020","Male","M",350,50440,693.9
,"85+ years","85+","West Virginia","54","1999","1999","Female","F",247,22748,1085.8
,"85+ years","85+","West Virginia","54","1999","1999","Male","M",76,8687,874.9
,"85+ years","85+","West Virginia","54","2000","2000","Female","F",245,22904,1069.7
,"85+ years","85+","West Virginia","54","2000","2000","Male","M",96,8875,1081.7
,"85+ years","85+","West Virginia","54","2001","2001","Female","F",258,22761,1133.5
,"85+ years","85+","West Virginia","54","2001","2001","Male","M",95,8946,1061.9
,"85+ years","85+","West Virginia","54","2002","2002","Female","F",251,22629,1109.2
,"85+ years","85+","West Virginia","54","2002","2002","Male","M",94,8933,1052.3
,"85+ years","85+","West Virginia","54","2003","2003","Female","F",257,22626,1135.9
,"85+ years","85+","West Virginia","54","2003","2003","Male","M",82,8977,913.4
,"85+ years","85+","West Virginia","54","2004","2004","Female","F",231,22564,1023.8
,"85+ years","85+","West Virginia","54","2004","2004","Male","M",94,9129,1029.7
,"85+ years","85+","West Virginia","54","2005","2005","Female","F",235,22675,1036.4
,"85+ years","85+","West Virginia","54","2005","2005","Male","M",81,9281,872.8
,"85+ years","85+","West Virginia","54","2006","2006","Female","F",285,23150,1231.1
,"85+ years","85+","West Virginia","54","2006","2006","Male","M",98,9695,1010.8
,"85+ years","85+","West Virginia","54","2007","2007","Female","F",232,23688,979.4
,"85+ years","85+","West Virginia","54","2007","2007","Male","M",92,10211,901.0
,"85+ years","85+","West Virginia","54","2008","2008","Female","F",234,23764,984.7
,"85+ years","85+","West Virginia","54","2008","2008","Male","M",84,10561,795.4
,"85+ years","85+","West Virginia","54","2009","2009","Female","F",244,24279,1005.0
,"85+ years","85+","West Virginia","54","2009","2009","Male","M",105,11105,945.5
,"85+ years","85+","West Virginia","54","2010","2010","Female","F",233,24505,950.8
,"85+ years","85+","West Virginia","54","2010","2010","Male","M",97,11416,849.7
,"85+ years","85+","West Virginia","54","2011","2011","Female","F",221,24870,888.6
,"85+ years","85+","West Virginia","54","2011","2011","Male","M",119,12024,989.7
,"85+ years","85+","West Virginia","54","2012","2012","Female","F",238,25281,941.4
,"85+ years","85+","West Virginia","54","2012","2012","Male","M",106,12452,851.3
,"85+ years","85+","West Virginia","54","2013","2013","Female","F",229,25419,900.9
,"85+ years","85+","West Virginia","54","2013","2013","Male","M",109,12985,839.4
,"85+ years","85+","West Virginia","54","2014","2014","Female","F",214,25568,837.0
,"85+ years","85+","West Virginia","54","2014","2014","Male","M",119,13167,903.8
,"85+ years","85+","West Virginia","54","2015","2015","Female","F",251,25744,975.0
,"85+ years","85+","West Virginia","54","2015","2015","Male","M",119,13520,880.2
,"85+ years","85+","West Virginia","54","2016","2016","Female","F",251,25685,977.2
,"85+ years","85+","West Virginia","54","2016","2016","Male","M",93,13637,682.0
,"85+ years","85+","West Virginia","54","2017","2017","Female","F",199,25993,765.6
,"85+ years","85+","West Virginia","54","2017","2017","Male","M",97,13817,702.0
,"85+ years","85+","West Virginia","54","2018","2018","Female","F",234,25963,901.3
,"85+ years","85+","West Virginia","54","2018","2018","Male","M",111,13937,796.4
,"85+ years","85+","West Virginia","54","2019","2019","Female","F",225,25841,870.7
,"85+ years","85+","West Virginia","54","2019","2019","Male","M",115,14295,804.5
,"85+ years","85+","West Virginia","54","2020","2020","Female","F",203,25809,786.5
,"85+ years","85+","West Virginia","54","2020","2020","Male","M",120,14501,827.5
,"85+ years","85+","Wisconsin","55","1999","1999","Female","F",663,67491,982.4
,"85+ years","85+","Wisconsin","55","1999","1999","Male","M",254,26675,952.2
,"85+ years","85+","Wisconsin","55","2000","2000","Female","F",677,68374,990.1
,"85+ years","85+","Wisconsin","55","2000","2000","Male","M",236,27251,866.0
,"85+ years","85+","Wisconsin","55","2001","2001","Female","F",665,69178,961.3
,"85+ years","85+","Wisconsin","55","2001","2001","Male","M",274,28057,976.6
,"85+ years","85+","Wisconsin","55","2002","2002","Female","F",680,70274,967.6
,"85+ years","85+","Wisconsin","55","2002","2002","Male","M",293,28854,1015.5
,"85+ years","85+","Wisconsin","55","2003","2003","Female","F",665,71614,928.6
,"85+ years","85+","Wisconsin","55","2003","2003","Male","M",321,29711,1080.4
,"85+ years","85+","Wisconsin","55","2004","2004","Female","F",725,72867,995.0
,"85+ years","85+","Wisconsin","55","2004","2004","Male","M",315,30448,1034.6
,"85+ years","85+","Wisconsin","55","2005","2005","Female","F",735,74166,991.0
,"85+ years","85+","Wisconsin","55","2005","2005","Male","M",328,31386,1045.1
,"85+ years","85+","Wisconsin","55","2006","2006","Female","F",721,75635,953.3
,"85+ years","85+","Wisconsin","55","2006","2006","Male","M",371,32692,1134.8
,"85+ years","85+","Wisconsin","55","2007","2007","Female","F",693,77324,896.2
,"85+ years","85+","Wisconsin","55","2007","2007","Male","M",335,33784,991.6
,"85+ years","85+","Wisconsin","55","2008","2008","Female","F",674,78576,857.8
,"85+ years","85+","Wisconsin","55","2008","2008","Male","M",306,35285,867.2
,"85+ years","85+","Wisconsin","55","2009","2009","Female","F",658,79920,823.3
,"85+ years","85+","Wisconsin","55","2009","2009","Male","M",331,36465,907.7
,"85+ years","85+","Wisconsin","55","2010","2010","Female","F",730,81055,900.6
,"85+ years","85+","Wisconsin","55","2010","2010","Male","M",334,37450,891.9
,"85+ years","85+","Wisconsin","55","2011","2011","Female","F",766,82928,923.7
,"85+ years","85+","Wisconsin","55","2011","2011","Male","M",358,39034,917.1
,"85+ years","85+","Wisconsin","55","2012","2012","Female","F",711,83781,848.6
,"85+ years","85+","Wisconsin","55","2012","2012","Male","M",394,40399,975.3
,"85+ years","85+","Wisconsin","55","2013","2013","Female","F",748,84153,888.9
,"85+ years","85+","Wisconsin","55","2013","2013","Male","M",423,41862,1010.5
,"85+ years","85+","Wisconsin","55","2014","2014","Female","F",701,84976,824.9
,"85+ years","85+","Wisconsin","55","2014","2014","Male","M",382,43120,885.9
,"85+ years","85+","Wisconsin","55","2015","2015","Female","F",740,85392,866.6
,"85+ years","85+","Wisconsin","55","2015","2015","Male","M",472,43865,1076.0
,"85+ years","85+","Wisconsin","55","2016","2016","Female","F",787,84921,926.7
,"85+ years","85+","Wisconsin","55","2016","2016","Male","M",419,44363,944.5
,"85+ years","85+","Wisconsin","55","2017","2017","Female","F",832,84297,987.0
,"85+ years","85+","Wisconsin","55","2017","2017","Male","M",494,44551,1108.8
,"85+ years","85+","Wisconsin","55","2018","2018","Female","F",850,83902,1013.1
,"85+ years","85+","Wisconsin","55","2018","2018","Male","M",440,44734,983.6
,"85+ years","85+","Wisconsin","55","2019","2019","Female","F",824,83013,992.6
,"85+ years","85+","Wisconsin","55","2019","2019","Male","M",469,45296,1035.4
,"85+ years","85+","Wisconsin","55","2020","2020","Female","F",832,81458,1021.4
,"85+ years","85+","Wisconsin","55","2020","2020","Male","M",511,45211,1130.3
,"85+ years","85+","Wyoming","56","1999","1999","Female","F",50,4600,1087.0
,"85+ years","85+","Wyoming","56","1999","1999","Male","M",24,1948,1232.0
,"85+ years","85+","Wyoming","56","2000","2000","Female","F",54,4718,1144.6
,"85+ years","85+","Wyoming","56","2000","2000","Male","M",18,2017,Unreliable
,"85+ years","85+","Wyoming","56","2001","2001","Female","F",59,4800,1229.2
,"85+ years","85+","Wyoming","56","2001","2001","Male","M",24,2092,1147.2
,"85+ years","85+","Wyoming","56","2002","2002","Female","F",62,4785,1295.7
,"85+ years","85+","Wyoming","56","2002","2002","Male","M",25,2134,1171.5
,"85+ years","85+","Wyoming","56","2003","2003","Female","F",62,4829,1283.9
,"85+ years","85+","Wyoming","56","2003","2003","Male","M",29,2229,1301.0
,"85+ years","85+","Wyoming","56","2004","2004","Female","F",47,4878,963.5
,"85+ years","85+","Wyoming","56","2004","2004","Male","M",10,2310,Unreliable
,"85+ years","85+","Wyoming","56","2005","2005","Female","F",49,5005,979.0
,"85+ years","85+","Wyoming","56","2005","2005","Male","M",24,2460,975.6
,"85+ years","85+","Wyoming","56","2006","2006","Female","F",62,5194,1193.7
,"85+ years","85+","Wyoming","56","2006","2006","Male","M",37,2527,1464.2
,"85+ years","85+","Wyoming","56","2007","2007","Female","F",56,5225,1071.8
,"85+ years","85+","Wyoming","56","2007","2007","Male","M",24,2660,902.3
,"85+ years","85+","Wyoming","56","2008","2008","Female","F",68,5337,1274.1
,"85+ years","85+","Wyoming","56","2008","2008","Male","M",24,2814,852.9
,"85+ years","85+","Wyoming","56","2009","2009","Female","F",52,5439,956.1
,"85+ years","85+","Wyoming","56","2009","2009","Male","M",33,2968,1111.9
,"85+ years","85+","Wyoming","56","2010","2010","Female","F",58,5549,1045.2
,"85+ years","85+","Wyoming","56","2010","2010","Male","M",32,3053,1048.1
,"85+ years","85+","Wyoming","56","2011","2011","Female","F",48,5747,835.2
,"85+ years","85+","Wyoming","56","2011","2011","Male","M",29,3186,910.2
,"85+ years","85+","Wyoming","56","2012","2012","Female","F",48,5832,823.0
,"85+ years","85+","Wyoming","56","2012","2012","Male","M",30,3389,885.2
,"85+ years","85+","Wyoming","56","2013","2013","Female","F",48,6142,781.5
,"85+ years","85+","Wyoming","56","2013","2013","Male","M",37,3601,1027.5
,"85+ years","85+","Wyoming","56","2014","2014","Female","F",54,6264,862.1
,"85+ years","85+","Wyoming","56","2014","2014","Male","M",33,3783,872.3
,"85+ years","85+","Wyoming","56","2015","2015","Female","F",53,6400,828.1
,"85+ years","85+","Wyoming","56","2015","2015","Male","M",22,3864,569.4
,"85+ years","85+","Wyoming","56","2016","2016","Female","F",41,6562,624.8
,"85+ years","85+","Wyoming","56","2016","2016","Male","M",36,3973,906.1
,"85+ years","85+","Wyoming","56","2017","2017","Female","F",40,6542,611.4
,"85+ years","85+","Wyoming","56","2017","2017","Male","M",38,3967,957.9
,"85+ years","85+","Wyoming","56","2018","2018","Female","F",48,6680,718.6
,"85+ years","85+","Wyoming","56","2018","2018","Male","M",41,4001,1024.7
,"85+ years","85+","Wyoming","56","2019","2019","Female","F",69,6863,1005.4
,"85+ years","85+","Wyoming","56","2019","2019","Male","M",40,4128,969.0
,"85+ years","85+","Wyoming","56","2020","2020","Female","F",47,6810,690.2
,"85+ years","85+","Wyoming","56","2020","2020","Male","M",38,4204,903.9
"---"
"Dataset: Underlying Cause of Death, 1999-2020"
"Query Parameters:"
"ICD-10 Codes: I11.0 (Hypertensive heart disease with (congestive) heart failure); I13.0 (Hypertensive heart and renal disease"
"with (congestive) heart failure); I13.2 (Hypertensive heart and renal disease with both (congestive) heart failure and renal"
"failure); I50.0 (Congestive heart failure); I50.1 (Left ventricular failure); I50.9 (Heart failure, unspecified)"
"Ten-Year Age Groups: 55-64 years; 65-74 years; 75-84 years; 85+ years"
"Group By: Ten-Year Age Groups; State; Year; Sex"
"Show Totals: Disabled"
"Show Zero Values: True"
"Show Suppressed: True"
"Calculate Rates Per: 100,000"
"Rate Options: Default intercensal populations for years 2001-2009 (except Infant Age Groups)"
"---"
"Help: See http://wonder.cdc.gov/wonder/help/ucd.html for more information."
"---"
"Query Date: May 4, 2026 6:19:35 PM"
"---"
"Suggested Citation: Centers for Disease Control and Prevention, National Center for Health Statistics. National Vital Statistics"
"System, Mortality 1999-2020 on CDC WONDER Online Database, released in 2021. Data are from the Multiple Cause of Death Files,"
"1999-2020, as compiled from data provided by the 57 vital statistics jurisdictions through the Vital Statistics Cooperative"
"Program. Accessed at http://wonder.cdc.gov/ucd-icd10.html on May 4, 2026 6:19:35 PM"
"---"
Messages:
"1. Totals are not available for these results due to suppression constraints. More Information:"
"http://wonder.cdc.gov/wonder/help/faq.html#Privacy."
"---"
Caveats:
"1. As of April 3, 2017, the underlying cause of death has been revised for 125 deaths in 2014. More information:"
"http://wonder.cdc.gov/wonder/help/ucd.html#2014-Revision."
"2. Circumstances in Georgia for the years 2008 and 2009 have resulted in unusually high death counts for the ICD-10 cause of"
"death code R99, ""Other ill-defined and unspecified causes of mortality."" Caution should be used in interpreting these data."
"More information: http://wonder.cdc.gov/wonder/help/ucd.html#Georgia-Reporting-Anomalies."
"3. Circumstances in New Jersey for the year 2009 have resulted in unusually high death counts for the ICD-10 cause of death code"
"R99, ""Other ill-defined and unspecified causes of mortality"" and therefore unusually low death counts in other ICD-10 codes,"
"most notably R95, ""Sudden Infant Death Syndrome"" and X40-X49, ""Unintentional poisoning."" Caution should be used in"
"interpreting these data. More information: http://wonder.cdc.gov/wonder/help/ucd.html#New-Jersey-Reporting-Anomalies."
"4. Circumstances in California resulted in unusually high death counts for the ICD-10 cause of death code R99, ""Other"
"ill-defined and unspecified causes of mortality"" for deaths occurring in years 2000 and 2001. Caution should be used in"
"interpreting these data. More information: http://wonder.cdc.gov/wonder/help/ucd.html#California-Reporting-Anomalies."
"5. Data are Suppressed when the data meet the criteria for confidentiality constraints. More information:"
"http://wonder.cdc.gov/wonder/help/ucd.html#Assurance of Confidentiality."
"6. Death rates are flagged as Unreliable when the rate is calculated with a numerator of 20 or less. More information:"
"http://wonder.cdc.gov/wonder/help/ucd.html#Unreliable."
"7. Deaths of persons with Age ""Not Stated"" are included in ""All"" counts and rates, but are not distributed among age groups,"
"so are not included in age-specific counts, age-specific rates or in any age-adjusted rates. More information:"
"http://wonder.cdc.gov/wonder/help/ucd.html#Not Stated."
"8. The population figures for year 2020 are bridged-race estimates of the July 1 resident population, from the Vintage 2020"
"postcensal series released by NCHS on September 22, 2021. The population figures for year 2019 are bridged-race estimates of the"
"July 1 resident population, from the Vintage 2019 postcensal series released by NCHS on July 9, 2020. The population figures for"
"year 2018 are bridged-race estimates of the July 1 resident population, from the Vintage 2018 postcensal series released by NCHS"
"on June 25, 2019. The population figures for year 2017 are bridged-race estimates of the July 1 resident population, from the"
"Vintage 2017 postcensal series released by NCHS on June 27, 2018. The population figures for year 2016 are bridged-race"
"estimates of the July 1 resident population, from the Vintage 2016 postcensal series released by NCHS on June 26, 2017. The"
"population figures for year 2015 are bridged-race estimates of the July 1 resident population, from the Vintage 2015 postcensal"
"series released by NCHS on June 28, 2016. The population figures for year 2014 are bridged-race estimates of the July 1 resident"
"population, from the Vintage 2014 postcensal series released by NCHS on June 30, 2015. The population figures for year 2013 are"
"bridged-race estimates of the July 1 resident population, from the Vintage 2013 postcensal series released by NCHS on June 26,"
"2014. The population figures for year 2012 are bridged-race estimates of the July 1 resident population, from the Vintage 2012"
"postcensal series released by NCHS on June 13, 2013. The population figures for year 2011 are bridged-race estimates of the July"
"1 resident population, from the Vintage 2011 postcensal series released by NCHS on July 18, 2012. Population figures for 2010"
"are April 1 Census counts. The population figures for years 2001 - 2009 are bridged-race estimates of the July 1 resident"
"population, from the revised intercensal county-level 2000 - 2009 series released by NCHS on October 26, 2012. Population"
"figures for 2000 are April 1 Census counts. Population figures for 1999 are from the 1990-1999 intercensal series of July 1"
"estimates. Population figures for the infant age groups are the number of live births. <br/><b>Note:</b> Rates and population"
"figures for years 2001 - 2009 differ slightly from previously published reports, due to use of the population estimates which"
"were available at the time of release."
"9. Changes to cause of death classification affect reporting trends. More information:"
"http://wonder.cdc.gov/wonder/help/ucd.html#ICD-10 Changes."