"Notes","Ten-Year Age Groups","Ten-Year Age Groups Code","Residence State","Residence State Code","Year","Year Code","Sex","Sex Code",Deaths,Population,Crude Rate,Crude Rate Lower 95% Confidence Interval,Crude Rate Upper 95% Confidence Interval
,"55-64 years","55-64","Alabama","01","2021","2021","Female","F",238,348142,68.4,59.7,77.0
,"55-64 years","55-64","Alabama","01","2021","2021","Male","M",655,324231,202.0,186.5,217.5
,"55-64 years","55-64","Alabama","01","2022","2022","Female","F",222,339944,65.3,56.7,73.9
,"55-64 years","55-64","Alabama","01","2022","2022","Male","M",548,318486,172.1,157.7,186.5
,"55-64 years","55-64","Alabama","01","2023","2023","Female","F",195,338419,57.6,49.5,65.7
,"55-64 years","55-64","Alabama","01","2023","2023","Male","M",484,315647,153.3,139.7,167.0
,"55-64 years","55-64","Alabama","01","2024","2024","Female","F",187,336308,55.6,47.6,63.6
,"55-64 years","55-64","Alabama","01","2024","2024","Male","M",449,313480,143.2,130.0,156.5
,"55-64 years","55-64","Alabama","01","2025 (provisional)","2025","Female","F",198,336308,58.9,50.7,67.1
,"55-64 years","55-64","Alabama","01","2025 (provisional)","2025","Male","M",448,313480,142.9,129.7,156.1
,"55-64 years","55-64","Alaska","02","2021","2021","Female","F",20,43150,46.3,28.3,71.6
,"55-64 years","55-64","Alaska","02","2021","2021","Male","M",87,47226,184.2,147.6,227.2
,"55-64 years","55-64","Alaska","02","2022","2022","Female","F",27,41431,65.2,42.9,94.8
,"55-64 years","55-64","Alaska","02","2022","2022","Male","M",92,45810,200.8,161.9,246.3
,"55-64 years","55-64","Alaska","02","2023","2023","Female","F",23,40587,56.7,35.9,85.0
,"55-64 years","55-64","Alaska","02","2023","2023","Male","M",80,44577,179.5,142.3,223.4
,"55-64 years","55-64","Alaska","02","2024","2024","Female","F",12,39767,30.2,15.6,52.7
,"55-64 years","55-64","Alaska","02","2024","2024","Male","M",68,43769,155.4,120.6,197.0
,"55-64 years","55-64","Alaska","02","2025 (provisional)","2025","Female","F",21,39767,52.8,32.7,80.7
,"55-64 years","55-64","Alaska","02","2025 (provisional)","2025","Male","M",56,43769,127.9,96.6,166.1
,"55-64 years","55-64","Arizona","04","2021","2021","Female","F",231,452647,51.0,44.5,57.6
,"55-64 years","55-64","Arizona","04","2021","2021","Male","M",725,427238,169.7,157.3,182.0
,"55-64 years","55-64","Arizona","04","2022","2022","Female","F",238,446674,53.3,46.5,60.1
,"55-64 years","55-64","Arizona","04","2022","2022","Male","M",709,425289,166.7,154.4,179.0
,"55-64 years","55-64","Arizona","04","2023","2023","Female","F",239,451318,53.0,46.2,59.7
,"55-64 years","55-64","Arizona","04","2023","2023","Male","M",653,428260,152.5,140.8,164.2
,"55-64 years","55-64","Arizona","04","2024","2024","Female","F",244,451811,54.0,47.2,60.8
,"55-64 years","55-64","Arizona","04","2024","2024","Male","M",667,429219,155.4,143.6,167.2
,"55-64 years","55-64","Arizona","04","2025 (provisional)","2025","Female","F",200,451811,44.3,38.1,50.4
,"55-64 years","55-64","Arizona","04","2025 (provisional)","2025","Male","M",608,429219,141.7,130.4,152.9
,"55-64 years","55-64","Arkansas","05","2021","2021","Female","F",266,196927,135.1,118.8,151.3
,"55-64 years","55-64","Arkansas","05","2021","2021","Male","M",598,187969,318.1,292.6,343.6
,"55-64 years","55-64","Arkansas","05","2022","2022","Female","F",218,193058,112.9,97.9,127.9
,"55-64 years","55-64","Arkansas","05","2022","2022","Male","M",591,185254,319.0,293.3,344.7
,"55-64 years","55-64","Arkansas","05","2023","2023","Female","F",234,191999,121.9,106.3,137.5
,"55-64 years","55-64","Arkansas","05","2023","2023","Male","M",487,183592,265.3,241.7,288.8
,"55-64 years","55-64","Arkansas","05","2024","2024","Female","F",187,190581,98.1,84.1,112.2
,"55-64 years","55-64","Arkansas","05","2024","2024","Male","M",460,181945,252.8,229.7,275.9
,"55-64 years","55-64","Arkansas","05","2025 (provisional)","2025","Female","F",210,190581,110.2,95.3,125.1
,"55-64 years","55-64","Arkansas","05","2025 (provisional)","2025","Male","M",466,181945,256.1,232.9,279.4
,"55-64 years","55-64","California","06","2021","2021","Female","F",1246,2411891,51.7,48.8,54.5
,"55-64 years","55-64","California","06","2021","2021","Male","M",3940,2365841,166.5,161.3,171.7
,"55-64 years","55-64","California","06","2022","2022","Female","F",1178,2357156,50.0,47.1,52.8
,"55-64 years","55-64","California","06","2022","2022","Male","M",3518,2330153,151.0,146.0,156.0
,"55-64 years","55-64","California","06","2023","2023","Female","F",1047,2358266,44.4,41.7,47.1
,"55-64 years","55-64","California","06","2023","2023","Male","M",3340,2318062,144.1,139.2,149.0
,"55-64 years","55-64","California","06","2024","2024","Female","F",1036,2358271,43.9,41.3,46.6
,"55-64 years","55-64","California","06","2024","2024","Male","M",3177,2319014,137.0,132.2,141.8
,"55-64 years","55-64","California","06","2025 (provisional)","2025","Female","F",932,2358271,39.5,37.0,42.1
,"55-64 years","55-64","California","06","2025 (provisional)","2025","Male","M",2983,2319014,128.6,124.0,133.2
,"55-64 years","55-64","Colorado","08","2021","2021","Female","F",143,354867,40.3,33.7,46.9
,"55-64 years","55-64","Colorado","08","2021","2021","Male","M",402,347352,115.7,104.4,127.0
,"55-64 years","55-64","Colorado","08","2022","2022","Female","F",132,344628,38.3,31.8,44.8
,"55-64 years","55-64","Colorado","08","2022","2022","Male","M",455,339228,134.1,121.8,146.5
,"55-64 years","55-64","Colorado","08","2023","2023","Female","F",119,341432,34.9,28.6,41.1
,"55-64 years","55-64","Colorado","08","2023","2023","Male","M",352,335193,105.0,94.0,116.0
,"55-64 years","55-64","Colorado","08","2024","2024","Female","F",100,338004,29.6,23.8,35.4
,"55-64 years","55-64","Colorado","08","2024","2024","Male","M",339,333541,101.6,90.8,112.5
,"55-64 years","55-64","Colorado","08","2025 (provisional)","2025","Female","F",105,338004,31.1,25.1,37.0
,"55-64 years","55-64","Colorado","08","2025 (provisional)","2025","Male","M",336,333541,100.7,90.0,111.5
,"55-64 years","55-64","Connecticut","09","2021","2021","Female","F",122,266703,45.7,37.6,53.9
,"55-64 years","55-64","Connecticut","09","2021","2021","Male","M",399,254289,156.9,141.5,172.3
,"55-64 years","55-64","Connecticut","09","2022","2022","Female","F",125,264509,47.3,39.0,55.5
,"55-64 years","55-64","Connecticut","09","2022","2022","Male","M",352,251227,140.1,125.5,154.7
,"55-64 years","55-64","Connecticut","09","2023","2023","Female","F",105,260500,40.3,32.6,48.0
,"55-64 years","55-64","Connecticut","09","2023","2023","Male","M",306,246341,124.2,110.3,138.1
,"55-64 years","55-64","Connecticut","09","2024","2024","Female","F",106,258404,41.0,33.2,48.8
,"55-64 years","55-64","Connecticut","09","2024","2024","Male","M",283,243674,116.1,102.6,129.7
,"55-64 years","55-64","Connecticut","09","2025 (provisional)","2025","Female","F",103,258404,39.9,32.2,47.6
,"55-64 years","55-64","Connecticut","09","2025 (provisional)","2025","Male","M",280,243674,114.9,101.4,128.4
,"55-64 years","55-64","Delaware","10","2021","2021","Female","F",44,75601,58.2,42.3,78.1
,"55-64 years","55-64","Delaware","10","2021","2021","Male","M",119,67917,175.2,143.7,206.7
,"55-64 years","55-64","Delaware","10","2022","2022","Female","F",52,75472,68.9,51.5,90.4
,"55-64 years","55-64","Delaware","10","2022","2022","Male","M",95,68024,139.7,113.0,170.7
,"55-64 years","55-64","Delaware","10","2023","2023","Female","F",53,75781,69.9,52.4,91.5
,"55-64 years","55-64","Delaware","10","2023","2023","Male","M",120,67598,177.5,145.8,209.3
,"55-64 years","55-64","Delaware","10","2024","2024","Female","F",43,75349,57.1,41.3,76.9
,"55-64 years","55-64","Delaware","10","2024","2024","Male","M",84,67070,125.2,99.9,155.1
,"55-64 years","55-64","Delaware","10","2025 (provisional)","2025","Female","F",48,75349,63.7,47.0,84.5
,"55-64 years","55-64","Delaware","10","2025 (provisional)","2025","Male","M",94,67070,140.2,113.3,171.5
,"55-64 years","55-64","District of Columbia","11","2021","2021","Female","F",43,33867,127.0,91.9,171.0
,"55-64 years","55-64","District of Columbia","11","2021","2021","Male","M",97,32149,301.7,244.7,368.1
,"55-64 years","55-64","District of Columbia","11","2022","2022","Female","F",36,32582,110.5,77.4,153.0
,"55-64 years","55-64","District of Columbia","11","2022","2022","Male","M",81,31490,257.2,204.3,319.7
,"55-64 years","55-64","District of Columbia","11","2023","2023","Female","F",23,32355,71.1,45.1,106.7
,"55-64 years","55-64","District of Columbia","11","2023","2023","Male","M",54,31020,174.1,130.8,227.1
,"55-64 years","55-64","District of Columbia","11","2024","2024","Female","F",26,32596,79.8,52.1,116.9
,"55-64 years","55-64","District of Columbia","11","2024","2024","Male","M",69,31557,218.7,170.1,276.7
,"55-64 years","55-64","District of Columbia","11","2025 (provisional)","2025","Female","F",35,32596,107.4,74.8,149.3
,"55-64 years","55-64","District of Columbia","11","2025 (provisional)","2025","Male","M",66,31557,209.1,161.8,266.1
,"55-64 years","55-64","Florida","12","2021","2021","Female","F",957,1540942,62.1,58.2,66.0
,"55-64 years","55-64","Florida","12","2021","2021","Male","M",2586,1438628,179.8,172.8,186.7
,"55-64 years","55-64","Florida","12","2022","2022","Female","F",869,1540467,56.4,52.7,60.2
,"55-64 years","55-64","Florida","12","2022","2022","Male","M",2426,1449753,167.3,160.7,174.0
,"55-64 years","55-64","Florida","12","2023","2023","Female","F",843,1562475,54.0,50.3,57.6
,"55-64 years","55-64","Florida","12","2023","2023","Male","M",2328,1464823,158.9,152.5,165.4
,"55-64 years","55-64","Florida","12","2024","2024","Female","F",800,1576603,50.7,47.2,54.3
,"55-64 years","55-64","Florida","12","2024","2024","Male","M",2346,1479959,158.5,152.1,164.9
,"55-64 years","55-64","Florida","12","2025 (provisional)","2025","Female","F",790,1576603,50.1,46.6,53.6
,"55-64 years","55-64","Florida","12","2025 (provisional)","2025","Male","M",2143,1479959,144.8,138.7,150.9
,"55-64 years","55-64","Georgia","13","2021","2021","Female","F",434,694494,62.5,56.6,68.4
,"55-64 years","55-64","Georgia","13","2021","2021","Male","M",1120,648643,172.7,162.6,182.8
,"55-64 years","55-64","Georgia","13","2022","2022","Female","F",396,689832,57.4,51.8,63.1
,"55-64 years","55-64","Georgia","13","2022","2022","Male","M",940,647483,145.2,135.9,154.5
,"55-64 years","55-64","Georgia","13","2023","2023","Female","F",404,695824,58.1,52.4,63.7
,"55-64 years","55-64","Georgia","13","2023","2023","Male","M",889,649662,136.8,127.8,145.8
,"55-64 years","55-64","Georgia","13","2024","2024","Female","F",356,700374,50.8,45.5,56.1
,"55-64 years","55-64","Georgia","13","2024","2024","Male","M",883,653816,135.1,126.1,144.0
,"55-64 years","55-64","Georgia","13","2025 (provisional)","2025","Female","F",355,700374,50.7,45.4,56.0
,"55-64 years","55-64","Georgia","13","2025 (provisional)","2025","Male","M",873,653816,133.5,124.7,142.4
,"55-64 years","55-64","Hawaii","15","2021","2021","Female","F",42,91063,46.1,33.2,62.3
,"55-64 years","55-64","Hawaii","15","2021","2021","Male","M",132,90092,146.5,121.5,171.5
,"55-64 years","55-64","Hawaii","15","2022","2022","Female","F",46,88928,51.7,37.9,69.0
,"55-64 years","55-64","Hawaii","15","2022","2022","Male","M",157,88043,178.3,150.4,206.2
,"55-64 years","55-64","Hawaii","15","2023","2023","Female","F",34,88884,38.3,26.5,53.5
,"55-64 years","55-64","Hawaii","15","2023","2023","Male","M",157,87233,180.0,151.8,208.1
,"55-64 years","55-64","Hawaii","15","2024","2024","Female","F",38,88188,43.1,30.5,59.1
,"55-64 years","55-64","Hawaii","15","2024","2024","Male","M",141,86124,163.7,136.7,190.7
,"55-64 years","55-64","Hawaii","15","2025 (provisional)","2025","Female","F",60,88188,68.0,51.9,87.6
,"55-64 years","55-64","Hawaii","15","2025 (provisional)","2025","Male","M",133,86124,154.4,128.2,180.7
,"55-64 years","55-64","Idaho","16","2021","2021","Female","F",64,115794,55.3,42.6,70.6
,"55-64 years","55-64","Idaho","16","2021","2021","Male","M",182,112824,161.3,137.9,184.7
,"55-64 years","55-64","Idaho","16","2022","2022","Female","F",51,113837,44.8,33.4,58.9
,"55-64 years","55-64","Idaho","16","2022","2022","Male","M",153,112262,136.3,114.7,157.9
,"55-64 years","55-64","Idaho","16","2023","2023","Female","F",48,113746,42.2,31.1,55.9
,"55-64 years","55-64","Idaho","16","2023","2023","Male","M",133,112158,118.6,98.4,138.7
,"55-64 years","55-64","Idaho","16","2024","2024","Female","F",39,113775,34.3,24.4,46.9
,"55-64 years","55-64","Idaho","16","2024","2024","Male","M",134,112553,119.1,98.9,139.2
,"55-64 years","55-64","Idaho","16","2025 (provisional)","2025","Female","F",45,113775,39.6,28.8,52.9
,"55-64 years","55-64","Idaho","16","2025 (provisional)","2025","Male","M",129,112553,114.6,94.8,134.4
,"55-64 years","55-64","Illinois","17","2021","2021","Female","F",480,838191,57.3,52.1,62.4
,"55-64 years","55-64","Illinois","17","2021","2021","Male","M",1232,812391,151.7,143.2,160.1
,"55-64 years","55-64","Illinois","17","2022","2022","Female","F",449,813699,55.2,50.1,60.3
,"55-64 years","55-64","Illinois","17","2022","2022","Male","M",1192,792607,150.4,141.9,158.9
,"55-64 years","55-64","Illinois","17","2023","2023","Female","F",418,804509,52.0,47.0,56.9
,"55-64 years","55-64","Illinois","17","2023","2023","Male","M",1112,779514,142.7,134.3,151.0
,"55-64 years","55-64","Illinois","17","2024","2024","Female","F",382,795022,48.0,43.2,52.9
,"55-64 years","55-64","Illinois","17","2024","2024","Male","M",1030,771197,133.6,125.4,141.7
,"55-64 years","55-64","Illinois","17","2025 (provisional)","2025","Female","F",351,795022,44.1,39.5,48.8
,"55-64 years","55-64","Illinois","17","2025 (provisional)","2025","Male","M",1017,771197,131.9,123.8,140.0
,"55-64 years","55-64","Indiana","18","2021","2021","Female","F",324,443216,73.1,65.1,81.1
,"55-64 years","55-64","Indiana","18","2021","2021","Male","M",840,430610,195.1,181.9,208.3
,"55-64 years","55-64","Indiana","18","2022","2022","Female","F",324,433465,74.7,66.6,82.9
,"55-64 years","55-64","Indiana","18","2022","2022","Male","M",804,423127,190.0,176.9,203.1
,"55-64 years","55-64","Indiana","18","2023","2023","Female","F",312,428389,72.8,64.7,80.9
,"55-64 years","55-64","Indiana","18","2023","2023","Male","M",730,415965,175.5,162.8,188.2
,"55-64 years","55-64","Indiana","18","2024","2024","Female","F",276,422864,65.3,57.6,73.0
,"55-64 years","55-64","Indiana","18","2024","2024","Male","M",766,411176,186.3,173.1,199.5
,"55-64 years","55-64","Indiana","18","2025 (provisional)","2025","Female","F",290,422864,68.6,60.7,76.5
,"55-64 years","55-64","Indiana","18","2025 (provisional)","2025","Male","M",723,411176,175.8,163.0,188.7
,"55-64 years","55-64","Iowa","19","2021","2021","Female","F",165,206308,80.0,67.8,92.2
,"55-64 years","55-64","Iowa","19","2021","2021","Male","M",431,205882,209.3,189.6,229.1
,"55-64 years","55-64","Iowa","19","2022","2022","Female","F",148,200517,73.8,61.9,85.7
,"55-64 years","55-64","Iowa","19","2022","2022","Male","M",437,201061,217.3,197.0,237.7
,"55-64 years","55-64","Iowa","19","2023","2023","Female","F",155,198145,78.2,65.9,90.5
,"55-64 years","55-64","Iowa","19","2023","2023","Male","M",376,197449,190.4,171.2,209.7
,"55-64 years","55-64","Iowa","19","2024","2024","Female","F",133,194957,68.2,56.6,79.8
,"55-64 years","55-64","Iowa","19","2024","2024","Male","M",356,194103,183.4,164.4,202.5
,"55-64 years","55-64","Iowa","19","2025 (provisional)","2025","Female","F",129,194957,66.2,54.7,77.6
,"55-64 years","55-64","Iowa","19","2025 (provisional)","2025","Male","M",313,194103,161.3,143.4,179.1
,"55-64 years","55-64","Kansas","20","2021","2021","Female","F",156,185358,84.2,71.0,97.4
,"55-64 years","55-64","Kansas","20","2021","2021","Male","M",342,180695,189.3,169.2,209.3
,"55-64 years","55-64","Kansas","20","2022","2022","Female","F",127,179056,70.9,58.6,83.3
,"55-64 years","55-64","Kansas","20","2022","2022","Male","M",329,175677,187.3,167.0,207.5
,"55-64 years","55-64","Kansas","20","2023","2023","Female","F",124,175622,70.6,58.2,83.0
,"55-64 years","55-64","Kansas","20","2023","2023","Male","M",293,171887,170.5,150.9,190.0
,"55-64 years","55-64","Kansas","20","2024","2024","Female","F",90,172733,52.1,41.9,64.0
,"55-64 years","55-64","Kansas","20","2024","2024","Male","M",295,169067,174.5,154.6,194.4
,"55-64 years","55-64","Kansas","20","2025 (provisional)","2025","Female","F",92,172733,53.3,42.9,65.3
,"55-64 years","55-64","Kansas","20","2025 (provisional)","2025","Male","M",261,169067,154.4,135.6,173.1
,"55-64 years","55-64","Kentucky","21","2021","2021","Female","F",379,306721,123.6,111.1,136.0
,"55-64 years","55-64","Kentucky","21","2021","2021","Male","M",754,291887,258.3,239.9,276.8
,"55-64 years","55-64","Kentucky","21","2022","2022","Female","F",341,300061,113.6,101.6,125.7
,"55-64 years","55-64","Kentucky","21","2022","2022","Male","M",703,287460,244.6,226.5,262.6
,"55-64 years","55-64","Kentucky","21","2023","2023","Female","F",288,296480,97.1,85.9,108.4
,"55-64 years","55-64","Kentucky","21","2023","2023","Male","M",628,283159,221.8,204.4,239.1
,"55-64 years","55-64","Kentucky","21","2024","2024","Female","F",287,293822,97.7,86.4,109.0
,"55-64 years","55-64","Kentucky","21","2024","2024","Male","M",598,280820,212.9,195.9,230.0
,"55-64 years","55-64","Kentucky","21","2025 (provisional)","2025","Female","F",259,293822,88.1,77.4,98.9
,"55-64 years","55-64","Kentucky","21","2025 (provisional)","2025","Male","M",618,280820,220.1,202.7,237.4
,"55-64 years","55-64","Louisiana","22","2021","2021","Female","F",322,308632,104.3,92.9,115.7
,"55-64 years","55-64","Louisiana","22","2021","2021","Male","M",760,286758,265.0,246.2,283.9
,"55-64 years","55-64","Louisiana","22","2022","2022","Female","F",315,299290,105.2,93.6,116.9
,"55-64 years","55-64","Louisiana","22","2022","2022","Male","M",647,278883,232.0,214.1,249.9
,"55-64 years","55-64","Louisiana","22","2023","2023","Female","F",292,294149,99.3,87.9,110.7
,"55-64 years","55-64","Louisiana","22","2023","2023","Male","M",606,271852,222.9,205.2,240.7
,"55-64 years","55-64","Louisiana","22","2024","2024","Female","F",264,288696,91.4,80.4,102.5
,"55-64 years","55-64","Louisiana","22","2024","2024","Male","M",596,266374,223.7,205.8,241.7
,"55-64 years","55-64","Louisiana","22","2025 (provisional)","2025","Female","F",242,288696,83.8,73.3,94.4
,"55-64 years","55-64","Louisiana","22","2025 (provisional)","2025","Male","M",526,266374,197.5,180.6,214.3
,"55-64 years","55-64","Maine","23","2021","2021","Female","F",40,109367,36.6,26.1,49.8
,"55-64 years","55-64","Maine","23","2021","2021","Male","M",143,103959,137.6,115.0,160.1
,"55-64 years","55-64","Maine","23","2022","2022","Female","F",45,107475,41.9,30.5,56.0
,"55-64 years","55-64","Maine","23","2022","2022","Male","M",151,102209,147.7,124.2,171.3
,"55-64 years","55-64","Maine","23","2023","2023","Female","F",40,106250,37.6,26.9,51.3
,"55-64 years","55-64","Maine","23","2023","2023","Male","M",133,100242,132.7,110.1,155.2
,"55-64 years","55-64","Maine","23","2024","2024","Female","F",55,104140,52.8,39.8,68.7
,"55-64 years","55-64","Maine","23","2024","2024","Male","M",145,98349,147.4,123.4,171.4
,"55-64 years","55-64","Maine","23","2025 (provisional)","2025","Female","F",54,104140,51.9,39.0,67.7
,"55-64 years","55-64","Maine","23","2025 (provisional)","2025","Male","M",145,98349,147.4,123.4,171.4
,"55-64 years","55-64","Maryland","24","2021","2021","Female","F",267,434520,61.4,54.1,68.8
,"55-64 years","55-64","Maryland","24","2021","2021","Male","M",619,403325,153.5,141.4,165.6
,"55-64 years","55-64","Maryland","24","2022","2022","Female","F",274,427067,64.2,56.6,71.8
,"55-64 years","55-64","Maryland","24","2022","2022","Male","M",596,397865,149.8,137.8,161.8
,"55-64 years","55-64","Maryland","24","2023","2023","Female","F",231,424771,54.4,47.4,61.4
,"55-64 years","55-64","Maryland","24","2023","2023","Male","M",493,392414,125.6,114.5,136.7
,"55-64 years","55-64","Maryland","24","2024","2024","Female","F",218,421926,51.7,44.8,58.5
,"55-64 years","55-64","Maryland","24","2024","2024","Male","M",523,389338,134.3,122.8,145.8
,"55-64 years","55-64","Maryland","24","2025 (provisional)","2025","Female","F",196,421926,46.5,40.0,53.0
,"55-64 years","55-64","Maryland","24","2025 (provisional)","2025","Male","M",476,389338,122.3,111.3,133.2
,"55-64 years","55-64","Massachusetts","25","2021","2021","Female","F",164,494430,33.2,28.1,38.2
,"55-64 years","55-64","Massachusetts","25","2021","2021","Male","M",516,470982,109.6,100.1,119.0
,"55-64 years","55-64","Massachusetts","25","2022","2022","Female","F",171,486238,35.2,29.9,40.4
,"55-64 years","55-64","Massachusetts","25","2022","2022","Male","M",494,465116,106.2,96.8,115.6
,"55-64 years","55-64","Massachusetts","25","2023","2023","Female","F",141,483737,29.1,24.3,34.0
,"55-64 years","55-64","Massachusetts","25","2023","2023","Male","M",468,459464,101.9,92.6,111.1
,"55-64 years","55-64","Massachusetts","25","2024","2024","Female","F",123,480352,25.6,21.1,30.1
,"55-64 years","55-64","Massachusetts","25","2024","2024","Male","M",435,455415,95.5,86.5,104.5
,"55-64 years","55-64","Massachusetts","25","2025 (provisional)","2025","Female","F",148,480352,30.8,25.8,35.8
,"55-64 years","55-64","Massachusetts","25","2025 (provisional)","2025","Male","M",454,455415,99.7,90.5,108.9
,"55-64 years","55-64","Michigan","26","2021","2021","Female","F",599,706907,84.7,77.9,91.5
,"55-64 years","55-64","Michigan","26","2021","2021","Male","M",1584,687180,230.5,219.2,241.9
,"55-64 years","55-64","Michigan","26","2022","2022","Female","F",535,687038,77.9,71.3,84.5
,"55-64 years","55-64","Michigan","26","2022","2022","Male","M",1406,671158,209.5,198.5,220.4
,"55-64 years","55-64","Michigan","26","2023","2023","Female","F",502,679252,73.9,67.4,80.4
,"55-64 years","55-64","Michigan","26","2023","2023","Male","M",1351,659541,204.8,193.9,215.8
,"55-64 years","55-64","Michigan","26","2024","2024","Female","F",494,669790,73.8,67.3,80.3
,"55-64 years","55-64","Michigan","26","2024","2024","Male","M",1181,650418,181.6,171.2,191.9
,"55-64 years","55-64","Michigan","26","2025 (provisional)","2025","Female","F",460,669790,68.7,62.4,75.0
,"55-64 years","55-64","Michigan","26","2025 (provisional)","2025","Male","M",1236,650418,190.0,179.4,200.6
,"55-64 years","55-64","Minnesota","27","2021","2021","Female","F",112,377369,29.7,24.2,35.2
,"55-64 years","55-64","Minnesota","27","2021","2021","Male","M",336,378746,88.7,79.2,98.2
,"55-64 years","55-64","Minnesota","27","2022","2022","Female","F",115,367438,31.3,25.6,37.0
,"55-64 years","55-64","Minnesota","27","2022","2022","Male","M",352,371122,94.8,84.9,104.8
,"55-64 years","55-64","Minnesota","27","2023","2023","Female","F",92,361522,25.4,20.5,31.2
,"55-64 years","55-64","Minnesota","27","2023","2023","Male","M",320,363976,87.9,78.3,97.6
,"55-64 years","55-64","Minnesota","27","2024","2024","Female","F",80,354873,22.5,17.9,28.1
,"55-64 years","55-64","Minnesota","27","2024","2024","Male","M",347,357761,97.0,86.8,107.2
,"55-64 years","55-64","Minnesota","27","2025 (provisional)","2025","Female","F",89,354873,25.1,20.1,30.9
,"55-64 years","55-64","Minnesota","27","2025 (provisional)","2025","Male","M",338,357761,94.5,84.4,104.5
,"55-64 years","55-64","Mississippi","28","2021","2021","Female","F",257,197817,129.9,114.0,145.8
,"55-64 years","55-64","Mississippi","28","2021","2021","Male","M",593,182902,324.2,298.1,350.3
,"55-64 years","55-64","Mississippi","28","2022","2022","Female","F",264,192620,137.1,120.5,153.6
,"55-64 years","55-64","Mississippi","28","2022","2022","Male","M",523,178652,292.7,267.7,317.8
,"55-64 years","55-64","Mississippi","28","2023","2023","Female","F",191,191079,100.0,85.8,114.1
,"55-64 years","55-64","Mississippi","28","2023","2023","Male","M",448,175857,254.8,231.2,278.3
,"55-64 years","55-64","Mississippi","28","2024","2024","Female","F",183,188811,96.9,82.9,111.0
,"55-64 years","55-64","Mississippi","28","2024","2024","Male","M",458,173475,264.0,239.8,288.2
,"55-64 years","55-64","Mississippi","28","2025 (provisional)","2025","Female","F",230,188811,121.8,106.1,137.6
,"55-64 years","55-64","Mississippi","28","2025 (provisional)","2025","Male","M",471,173475,271.5,247.0,296.0
,"55-64 years","55-64","Missouri","29","2021","2021","Female","F",437,420245,104.0,94.2,113.7
,"55-64 years","55-64","Missouri","29","2021","2021","Male","M",955,403232,236.8,221.8,251.9
,"55-64 years","55-64","Missouri","29","2022","2022","Female","F",466,407911,114.2,103.9,124.6
,"55-64 years","55-64","Missouri","29","2022","2022","Male","M",986,393825,250.4,234.7,266.0
,"55-64 years","55-64","Missouri","29","2023","2023","Female","F",360,402817,89.4,80.1,98.6
,"55-64 years","55-64","Missouri","29","2023","2023","Male","M",880,386471,227.7,212.7,242.7
,"55-64 years","55-64","Missouri","29","2024","2024","Female","F",330,395985,83.3,74.3,92.3
,"55-64 years","55-64","Missouri","29","2024","2024","Male","M",861,379443,226.9,211.8,242.1
,"55-64 years","55-64","Missouri","29","2025 (provisional)","2025","Female","F",319,395985,80.6,71.7,89.4
,"55-64 years","55-64","Missouri","29","2025 (provisional)","2025","Male","M",824,379443,217.2,202.3,232.0
,"55-64 years","55-64","Montana","30","2021","2021","Female","F",62,74930,82.7,63.4,106.1
,"55-64 years","55-64","Montana","30","2021","2021","Male","M",173,73339,235.9,200.7,271.0
,"55-64 years","55-64","Montana","30","2022","2022","Female","F",67,72816,92.0,71.3,116.9
,"55-64 years","55-64","Montana","30","2022","2022","Male","M",194,71750,270.4,232.3,308.4
,"55-64 years","55-64","Montana","30","2023","2023","Female","F",43,71431,60.2,43.6,81.1
,"55-64 years","55-64","Montana","30","2023","2023","Male","M",136,70149,193.9,161.3,226.5
,"55-64 years","55-64","Montana","30","2024","2024","Female","F",48,69538,69.0,50.9,91.5
,"55-64 years","55-64","Montana","30","2024","2024","Male","M",157,68610,228.8,193.0,264.6
,"55-64 years","55-64","Montana","30","2025 (provisional)","2025","Female","F",55,69538,79.1,59.6,103.0
,"55-64 years","55-64","Montana","30","2025 (provisional)","2025","Male","M",138,68610,201.1,167.6,234.7
,"55-64 years","55-64","Nebraska","31","2021","2021","Female","F",59,120018,49.2,37.4,63.4
,"55-64 years","55-64","Nebraska","31","2021","2021","Male","M",159,120643,131.8,111.3,152.3
,"55-64 years","55-64","Nebraska","31","2022","2022","Female","F",53,116523,45.5,34.1,59.5
,"55-64 years","55-64","Nebraska","31","2022","2022","Male","M",134,117627,113.9,94.6,133.2
,"55-64 years","55-64","Nebraska","31","2023","2023","Female","F",50,114824,43.5,32.3,57.4
,"55-64 years","55-64","Nebraska","31","2023","2023","Male","M",134,115348,116.2,96.5,135.8
,"55-64 years","55-64","Nebraska","31","2024","2024","Female","F",44,112634,39.1,28.4,52.4
,"55-64 years","55-64","Nebraska","31","2024","2024","Male","M",113,113365,99.7,81.3,118.1
,"55-64 years","55-64","Nebraska","31","2025 (provisional)","2025","Female","F",39,112634,34.6,24.6,47.3
,"55-64 years","55-64","Nebraska","31","2025 (provisional)","2025","Male","M",106,113365,93.5,75.7,111.3
,"55-64 years","55-64","Nevada","32","2021","2021","Female","F",139,194997,71.3,59.4,83.1
,"55-64 years","55-64","Nevada","32","2021","2021","Male","M",397,197081,201.4,181.6,221.3
,"55-64 years","55-64","Nevada","32","2022","2022","Female","F",162,194057,83.5,70.6,96.3
,"55-64 years","55-64","Nevada","32","2022","2022","Male","M",393,197372,199.1,179.4,218.8
,"55-64 years","55-64","Nevada","32","2023","2023","Female","F",111,196281,56.6,46.0,67.1
,"55-64 years","55-64","Nevada","32","2023","2023","Male","M",336,198626,169.2,151.1,187.3
,"55-64 years","55-64","Nevada","32","2024","2024","Female","F",107,199034,53.8,43.6,63.9
,"55-64 years","55-64","Nevada","32","2024","2024","Male","M",389,202140,192.4,173.3,211.6
,"55-64 years","55-64","Nevada","32","2025 (provisional)","2025","Female","F",113,199034,56.8,46.3,67.2
,"55-64 years","55-64","Nevada","32","2025 (provisional)","2025","Male","M",318,202140,157.3,140.0,174.6
,"55-64 years","55-64","New Hampshire","33","2021","2021","Female","F",44,110443,39.8,28.9,53.5
,"55-64 years","55-64","New Hampshire","33","2021","2021","Male","M",168,108516,154.8,131.4,178.2
,"55-64 years","55-64","New Hampshire","33","2022","2022","Female","F",54,108706,49.7,37.3,64.8
,"55-64 years","55-64","New Hampshire","33","2022","2022","Male","M",162,107441,150.8,127.6,174.0
,"55-64 years","55-64","New Hampshire","33","2023","2023","Female","F",63,108155,58.2,44.8,74.5
,"55-64 years","55-64","New Hampshire","33","2023","2023","Male","M",157,105721,148.5,125.3,171.7
,"55-64 years","55-64","New Hampshire","33","2024","2024","Female","F",40,106304,37.6,26.9,51.2
,"55-64 years","55-64","New Hampshire","33","2024","2024","Male","M",131,103769,126.2,104.6,147.9
,"55-64 years","55-64","New Hampshire","33","2025 (provisional)","2025","Female","F",44,106304,41.4,30.1,55.6
,"55-64 years","55-64","New Hampshire","33","2025 (provisional)","2025","Male","M",148,103769,142.6,119.6,165.6
,"55-64 years","55-64","New Jersey","34","2021","2021","Female","F",275,654958,42.0,37.0,47.0
,"55-64 years","55-64","New Jersey","34","2021","2021","Male","M",835,627448,133.1,124.1,142.1
,"55-64 years","55-64","New Jersey","34","2022","2022","Female","F",281,641112,43.8,38.7,49.0
,"55-64 years","55-64","New Jersey","34","2022","2022","Male","M",755,615869,122.6,113.8,131.3
,"55-64 years","55-64","New Jersey","34","2023","2023","Female","F",267,638537,41.8,36.8,46.8
,"55-64 years","55-64","New Jersey","34","2023","2023","Male","M",769,610183,126.0,117.1,134.9
,"55-64 years","55-64","New Jersey","34","2024","2024","Female","F",230,635076,36.2,31.5,40.9
,"55-64 years","55-64","New Jersey","34","2024","2024","Male","M",667,607719,109.8,101.4,118.1
,"55-64 years","55-64","New Jersey","34","2025 (provisional)","2025","Female","F",228,635076,35.9,31.2,40.6
,"55-64 years","55-64","New Jersey","34","2025 (provisional)","2025","Male","M",642,607719,105.6,97.5,113.8
,"55-64 years","55-64","New Mexico","35","2021","2021","Female","F",101,138723,72.8,58.6,87.0
,"55-64 years","55-64","New Mexico","35","2021","2021","Male","M",287,130271,220.3,194.8,245.8
,"55-64 years","55-64","New Mexico","35","2022","2022","Female","F",112,134277,83.4,68.0,98.9
,"55-64 years","55-64","New Mexico","35","2022","2022","Male","M",298,126570,235.4,208.7,262.2
,"55-64 years","55-64","New Mexico","35","2023","2023","Female","F",128,133553,95.8,79.2,112.4
,"55-64 years","55-64","New Mexico","35","2023","2023","Male","M",305,124836,244.3,216.9,271.7
,"55-64 years","55-64","New Mexico","35","2024","2024","Female","F",104,131025,79.4,64.1,94.6
,"55-64 years","55-64","New Mexico","35","2024","2024","Male","M",277,122476,226.2,199.5,252.8
,"55-64 years","55-64","New Mexico","35","2025 (provisional)","2025","Female","F",90,131025,68.7,55.2,84.4
,"55-64 years","55-64","New Mexico","35","2025 (provisional)","2025","Male","M",252,122476,205.8,180.4,231.2
,"55-64 years","55-64","New York","36","2021","2021","Female","F",868,1383216,62.8,58.6,66.9
,"55-64 years","55-64","New York","36","2021","2021","Male","M",2289,1304782,175.4,168.2,182.6
,"55-64 years","55-64","New York","36","2022","2022","Female","F",891,1344486,66.3,61.9,70.6
,"55-64 years","55-64","New York","36","2022","2022","Male","M",2275,1275473,178.4,171.0,185.7
,"55-64 years","55-64","New York","36","2023","2023","Female","F",786,1333942,58.9,54.8,63.0
,"55-64 years","55-64","New York","36","2023","2023","Male","M",2151,1257849,171.0,163.8,178.2
,"55-64 years","55-64","New York","36","2024","2024","Female","F",739,1322705,55.9,51.8,59.9
,"55-64 years","55-64","New York","36","2024","2024","Male","M",1954,1249502,156.4,149.4,163.3
,"55-64 years","55-64","New York","36","2025 (provisional)","2025","Female","F",728,1322705,55.0,51.0,59.0
,"55-64 years","55-64","New York","36","2025 (provisional)","2025","Male","M",1958,1249502,156.7,149.8,163.6
,"55-64 years","55-64","North Carolina","37","2021","2021","Female","F",542,712140,76.1,69.7,82.5
,"55-64 years","55-64","North Carolina","37","2021","2021","Male","M",1343,661931,202.9,192.0,213.7
,"55-64 years","55-64","North Carolina","37","2022","2022","Female","F",508,706221,71.9,65.7,78.2
,"55-64 years","55-64","North Carolina","37","2022","2022","Male","M",1361,661587,205.7,194.8,216.6
,"55-64 years","55-64","North Carolina","37","2023","2023","Female","F",497,710205,70.0,63.8,76.1
,"55-64 years","55-64","North Carolina","37","2023","2023","Male","M",1246,662890,188.0,177.5,198.4
,"55-64 years","55-64","North Carolina","37","2024","2024","Female","F",489,714019,68.5,62.4,74.6
,"55-64 years","55-64","North Carolina","37","2024","2024","Male","M",1118,665663,168.0,158.1,177.8
,"55-64 years","55-64","North Carolina","37","2025 (provisional)","2025","Female","F",444,714019,62.2,56.4,68.0
,"55-64 years","55-64","North Carolina","37","2025 (provisional)","2025","Male","M",1105,665663,166.0,156.2,175.8
,"55-64 years","55-64","North Dakota","38","2021","2021","Female","F",26,45128,57.6,37.6,84.4
,"55-64 years","55-64","North Dakota","38","2021","2021","Male","M",75,46990,159.6,125.5,200.1
,"55-64 years","55-64","North Dakota","38","2022","2022","Female","F",19,43421,43.8,26.3,68.3
,"55-64 years","55-64","North Dakota","38","2022","2022","Male","M",68,45514,149.4,116.0,189.4
,"55-64 years","55-64","North Dakota","38","2023","2023","Female","F",21,42644,49.2,30.5,75.3
,"55-64 years","55-64","North Dakota","38","2023","2023","Male","M",73,44408,164.4,128.9,206.7
,"55-64 years","55-64","North Dakota","38","2024","2024","Female","F",19,41780,45.5,27.4,71.0
,"55-64 years","55-64","North Dakota","38","2024","2024","Male","M",66,43575,151.5,117.1,192.7
,"55-64 years","55-64","North Dakota","38","2025 (provisional)","2025","Female","F",13,41780,31.1,16.6,53.2
,"55-64 years","55-64","North Dakota","38","2025 (provisional)","2025","Male","M",72,43575,165.2,129.3,208.1
,"55-64 years","55-64","Ohio","39","2021","2021","Female","F",726,810336,89.6,83.1,96.1
,"55-64 years","55-64","Ohio","39","2021","2021","Male","M",1693,779343,217.2,206.9,227.6
,"55-64 years","55-64","Ohio","39","2022","2022","Female","F",627,786042,79.8,73.5,86.0
,"55-64 years","55-64","Ohio","39","2022","2022","Male","M",1514,760222,199.2,189.1,209.2
,"55-64 years","55-64","Ohio","39","2023","2023","Female","F",514,774278,66.4,60.6,72.1
,"55-64 years","55-64","Ohio","39","2023","2023","Male","M",1327,745552,178.0,168.4,187.6
,"55-64 years","55-64","Ohio","39","2024","2024","Female","F",512,761053,67.3,61.4,73.1
,"55-64 years","55-64","Ohio","39","2024","2024","Male","M",1261,734157,171.8,162.3,181.2
,"55-64 years","55-64","Ohio","39","2025 (provisional)","2025","Female","F",481,761053,63.2,57.6,68.9
,"55-64 years","55-64","Ohio","39","2025 (provisional)","2025","Male","M",1224,734157,166.7,157.4,176.1
,"55-64 years","55-64","Oklahoma","40","2021","2021","Female","F",222,248359,89.4,77.6,101.1
,"55-64 years","55-64","Oklahoma","40","2021","2021","Male","M",538,237853,226.2,207.1,245.3
,"55-64 years","55-64","Oklahoma","40","2022","2022","Female","F",240,241964,99.2,86.6,111.7
,"55-64 years","55-64","Oklahoma","40","2022","2022","Male","M",452,233435,193.6,175.8,211.5
,"55-64 years","55-64","Oklahoma","40","2023","2023","Female","F",228,240034,95.0,82.7,107.3
,"55-64 years","55-64","Oklahoma","40","2023","2023","Male","M",497,230021,216.1,197.1,235.1
,"55-64 years","55-64","Oklahoma","40","2024","2024","Female","F",227,237457,95.6,83.2,108.0
,"55-64 years","55-64","Oklahoma","40","2024","2024","Male","M",479,228064,210.0,191.2,228.8
,"55-64 years","55-64","Oklahoma","40","2025 (provisional)","2025","Female","F",259,237457,109.1,95.8,122.4
,"55-64 years","55-64","Oklahoma","40","2025 (provisional)","2025","Male","M",521,228064,228.4,208.8,248.1
,"55-64 years","55-64","Oregon","41","2021","2021","Female","F",112,269773,41.5,33.8,49.2
,"55-64 years","55-64","Oregon","41","2021","2021","Male","M",323,258633,124.9,111.3,138.5
,"55-64 years","55-64","Oregon","41","2022","2022","Female","F",119,260763,45.6,37.4,53.8
,"55-64 years","55-64","Oregon","41","2022","2022","Male","M",311,252407,123.2,109.5,136.9
,"55-64 years","55-64","Oregon","41","2023","2023","Female","F",91,256883,35.4,28.5,43.5
,"55-64 years","55-64","Oregon","41","2023","2023","Male","M",271,248478,109.1,96.1,122.0
,"55-64 years","55-64","Oregon","41","2024","2024","Female","F",88,253958,34.7,27.8,42.7
,"55-64 years","55-64","Oregon","41","2024","2024","Male","M",286,246641,116.0,102.5,129.4
,"55-64 years","55-64","Oregon","41","2025 (provisional)","2025","Female","F",85,253958,33.5,26.7,41.4
,"55-64 years","55-64","Oregon","41","2025 (provisional)","2025","Male","M",237,246641,96.1,83.9,108.3
,"55-64 years","55-64","Pennsylvania","42","2021","2021","Female","F",613,922223,66.5,61.2,71.7
,"55-64 years","55-64","Pennsylvania","42","2021","2021","Male","M",1633,889633,183.6,174.7,192.5
,"55-64 years","55-64","Pennsylvania","42","2022","2022","Female","F",566,897125,63.1,57.9,68.3
,"55-64 years","55-64","Pennsylvania","42","2022","2022","Male","M",1527,868872,175.7,166.9,184.6
,"55-64 years","55-64","Pennsylvania","42","2023","2023","Female","F",523,885141,59.1,54.0,64.2
,"55-64 years","55-64","Pennsylvania","42","2023","2023","Male","M",1374,852269,161.2,152.7,169.7
,"55-64 years","55-64","Pennsylvania","42","2024","2024","Female","F",505,870328,58.0,53.0,63.1
,"55-64 years","55-64","Pennsylvania","42","2024","2024","Male","M",1327,838588,158.2,149.7,166.8
,"55-64 years","55-64","Pennsylvania","42","2025 (provisional)","2025","Female","F",490,870328,56.3,51.3,61.3
,"55-64 years","55-64","Pennsylvania","42","2025 (provisional)","2025","Male","M",1359,838588,162.1,153.4,170.7
,"55-64 years","55-64","Rhode Island","44","2021","2021","Female","F",38,80239,47.4,33.5,65.0
,"55-64 years","55-64","Rhode Island","44","2021","2021","Male","M",127,75000,169.3,139.9,198.8
,"55-64 years","55-64","Rhode Island","44","2022","2022","Female","F",44,78263,56.2,40.8,75.5
,"55-64 years","55-64","Rhode Island","44","2022","2022","Male","M",109,73744,147.8,120.1,175.6
,"55-64 years","55-64","Rhode Island","44","2023","2023","Female","F",52,77918,66.7,49.8,87.5
,"55-64 years","55-64","Rhode Island","44","2023","2023","Male","M",123,73108,168.2,138.5,198.0
,"55-64 years","55-64","Rhode Island","44","2024","2024","Female","F",46,77379,59.4,43.5,79.3
,"55-64 years","55-64","Rhode Island","44","2024","2024","Male","M",88,72323,121.7,97.6,149.9
,"55-64 years","55-64","Rhode Island","44","2025 (provisional)","2025","Female","F",41,77379,53.0,38.0,71.9
,"55-64 years","55-64","Rhode Island","44","2025 (provisional)","2025","Male","M",104,72323,143.8,116.2,171.4
,"55-64 years","55-64","South Carolina","45","2021","2021","Female","F",297,365618,81.2,72.0,90.5
,"55-64 years","55-64","South Carolina","45","2021","2021","Male","M",696,331840,209.7,194.2,225.3
,"55-64 years","55-64","South Carolina","45","2022","2022","Female","F",262,363936,72.0,63.3,80.7
,"55-64 years","55-64","South Carolina","45","2022","2022","Male","M",677,332167,203.8,188.5,219.2
,"55-64 years","55-64","South Carolina","45","2023","2023","Female","F",260,367966,70.7,62.1,79.2
,"55-64 years","55-64","South Carolina","45","2023","2023","Male","M",658,334388,196.8,181.7,211.8
,"55-64 years","55-64","South Carolina","45","2024","2024","Female","F",263,370278,71.0,62.4,79.6
,"55-64 years","55-64","South Carolina","45","2024","2024","Male","M",675,335929,200.9,185.8,216.1
,"55-64 years","55-64","South Carolina","45","2025 (provisional)","2025","Female","F",254,370278,68.6,60.2,77.0
,"55-64 years","55-64","South Carolina","45","2025 (provisional)","2025","Male","M",628,335929,186.9,172.3,201.6
,"55-64 years","55-64","South Dakota","46","2021","2021","Female","F",43,57593,74.7,54.0,100.6
,"55-64 years","55-64","South Dakota","46","2021","2021","Male","M",119,58404,203.8,167.1,240.4
,"55-64 years","55-64","South Dakota","46","2022","2022","Female","F",40,56689,70.6,50.4,96.1
,"55-64 years","55-64","South Dakota","46","2022","2022","Male","M",100,58142,172.0,138.3,205.7
,"55-64 years","55-64","South Dakota","46","2023","2023","Female","F",29,56023,51.8,34.7,74.3
,"55-64 years","55-64","South Dakota","46","2023","2023","Male","M",100,57386,174.3,140.1,208.4
,"55-64 years","55-64","South Dakota","46","2024","2024","Female","F",24,54657,43.9,28.1,65.3
,"55-64 years","55-64","South Dakota","46","2024","2024","Male","M",98,56369,173.9,141.1,211.9
,"55-64 years","55-64","South Dakota","46","2025 (provisional)","2025","Female","F",44,54657,80.5,58.5,108.1
,"55-64 years","55-64","South Dakota","46","2025 (provisional)","2025","Male","M",83,56369,147.2,117.3,182.5
,"55-64 years","55-64","Tennessee","47","2021","2021","Female","F",582,472121,123.3,113.3,133.3
,"55-64 years","55-64","Tennessee","47","2021","2021","Male","M",1318,441763,298.4,282.2,314.5
,"55-64 years","55-64","Tennessee","47","2022","2022","Female","F",584,466380,125.2,115.1,135.4
,"55-64 years","55-64","Tennessee","47","2022","2022","Male","M",1252,440168,284.4,268.7,300.2
,"55-64 years","55-64","Tennessee","47","2023","2023","Female","F",497,465157,106.8,97.5,116.2
,"55-64 years","55-64","Tennessee","47","2023","2023","Male","M",1168,438003,266.7,251.4,282.0
,"55-64 years","55-64","Tennessee","47","2024","2024","Female","F",483,464683,103.9,94.7,113.2
,"55-64 years","55-64","Tennessee","47","2024","2024","Male","M",1087,438832,247.7,233.0,262.4
,"55-64 years","55-64","Tennessee","47","2025 (provisional)","2025","Female","F",448,464683,96.4,87.5,105.3
,"55-64 years","55-64","Tennessee","47","2025 (provisional)","2025","Male","M",1058,438832,241.1,226.6,255.6
,"55-64 years","55-64","Texas","48","2021","2021","Female","F",1190,1684234,70.7,66.6,74.7
,"55-64 years","55-64","Texas","48","2021","2021","Male","M",3196,1636362,195.3,188.5,202.1
,"55-64 years","55-64","Texas","48","2022","2022","Female","F",1130,1670431,67.6,63.7,71.6
,"55-64 years","55-64","Texas","48","2022","2022","Male","M",2931,1631736,179.6,173.1,186.1
,"55-64 years","55-64","Texas","48","2023","2023","Female","F",1133,1694282,66.9,63.0,70.8
,"55-64 years","55-64","Texas","48","2023","2023","Male","M",2780,1645104,169.0,162.7,175.3
,"55-64 years","55-64","Texas","48","2024","2024","Female","F",918,1709207,53.7,50.2,57.2
,"55-64 years","55-64","Texas","48","2024","2024","Male","M",2580,1660704,155.4,149.4,161.4
,"55-64 years","55-64","Texas","48","2025 (provisional)","2025","Female","F",948,1709207,55.5,51.9,59.0
,"55-64 years","55-64","Texas","48","2025 (provisional)","2025","Male","M",2623,1660704,157.9,151.9,164.0
,"55-64 years","55-64","Utah","49","2021","2021","Female","F",62,156014,39.7,30.5,50.9
,"55-64 years","55-64","Utah","49","2021","2021","Male","M",181,154974,116.8,99.8,133.8
,"55-64 years","55-64","Utah","49","2022","2022","Female","F",61,153742,39.7,30.3,51.0
,"55-64 years","55-64","Utah","49","2022","2022","Male","M",154,154379,99.8,84.0,115.5
,"55-64 years","55-64","Utah","49","2023","2023","Female","F",59,154398,38.2,29.1,49.3
,"55-64 years","55-64","Utah","49","2023","2023","Male","M",176,154614,113.8,97.0,130.6
,"55-64 years","55-64","Utah","49","2024","2024","Female","F",53,156055,34.0,25.4,44.4
,"55-64 years","55-64","Utah","49","2024","2024","Male","M",174,156484,111.2,94.7,127.7
,"55-64 years","55-64","Utah","49","2025 (provisional)","2025","Female","F",40,156055,25.6,18.3,34.9
,"55-64 years","55-64","Utah","49","2025 (provisional)","2025","Male","M",170,156484,108.6,92.3,125.0
,"55-64 years","55-64","Vermont","50","2021","2021","Female","F",30,48902,61.3,41.4,87.6
,"55-64 years","55-64","Vermont","50","2021","2021","Male","M",108,47277,228.4,185.4,271.5
,"55-64 years","55-64","Vermont","50","2022","2022","Female","F",35,47561,73.6,51.3,102.3
,"55-64 years","55-64","Vermont","50","2022","2022","Male","M",103,46156,223.2,180.1,266.3
,"55-64 years","55-64","Vermont","50","2023","2023","Female","F",25,46872,53.3,34.5,78.7
,"55-64 years","55-64","Vermont","50","2023","2023","Male","M",66,44942,146.9,113.6,186.8
,"55-64 years","55-64","Vermont","50","2024","2024","Female","F",27,45738,59.0,38.9,85.9
,"55-64 years","55-64","Vermont","50","2024","2024","Male","M",68,43707,155.6,120.8,197.2
,"55-64 years","55-64","Vermont","50","2025 (provisional)","2025","Female","F",25,45738,54.7,35.4,80.7
,"55-64 years","55-64","Vermont","50","2025 (provisional)","2025","Male","M",81,43707,185.3,147.2,230.3
,"55-64 years","55-64","Virginia","51","2021","2021","Female","F",349,576264,60.6,54.2,66.9
,"55-64 years","55-64","Virginia","51","2021","2021","Male","M",973,549576,177.0,165.9,188.2
,"55-64 years","55-64","Virginia","51","2022","2022","Female","F",401,567119,70.7,63.8,77.6
,"55-64 years","55-64","Virginia","51","2022","2022","Male","M",909,542978,167.4,156.5,178.3
,"55-64 years","55-64","Virginia","51","2023","2023","Female","F",308,564221,54.6,48.5,60.7
,"55-64 years","55-64","Virginia","51","2023","2023","Male","M",828,537337,154.1,143.6,164.6
,"55-64 years","55-64","Virginia","51","2024","2024","Female","F",300,561169,53.5,47.4,59.5
,"55-64 years","55-64","Virginia","51","2024","2024","Male","M",756,534202,141.5,131.4,151.6
,"55-64 years","55-64","Virginia","51","2025 (provisional)","2025","Female","F",299,561169,53.3,47.2,59.3
,"55-64 years","55-64","Virginia","51","2025 (provisional)","2025","Male","M",747,534202,139.8,129.8,149.9
,"55-64 years","55-64","Washington","53","2021","2021","Female","F",240,479556,50.0,43.7,56.4
,"55-64 years","55-64","Washington","53","2021","2021","Male","M",764,473670,161.3,149.9,172.7
,"55-64 years","55-64","Washington","53","2022","2022","Female","F",271,467640,58.0,51.1,64.9
,"55-64 years","55-64","Washington","53","2022","2022","Male","M",803,464425,172.9,160.9,184.9
,"55-64 years","55-64","Washington","53","2023","2023","Female","F",215,463235,46.4,40.2,52.6
,"55-64 years","55-64","Washington","53","2023","2023","Male","M",608,458327,132.7,122.1,143.2
,"55-64 years","55-64","Washington","53","2024","2024","Female","F",200,461785,43.3,37.3,49.3
,"55-64 years","55-64","Washington","53","2024","2024","Male","M",624,457211,136.5,125.8,147.2
,"55-64 years","55-64","Washington","53","2025 (provisional)","2025","Female","F",191,461785,41.4,35.5,47.2
,"55-64 years","55-64","Washington","53","2025 (provisional)","2025","Male","M",643,457211,140.6,129.8,151.5
,"55-64 years","55-64","West Virginia","54","2021","2021","Female","F",150,126157,118.9,99.9,137.9
,"55-64 years","55-64","West Virginia","54","2021","2021","Male","M",380,122637,309.9,278.7,341.0
,"55-64 years","55-64","West Virginia","54","2022","2022","Female","F",134,121841,110.0,91.4,128.6
,"55-64 years","55-64","West Virginia","54","2022","2022","Male","M",325,118945,273.2,243.5,302.9
,"55-64 years","55-64","West Virginia","54","2023","2023","Female","F",132,119254,110.7,91.8,129.6
,"55-64 years","55-64","West Virginia","54","2023","2023","Male","M",297,116082,255.9,226.8,285.0
,"55-64 years","55-64","West Virginia","54","2024","2024","Female","F",123,117252,104.9,86.4,123.4
,"55-64 years","55-64","West Virginia","54","2024","2024","Male","M",285,114178,249.6,220.6,278.6
,"55-64 years","55-64","West Virginia","54","2025 (provisional)","2025","Female","F",139,117252,118.5,98.8,138.3
,"55-64 years","55-64","West Virginia","54","2025 (provisional)","2025","Male","M",225,114178,197.1,171.3,222.8
,"55-64 years","55-64","Wisconsin","55","2021","2021","Female","F",236,415296,56.8,49.6,64.1
,"55-64 years","55-64","Wisconsin","55","2021","2021","Male","M",746,414275,180.1,167.2,193.0
,"55-64 years","55-64","Wisconsin","55","2022","2022","Female","F",231,405941,56.9,49.6,64.2
,"55-64 years","55-64","Wisconsin","55","2022","2022","Male","M",673,406722,165.5,153.0,178.0
,"55-64 years","55-64","Wisconsin","55","2023","2023","Female","F",210,401485,52.3,45.2,59.4
,"55-64 years","55-64","Wisconsin","55","2023","2023","Male","M",641,400218,160.2,147.8,172.6
,"55-64 years","55-64","Wisconsin","55","2024","2024","Female","F",193,394877,48.9,42.0,55.8
,"55-64 years","55-64","Wisconsin","55","2024","2024","Male","M",546,392814,139.0,127.3,150.7
,"55-64 years","55-64","Wisconsin","55","2025 (provisional)","2025","Female","F",181,394877,45.8,39.2,52.5
,"55-64 years","55-64","Wisconsin","55","2025 (provisional)","2025","Male","M",542,392814,138.0,126.4,149.6
,"55-64 years","55-64","Wyoming","56","2021","2021","Female","F",18,37339,48.2,28.6,76.2
,"55-64 years","55-64","Wyoming","56","2021","2021","Male","M",77,38129,201.9,159.4,252.4
,"55-64 years","55-64","Wyoming","56","2022","2022","Female","F",20,36085,55.4,33.9,85.6
,"55-64 years","55-64","Wyoming","56","2022","2022","Male","M",72,36938,194.9,152.5,245.5
,"55-64 years","55-64","Wyoming","56","2023","2023","Female","F",19,35539,53.5,32.2,83.5
,"55-64 years","55-64","Wyoming","56","2023","2023","Male","M",56,36049,155.3,117.3,201.7
,"55-64 years","55-64","Wyoming","56","2024","2024","Female","F",25,34724,72.0,46.6,106.3
,"55-64 years","55-64","Wyoming","56","2024","2024","Male","M",51,35329,144.4,107.5,189.8
,"55-64 years","55-64","Wyoming","56","2025 (provisional)","2025","Female","F",26,34724,74.9,48.9,109.7
,"55-64 years","55-64","Wyoming","56","2025 (provisional)","2025","Male","M",40,35329,113.2,80.9,154.2
,"65-74 years","65-74","Alabama","01","2021","2021","Female","F",401,291012,137.8,124.3,151.3
,"65-74 years","65-74","Alabama","01","2021","2021","Male","M",866,250932,345.1,322.1,368.1
,"65-74 years","65-74","Alabama","01","2022","2022","Female","F",402,290974,138.2,124.7,151.7
,"65-74 years","65-74","Alabama","01","2022","2022","Male","M",744,249908,297.7,276.3,319.1
,"65-74 years","65-74","Alabama","01","2023","2023","Female","F",366,296530,123.4,110.8,136.1
,"65-74 years","65-74","Alabama","01","2023","2023","Male","M",767,254393,301.5,280.2,322.8
,"65-74 years","65-74","Alabama","01","2024","2024","Female","F",389,301451,129.0,116.2,141.9
,"65-74 years","65-74","Alabama","01","2024","2024","Male","M",711,258682,274.9,254.7,295.1
,"65-74 years","65-74","Alabama","01","2025 (provisional)","2025","Female","F",395,301451,131.0,118.1,144.0
,"65-74 years","65-74","Alabama","01","2025 (provisional)","2025","Male","M",754,258682,291.5,270.7,312.3
,"65-74 years","65-74","Alaska","02","2021","2021","Female","F",32,32325,99.0,67.7,139.8
,"65-74 years","65-74","Alaska","02","2021","2021","Male","M",100,34101,293.2,235.8,350.7
,"65-74 years","65-74","Alaska","02","2022","2022","Female","F",47,32851,143.1,105.1,190.3
,"65-74 years","65-74","Alaska","02","2022","2022","Male","M",110,34425,319.5,259.8,379.2
,"65-74 years","65-74","Alaska","02","2023","2023","Female","F",33,33914,97.3,67.0,136.7
,"65-74 years","65-74","Alaska","02","2023","2023","Male","M",106,35380,299.6,242.6,356.6
,"65-74 years","65-74","Alaska","02","2024","2024","Female","F",45,34635,129.9,94.8,173.9
,"65-74 years","65-74","Alaska","02","2024","2024","Male","M",89,35943,247.6,198.9,304.7
,"65-74 years","65-74","Alaska","02","2025 (provisional)","2025","Female","F",43,34635,124.2,89.8,167.2
,"65-74 years","65-74","Alaska","02","2025 (provisional)","2025","Male","M",106,35943,294.9,238.8,351.1
,"65-74 years","65-74","Arizona","04","2021","2021","Female","F",533,415187,128.4,117.5,139.3
,"65-74 years","65-74","Arizona","04","2021","2021","Male","M",1272,367813,345.8,326.8,364.8
,"65-74 years","65-74","Arizona","04","2022","2022","Female","F",534,415285,128.6,117.7,139.5
,"65-74 years","65-74","Arizona","04","2022","2022","Male","M",1264,365422,345.9,326.8,365.0
,"65-74 years","65-74","Arizona","04","2023","2023","Female","F",524,428903,122.2,111.7,132.6
,"65-74 years","65-74","Arizona","04","2023","2023","Male","M",1271,376033,338.0,319.4,356.6
,"65-74 years","65-74","Arizona","04","2024","2024","Female","F",494,438281,112.7,102.8,122.7
,"65-74 years","65-74","Arizona","04","2024","2024","Male","M",1214,384471,315.8,298.0,333.5
,"65-74 years","65-74","Arizona","04","2025 (provisional)","2025","Female","F",499,438281,113.9,103.9,123.8
,"65-74 years","65-74","Arizona","04","2025 (provisional)","2025","Male","M",1197,384471,311.3,293.7,329.0
,"65-74 years","65-74","Arkansas","05","2021","2021","Female","F",407,167567,242.9,219.3,266.5
,"65-74 years","65-74","Arkansas","05","2021","2021","Male","M",773,147855,522.8,486.0,559.7
,"65-74 years","65-74","Arkansas","05","2022","2022","Female","F",383,167300,228.9,206.0,251.9
,"65-74 years","65-74","Arkansas","05","2022","2022","Male","M",801,147414,543.4,505.7,581.0
,"65-74 years","65-74","Arkansas","05","2023","2023","Female","F",358,170494,210.0,188.2,231.7
,"65-74 years","65-74","Arkansas","05","2023","2023","Male","M",739,149645,493.8,458.2,529.4
,"65-74 years","65-74","Arkansas","05","2024","2024","Female","F",319,172450,185.0,164.7,205.3
,"65-74 years","65-74","Arkansas","05","2024","2024","Male","M",720,152029,473.6,439.0,508.2
,"65-74 years","65-74","Arkansas","05","2025 (provisional)","2025","Female","F",369,172450,214.0,192.1,235.8
,"65-74 years","65-74","Arkansas","05","2025 (provisional)","2025","Male","M",760,152029,499.9,464.4,535.4
,"65-74 years","65-74","California","06","2021","2021","Female","F",2531,1882333,134.5,129.2,139.7
,"65-74 years","65-74","California","06","2021","2021","Male","M",5630,1675680,336.0,327.2,344.8
,"65-74 years","65-74","California","06","2022","2022","Female","F",2615,1884494,138.8,133.4,144.1
,"65-74 years","65-74","California","06","2022","2022","Male","M",5677,1676394,338.6,329.8,347.5
,"65-74 years","65-74","California","06","2023","2023","Female","F",2417,1935241,124.9,119.9,129.9
,"65-74 years","65-74","California","06","2023","2023","Male","M",5362,1725734,310.7,302.4,319.0
,"65-74 years","65-74","California","06","2024","2024","Female","F",2271,1976844,114.9,110.2,119.6
,"65-74 years","65-74","California","06","2024","2024","Male","M",5180,1768632,292.9,284.9,300.9
,"65-74 years","65-74","California","06","2025 (provisional)","2025","Female","F",2275,1976844,115.1,110.4,119.8
,"65-74 years","65-74","California","06","2025 (provisional)","2025","Male","M",5321,1768632,300.9,292.8,308.9
,"65-74 years","65-74","Colorado","08","2021","2021","Female","F",273,289868,94.2,83.0,105.4
,"65-74 years","65-74","Colorado","08","2021","2021","Male","M",686,268976,255.0,236.0,274.1
,"65-74 years","65-74","Colorado","08","2022","2022","Female","F",309,291154,106.1,94.3,118.0
,"65-74 years","65-74","Colorado","08","2022","2022","Male","M",679,268885,252.5,233.5,271.5
,"65-74 years","65-74","Colorado","08","2023","2023","Female","F",260,299431,86.8,76.3,97.4
,"65-74 years","65-74","Colorado","08","2023","2023","Male","M",657,275613,238.4,220.1,256.6
,"65-74 years","65-74","Colorado","08","2024","2024","Female","F",265,305043,86.9,76.4,97.3
,"65-74 years","65-74","Colorado","08","2024","2024","Male","M",610,280635,217.4,200.1,234.6
,"65-74 years","65-74","Colorado","08","2025 (provisional)","2025","Female","F",243,305043,79.7,69.6,89.7
,"65-74 years","65-74","Colorado","08","2025 (provisional)","2025","Male","M",637,280635,227.0,209.4,244.6
,"65-74 years","65-74","Connecticut","09","2021","2021","Female","F",206,200274,102.9,88.8,116.9
,"65-74 years","65-74","Connecticut","09","2021","2021","Male","M",499,178258,279.9,255.4,304.5
,"65-74 years","65-74","Connecticut","09","2022","2022","Female","F",214,200757,106.6,92.3,120.9
,"65-74 years","65-74","Connecticut","09","2022","2022","Male","M",491,179173,274.0,249.8,298.3
,"65-74 years","65-74","Connecticut","09","2023","2023","Female","F",199,207970,95.7,82.4,109.0
,"65-74 years","65-74","Connecticut","09","2023","2023","Male","M",438,186745,234.5,212.6,256.5
,"65-74 years","65-74","Connecticut","09","2024","2024","Female","F",188,213725,88.0,75.4,100.5
,"65-74 years","65-74","Connecticut","09","2024","2024","Male","M",422,192186,219.6,198.6,240.5
,"65-74 years","65-74","Connecticut","09","2025 (provisional)","2025","Female","F",211,213725,98.7,85.4,112.0
,"65-74 years","65-74","Connecticut","09","2025 (provisional)","2025","Male","M",513,192186,266.9,243.8,290.0
,"65-74 years","65-74","Delaware","10","2021","2021","Female","F",99,66689,148.5,120.7,180.7
,"65-74 years","65-74","Delaware","10","2021","2021","Male","M",182,57708,315.4,269.6,361.2
,"65-74 years","65-74","Delaware","10","2022","2022","Female","F",95,68263,139.2,112.6,170.1
,"65-74 years","65-74","Delaware","10","2022","2022","Male","M",185,59012,313.5,268.3,358.7
,"65-74 years","65-74","Delaware","10","2023","2023","Female","F",84,70940,118.4,94.4,146.6
,"65-74 years","65-74","Delaware","10","2023","2023","Male","M",178,61223,290.7,248.0,333.5
,"65-74 years","65-74","Delaware","10","2024","2024","Female","F",86,73397,117.2,93.7,144.7
,"65-74 years","65-74","Delaware","10","2024","2024","Male","M",198,63115,313.7,270.0,357.4
,"65-74 years","65-74","Delaware","10","2025 (provisional)","2025","Female","F",98,73397,133.5,108.4,162.7
,"65-74 years","65-74","Delaware","10","2025 (provisional)","2025","Male","M",214,63115,339.1,293.6,384.5
,"65-74 years","65-74","District of Columbia","11","2021","2021","Female","F",67,28581,234.4,181.7,297.7
,"65-74 years","65-74","District of Columbia","11","2021","2021","Male","M",123,22136,555.7,457.5,653.9
,"65-74 years","65-74","District of Columbia","11","2022","2022","Female","F",67,28155,238.0,184.4,302.2
,"65-74 years","65-74","District of Columbia","11","2022","2022","Male","M",151,21820,692.0,581.6,802.4
,"65-74 years","65-74","District of Columbia","11","2023","2023","Female","F",42,28409,147.8,106.6,199.8
,"65-74 years","65-74","District of Columbia","11","2023","2023","Male","M",109,22286,489.1,397.3,580.9
,"65-74 years","65-74","District of Columbia","11","2024","2024","Female","F",59,28599,206.3,157.0,266.1
,"65-74 years","65-74","District of Columbia","11","2024","2024","Male","M",96,22616,424.5,343.8,518.4
,"65-74 years","65-74","District of Columbia","11","2025 (provisional)","2025","Female","F",56,28599,195.8,147.9,254.3
,"65-74 years","65-74","District of Columbia","11","2025 (provisional)","2025","Male","M",94,22616,415.6,335.9,508.6
,"65-74 years","65-74","Florida","12","2021","2021","Female","F",2000,1386887,144.2,137.9,150.5
,"65-74 years","65-74","Florida","12","2021","2021","Male","M",4173,1204371,346.5,336.0,357.0
,"65-74 years","65-74","Florida","12","2022","2022","Female","F",1883,1394908,135.0,128.9,141.1
,"65-74 years","65-74","Florida","12","2022","2022","Male","M",4070,1207231,337.1,326.8,347.5
,"65-74 years","65-74","Florida","12","2023","2023","Female","F",1844,1432877,128.7,122.8,134.6
,"65-74 years","65-74","Florida","12","2023","2023","Male","M",4008,1240386,323.1,313.1,333.1
,"65-74 years","65-74","Florida","12","2024","2024","Female","F",1863,1470575,126.7,120.9,132.4
,"65-74 years","65-74","Florida","12","2024","2024","Male","M",3780,1272980,296.9,287.5,306.4
,"65-74 years","65-74","Florida","12","2025 (provisional)","2025","Female","F",1842,1470575,125.3,119.5,131.0
,"65-74 years","65-74","Florida","12","2025 (provisional)","2025","Male","M",3954,1272980,310.6,300.9,320.3
,"65-74 years","65-74","Georgia","13","2021","2021","Female","F",707,535218,132.1,122.4,141.8
,"65-74 years","65-74","Georgia","13","2021","2021","Male","M",1420,452769,313.6,297.3,329.9
,"65-74 years","65-74","Georgia","13","2022","2022","Female","F",684,539433,126.8,117.3,136.3
,"65-74 years","65-74","Georgia","13","2022","2022","Male","M",1315,454824,289.1,273.5,304.7
,"65-74 years","65-74","Georgia","13","2023","2023","Female","F",656,553134,118.6,109.5,127.7
,"65-74 years","65-74","Georgia","13","2023","2023","Male","M",1198,467710,256.1,241.6,270.6
,"65-74 years","65-74","Georgia","13","2024","2024","Female","F",619,566563,109.3,100.6,117.9
,"65-74 years","65-74","Georgia","13","2024","2024","Male","M",1251,480110,260.6,246.1,275.0
,"65-74 years","65-74","Georgia","13","2025 (provisional)","2025","Female","F",649,566563,114.6,105.7,123.4
,"65-74 years","65-74","Georgia","13","2025 (provisional)","2025","Male","M",1364,480110,284.1,269.0,299.2
,"65-74 years","65-74","Hawaii","15","2021","2021","Female","F",106,83936,126.3,102.2,150.3
,"65-74 years","65-74","Hawaii","15","2021","2021","Male","M",264,78686,335.5,295.0,376.0
,"65-74 years","65-74","Hawaii","15","2022","2022","Female","F",85,83896,101.3,80.9,125.3
,"65-74 years","65-74","Hawaii","15","2022","2022","Male","M",253,78339,323.0,283.2,362.8
,"65-74 years","65-74","Hawaii","15","2023","2023","Female","F",78,85931,90.8,71.8,113.3
,"65-74 years","65-74","Hawaii","15","2023","2023","Male","M",240,79946,300.2,262.2,338.2
,"65-74 years","65-74","Hawaii","15","2024","2024","Female","F",108,86146,125.4,101.7,149.0
,"65-74 years","65-74","Hawaii","15","2024","2024","Male","M",252,80335,313.7,275.0,352.4
,"65-74 years","65-74","Hawaii","15","2025 (provisional)","2025","Female","F",95,86146,110.3,89.2,134.8
,"65-74 years","65-74","Hawaii","15","2025 (provisional)","2025","Male","M",232,80335,288.8,251.6,326.0
,"65-74 years","65-74","Idaho","16","2021","2021","Female","F",146,100443,145.4,121.8,168.9
,"65-74 years","65-74","Idaho","16","2021","2021","Male","M",311,96903,320.9,285.3,356.6
,"65-74 years","65-74","Idaho","16","2022","2022","Female","F",131,101884,128.6,106.6,150.6
,"65-74 years","65-74","Idaho","16","2022","2022","Male","M",266,97601,272.5,239.8,305.3
,"65-74 years","65-74","Idaho","16","2023","2023","Female","F",110,105078,104.7,85.1,124.2
,"65-74 years","65-74","Idaho","16","2023","2023","Male","M",262,99935,262.2,230.4,293.9
,"65-74 years","65-74","Idaho","16","2024","2024","Female","F",99,108210,91.5,74.4,111.4
,"65-74 years","65-74","Idaho","16","2024","2024","Male","M",288,102283,281.6,249.1,314.1
,"65-74 years","65-74","Idaho","16","2025 (provisional)","2025","Female","F",93,108210,85.9,69.4,105.3
,"65-74 years","65-74","Idaho","16","2025 (provisional)","2025","Male","M",275,102283,268.9,237.1,300.6
,"65-74 years","65-74","Illinois","17","2021","2021","Female","F",899,666341,134.9,126.1,143.7
,"65-74 years","65-74","Illinois","17","2021","2021","Male","M",1873,593505,315.6,301.3,329.9
,"65-74 years","65-74","Illinois","17","2022","2022","Female","F",894,667467,133.9,125.2,142.7
,"65-74 years","65-74","Illinois","17","2022","2022","Male","M",1901,593796,320.1,305.8,334.5
,"65-74 years","65-74","Illinois","17","2023","2023","Female","F",836,682990,122.4,114.1,130.7
,"65-74 years","65-74","Illinois","17","2023","2023","Male","M",1740,608897,285.8,272.3,299.2
,"65-74 years","65-74","Illinois","17","2024","2024","Female","F",853,696185,122.5,114.3,130.7
,"65-74 years","65-74","Illinois","17","2024","2024","Male","M",1622,621850,260.8,248.1,273.5
,"65-74 years","65-74","Illinois","17","2025 (provisional)","2025","Female","F",838,696185,120.4,112.2,128.5
,"65-74 years","65-74","Illinois","17","2025 (provisional)","2025","Male","M",1705,621850,274.2,261.2,287.2
,"65-74 years","65-74","Indiana","18","2021","2021","Female","F",605,358303,168.9,155.4,182.3
,"65-74 years","65-74","Indiana","18","2021","2021","Male","M",1245,323225,385.2,363.8,406.6
,"65-74 years","65-74","Indiana","18","2022","2022","Female","F",574,360939,159.0,146.0,172.0
,"65-74 years","65-74","Indiana","18","2022","2022","Male","M",1213,326272,371.8,350.9,392.7
,"65-74 years","65-74","Indiana","18","2023","2023","Female","F",488,369453,132.1,120.4,143.8
,"65-74 years","65-74","Indiana","18","2023","2023","Male","M",1113,333551,333.7,314.1,353.3
,"65-74 years","65-74","Indiana","18","2024","2024","Female","F",588,376970,156.0,143.4,168.6
,"65-74 years","65-74","Indiana","18","2024","2024","Male","M",1200,339793,353.2,333.2,373.1
,"65-74 years","65-74","Indiana","18","2025 (provisional)","2025","Female","F",568,376970,150.7,138.3,163.1
,"65-74 years","65-74","Indiana","18","2025 (provisional)","2025","Male","M",1192,339793,350.8,330.9,370.7
,"65-74 years","65-74","Iowa","19","2021","2021","Female","F",313,172334,181.6,161.5,201.7
,"65-74 years","65-74","Iowa","19","2021","2021","Male","M",662,163770,404.2,373.4,435.0
,"65-74 years","65-74","Iowa","19","2022","2022","Female","F",305,172830,176.5,156.7,196.3
,"65-74 years","65-74","Iowa","19","2022","2022","Male","M",654,164657,397.2,366.7,427.6
,"65-74 years","65-74","Iowa","19","2023","2023","Female","F",243,177283,137.1,119.8,154.3
,"65-74 years","65-74","Iowa","19","2023","2023","Male","M",637,168692,377.6,348.3,406.9
,"65-74 years","65-74","Iowa","19","2024","2024","Female","F",253,180694,140.0,122.8,157.3
,"65-74 years","65-74","Iowa","19","2024","2024","Male","M",620,172185,360.1,331.7,388.4
,"65-74 years","65-74","Iowa","19","2025 (provisional)","2025","Female","F",303,180694,167.7,148.8,186.6
,"65-74 years","65-74","Iowa","19","2025 (provisional)","2025","Male","M",644,172185,374.0,345.1,402.9
,"65-74 years","65-74","Kansas","20","2021","2021","Female","F",239,152190,157.0,137.1,177.0
,"65-74 years","65-74","Kansas","20","2021","2021","Male","M",579,141988,407.8,374.6,441.0
,"65-74 years","65-74","Kansas","20","2022","2022","Female","F",273,152995,178.4,157.3,199.6
,"65-74 years","65-74","Kansas","20","2022","2022","Male","M",552,142515,387.3,355.0,419.6
,"65-74 years","65-74","Kansas","20","2023","2023","Female","F",214,157312,136.0,117.8,154.3
,"65-74 years","65-74","Kansas","20","2023","2023","Male","M",501,145295,344.8,314.6,375.0
,"65-74 years","65-74","Kansas","20","2024","2024","Female","F",210,160602,130.8,113.1,148.4
,"65-74 years","65-74","Kansas","20","2024","2024","Male","M",452,148100,305.2,277.1,333.3
,"65-74 years","65-74","Kansas","20","2025 (provisional)","2025","Female","F",194,160602,120.8,103.8,137.8
,"65-74 years","65-74","Kansas","20","2025 (provisional)","2025","Male","M",484,148100,326.8,297.7,355.9
,"65-74 years","65-74","Kentucky","21","2021","2021","Female","F",512,251636,203.5,185.8,221.1
,"65-74 years","65-74","Kentucky","21","2021","2021","Male","M",986,224504,439.2,411.8,466.6
,"65-74 years","65-74","Kentucky","21","2022","2022","Female","F",545,252210,216.1,197.9,234.2
,"65-74 years","65-74","Kentucky","21","2022","2022","Male","M",1008,224513,449.0,421.3,476.7
,"65-74 years","65-74","Kentucky","21","2023","2023","Female","F",441,256575,171.9,155.8,187.9
,"65-74 years","65-74","Kentucky","21","2023","2023","Male","M",906,227752,397.8,371.9,423.7
,"65-74 years","65-74","Kentucky","21","2024","2024","Female","F",504,260282,193.6,176.7,210.5
,"65-74 years","65-74","Kentucky","21","2024","2024","Male","M",938,230984,406.1,380.1,432.1
,"65-74 years","65-74","Kentucky","21","2025 (provisional)","2025","Female","F",466,260282,179.0,162.8,195.3
,"65-74 years","65-74","Kentucky","21","2025 (provisional)","2025","Male","M",948,230984,410.4,384.3,436.5
,"65-74 years","65-74","Louisiana","22","2021","2021","Female","F",513,251009,204.4,186.7,222.1
,"65-74 years","65-74","Louisiana","22","2021","2021","Male","M",976,220400,442.8,415.0,470.6
,"65-74 years","65-74","Louisiana","22","2022","2022","Female","F",513,251286,204.1,186.5,221.8
,"65-74 years","65-74","Louisiana","22","2022","2022","Male","M",946,219582,430.8,403.4,458.3
,"65-74 years","65-74","Louisiana","22","2023","2023","Female","F",477,255746,186.5,169.8,203.3
,"65-74 years","65-74","Louisiana","22","2023","2023","Male","M",903,223035,404.9,378.5,431.3
,"65-74 years","65-74","Louisiana","22","2024","2024","Female","F",502,259915,193.1,176.2,210.0
,"65-74 years","65-74","Louisiana","22","2024","2024","Male","M",986,226387,435.5,408.4,462.7
,"65-74 years","65-74","Louisiana","22","2025 (provisional)","2025","Female","F",487,259915,187.4,170.7,204.0
,"65-74 years","65-74","Louisiana","22","2025 (provisional)","2025","Male","M",946,226387,417.9,391.2,444.5
,"65-74 years","65-74","Maine","23","2021","2021","Female","F",112,94985,117.9,96.1,139.8
,"65-74 years","65-74","Maine","23","2021","2021","Male","M",241,88154,273.4,238.9,307.9
,"65-74 years","65-74","Maine","23","2022","2022","Female","F",107,96311,111.1,90.0,132.1
,"65-74 years","65-74","Maine","23","2022","2022","Male","M",271,88859,305.0,268.7,341.3
,"65-74 years","65-74","Maine","23","2023","2023","Female","F",95,99405,95.6,77.3,116.8
,"65-74 years","65-74","Maine","23","2023","2023","Male","M",249,91022,273.6,239.6,307.5
,"65-74 years","65-74","Maine","23","2024","2024","Female","F",90,101213,88.9,71.5,109.3
,"65-74 years","65-74","Maine","23","2024","2024","Male","M",281,92016,305.4,269.7,341.1
,"65-74 years","65-74","Maine","23","2025 (provisional)","2025","Female","F",112,101213,110.7,90.2,131.2
,"65-74 years","65-74","Maine","23","2025 (provisional)","2025","Male","M",274,92016,297.8,262.5,333.0
,"65-74 years","65-74","Maryland","24","2021","2021","Female","F",479,326915,146.5,133.4,159.6
,"65-74 years","65-74","Maryland","24","2021","2021","Male","M",916,277571,330.0,308.6,351.4
,"65-74 years","65-74","Maryland","24","2022","2022","Female","F",466,329534,141.4,128.6,154.3
,"65-74 years","65-74","Maryland","24","2022","2022","Male","M",914,278747,327.9,306.6,349.2
,"65-74 years","65-74","Maryland","24","2023","2023","Female","F",473,336689,140.5,127.8,153.1
,"65-74 years","65-74","Maryland","24","2023","2023","Male","M",851,286082,297.5,277.5,317.5
,"65-74 years","65-74","Maryland","24","2024","2024","Female","F",412,344218,119.7,108.1,131.2
,"65-74 years","65-74","Maryland","24","2024","2024","Male","M",859,292887,293.3,273.7,312.9
,"65-74 years","65-74","Maryland","24","2025 (provisional)","2025","Female","F",415,344218,120.6,109.0,132.2
,"65-74 years","65-74","Maryland","24","2025 (provisional)","2025","Male","M",844,292887,288.2,268.7,307.6
,"65-74 years","65-74","Massachusetts","25","2021","2021","Female","F",317,386808,82.0,72.9,91.0
,"65-74 years","65-74","Massachusetts","25","2021","2021","Male","M",810,340099,238.2,221.8,254.6
,"65-74 years","65-74","Massachusetts","25","2022","2022","Female","F",316,389007,81.2,72.3,90.2
,"65-74 years","65-74","Massachusetts","25","2022","2022","Male","M",786,342537,229.5,213.4,245.5
,"65-74 years","65-74","Massachusetts","25","2023","2023","Female","F",337,400128,84.2,75.2,93.2
,"65-74 years","65-74","Massachusetts","25","2023","2023","Male","M",802,352645,227.4,211.7,243.2
,"65-74 years","65-74","Massachusetts","25","2024","2024","Female","F",330,408460,80.8,72.1,89.5
,"65-74 years","65-74","Massachusetts","25","2024","2024","Male","M",781,361486,216.1,200.9,231.2
,"65-74 years","65-74","Massachusetts","25","2025 (provisional)","2025","Female","F",323,408460,79.1,70.5,87.7
,"65-74 years","65-74","Massachusetts","25","2025 (provisional)","2025","Male","M",790,361486,218.5,203.3,233.8
,"65-74 years","65-74","Michigan","26","2021","2021","Female","F",1068,585660,182.4,171.4,193.3
,"65-74 years","65-74","Michigan","26","2021","2021","Male","M",2240,532418,420.7,403.3,438.1
,"65-74 years","65-74","Michigan","26","2022","2022","Female","F",1168,588994,198.3,186.9,209.7
,"65-74 years","65-74","Michigan","26","2022","2022","Male","M",2231,534287,417.6,400.2,434.9
,"65-74 years","65-74","Michigan","26","2023","2023","Female","F",1094,605311,180.7,170.0,191.4
,"65-74 years","65-74","Michigan","26","2023","2023","Male","M",2075,549137,377.9,361.6,394.1
,"65-74 years","65-74","Michigan","26","2024","2024","Female","F",1026,617907,166.0,155.9,176.2
,"65-74 years","65-74","Michigan","26","2024","2024","Male","M",2109,560805,376.1,360.0,392.1
,"65-74 years","65-74","Michigan","26","2025 (provisional)","2025","Female","F",1051,617907,170.1,159.8,180.4
,"65-74 years","65-74","Michigan","26","2025 (provisional)","2025","Male","M",2091,560805,372.9,356.9,388.8
,"65-74 years","65-74","Minnesota","27","2021","2021","Female","F",228,295793,77.1,67.1,87.1
,"65-74 years","65-74","Minnesota","27","2021","2021","Male","M",557,281394,197.9,181.5,214.4
,"65-74 years","65-74","Minnesota","27","2022","2022","Female","F",217,299229,72.5,62.9,82.2
,"65-74 years","65-74","Minnesota","27","2022","2022","Male","M",564,285488,197.6,181.3,213.9
,"65-74 years","65-74","Minnesota","27","2023","2023","Female","F",179,309060,57.9,49.4,66.4
,"65-74 years","65-74","Minnesota","27","2023","2023","Male","M",606,294083,206.1,189.7,222.5
,"65-74 years","65-74","Minnesota","27","2024","2024","Female","F",211,316858,66.6,57.6,75.6
,"65-74 years","65-74","Minnesota","27","2024","2024","Male","M",563,301241,186.9,171.5,202.3
,"65-74 years","65-74","Minnesota","27","2025 (provisional)","2025","Female","F",240,316858,75.7,66.2,85.3
,"65-74 years","65-74","Minnesota","27","2025 (provisional)","2025","Male","M",579,301241,192.2,176.5,207.9
,"65-74 years","65-74","Mississippi","28","2021","2021","Female","F",376,162924,230.8,207.5,254.1
,"65-74 years","65-74","Mississippi","28","2021","2021","Male","M",774,141045,548.8,510.1,587.4
,"65-74 years","65-74","Mississippi","28","2022","2022","Female","F",379,162715,232.9,209.5,256.4
,"65-74 years","65-74","Mississippi","28","2022","2022","Male","M",722,140137,515.2,477.6,552.8
,"65-74 years","65-74","Mississippi","28","2023","2023","Female","F",366,165937,220.6,198.0,243.2
,"65-74 years","65-74","Mississippi","28","2023","2023","Male","M",663,142656,464.8,429.4,500.1
,"65-74 years","65-74","Mississippi","28","2024","2024","Female","F",335,168624,198.7,177.4,219.9
,"65-74 years","65-74","Mississippi","28","2024","2024","Male","M",631,144655,436.2,402.2,470.2
,"65-74 years","65-74","Mississippi","28","2025 (provisional)","2025","Female","F",335,168624,198.7,177.4,219.9
,"65-74 years","65-74","Mississippi","28","2025 (provisional)","2025","Male","M",736,144655,508.8,472.0,545.6
,"65-74 years","65-74","Missouri","29","2021","2021","Female","F",626,343473,182.3,168.0,196.5
,"65-74 years","65-74","Missouri","29","2021","2021","Male","M",1295,305988,423.2,400.2,446.3
,"65-74 years","65-74","Missouri","29","2022","2022","Female","F",755,344467,219.2,203.5,234.8
,"65-74 years","65-74","Missouri","29","2022","2022","Male","M",1352,306790,440.7,417.2,464.2
,"65-74 years","65-74","Missouri","29","2023","2023","Female","F",610,353293,172.7,159.0,186.4
,"65-74 years","65-74","Missouri","29","2023","2023","Male","M",1329,314533,422.5,399.8,445.2
,"65-74 years","65-74","Missouri","29","2024","2024","Female","F",608,360393,168.7,155.3,182.1
,"65-74 years","65-74","Missouri","29","2024","2024","Male","M",1307,321559,406.5,384.4,428.5
,"65-74 years","65-74","Missouri","29","2025 (provisional)","2025","Female","F",644,360393,178.7,164.9,192.5
,"65-74 years","65-74","Missouri","29","2025 (provisional)","2025","Male","M",1288,321559,400.5,378.7,422.4
,"65-74 years","65-74","Montana","30","2021","2021","Female","F",107,68255,156.8,127.1,186.5
,"65-74 years","65-74","Montana","30","2021","2021","Male","M",274,67184,407.8,359.5,456.1
,"65-74 years","65-74","Montana","30","2022","2022","Female","F",108,69335,155.8,126.4,185.1
,"65-74 years","65-74","Montana","30","2022","2022","Male","M",277,67432,410.8,362.4,459.2
,"65-74 years","65-74","Montana","30","2023","2023","Female","F",128,71506,179.0,148.0,210.0
,"65-74 years","65-74","Montana","30","2023","2023","Male","M",251,69109,363.2,318.3,408.1
,"65-74 years","65-74","Montana","30","2024","2024","Female","F",112,72989,153.4,125.0,181.9
,"65-74 years","65-74","Montana","30","2024","2024","Male","M",294,69789,421.3,373.1,469.4
,"65-74 years","65-74","Montana","30","2025 (provisional)","2025","Female","F",128,72989,175.4,145.0,205.8
,"65-74 years","65-74","Montana","30","2025 (provisional)","2025","Male","M",277,69789,396.9,350.2,443.7
,"65-74 years","65-74","Nebraska","31","2021","2021","Female","F",103,100222,102.8,82.9,122.6
,"65-74 years","65-74","Nebraska","31","2021","2021","Male","M",218,93755,232.5,201.7,263.4
,"65-74 years","65-74","Nebraska","31","2022","2022","Female","F",92,100910,91.2,73.5,111.8
,"65-74 years","65-74","Nebraska","31","2022","2022","Male","M",254,94610,268.5,235.5,301.5
,"65-74 years","65-74","Nebraska","31","2023","2023","Female","F",97,103744,93.5,75.8,114.1
,"65-74 years","65-74","Nebraska","31","2023","2023","Male","M",220,97025,226.7,196.8,256.7
,"65-74 years","65-74","Nebraska","31","2024","2024","Female","F",89,105879,84.1,67.5,103.4
,"65-74 years","65-74","Nebraska","31","2024","2024","Male","M",216,98838,218.5,189.4,247.7
,"65-74 years","65-74","Nebraska","31","2025 (provisional)","2025","Female","F",99,105879,93.5,76.0,113.8
,"65-74 years","65-74","Nebraska","31","2025 (provisional)","2025","Male","M",211,98838,213.5,184.7,242.3
,"65-74 years","65-74","Nevada","32","2021","2021","Female","F",273,167285,163.2,143.8,182.6
,"65-74 years","65-74","Nevada","32","2021","2021","Male","M",669,154623,432.7,399.9,465.5
,"65-74 years","65-74","Nevada","32","2022","2022","Female","F",303,167946,180.4,160.1,200.7
,"65-74 years","65-74","Nevada","32","2022","2022","Male","M",711,154160,461.2,427.3,495.1
,"65-74 years","65-74","Nevada","32","2023","2023","Female","F",267,172655,154.6,136.1,173.2
,"65-74 years","65-74","Nevada","32","2023","2023","Male","M",620,158173,392.0,361.1,422.8
,"65-74 years","65-74","Nevada","32","2024","2024","Female","F",268,176357,152.0,133.8,170.2
,"65-74 years","65-74","Nevada","32","2024","2024","Male","M",638,161631,394.7,364.1,425.4
,"65-74 years","65-74","Nevada","32","2025 (provisional)","2025","Female","F",253,176357,143.5,125.8,161.1
,"65-74 years","65-74","Nevada","32","2025 (provisional)","2025","Male","M",605,161631,374.3,344.5,404.1
,"65-74 years","65-74","New Hampshire","33","2021","2021","Female","F",87,85526,101.7,81.5,125.5
,"65-74 years","65-74","New Hampshire","33","2021","2021","Male","M",234,81165,288.3,251.4,325.2
,"65-74 years","65-74","New Hampshire","33","2022","2022","Female","F",95,86897,109.3,88.5,133.6
,"65-74 years","65-74","New Hampshire","33","2022","2022","Male","M",255,82377,309.6,271.6,347.5
,"65-74 years","65-74","New Hampshire","33","2023","2023","Female","F",92,90082,102.1,82.3,125.3
,"65-74 years","65-74","New Hampshire","33","2023","2023","Male","M",237,85368,277.6,242.3,313.0
,"65-74 years","65-74","New Hampshire","33","2024","2024","Female","F",94,92721,101.4,81.9,124.1
,"65-74 years","65-74","New Hampshire","33","2024","2024","Male","M",225,87921,255.9,222.5,289.4
,"65-74 years","65-74","New Hampshire","33","2025 (provisional)","2025","Female","F",91,92721,98.1,79.0,120.5
,"65-74 years","65-74","New Hampshire","33","2025 (provisional)","2025","Male","M",236,87921,268.4,234.2,302.7
,"65-74 years","65-74","New Jersey","34","2021","2021","Female","F",626,490984,127.5,117.5,137.5
,"65-74 years","65-74","New Jersey","34","2021","2021","Male","M",1225,429887,285.0,269.0,300.9
,"65-74 years","65-74","New Jersey","34","2022","2022","Female","F",574,491904,116.7,107.1,126.2
,"65-74 years","65-74","New Jersey","34","2022","2022","Male","M",1151,430474,267.4,251.9,282.8
,"65-74 years","65-74","New Jersey","34","2023","2023","Female","F",542,505240,107.3,98.2,116.3
,"65-74 years","65-74","New Jersey","34","2023","2023","Male","M",1042,444299,234.5,220.3,248.8
,"65-74 years","65-74","New Jersey","34","2024","2024","Female","F",475,518673,91.6,83.3,99.8
,"65-74 years","65-74","New Jersey","34","2024","2024","Male","M",1051,458030,229.5,215.6,243.3
,"65-74 years","65-74","New Jersey","34","2025 (provisional)","2025","Female","F",493,518673,95.1,86.7,103.4
,"65-74 years","65-74","New Jersey","34","2025 (provisional)","2025","Male","M",1068,458030,233.2,219.2,247.2
,"65-74 years","65-74","New Mexico","35","2021","2021","Female","F",196,126022,155.5,133.8,177.3
,"65-74 years","65-74","New Mexico","35","2021","2021","Male","M",470,112498,417.8,380.0,455.6
,"65-74 years","65-74","New Mexico","35","2022","2022","Female","F",229,126162,181.5,158.0,205.0
,"65-74 years","65-74","New Mexico","35","2022","2022","Male","M",519,112275,462.3,422.5,502.0
,"65-74 years","65-74","New Mexico","35","2023","2023","Female","F",229,130193,175.9,153.1,198.7
,"65-74 years","65-74","New Mexico","35","2023","2023","Male","M",523,115321,453.5,414.6,492.4
,"65-74 years","65-74","New Mexico","35","2024","2024","Female","F",233,131526,177.2,154.4,199.9
,"65-74 years","65-74","New Mexico","35","2024","2024","Male","M",515,115911,444.3,405.9,482.7
,"65-74 years","65-74","New Mexico","35","2025 (provisional)","2025","Female","F",205,131526,155.9,134.5,177.2
,"65-74 years","65-74","New Mexico","35","2025 (provisional)","2025","Male","M",505,115911,435.7,397.7,473.7
,"65-74 years","65-74","New York","36","2021","2021","Female","F",1884,1086347,173.4,165.6,181.3
,"65-74 years","65-74","New York","36","2021","2021","Male","M",3562,951370,374.4,362.1,386.7
,"65-74 years","65-74","New York","36","2022","2022","Female","F",1772,1081408,163.9,156.2,171.5
,"65-74 years","65-74","New York","36","2022","2022","Male","M",3544,947424,374.1,361.8,386.4
,"65-74 years","65-74","New York","36","2023","2023","Female","F",1691,1105291,153.0,145.7,160.3
,"65-74 years","65-74","New York","36","2023","2023","Male","M",3447,972803,354.3,342.5,366.2
,"65-74 years","65-74","New York","36","2024","2024","Female","F",1658,1128009,147.0,139.9,154.1
,"65-74 years","65-74","New York","36","2024","2024","Male","M",3399,996578,341.1,329.6,352.5
,"65-74 years","65-74","New York","36","2025 (provisional)","2025","Female","F",1656,1128009,146.8,139.7,153.9
,"65-74 years","65-74","New York","36","2025 (provisional)","2025","Male","M",3386,996578,339.8,328.3,351.2
,"65-74 years","65-74","North Carolina","37","2021","2021","Female","F",857,592885,144.5,134.9,154.2
,"65-74 years","65-74","North Carolina","37","2021","2021","Male","M",1893,508262,372.4,355.7,389.2
,"65-74 years","65-74","North Carolina","37","2022","2022","Female","F",921,596222,154.5,144.5,164.4
,"65-74 years","65-74","North Carolina","37","2022","2022","Male","M",1861,510356,364.6,348.1,381.2
,"65-74 years","65-74","North Carolina","37","2023","2023","Female","F",842,610508,137.9,128.6,147.2
,"65-74 years","65-74","North Carolina","37","2023","2023","Male","M",1810,522951,346.1,330.2,362.1
,"65-74 years","65-74","North Carolina","37","2024","2024","Female","F",871,624601,139.4,130.2,148.7
,"65-74 years","65-74","North Carolina","37","2024","2024","Male","M",1753,534882,327.7,312.4,343.1
,"65-74 years","65-74","North Carolina","37","2025 (provisional)","2025","Female","F",879,624601,140.7,131.4,150.0
,"65-74 years","65-74","North Carolina","37","2025 (provisional)","2025","Male","M",1782,534882,333.2,317.7,348.6
,"65-74 years","65-74","North Dakota","38","2021","2021","Female","F",43,36518,117.8,85.2,158.6
,"65-74 years","65-74","North Dakota","38","2021","2021","Male","M",110,37124,296.3,240.9,351.7
,"65-74 years","65-74","North Dakota","38","2022","2022","Female","F",55,37174,148.0,111.5,192.6
,"65-74 years","65-74","North Dakota","38","2022","2022","Male","M",115,37706,305.0,249.2,360.7
,"65-74 years","65-74","North Dakota","38","2023","2023","Female","F",45,38530,116.8,85.2,156.3
,"65-74 years","65-74","North Dakota","38","2023","2023","Male","M",112,38995,287.2,234.0,340.4
,"65-74 years","65-74","North Dakota","38","2024","2024","Female","F",41,39650,103.4,74.2,140.3
,"65-74 years","65-74","North Dakota","38","2024","2024","Male","M",105,39856,263.4,213.1,313.8
,"65-74 years","65-74","North Dakota","38","2025 (provisional)","2025","Female","F",40,39650,100.9,72.1,137.4
,"65-74 years","65-74","North Dakota","38","2025 (provisional)","2025","Male","M",118,39856,296.1,242.6,349.5
,"65-74 years","65-74","Ohio","39","2021","2021","Female","F",1176,673900,174.5,164.5,184.5
,"65-74 years","65-74","Ohio","39","2021","2021","Male","M",2496,604392,413.0,396.8,429.2
,"65-74 years","65-74","Ohio","39","2022","2022","Female","F",1190,676354,175.9,165.9,185.9
,"65-74 years","65-74","Ohio","39","2022","2022","Male","M",2458,605151,406.2,390.1,422.2
,"65-74 years","65-74","Ohio","39","2023","2023","Female","F",1033,693197,149.0,139.9,158.1
,"65-74 years","65-74","Ohio","39","2023","2023","Male","M",2278,620622,367.1,352.0,382.1
,"65-74 years","65-74","Ohio","39","2024","2024","Female","F",1076,704364,152.8,143.6,161.9
,"65-74 years","65-74","Ohio","39","2024","2024","Male","M",2207,630701,349.9,335.3,364.5
,"65-74 years","65-74","Ohio","39","2025 (provisional)","2025","Female","F",1019,704364,144.7,135.8,153.6
,"65-74 years","65-74","Ohio","39","2025 (provisional)","2025","Male","M",2223,630701,352.5,337.8,367.1
,"65-74 years","65-74","Oklahoma","40","2021","2021","Female","F",424,205074,206.8,187.1,226.4
,"65-74 years","65-74","Oklahoma","40","2021","2021","Male","M",745,183358,406.3,377.1,435.5
,"65-74 years","65-74","Oklahoma","40","2022","2022","Female","F",441,205438,214.7,194.6,234.7
,"65-74 years","65-74","Oklahoma","40","2022","2022","Male","M",765,183070,417.9,388.3,447.5
,"65-74 years","65-74","Oklahoma","40","2023","2023","Female","F",413,210531,196.2,177.3,215.1
,"65-74 years","65-74","Oklahoma","40","2023","2023","Male","M",756,187308,403.6,374.8,432.4
,"65-74 years","65-74","Oklahoma","40","2024","2024","Female","F",454,214343,211.8,192.3,231.3
,"65-74 years","65-74","Oklahoma","40","2024","2024","Male","M",875,190859,458.5,428.1,488.8
,"65-74 years","65-74","Oklahoma","40","2025 (provisional)","2025","Female","F",562,214343,262.2,240.5,283.9
,"65-74 years","65-74","Oklahoma","40","2025 (provisional)","2025","Male","M",946,190859,495.7,464.1,527.2
,"65-74 years","65-74","Oregon","41","2021","2021","Female","F",256,256792,99.7,87.5,111.9
,"65-74 years","65-74","Oregon","41","2021","2021","Male","M",632,232845,271.4,250.3,292.6
,"65-74 years","65-74","Oregon","41","2022","2022","Female","F",231,255212,90.5,78.8,102.2
,"65-74 years","65-74","Oregon","41","2022","2022","Male","M",607,230757,263.0,242.1,284.0
,"65-74 years","65-74","Oregon","41","2023","2023","Female","F",202,258759,78.1,67.3,88.8
,"65-74 years","65-74","Oregon","41","2023","2023","Male","M",577,232183,248.5,228.2,268.8
,"65-74 years","65-74","Oregon","41","2024","2024","Female","F",179,260331,68.8,58.7,78.8
,"65-74 years","65-74","Oregon","41","2024","2024","Male","M",572,232298,246.2,226.1,266.4
,"65-74 years","65-74","Oregon","41","2025 (provisional)","2025","Female","F",225,260331,86.4,75.1,97.7
,"65-74 years","65-74","Oregon","41","2025 (provisional)","2025","Male","M",525,232298,226.0,206.7,245.3
,"65-74 years","65-74","Pennsylvania","42","2021","2021","Female","F",1198,769163,155.8,146.9,164.6
,"65-74 years","65-74","Pennsylvania","42","2021","2021","Male","M",2466,696013,354.3,340.3,368.3
,"65-74 years","65-74","Pennsylvania","42","2022","2022","Female","F",1158,771128,150.2,141.5,158.8
,"65-74 years","65-74","Pennsylvania","42","2022","2022","Male","M",2435,697917,348.9,335.0,362.8
,"65-74 years","65-74","Pennsylvania","42","2023","2023","Female","F",1003,791491,126.7,118.9,134.6
,"65-74 years","65-74","Pennsylvania","42","2023","2023","Male","M",2260,715875,315.7,302.7,328.7
,"65-74 years","65-74","Pennsylvania","42","2024","2024","Female","F",976,805847,121.1,113.5,128.7
,"65-74 years","65-74","Pennsylvania","42","2024","2024","Male","M",2233,730248,305.8,293.1,318.5
,"65-74 years","65-74","Pennsylvania","42","2025 (provisional)","2025","Female","F",1069,805847,132.7,124.7,140.6
,"65-74 years","65-74","Pennsylvania","42","2025 (provisional)","2025","Male","M",2376,730248,325.4,312.3,338.5
,"65-74 years","65-74","Rhode Island","44","2021","2021","Female","F",76,62542,121.5,95.7,152.1
,"65-74 years","65-74","Rhode Island","44","2021","2021","Male","M",183,55831,327.8,280.3,375.3
,"65-74 years","65-74","Rhode Island","44","2022","2022","Female","F",92,63155,145.7,117.4,178.7
,"65-74 years","65-74","Rhode Island","44","2022","2022","Male","M",202,56308,358.7,309.3,408.2
,"65-74 years","65-74","Rhode Island","44","2023","2023","Female","F",84,65236,128.8,102.7,159.4
,"65-74 years","65-74","Rhode Island","44","2023","2023","Male","M",199,58122,342.4,294.8,390.0
,"65-74 years","65-74","Rhode Island","44","2024","2024","Female","F",83,67114,123.7,98.5,153.3
,"65-74 years","65-74","Rhode Island","44","2024","2024","Male","M",188,59447,316.2,271.0,361.5
,"65-74 years","65-74","Rhode Island","44","2025 (provisional)","2025","Female","F",84,67114,125.2,99.8,155.0
,"65-74 years","65-74","Rhode Island","44","2025 (provisional)","2025","Male","M",189,59447,317.9,272.6,363.3
,"65-74 years","65-74","South Carolina","45","2021","2021","Female","F",487,323427,150.6,137.2,163.9
,"65-74 years","65-74","South Carolina","45","2021","2021","Male","M",1009,277469,363.6,341.2,386.1
,"65-74 years","65-74","South Carolina","45","2022","2022","Female","F",461,326180,141.3,128.4,154.2
,"65-74 years","65-74","South Carolina","45","2022","2022","Male","M",942,278466,338.3,316.7,359.9
,"65-74 years","65-74","South Carolina","45","2023","2023","Female","F",467,334895,139.4,126.8,152.1
,"65-74 years","65-74","South Carolina","45","2023","2023","Male","M",972,284913,341.2,319.7,362.6
,"65-74 years","65-74","South Carolina","45","2024","2024","Female","F",476,343340,138.6,126.2,151.1
,"65-74 years","65-74","South Carolina","45","2024","2024","Male","M",995,291736,341.1,319.9,362.3
,"65-74 years","65-74","South Carolina","45","2025 (provisional)","2025","Female","F",447,343340,130.2,118.1,142.3
,"65-74 years","65-74","South Carolina","45","2025 (provisional)","2025","Male","M",1007,291736,345.2,323.9,366.5
,"65-74 years","65-74","South Dakota","46","2021","2021","Female","F",52,48519,107.2,80.0,140.5
,"65-74 years","65-74","South Dakota","46","2021","2021","Male","M",189,49170,384.4,329.6,439.2
,"65-74 years","65-74","South Dakota","46","2022","2022","Female","F",72,49663,145.0,113.4,182.6
,"65-74 years","65-74","South Dakota","46","2022","2022","Male","M",188,50217,374.4,320.9,427.9
,"65-74 years","65-74","South Dakota","46","2023","2023","Female","F",78,51508,151.4,119.7,189.0
,"65-74 years","65-74","South Dakota","46","2023","2023","Male","M",181,51956,348.4,297.6,399.1
,"65-74 years","65-74","South Dakota","46","2024","2024","Female","F",64,52778,121.3,93.4,154.8
,"65-74 years","65-74","South Dakota","46","2024","2024","Male","M",174,52962,328.5,279.7,377.4
,"65-74 years","65-74","South Dakota","46","2025 (provisional)","2025","Female","F",81,52778,153.5,121.9,190.8
,"65-74 years","65-74","South Dakota","46","2025 (provisional)","2025","Male","M",199,52962,375.7,323.5,427.9
,"65-74 years","65-74","Tennessee","47","2021","2021","Female","F",919,388462,236.6,221.3,251.9
,"65-74 years","65-74","Tennessee","47","2021","2021","Male","M",1790,339806,526.8,502.4,551.2
,"65-74 years","65-74","Tennessee","47","2022","2022","Female","F",851,389858,218.3,203.6,233.0
,"65-74 years","65-74","Tennessee","47","2022","2022","Male","M",1793,339666,527.9,503.4,552.3
,"65-74 years","65-74","Tennessee","47","2023","2023","Female","F",828,396746,208.7,194.5,222.9
,"65-74 years","65-74","Tennessee","47","2023","2023","Male","M",1636,345749,473.2,450.2,496.1
,"65-74 years","65-74","Tennessee","47","2024","2024","Female","F",853,404337,211.0,196.8,225.1
,"65-74 years","65-74","Tennessee","47","2024","2024","Male","M",1704,351850,484.3,461.3,507.3
,"65-74 years","65-74","Tennessee","47","2025 (provisional)","2025","Female","F",828,404337,204.8,190.8,218.7
,"65-74 years","65-74","Tennessee","47","2025 (provisional)","2025","Male","M",1683,351850,478.3,455.5,501.2
,"65-74 years","65-74","Texas","48","2021","2021","Female","F",2246,1275060,176.1,168.9,183.4
,"65-74 years","65-74","Texas","48","2021","2021","Male","M",4607,1133513,406.4,394.7,418.2
,"65-74 years","65-74","Texas","48","2022","2022","Female","F",2108,1293289,163.0,156.0,170.0
,"65-74 years","65-74","Texas","48","2022","2022","Male","M",4407,1145201,384.8,373.5,396.2
,"65-74 years","65-74","Texas","48","2023","2023","Female","F",1970,1343251,146.7,140.2,153.1
,"65-74 years","65-74","Texas","48","2023","2023","Male","M",4047,1190789,339.9,329.4,350.3
,"65-74 years","65-74","Texas","48","2024","2024","Female","F",1944,1385442,140.3,134.1,146.6
,"65-74 years","65-74","Texas","48","2024","2024","Male","M",4232,1230334,344.0,333.6,354.3
,"65-74 years","65-74","Texas","48","2025 (provisional)","2025","Female","F",1953,1385442,141.0,134.7,147.2
,"65-74 years","65-74","Texas","48","2025 (provisional)","2025","Male","M",4080,1230334,331.6,321.4,341.8
,"65-74 years","65-74","Utah","49","2021","2021","Female","F",108,124596,86.7,70.3,103.0
,"65-74 years","65-74","Utah","49","2021","2021","Male","M",248,117771,210.6,184.4,236.8
,"65-74 years","65-74","Utah","49","2022","2022","Female","F",98,126546,77.4,62.9,94.4
,"65-74 years","65-74","Utah","49","2022","2022","Male","M",273,119330,228.8,201.6,255.9
,"65-74 years","65-74","Utah","49","2023","2023","Female","F",111,130603,85.0,69.2,100.8
,"65-74 years","65-74","Utah","49","2023","2023","Male","M",270,123104,219.3,193.2,245.5
,"65-74 years","65-74","Utah","49","2024","2024","Female","F",118,134508,87.7,71.9,103.6
,"65-74 years","65-74","Utah","49","2024","2024","Male","M",284,127042,223.5,197.5,249.5
,"65-74 years","65-74","Utah","49","2025 (provisional)","2025","Female","F",108,134508,80.3,65.1,95.4
,"65-74 years","65-74","Utah","49","2025 (provisional)","2025","Male","M",270,127042,212.5,187.2,237.9
,"65-74 years","65-74","Vermont","50","2021","2021","Female","F",95,42335,224.4,181.6,274.3
,"65-74 years","65-74","Vermont","50","2021","2021","Male","M",164,40205,407.9,345.5,470.3
,"65-74 years","65-74","Vermont","50","2022","2022","Female","F",59,42880,137.6,104.7,177.5
,"65-74 years","65-74","Vermont","50","2022","2022","Male","M",144,40602,354.7,296.7,412.6
,"65-74 years","65-74","Vermont","50","2023","2023","Female","F",37,43928,84.2,59.3,116.1
,"65-74 years","65-74","Vermont","50","2023","2023","Male","M",134,41613,322.0,267.5,376.5
,"65-74 years","65-74","Vermont","50","2024","2024","Female","F",43,44579,96.5,69.8,129.9
,"65-74 years","65-74","Vermont","50","2024","2024","Male","M",127,42099,301.7,249.2,354.1
,"65-74 years","65-74","Vermont","50","2025 (provisional)","2025","Female","F",54,44579,121.1,91.0,158.1
,"65-74 years","65-74","Vermont","50","2025 (provisional)","2025","Male","M",125,42099,296.9,244.9,349.0
,"65-74 years","65-74","Virginia","51","2021","2021","Female","F",635,453828,139.9,129.0,150.8
,"65-74 years","65-74","Virginia","51","2021","2021","Male","M",1283,399470,321.2,303.6,338.8
,"65-74 years","65-74","Virginia","51","2022","2022","Female","F",649,456376,142.2,131.3,153.1
,"65-74 years","65-74","Virginia","51","2022","2022","Male","M",1320,401713,328.6,310.9,346.3
,"65-74 years","65-74","Virginia","51","2023","2023","Female","F",590,466687,126.4,116.2,136.6
,"65-74 years","65-74","Virginia","51","2023","2023","Male","M",1218,410182,296.9,280.3,313.6
,"65-74 years","65-74","Virginia","51","2024","2024","Female","F",622,476099,130.6,120.4,140.9
,"65-74 years","65-74","Virginia","51","2024","2024","Male","M",1227,418062,293.5,277.1,309.9
,"65-74 years","65-74","Virginia","51","2025 (provisional)","2025","Female","F",611,476099,128.3,118.2,138.5
,"65-74 years","65-74","Virginia","51","2025 (provisional)","2025","Male","M",1308,418062,312.9,295.9,329.8
,"65-74 years","65-74","Washington","53","2021","2021","Female","F",526,409388,128.5,117.5,139.5
,"65-74 years","65-74","Washington","53","2021","2021","Male","M",1277,373143,342.2,323.5,361.0
,"65-74 years","65-74","Washington","53","2022","2022","Female","F",519,410792,126.3,115.5,137.2
,"65-74 years","65-74","Washington","53","2022","2022","Male","M",1266,373790,338.7,320.0,357.3
,"65-74 years","65-74","Washington","53","2023","2023","Female","F",439,419071,104.8,95.0,114.6
,"65-74 years","65-74","Washington","53","2023","2023","Male","M",1069,381370,280.3,263.5,297.1
,"65-74 years","65-74","Washington","53","2024","2024","Female","F",481,425886,112.9,102.8,123.0
,"65-74 years","65-74","Washington","53","2024","2024","Male","M",1110,387173,286.7,269.8,303.6
,"65-74 years","65-74","Washington","53","2025 (provisional)","2025","Female","F",459,425886,107.8,97.9,117.6
,"65-74 years","65-74","Washington","53","2025 (provisional)","2025","Male","M",1151,387173,297.3,280.1,314.5
,"65-74 years","65-74","West Virginia","54","2021","2021","Female","F",276,117590,234.7,207.0,262.4
,"65-74 years","65-74","West Virginia","54","2021","2021","Male","M",570,108477,525.5,482.3,568.6
,"65-74 years","65-74","West Virginia","54","2022","2022","Female","F",289,116385,248.3,219.7,276.9
,"65-74 years","65-74","West Virginia","54","2022","2022","Male","M",504,106571,472.9,431.6,514.2
,"65-74 years","65-74","West Virginia","54","2023","2023","Female","F",239,117108,204.1,178.2,230.0
,"65-74 years","65-74","West Virginia","54","2023","2023","Male","M",510,106991,476.7,435.3,518.0
,"65-74 years","65-74","West Virginia","54","2024","2024","Female","F",229,116864,196.0,170.6,221.3
,"65-74 years","65-74","West Virginia","54","2024","2024","Male","M",448,107083,418.4,379.6,457.1
,"65-74 years","65-74","West Virginia","54","2025 (provisional)","2025","Female","F",237,116864,202.8,177.0,228.6
,"65-74 years","65-74","West Virginia","54","2025 (provisional)","2025","Male","M",544,107083,508.0,465.3,550.7
,"65-74 years","65-74","Wisconsin","55","2021","2021","Female","F",470,331156,141.9,129.1,154.8
,"65-74 years","65-74","Wisconsin","55","2021","2021","Male","M",1090,317989,342.8,322.4,363.1
,"65-74 years","65-74","Wisconsin","55","2022","2022","Female","F",433,336081,128.8,116.7,141.0
,"65-74 years","65-74","Wisconsin","55","2022","2022","Male","M",1099,322545,340.7,320.6,360.9
,"65-74 years","65-74","Wisconsin","55","2023","2023","Female","F",402,347307,115.7,104.4,127.1
,"65-74 years","65-74","Wisconsin","55","2023","2023","Male","M",1029,332920,309.1,290.2,328.0
,"65-74 years","65-74","Wisconsin","55","2024","2024","Female","F",398,355813,111.9,100.9,122.8
,"65-74 years","65-74","Wisconsin","55","2024","2024","Male","M",1009,340820,296.1,277.8,314.3
,"65-74 years","65-74","Wisconsin","55","2025 (provisional)","2025","Female","F",409,355813,114.9,103.8,126.1
,"65-74 years","65-74","Wisconsin","55","2025 (provisional)","2025","Male","M",1029,340820,301.9,283.5,320.4
,"65-74 years","65-74","Wyoming","56","2021","2021","Female","F",39,32469,120.1,85.4,164.2
,"65-74 years","65-74","Wyoming","56","2021","2021","Male","M",123,33517,367.0,302.1,431.8
,"65-74 years","65-74","Wyoming","56","2022","2022","Female","F",34,33134,102.6,71.1,143.4
,"65-74 years","65-74","Wyoming","56","2022","2022","Male","M",116,33926,341.9,279.7,404.1
,"65-74 years","65-74","Wyoming","56","2023","2023","Female","F",40,34103,117.3,83.8,159.7
,"65-74 years","65-74","Wyoming","56","2023","2023","Male","M",96,34930,274.8,222.6,335.6
,"65-74 years","65-74","Wyoming","56","2024","2024","Female","F",43,35003,122.8,88.9,165.5
,"65-74 years","65-74","Wyoming","56","2024","2024","Male","M",109,35554,306.6,249.0,364.1
,"65-74 years","65-74","Wyoming","56","2025 (provisional)","2025","Female","F",36,35003,102.8,72.0,142.4
,"65-74 years","65-74","Wyoming","56","2025 (provisional)","2025","Male","M",98,35554,275.6,223.8,335.9
,"75-84 years","75-84","Alabama","01","2021","2021","Female","F",501,149086,336.0,306.6,365.5
,"75-84 years","75-84","Alabama","01","2021","2021","Male","M",774,112585,687.5,639.0,735.9
,"75-84 years","75-84","Alabama","01","2022","2022","Female","F",542,160007,338.7,310.2,367.3
,"75-84 years","75-84","Alabama","01","2022","2022","Male","M",772,120473,640.8,595.6,686.0
,"75-84 years","75-84","Alabama","01","2023","2023","Female","F",496,165168,300.3,273.9,326.7
,"75-84 years","75-84","Alabama","01","2023","2023","Male","M",770,125802,612.1,568.8,655.3
,"75-84 years","75-84","Alabama","01","2024","2024","Female","F",562,171859,327.0,300.0,354.0
,"75-84 years","75-84","Alabama","01","2024","2024","Male","M",771,131195,587.7,546.2,629.2
,"75-84 years","75-84","Alabama","01","2025 (provisional)","2025","Female","F",567,171859,329.9,302.8,357.1
,"75-84 years","75-84","Alabama","01","2025 (provisional)","2025","Male","M",833,131195,634.9,591.8,678.1
,"75-84 years","75-84","Alaska","02","2021","2021","Female","F",37,12429,297.7,209.6,410.3
,"75-84 years","75-84","Alaska","02","2021","2021","Male","M",69,12070,571.7,444.8,723.5
,"75-84 years","75-84","Alaska","02","2022","2022","Female","F",50,13875,360.4,267.5,475.1
,"75-84 years","75-84","Alaska","02","2022","2022","Male","M",73,13132,555.9,435.7,699.0
,"75-84 years","75-84","Alaska","02","2023","2023","Female","F",28,14703,190.4,126.5,275.2
,"75-84 years","75-84","Alaska","02","2023","2023","Male","M",69,14275,483.4,376.1,611.7
,"75-84 years","75-84","Alaska","02","2024","2024","Female","F",33,15674,210.5,144.9,295.7
,"75-84 years","75-84","Alaska","02","2024","2024","Male","M",58,15409,376.4,285.8,486.6
,"75-84 years","75-84","Alaska","02","2025 (provisional)","2025","Female","F",43,15674,274.3,198.5,369.5
,"75-84 years","75-84","Alaska","02","2025 (provisional)","2025","Male","M",75,15409,486.7,382.8,610.1
,"75-84 years","75-84","Arizona","04","2021","2021","Female","F",901,222181,405.5,379.0,432.0
,"75-84 years","75-84","Arizona","04","2021","2021","Male","M",1536,194174,791.0,751.5,830.6
,"75-84 years","75-84","Arizona","04","2022","2022","Female","F",862,242889,354.9,331.2,378.6
,"75-84 years","75-84","Arizona","04","2022","2022","Male","M",1545,209430,737.7,700.9,774.5
,"75-84 years","75-84","Arizona","04","2023","2023","Female","F",860,257760,333.6,311.3,355.9
,"75-84 years","75-84","Arizona","04","2023","2023","Male","M",1501,222698,674.0,639.9,708.1
,"75-84 years","75-84","Arizona","04","2024","2024","Female","F",908,273146,332.4,310.8,354.0
,"75-84 years","75-84","Arizona","04","2024","2024","Male","M",1552,234214,662.6,629.7,695.6
,"75-84 years","75-84","Arizona","04","2025 (provisional)","2025","Female","F",959,273146,351.1,328.9,373.3
,"75-84 years","75-84","Arizona","04","2025 (provisional)","2025","Male","M",1524,234214,650.7,618.0,683.4
,"75-84 years","75-84","Arkansas","05","2021","2021","Female","F",516,88346,584.1,533.7,634.5
,"75-84 years","75-84","Arkansas","05","2021","2021","Male","M",730,70242,1039.3,963.9,1114.7
,"75-84 years","75-84","Arkansas","05","2022","2022","Female","F",541,94703,571.3,523.1,619.4
,"75-84 years","75-84","Arkansas","05","2022","2022","Male","M",759,74622,1017.1,944.8,1089.5
,"75-84 years","75-84","Arkansas","05","2023","2023","Female","F",517,97313,531.3,485.5,577.1
,"75-84 years","75-84","Arkansas","05","2023","2023","Male","M",709,77562,914.1,846.8,981.4
,"75-84 years","75-84","Arkansas","05","2024","2024","Female","F",529,100527,526.2,481.4,571.1
,"75-84 years","75-84","Arkansas","05","2024","2024","Male","M",742,79839,929.4,862.5,996.2
,"75-84 years","75-84","Arkansas","05","2025 (provisional)","2025","Female","F",512,100527,509.3,465.2,553.4
,"75-84 years","75-84","Arkansas","05","2025 (provisional)","2025","Male","M",750,79839,939.4,872.2,1006.6
,"75-84 years","75-84","California","06","2021","2021","Female","F",3741,961800,389.0,376.5,401.4
,"75-84 years","75-84","California","06","2021","2021","Male","M",5574,759888,733.5,714.3,752.8
,"75-84 years","75-84","California","06","2022","2022","Female","F",3823,1038517,368.1,356.5,379.8
,"75-84 years","75-84","California","06","2022","2022","Male","M",5940,816915,727.1,708.6,745.6
,"75-84 years","75-84","California","06","2023","2023","Female","F",3674,1084671,338.7,327.8,349.7
,"75-84 years","75-84","California","06","2023","2023","Male","M",5583,862052,647.6,630.7,664.6
,"75-84 years","75-84","California","06","2024","2024","Female","F",3553,1141019,311.4,301.1,321.6
,"75-84 years","75-84","California","06","2024","2024","Male","M",5807,906636,640.5,624.0,657.0
,"75-84 years","75-84","California","06","2025 (provisional)","2025","Female","F",3537,1141019,310.0,299.8,320.2
,"75-84 years","75-84","California","06","2025 (provisional)","2025","Male","M",5779,906636,637.4,621.0,653.8
,"75-84 years","75-84","Colorado","08","2021","2021","Female","F",380,130411,291.4,262.1,320.7
,"75-84 years","75-84","Colorado","08","2021","2021","Male","M",651,109110,596.6,550.8,642.5
,"75-84 years","75-84","Colorado","08","2022","2022","Female","F",385,144467,266.5,239.9,293.1
,"75-84 years","75-84","Colorado","08","2022","2022","Male","M",653,120005,544.1,502.4,585.9
,"75-84 years","75-84","Colorado","08","2023","2023","Female","F",345,152758,225.8,202.0,249.7
,"75-84 years","75-84","Colorado","08","2023","2023","Male","M",700,128930,542.9,502.7,583.2
,"75-84 years","75-84","Colorado","08","2024","2024","Female","F",370,162396,227.8,204.6,251.1
,"75-84 years","75-84","Colorado","08","2024","2024","Male","M",634,137805,460.1,424.3,495.9
,"75-84 years","75-84","Colorado","08","2025 (provisional)","2025","Female","F",400,162396,246.3,222.2,270.5
,"75-84 years","75-84","Colorado","08","2025 (provisional)","2025","Male","M",687,137805,498.5,461.3,535.8
,"75-84 years","75-84","Connecticut","09","2021","2021","Female","F",271,107368,252.4,222.4,282.5
,"75-84 years","75-84","Connecticut","09","2021","2021","Male","M",478,82909,576.5,524.9,628.2
,"75-84 years","75-84","Connecticut","09","2022","2022","Female","F",317,114317,277.3,246.8,307.8
,"75-84 years","75-84","Connecticut","09","2022","2022","Male","M",528,88568,596.2,545.3,647.0
,"75-84 years","75-84","Connecticut","09","2023","2023","Female","F",309,121328,254.7,226.3,283.1
,"75-84 years","75-84","Connecticut","09","2023","2023","Male","M",482,94529,509.9,464.4,555.4
,"75-84 years","75-84","Connecticut","09","2024","2024","Female","F",299,126878,235.7,208.9,262.4
,"75-84 years","75-84","Connecticut","09","2024","2024","Male","M",513,99289,516.7,472.0,561.4
,"75-84 years","75-84","Connecticut","09","2025 (provisional)","2025","Female","F",271,126878,213.6,188.2,239.0
,"75-84 years","75-84","Connecticut","09","2025 (provisional)","2025","Male","M",507,99289,510.6,466.2,555.1
,"75-84 years","75-84","Delaware","10","2021","2021","Female","F",116,32176,360.5,294.9,426.1
,"75-84 years","75-84","Delaware","10","2021","2021","Male","M",212,26410,802.7,694.7,910.8
,"75-84 years","75-84","Delaware","10","2022","2022","Female","F",135,35426,381.1,316.8,445.4
,"75-84 years","75-84","Delaware","10","2022","2022","Male","M",237,28982,817.7,713.6,921.9
,"75-84 years","75-84","Delaware","10","2023","2023","Female","F",138,37227,370.7,308.8,432.5
,"75-84 years","75-84","Delaware","10","2023","2023","Male","M",214,30420,703.5,609.2,797.7
,"75-84 years","75-84","Delaware","10","2024","2024","Female","F",176,39428,446.4,380.4,512.3
,"75-84 years","75-84","Delaware","10","2024","2024","Male","M",230,32386,710.2,618.4,802.0
,"75-84 years","75-84","Delaware","10","2025 (provisional)","2025","Female","F",128,39428,324.6,268.4,380.9
,"75-84 years","75-84","Delaware","10","2025 (provisional)","2025","Male","M",239,32386,738.0,644.4,831.5
,"75-84 years","75-84","District of Columbia","11","2021","2021","Female","F",83,14671,565.7,450.6,701.3
,"75-84 years","75-84","District of Columbia","11","2021","2021","Male","M",86,9847,873.4,698.6,1078.6
,"75-84 years","75-84","District of Columbia","11","2022","2022","Female","F",81,15693,516.2,409.9,641.5
,"75-84 years","75-84","District of Columbia","11","2022","2022","Male","M",113,10421,1084.3,884.4,1284.3
,"75-84 years","75-84","District of Columbia","11","2023","2023","Female","F",70,16286,429.8,335.1,543.0
,"75-84 years","75-84","District of Columbia","11","2023","2023","Male","M",66,10965,601.9,465.5,765.8
,"75-84 years","75-84","District of Columbia","11","2024","2024","Female","F",72,17048,422.3,330.5,531.9
,"75-84 years","75-84","District of Columbia","11","2024","2024","Male","M",74,11593,638.3,501.2,801.3
,"75-84 years","75-84","District of Columbia","11","2025 (provisional)","2025","Female","F",71,17048,416.5,325.3,525.3
,"75-84 years","75-84","District of Columbia","11","2025 (provisional)","2025","Male","M",85,11593,733.2,585.7,906.6
,"75-84 years","75-84","Florida","12","2021","2021","Female","F",3206,800710,400.4,386.5,414.3
,"75-84 years","75-84","Florida","12","2021","2021","Male","M",5144,670097,767.7,746.7,788.6
,"75-84 years","75-84","Florida","12","2022","2022","Female","F",3257,869802,374.5,361.6,387.3
,"75-84 years","75-84","Florida","12","2022","2022","Male","M",5218,720379,724.3,704.7,744.0
,"75-84 years","75-84","Florida","12","2023","2023","Female","F",3229,905527,356.6,344.3,368.9
,"75-84 years","75-84","Florida","12","2023","2023","Male","M",5116,754953,677.7,659.1,696.2
,"75-84 years","75-84","Florida","12","2024","2024","Female","F",3233,950160,340.3,328.5,352.0
,"75-84 years","75-84","Florida","12","2024","2024","Male","M",5286,785480,673.0,654.8,691.1
,"75-84 years","75-84","Florida","12","2025 (provisional)","2025","Female","F",3335,950160,351.0,339.1,362.9
,"75-84 years","75-84","Florida","12","2025 (provisional)","2025","Male","M",5306,785480,675.5,657.3,693.7
,"75-84 years","75-84","Georgia","13","2021","2021","Female","F",873,258084,338.3,315.8,360.7
,"75-84 years","75-84","Georgia","13","2021","2021","Male","M",1243,196943,631.1,596.1,666.2
,"75-84 years","75-84","Georgia","13","2022","2022","Female","F",839,282222,297.3,277.2,317.4
,"75-84 years","75-84","Georgia","13","2022","2022","Male","M",1292,213436,605.3,572.3,638.3
,"75-84 years","75-84","Georgia","13","2023","2023","Female","F",788,296975,265.3,246.8,283.9
,"75-84 years","75-84","Georgia","13","2023","2023","Male","M",1302,226995,573.6,542.4,604.7
,"75-84 years","75-84","Georgia","13","2024","2024","Female","F",885,314577,281.3,262.8,299.9
,"75-84 years","75-84","Georgia","13","2024","2024","Male","M",1295,239232,541.3,511.8,570.8
,"75-84 years","75-84","Georgia","13","2025 (provisional)","2025","Female","F",869,314577,276.2,257.9,294.6
,"75-84 years","75-84","Georgia","13","2025 (provisional)","2025","Male","M",1350,239232,564.3,534.2,594.4
,"75-84 years","75-84","Hawaii","15","2021","2021","Female","F",132,43942,300.4,249.1,351.6
,"75-84 years","75-84","Hawaii","15","2021","2021","Male","M",218,36924,590.4,512.0,668.8
,"75-84 years","75-84","Hawaii","15","2022","2022","Female","F",152,48086,316.1,265.8,366.4
,"75-84 years","75-84","Hawaii","15","2022","2022","Male","M",259,40648,637.2,559.6,714.8
,"75-84 years","75-84","Hawaii","15","2023","2023","Female","F",126,51261,245.8,202.9,288.7
,"75-84 years","75-84","Hawaii","15","2023","2023","Male","M",233,44166,527.6,459.8,595.3
,"75-84 years","75-84","Hawaii","15","2024","2024","Female","F",136,54159,251.1,208.9,293.3
,"75-84 years","75-84","Hawaii","15","2024","2024","Male","M",279,47014,593.4,523.8,663.1
,"75-84 years","75-84","Hawaii","15","2025 (provisional)","2025","Female","F",148,54159,273.3,229.2,317.3
,"75-84 years","75-84","Hawaii","15","2025 (provisional)","2025","Male","M",273,47014,580.7,511.8,649.6
,"75-84 years","75-84","Idaho","16","2021","2021","Female","F",148,47485,311.7,261.5,361.9
,"75-84 years","75-84","Idaho","16","2021","2021","Male","M",328,43009,762.6,680.1,845.2
,"75-84 years","75-84","Idaho","16","2022","2022","Female","F",175,52441,333.7,284.3,383.2
,"75-84 years","75-84","Idaho","16","2022","2022","Male","M",342,47225,724.2,647.4,800.9
,"75-84 years","75-84","Idaho","16","2023","2023","Female","F",158,55553,284.4,240.1,328.8
,"75-84 years","75-84","Idaho","16","2023","2023","Male","M",333,50154,664.0,592.6,735.3
,"75-84 years","75-84","Idaho","16","2024","2024","Female","F",162,58739,275.8,233.3,318.3
,"75-84 years","75-84","Idaho","16","2024","2024","Male","M",352,53248,661.1,592.0,730.1
,"75-84 years","75-84","Idaho","16","2025 (provisional)","2025","Female","F",166,58739,282.6,239.6,325.6
,"75-84 years","75-84","Idaho","16","2025 (provisional)","2025","Male","M",299,53248,561.5,497.9,625.2
,"75-84 years","75-84","Illinois","17","2021","2021","Female","F",1228,341667,359.4,339.3,379.5
,"75-84 years","75-84","Illinois","17","2021","2021","Male","M",1810,259728,696.9,664.8,729.0
,"75-84 years","75-84","Illinois","17","2022","2022","Female","F",1276,366594,348.1,329.0,367.2
,"75-84 years","75-84","Illinois","17","2022","2022","Male","M",1918,278347,689.1,658.2,719.9
,"75-84 years","75-84","Illinois","17","2023","2023","Female","F",1210,377928,320.2,302.1,338.2
,"75-84 years","75-84","Illinois","17","2023","2023","Male","M",1789,291496,613.7,585.3,642.2
,"75-84 years","75-84","Illinois","17","2024","2024","Female","F",1167,395197,295.3,278.4,312.2
,"75-84 years","75-84","Illinois","17","2024","2024","Male","M",1772,306129,578.8,551.9,605.8
,"75-84 years","75-84","Illinois","17","2025 (provisional)","2025","Female","F",1211,395197,306.4,289.2,323.7
,"75-84 years","75-84","Illinois","17","2025 (provisional)","2025","Male","M",1878,306129,613.5,585.7,641.2
,"75-84 years","75-84","Indiana","18","2021","2021","Female","F",816,178518,457.1,425.7,488.5
,"75-84 years","75-84","Indiana","18","2021","2021","Male","M",1147,138210,829.9,781.9,877.9
,"75-84 years","75-84","Indiana","18","2022","2022","Female","F",779,193256,403.1,374.8,431.4
,"75-84 years","75-84","Indiana","18","2022","2022","Male","M",1225,148531,824.7,778.6,870.9
,"75-84 years","75-84","Indiana","18","2023","2023","Female","F",816,199642,408.7,380.7,436.8
,"75-84 years","75-84","Indiana","18","2023","2023","Male","M",1225,155659,787.0,742.9,831.0
,"75-84 years","75-84","Indiana","18","2024","2024","Female","F",788,208431,378.1,351.7,404.5
,"75-84 years","75-84","Indiana","18","2024","2024","Male","M",1219,163443,745.8,704.0,787.7
,"75-84 years","75-84","Indiana","18","2025 (provisional)","2025","Female","F",860,208431,412.6,385.0,440.2
,"75-84 years","75-84","Indiana","18","2025 (provisional)","2025","Male","M",1244,163443,761.1,718.8,803.4
,"75-84 years","75-84","Iowa","19","2021","2021","Female","F",426,88493,481.4,435.7,527.1
,"75-84 years","75-84","Iowa","19","2021","2021","Male","M",696,71330,975.7,903.3,1048.2
,"75-84 years","75-84","Iowa","19","2022","2022","Female","F",443,95345,464.6,421.4,507.9
,"75-84 years","75-84","Iowa","19","2022","2022","Male","M",683,76936,887.8,821.2,954.3
,"75-84 years","75-84","Iowa","19","2023","2023","Female","F",351,98181,357.5,320.1,394.9
,"75-84 years","75-84","Iowa","19","2023","2023","Male","M",689,80196,859.1,795.0,923.3
,"75-84 years","75-84","Iowa","19","2024","2024","Female","F",413,102066,404.6,365.6,443.7
,"75-84 years","75-84","Iowa","19","2024","2024","Male","M",630,83903,750.9,692.2,809.5
,"75-84 years","75-84","Iowa","19","2025 (provisional)","2025","Female","F",415,102066,406.6,367.5,445.7
,"75-84 years","75-84","Iowa","19","2025 (provisional)","2025","Male","M",681,83903,811.7,750.7,872.6
,"75-84 years","75-84","Kansas","20","2021","2021","Female","F",349,76149,458.3,410.2,506.4
,"75-84 years","75-84","Kansas","20","2021","2021","Male","M",572,61171,935.1,858.5,1011.7
,"75-84 years","75-84","Kansas","20","2022","2022","Female","F",348,81883,425.0,380.3,469.6
,"75-84 years","75-84","Kansas","20","2022","2022","Male","M",539,65627,821.3,752.0,890.6
,"75-84 years","75-84","Kansas","20","2023","2023","Female","F",322,84537,380.9,339.3,422.5
,"75-84 years","75-84","Kansas","20","2023","2023","Male","M",550,68708,800.5,733.6,867.4
,"75-84 years","75-84","Kansas","20","2024","2024","Female","F",311,88122,352.9,313.7,392.1
,"75-84 years","75-84","Kansas","20","2024","2024","Male","M",540,72271,747.2,684.2,810.2
,"75-84 years","75-84","Kansas","20","2025 (provisional)","2025","Female","F",330,88122,374.5,334.1,414.9
,"75-84 years","75-84","Kansas","20","2025 (provisional)","2025","Male","M",554,72271,766.6,702.7,830.4
,"75-84 years","75-84","Kentucky","21","2021","2021","Female","F",603,124219,485.4,446.7,524.2
,"75-84 years","75-84","Kentucky","21","2021","2021","Male","M",874,96288,907.7,847.5,967.9
,"75-84 years","75-84","Kentucky","21","2022","2022","Female","F",617,133892,460.8,424.5,497.2
,"75-84 years","75-84","Kentucky","21","2022","2022","Male","M",942,103724,908.2,850.2,966.2
,"75-84 years","75-84","Kentucky","21","2023","2023","Female","F",567,138409,409.7,375.9,443.4
,"75-84 years","75-84","Kentucky","21","2023","2023","Male","M",837,108146,774.0,721.5,826.4
,"75-84 years","75-84","Kentucky","21","2024","2024","Female","F",594,143528,413.9,380.6,447.1
,"75-84 years","75-84","Kentucky","21","2024","2024","Male","M",848,113310,748.4,698.0,798.8
,"75-84 years","75-84","Kentucky","21","2025 (provisional)","2025","Female","F",568,143528,395.7,363.2,428.3
,"75-84 years","75-84","Kentucky","21","2025 (provisional)","2025","Male","M",888,113310,783.7,732.1,835.2
,"75-84 years","75-84","Louisiana","22","2021","2021","Female","F",587,122942,477.5,438.8,516.1
,"75-84 years","75-84","Louisiana","22","2021","2021","Male","M",878,93204,942.0,879.7,1004.3
,"75-84 years","75-84","Louisiana","22","2022","2022","Female","F",649,131093,495.1,457.0,533.2
,"75-84 years","75-84","Louisiana","22","2022","2022","Male","M",869,99398,874.3,816.1,932.4
,"75-84 years","75-84","Louisiana","22","2023","2023","Female","F",532,135404,392.9,359.5,426.3
,"75-84 years","75-84","Louisiana","22","2023","2023","Male","M",795,104150,763.3,710.3,816.4
,"75-84 years","75-84","Louisiana","22","2024","2024","Female","F",549,141236,388.7,356.2,421.2
,"75-84 years","75-84","Louisiana","22","2024","2024","Male","M",858,109045,786.8,734.2,839.5
,"75-84 years","75-84","Louisiana","22","2025 (provisional)","2025","Female","F",593,141236,419.9,386.1,453.7
,"75-84 years","75-84","Louisiana","22","2025 (provisional)","2025","Male","M",855,109045,784.1,731.5,836.6
,"75-84 years","75-84","Maine","23","2021","2021","Female","F",199,45630,436.1,375.5,496.7
,"75-84 years","75-84","Maine","23","2021","2021","Male","M",326,38427,848.4,756.3,940.5
,"75-84 years","75-84","Maine","23","2022","2022","Female","F",207,50715,408.2,352.6,463.8
,"75-84 years","75-84","Maine","23","2022","2022","Male","M",320,42804,747.6,665.7,829.5
,"75-84 years","75-84","Maine","23","2023","2023","Female","F",189,53153,355.6,304.9,406.3
,"75-84 years","75-84","Maine","23","2023","2023","Male","M",334,45562,733.1,654.4,811.7
,"75-84 years","75-84","Maine","23","2024","2024","Female","F",201,56163,357.9,308.4,407.4
,"75-84 years","75-84","Maine","23","2024","2024","Male","M",330,48266,683.7,609.9,757.5
,"75-84 years","75-84","Maine","23","2025 (provisional)","2025","Female","F",205,56163,365.0,315.0,415.0
,"75-84 years","75-84","Maine","23","2025 (provisional)","2025","Male","M",365,48266,756.2,678.6,833.8
,"75-84 years","75-84","Maryland","24","2021","2021","Female","F",747,165247,452.1,419.6,484.5
,"75-84 years","75-84","Maryland","24","2021","2021","Male","M",968,123911,781.2,732.0,830.4
,"75-84 years","75-84","Maryland","24","2022","2022","Female","F",742,180900,410.2,380.7,439.7
,"75-84 years","75-84","Maryland","24","2022","2022","Male","M",949,134797,704.0,659.2,748.8
,"75-84 years","75-84","Maryland","24","2023","2023","Female","F",638,188243,338.9,312.6,365.2
,"75-84 years","75-84","Maryland","24","2023","2023","Male","M",968,141688,683.2,640.2,726.2
,"75-84 years","75-84","Maryland","24","2024","2024","Female","F",686,197998,346.5,320.5,372.4
,"75-84 years","75-84","Maryland","24","2024","2024","Male","M",948,149018,636.2,595.7,676.7
,"75-84 years","75-84","Maryland","24","2025 (provisional)","2025","Female","F",652,197998,329.3,304.0,354.6
,"75-84 years","75-84","Maryland","24","2025 (provisional)","2025","Male","M",965,149018,647.6,606.7,688.4
,"75-84 years","75-84","Massachusetts","25","2021","2021","Female","F",546,197181,276.9,253.7,300.1
,"75-84 years","75-84","Massachusetts","25","2021","2021","Male","M",892,149044,598.5,559.2,637.8
,"75-84 years","75-84","Massachusetts","25","2022","2022","Female","F",518,214562,241.4,220.6,262.2
,"75-84 years","75-84","Massachusetts","25","2022","2022","Male","M",931,163538,569.3,532.7,605.9
,"75-84 years","75-84","Massachusetts","25","2023","2023","Female","F",544,224940,241.8,221.5,262.2
,"75-84 years","75-84","Massachusetts","25","2023","2023","Male","M",984,173552,567.0,531.6,602.4
,"75-84 years","75-84","Massachusetts","25","2024","2024","Female","F",503,237343,211.9,193.4,230.5
,"75-84 years","75-84","Massachusetts","25","2024","2024","Male","M",896,183829,487.4,455.5,519.3
,"75-84 years","75-84","Massachusetts","25","2025 (provisional)","2025","Female","F",512,237343,215.7,197.0,234.4
,"75-84 years","75-84","Massachusetts","25","2025 (provisional)","2025","Male","M",959,183829,521.7,488.7,554.7
,"75-84 years","75-84","Michigan","26","2021","2021","Female","F",1536,286825,535.5,508.7,562.3
,"75-84 years","75-84","Michigan","26","2021","2021","Male","M",2189,230371,950.2,910.4,990.0
,"75-84 years","75-84","Michigan","26","2022","2022","Female","F",1641,309609,530.0,504.4,555.7
,"75-84 years","75-84","Michigan","26","2022","2022","Male","M",2335,248294,940.4,902.3,978.6
,"75-84 years","75-84","Michigan","26","2023","2023","Female","F",1566,322652,485.4,461.3,509.4
,"75-84 years","75-84","Michigan","26","2023","2023","Male","M",2271,261678,867.9,832.2,903.6
,"75-84 years","75-84","Michigan","26","2024","2024","Female","F",1587,338777,468.4,445.4,491.5
,"75-84 years","75-84","Michigan","26","2024","2024","Male","M",2348,275214,853.2,818.6,887.7
,"75-84 years","75-84","Michigan","26","2025 (provisional)","2025","Female","F",1676,338777,494.7,471.0,518.4
,"75-84 years","75-84","Michigan","26","2025 (provisional)","2025","Male","M",2387,275214,867.3,832.5,902.1
,"75-84 years","75-84","Minnesota","27","2021","2021","Female","F",363,147194,246.6,221.2,272.0
,"75-84 years","75-84","Minnesota","27","2021","2021","Male","M",747,121399,615.3,571.2,659.5
,"75-84 years","75-84","Minnesota","27","2022","2022","Female","F",421,159174,264.5,239.2,289.8
,"75-84 years","75-84","Minnesota","27","2022","2022","Male","M",805,131673,611.4,569.1,653.6
,"75-84 years","75-84","Minnesota","27","2023","2023","Female","F",369,165561,222.9,200.1,245.6
,"75-84 years","75-84","Minnesota","27","2023","2023","Male","M",745,138430,538.2,499.5,576.8
,"75-84 years","75-84","Minnesota","27","2024","2024","Female","F",420,173583,242.0,218.8,265.1
,"75-84 years","75-84","Minnesota","27","2024","2024","Male","M",776,145506,533.3,495.8,570.8
,"75-84 years","75-84","Minnesota","27","2025 (provisional)","2025","Female","F",396,173583,228.1,205.7,250.6
,"75-84 years","75-84","Minnesota","27","2025 (provisional)","2025","Male","M",796,145506,547.1,509.1,585.1
,"75-84 years","75-84","Mississippi","28","2021","2021","Female","F",420,81716,514.0,464.8,563.1
,"75-84 years","75-84","Mississippi","28","2021","2021","Male","M",632,61123,1034.0,953.4,1114.6
,"75-84 years","75-84","Mississippi","28","2022","2022","Female","F",407,87345,466.0,420.7,511.2
,"75-84 years","75-84","Mississippi","28","2022","2022","Male","M",664,65442,1014.6,937.5,1091.8
,"75-84 years","75-84","Mississippi","28","2023","2023","Female","F",381,90129,422.7,380.3,465.2
,"75-84 years","75-84","Mississippi","28","2023","2023","Male","M",602,68306,881.3,810.9,951.7
,"75-84 years","75-84","Mississippi","28","2024","2024","Female","F",402,93180,431.4,389.2,473.6
,"75-84 years","75-84","Mississippi","28","2024","2024","Male","M",594,70950,837.2,769.9,904.5
,"75-84 years","75-84","Mississippi","28","2025 (provisional)","2025","Female","F",430,93180,461.5,417.9,505.1
,"75-84 years","75-84","Mississippi","28","2025 (provisional)","2025","Male","M",573,70950,807.6,741.5,873.7
,"75-84 years","75-84","Missouri","29","2021","2021","Female","F",836,176386,474.0,441.8,506.1
,"75-84 years","75-84","Missouri","29","2021","2021","Male","M",1181,138869,850.4,801.9,898.9
,"75-84 years","75-84","Missouri","29","2022","2022","Female","F",881,188929,466.3,435.5,497.1
,"75-84 years","75-84","Missouri","29","2022","2022","Male","M",1335,147257,906.6,857.9,955.2
,"75-84 years","75-84","Missouri","29","2023","2023","Female","F",859,194712,441.2,411.7,470.7
,"75-84 years","75-84","Missouri","29","2023","2023","Male","M",1215,153853,789.7,745.3,834.1
,"75-84 years","75-84","Missouri","29","2024","2024","Female","F",837,202890,412.5,384.6,440.5
,"75-84 years","75-84","Missouri","29","2024","2024","Male","M",1310,160116,818.2,773.9,862.5
,"75-84 years","75-84","Missouri","29","2025 (provisional)","2025","Female","F",882,202890,434.7,406.0,463.4
,"75-84 years","75-84","Missouri","29","2025 (provisional)","2025","Male","M",1296,160116,809.4,765.3,853.5
,"75-84 years","75-84","Montana","30","2021","2021","Female","F",130,31030,418.9,346.9,491.0
,"75-84 years","75-84","Montana","30","2021","2021","Male","M",303,29167,1038.8,921.9,1155.8
,"75-84 years","75-84","Montana","30","2022","2022","Female","F",139,34018,408.6,340.7,476.5
,"75-84 years","75-84","Montana","30","2022","2022","Male","M",260,31735,819.3,719.7,918.9
,"75-84 years","75-84","Montana","30","2023","2023","Female","F",149,35816,416.0,349.2,482.8
,"75-84 years","75-84","Montana","30","2023","2023","Male","M",249,33808,736.5,645.0,828.0
,"75-84 years","75-84","Montana","30","2024","2024","Female","F",170,37980,447.6,380.3,514.9
,"75-84 years","75-84","Montana","30","2024","2024","Male","M",314,35786,877.4,780.4,974.5
,"75-84 years","75-84","Montana","30","2025 (provisional)","2025","Female","F",161,37980,423.9,358.4,489.4
,"75-84 years","75-84","Montana","30","2025 (provisional)","2025","Male","M",288,35786,804.8,711.8,897.7
,"75-84 years","75-84","Nebraska","31","2021","2021","Female","F",173,49673,348.3,296.4,400.2
,"75-84 years","75-84","Nebraska","31","2021","2021","Male","M",278,40209,691.4,610.1,772.7
,"75-84 years","75-84","Nebraska","31","2022","2022","Female","F",136,53352,254.9,212.1,297.8
,"75-84 years","75-84","Nebraska","31","2022","2022","Male","M",291,43478,669.3,592.4,746.2
,"75-84 years","75-84","Nebraska","31","2023","2023","Female","F",145,55455,261.5,218.9,304.0
,"75-84 years","75-84","Nebraska","31","2023","2023","Male","M",268,45560,588.2,517.8,658.7
,"75-84 years","75-84","Nebraska","31","2024","2024","Female","F",141,58214,242.2,202.2,282.2
,"75-84 years","75-84","Nebraska","31","2024","2024","Male","M",276,48363,570.7,503.4,638.0
,"75-84 years","75-84","Nebraska","31","2025 (provisional)","2025","Female","F",136,58214,233.6,194.4,272.9
,"75-84 years","75-84","Nebraska","31","2025 (provisional)","2025","Male","M",292,48363,603.8,534.5,673.0
,"75-84 years","75-84","Nevada","32","2021","2021","Female","F",418,80861,516.9,467.4,566.5
,"75-84 years","75-84","Nevada","32","2021","2021","Male","M",673,73180,919.7,850.2,989.1
,"75-84 years","75-84","Nevada","32","2022","2022","Female","F",433,88628,488.6,442.5,534.6
,"75-84 years","75-84","Nevada","32","2022","2022","Male","M",718,79404,904.2,838.1,970.4
,"75-84 years","75-84","Nevada","32","2023","2023","Female","F",380,94032,404.1,363.5,444.8
,"75-84 years","75-84","Nevada","32","2023","2023","Male","M",683,84069,812.4,751.5,873.4
,"75-84 years","75-84","Nevada","32","2024","2024","Female","F",400,99809,400.8,361.5,440.0
,"75-84 years","75-84","Nevada","32","2024","2024","Male","M",771,88242,873.7,812.1,935.4
,"75-84 years","75-84","Nevada","32","2025 (provisional)","2025","Female","F",437,99809,437.8,396.8,478.9
,"75-84 years","75-84","Nevada","32","2025 (provisional)","2025","Male","M",665,88242,753.6,696.3,810.9
,"75-84 years","75-84","New Hampshire","33","2021","2021","Female","F",125,39845,313.7,258.7,368.7
,"75-84 years","75-84","New Hampshire","33","2021","2021","Male","M",249,33561,741.9,649.8,834.1
,"75-84 years","75-84","New Hampshire","33","2022","2022","Female","F",147,44481,330.5,277.1,383.9
,"75-84 years","75-84","New Hampshire","33","2022","2022","Male","M",256,37554,681.7,598.2,765.2
,"75-84 years","75-84","New Hampshire","33","2023","2023","Female","F",133,46951,283.3,235.1,331.4
,"75-84 years","75-84","New Hampshire","33","2023","2023","Male","M",255,40266,633.3,555.6,711.0
,"75-84 years","75-84","New Hampshire","33","2024","2024","Female","F",175,49864,351.0,299.0,403.0
,"75-84 years","75-84","New Hampshire","33","2024","2024","Male","M",258,42900,601.4,528.0,674.8
,"75-84 years","75-84","New Hampshire","33","2025 (provisional)","2025","Female","F",142,49864,284.8,237.9,331.6
,"75-84 years","75-84","New Hampshire","33","2025 (provisional)","2025","Male","M",292,42900,680.7,602.6,758.7
,"75-84 years","75-84","New Jersey","34","2021","2021","Female","F",999,263194,379.6,356.0,403.1
,"75-84 years","75-84","New Jersey","34","2021","2021","Male","M",1389,195468,710.6,673.2,748.0
,"75-84 years","75-84","New Jersey","34","2022","2022","Female","F",993,281513,352.7,330.8,374.7
,"75-84 years","75-84","New Jersey","34","2022","2022","Male","M",1358,209459,648.3,613.9,682.8
,"75-84 years","75-84","New Jersey","34","2023","2023","Female","F",836,291896,286.4,267.0,305.8
,"75-84 years","75-84","New Jersey","34","2023","2023","Male","M",1311,220204,595.4,563.1,627.6
,"75-84 years","75-84","New Jersey","34","2024","2024","Female","F",873,305117,286.1,267.1,305.1
,"75-84 years","75-84","New Jersey","34","2024","2024","Male","M",1290,231036,558.4,527.9,588.8
,"75-84 years","75-84","New Jersey","34","2025 (provisional)","2025","Female","F",898,305117,294.3,275.1,313.6
,"75-84 years","75-84","New Jersey","34","2025 (provisional)","2025","Male","M",1299,231036,562.3,531.7,592.8
,"75-84 years","75-84","New Mexico","35","2021","2021","Female","F",295,62281,473.7,419.6,527.7
,"75-84 years","75-84","New Mexico","35","2021","2021","Male","M",469,52676,890.3,809.8,970.9
,"75-84 years","75-84","New Mexico","35","2022","2022","Female","F",315,67375,467.5,415.9,519.2
,"75-84 years","75-84","New Mexico","35","2022","2022","Male","M",477,56710,841.1,765.6,916.6
,"75-84 years","75-84","New Mexico","35","2023","2023","Female","F",315,71910,438.0,389.7,486.4
,"75-84 years","75-84","New Mexico","35","2023","2023","Male","M",528,60987,865.8,791.9,939.6
,"75-84 years","75-84","New Mexico","35","2024","2024","Female","F",308,75671,407.0,361.6,452.5
,"75-84 years","75-84","New Mexico","35","2024","2024","Male","M",485,64367,753.5,686.4,820.6
,"75-84 years","75-84","New Mexico","35","2025 (provisional)","2025","Female","F",340,75671,449.3,401.6,497.1
,"75-84 years","75-84","New Mexico","35","2025 (provisional)","2025","Male","M",536,64367,832.7,762.2,903.2
,"75-84 years","75-84","New York","36","2021","2021","Female","F",3033,582237,520.9,502.4,539.5
,"75-84 years","75-84","New York","36","2021","2021","Male","M",3754,429061,874.9,846.9,902.9
,"75-84 years","75-84","New York","36","2022","2022","Female","F",3113,620561,501.6,484.0,519.3
,"75-84 years","75-84","New York","36","2022","2022","Male","M",4093,456999,895.6,868.2,923.1
,"75-84 years","75-84","New York","36","2023","2023","Female","F",2919,641229,455.2,438.7,471.7
,"75-84 years","75-84","New York","36","2023","2023","Male","M",3908,482131,810.6,785.2,836.0
,"75-84 years","75-84","New York","36","2024","2024","Female","F",2878,672231,428.1,412.5,443.8
,"75-84 years","75-84","New York","36","2024","2024","Male","M",3905,507086,770.1,745.9,794.2
,"75-84 years","75-84","New York","36","2025 (provisional)","2025","Female","F",2881,672231,428.6,412.9,444.2
,"75-84 years","75-84","New York","36","2025 (provisional)","2025","Male","M",3949,507086,778.8,754.5,803.1
,"75-84 years","75-84","North Carolina","37","2021","2021","Female","F",1126,293272,383.9,361.5,406.4
,"75-84 years","75-84","North Carolina","37","2021","2021","Male","M",1689,227256,743.2,707.8,778.7
,"75-84 years","75-84","North Carolina","37","2022","2022","Female","F",1110,320209,346.6,326.3,367.0
,"75-84 years","75-84","North Carolina","37","2022","2022","Male","M",1944,248062,783.7,748.8,818.5
,"75-84 years","75-84","North Carolina","37","2023","2023","Female","F",1096,335135,327.0,307.7,346.4
,"75-84 years","75-84","North Carolina","37","2023","2023","Male","M",1839,262253,701.2,669.2,733.3
,"75-84 years","75-84","North Carolina","37","2024","2024","Female","F",1088,353722,307.6,289.3,325.9
,"75-84 years","75-84","North Carolina","37","2024","2024","Male","M",1825,275712,661.9,631.6,692.3
,"75-84 years","75-84","North Carolina","37","2025 (provisional)","2025","Female","F",1249,353722,353.1,333.5,372.7
,"75-84 years","75-84","North Carolina","37","2025 (provisional)","2025","Male","M",1881,275712,682.2,651.4,713.1
,"75-84 years","75-84","North Dakota","38","2021","2021","Female","F",61,18637,327.3,250.4,420.4
,"75-84 years","75-84","North Dakota","38","2021","2021","Male","M",123,15673,784.8,646.1,923.5
,"75-84 years","75-84","North Dakota","38","2022","2022","Female","F",59,19922,296.2,225.4,382.0
,"75-84 years","75-84","North Dakota","38","2022","2022","Male","M",131,16834,778.2,644.9,911.4
,"75-84 years","75-84","North Dakota","38","2023","2023","Female","F",63,20436,308.3,236.9,394.4
,"75-84 years","75-84","North Dakota","38","2023","2023","Male","M",128,17820,718.3,593.9,842.7
,"75-84 years","75-84","North Dakota","38","2024","2024","Female","F",72,21441,335.8,262.7,422.9
,"75-84 years","75-84","North Dakota","38","2024","2024","Male","M",111,18906,587.1,477.9,696.3
,"75-84 years","75-84","North Dakota","38","2025 (provisional)","2025","Female","F",69,21441,321.8,250.4,407.3
,"75-84 years","75-84","North Dakota","38","2025 (provisional)","2025","Male","M",123,18906,650.6,535.6,765.6
,"75-84 years","75-84","Ohio","39","2021","2021","Female","F",1550,337006,459.9,437.0,482.8
,"75-84 years","75-84","Ohio","39","2021","2021","Male","M",2353,256826,916.2,879.2,953.2
,"75-84 years","75-84","Ohio","39","2022","2022","Female","F",1604,363126,441.7,420.1,463.3
,"75-84 years","75-84","Ohio","39","2022","2022","Male","M",2322,277073,838.0,804.0,872.1
,"75-84 years","75-84","Ohio","39","2023","2023","Female","F",1389,377305,368.1,348.8,387.5
,"75-84 years","75-84","Ohio","39","2023","2023","Male","M",2255,291278,774.2,742.2,806.1
,"75-84 years","75-84","Ohio","39","2024","2024","Female","F",1523,394656,385.9,366.5,405.3
,"75-84 years","75-84","Ohio","39","2024","2024","Male","M",2289,306833,746.0,715.4,776.6
,"75-84 years","75-84","Ohio","39","2025 (provisional)","2025","Female","F",1578,394656,399.8,380.1,419.6
,"75-84 years","75-84","Ohio","39","2025 (provisional)","2025","Male","M",2389,306833,778.6,747.4,809.8
,"75-84 years","75-84","Oklahoma","40","2021","2021","Female","F",603,106158,568.0,522.7,613.4
,"75-84 years","75-84","Oklahoma","40","2021","2021","Male","M",895,83838,1067.5,997.6,1137.5
,"75-84 years","75-84","Oklahoma","40","2022","2022","Female","F",565,113396,498.3,457.2,539.3
,"75-84 years","75-84","Oklahoma","40","2022","2022","Male","M",820,88642,925.1,861.8,988.4
,"75-84 years","75-84","Oklahoma","40","2023","2023","Female","F",575,116683,492.8,452.5,533.1
,"75-84 years","75-84","Oklahoma","40","2023","2023","Male","M",841,91764,916.5,854.5,978.4
,"75-84 years","75-84","Oklahoma","40","2024","2024","Female","F",653,121102,539.2,497.9,580.6
,"75-84 years","75-84","Oklahoma","40","2024","2024","Male","M",898,95470,940.6,879.1,1002.1
,"75-84 years","75-84","Oklahoma","40","2025 (provisional)","2025","Female","F",801,121102,661.4,615.6,707.2
,"75-84 years","75-84","Oklahoma","40","2025 (provisional)","2025","Male","M",1015,95470,1063.2,997.8,1128.6
,"75-84 years","75-84","Oregon","41","2021","2021","Female","F",316,120928,261.3,232.5,290.1
,"75-84 years","75-84","Oregon","41","2021","2021","Male","M",676,103325,654.2,604.9,703.6
,"75-84 years","75-84","Oregon","41","2022","2022","Female","F",344,133889,256.9,229.8,284.1
,"75-84 years","75-84","Oregon","41","2022","2022","Male","M",705,113383,621.8,575.9,667.7
,"75-84 years","75-84","Oregon","41","2023","2023","Female","F",353,141097,250.2,224.1,276.3
,"75-84 years","75-84","Oregon","41","2023","2023","Male","M",685,120227,569.8,527.1,612.4
,"75-84 years","75-84","Oregon","41","2024","2024","Female","F",341,150157,227.1,203.0,251.2
,"75-84 years","75-84","Oregon","41","2024","2024","Male","M",645,126991,507.9,468.7,547.1
,"75-84 years","75-84","Oregon","41","2025 (provisional)","2025","Female","F",332,150157,221.1,197.3,244.9
,"75-84 years","75-84","Oregon","41","2025 (provisional)","2025","Male","M",658,126991,518.1,478.6,557.7
,"75-84 years","75-84","Pennsylvania","42","2021","2021","Female","F",1700,400119,424.9,404.7,445.1
,"75-84 years","75-84","Pennsylvania","42","2021","2021","Male","M",2559,306739,834.3,801.9,866.6
,"75-84 years","75-84","Pennsylvania","42","2022","2022","Female","F",1668,431228,386.8,368.2,405.4
,"75-84 years","75-84","Pennsylvania","42","2022","2022","Male","M",2484,331252,749.9,720.4,779.4
,"75-84 years","75-84","Pennsylvania","42","2023","2023","Female","F",1559,447410,348.4,331.2,365.7
,"75-84 years","75-84","Pennsylvania","42","2023","2023","Male","M",2435,348405,698.9,671.1,726.7
,"75-84 years","75-84","Pennsylvania","42","2024","2024","Female","F",1532,466439,328.4,312.0,344.9
,"75-84 years","75-84","Pennsylvania","42","2024","2024","Male","M",2455,364811,673.0,646.3,699.6
,"75-84 years","75-84","Pennsylvania","42","2025 (provisional)","2025","Female","F",1666,466439,357.2,340.0,374.3
,"75-84 years","75-84","Pennsylvania","42","2025 (provisional)","2025","Male","M",2644,364811,724.8,697.1,752.4
,"75-84 years","75-84","Rhode Island","44","2021","2021","Female","F",132,31678,416.7,345.6,487.8
,"75-84 years","75-84","Rhode Island","44","2021","2021","Male","M",193,24334,793.1,681.2,905.0
,"75-84 years","75-84","Rhode Island","44","2022","2022","Female","F",141,34319,410.9,343.0,478.7
,"75-84 years","75-84","Rhode Island","44","2022","2022","Male","M",232,26614,871.7,759.5,983.9
,"75-84 years","75-84","Rhode Island","44","2023","2023","Female","F",153,35702,428.5,360.6,496.5
,"75-84 years","75-84","Rhode Island","44","2023","2023","Male","M",198,28162,703.1,605.1,801.0
,"75-84 years","75-84","Rhode Island","44","2024","2024","Female","F",144,37445,384.6,321.8,447.4
,"75-84 years","75-84","Rhode Island","44","2024","2024","Male","M",208,29761,698.9,603.9,793.9
,"75-84 years","75-84","Rhode Island","44","2025 (provisional)","2025","Female","F",140,37445,373.9,311.9,435.8
,"75-84 years","75-84","Rhode Island","44","2025 (provisional)","2025","Male","M",215,29761,722.4,625.9,819.0
,"75-84 years","75-84","South Carolina","45","2021","2021","Female","F",598,155589,384.3,353.5,415.2
,"75-84 years","75-84","South Carolina","45","2021","2021","Male","M",926,126242,733.5,686.3,780.8
,"75-84 years","75-84","South Carolina","45","2022","2022","Female","F",524,171968,304.7,278.6,330.8
,"75-84 years","75-84","South Carolina","45","2022","2022","Male","M",966,138764,696.1,652.2,740.0
,"75-84 years","75-84","South Carolina","45","2023","2023","Female","F",605,180792,334.6,308.0,361.3
,"75-84 years","75-84","South Carolina","45","2023","2023","Male","M",1013,147762,685.6,643.3,727.8
,"75-84 years","75-84","South Carolina","45","2024","2024","Female","F",594,192204,309.0,284.2,333.9
,"75-84 years","75-84","South Carolina","45","2024","2024","Male","M",1079,155860,692.3,651.0,733.6
,"75-84 years","75-84","South Carolina","45","2025 (provisional)","2025","Female","F",662,192204,344.4,318.2,370.7
,"75-84 years","75-84","South Carolina","45","2025 (provisional)","2025","Male","M",1027,155860,658.9,618.6,699.2
,"75-84 years","75-84","South Dakota","46","2021","2021","Female","F",79,21828,361.9,286.5,451.1
,"75-84 years","75-84","South Dakota","46","2021","2021","Male","M",158,18735,843.3,711.8,974.8
,"75-84 years","75-84","South Dakota","46","2022","2022","Female","F",109,23746,459.0,372.9,545.2
,"75-84 years","75-84","South Dakota","46","2022","2022","Male","M",203,20388,995.7,858.7,1132.7
,"75-84 years","75-84","South Dakota","46","2023","2023","Female","F",76,24706,307.6,242.4,385.0
,"75-84 years","75-84","South Dakota","46","2023","2023","Male","M",191,21926,871.1,747.6,994.7
,"75-84 years","75-84","South Dakota","46","2024","2024","Female","F",90,25809,348.7,280.4,428.6
,"75-84 years","75-84","South Dakota","46","2024","2024","Male","M",177,23174,763.8,651.3,876.3
,"75-84 years","75-84","South Dakota","46","2025 (provisional)","2025","Female","F",108,25809,418.5,339.5,497.4
,"75-84 years","75-84","South Dakota","46","2025 (provisional)","2025","Male","M",203,23174,876.0,755.5,996.5
,"75-84 years","75-84","Tennessee","47","2021","2021","Female","F",1112,193357,575.1,541.3,608.9
,"75-84 years","75-84","Tennessee","47","2021","2021","Male","M",1666,152198,1094.6,1042.1,1147.2
,"75-84 years","75-84","Tennessee","47","2022","2022","Female","F",1180,208840,565.0,532.8,597.3
,"75-84 years","75-84","Tennessee","47","2022","2022","Male","M",1747,163390,1069.2,1019.1,1119.4
,"75-84 years","75-84","Tennessee","47","2023","2023","Female","F",1138,215433,528.2,497.5,558.9
,"75-84 years","75-84","Tennessee","47","2023","2023","Male","M",1557,171257,909.2,864.0,954.3
,"75-84 years","75-84","Tennessee","47","2024","2024","Female","F",1128,225548,500.1,470.9,529.3
,"75-84 years","75-84","Tennessee","47","2024","2024","Male","M",1687,178721,943.9,898.9,989.0
,"75-84 years","75-84","Tennessee","47","2025 (provisional)","2025","Female","F",1051,225548,466.0,437.8,494.1
,"75-84 years","75-84","Tennessee","47","2025 (provisional)","2025","Male","M",1663,178721,930.5,885.8,975.2
,"75-84 years","75-84","Texas","48","2021","2021","Female","F",2734,612279,446.5,429.8,463.3
,"75-84 years","75-84","Texas","48","2021","2021","Male","M",3984,485223,821.1,795.6,846.6
,"75-84 years","75-84","Texas","48","2022","2022","Female","F",2705,664974,406.8,391.5,422.1
,"75-84 years","75-84","Texas","48","2022","2022","Male","M",4236,521959,811.6,787.1,836.0
,"75-84 years","75-84","Texas","48","2023","2023","Female","F",2704,702268,385.0,370.5,399.6
,"75-84 years","75-84","Texas","48","2023","2023","Male","M",3971,559990,709.1,687.1,731.2
,"75-84 years","75-84","Texas","48","2024","2024","Female","F",2751,744919,369.3,355.5,383.1
,"75-84 years","75-84","Texas","48","2024","2024","Male","M",4138,590740,700.5,679.1,721.8
,"75-84 years","75-84","Texas","48","2025 (provisional)","2025","Female","F",2710,744919,363.8,350.1,377.5
,"75-84 years","75-84","Texas","48","2025 (provisional)","2025","Male","M",4180,590740,707.6,686.1,729.0
,"75-84 years","75-84","Utah","49","2021","2021","Female","F",160,59757,267.8,226.3,309.2
,"75-84 years","75-84","Utah","49","2021","2021","Male","M",317,51372,617.1,549.1,685.0
,"75-84 years","75-84","Utah","49","2022","2022","Female","F",229,64899,352.9,307.2,398.6
,"75-84 years","75-84","Utah","49","2022","2022","Male","M",319,55593,573.8,510.8,636.8
,"75-84 years","75-84","Utah","49","2023","2023","Female","F",190,67919,279.7,240.0,319.5
,"75-84 years","75-84","Utah","49","2023","2023","Male","M",325,58875,552.0,492.0,612.0
,"75-84 years","75-84","Utah","49","2024","2024","Female","F",184,71495,257.4,220.2,294.5
,"75-84 years","75-84","Utah","49","2024","2024","Male","M",325,62205,522.5,465.7,579.3
,"75-84 years","75-84","Utah","49","2025 (provisional)","2025","Female","F",167,71495,233.6,198.2,269.0
,"75-84 years","75-84","Utah","49","2025 (provisional)","2025","Male","M",348,62205,559.4,500.7,618.2
,"75-84 years","75-84","Vermont","50","2021","2021","Female","F",106,20271,522.9,423.4,622.5
,"75-84 years","75-84","Vermont","50","2021","2021","Male","M",173,17284,1000.9,851.8,1150.1
,"75-84 years","75-84","Vermont","50","2022","2022","Female","F",83,22345,371.4,295.9,460.5
,"75-84 years","75-84","Vermont","50","2022","2022","Male","M",166,19187,865.2,733.6,996.8
,"75-84 years","75-84","Vermont","50","2023","2023","Female","F",81,23616,343.0,272.4,426.3
,"75-84 years","75-84","Vermont","50","2023","2023","Male","M",160,20489,780.9,659.9,901.9
,"75-84 years","75-84","Vermont","50","2024","2024","Female","F",95,25134,378.0,305.8,462.1
,"75-84 years","75-84","Vermont","50","2024","2024","Male","M",165,21657,761.9,645.6,878.1
,"75-84 years","75-84","Vermont","50","2025 (provisional)","2025","Female","F",75,25134,298.4,234.7,374.0
,"75-84 years","75-84","Vermont","50","2025 (provisional)","2025","Male","M",136,21657,628.0,522.4,733.5
,"75-84 years","75-84","Virginia","51","2021","2021","Female","F",843,230624,365.5,340.9,390.2
,"75-84 years","75-84","Virginia","51","2021","2021","Male","M",1357,181745,746.7,706.9,786.4
,"75-84 years","75-84","Virginia","51","2022","2022","Female","F",862,252156,341.9,319.0,364.7
,"75-84 years","75-84","Virginia","51","2022","2022","Male","M",1395,197885,705.0,668.0,741.9
,"75-84 years","75-84","Virginia","51","2023","2023","Female","F",871,263869,330.1,308.2,352.0
,"75-84 years","75-84","Virginia","51","2023","2023","Male","M",1297,208524,622.0,588.1,655.8
,"75-84 years","75-84","Virginia","51","2024","2024","Female","F",815,277174,294.0,273.9,314.2
,"75-84 years","75-84","Virginia","51","2024","2024","Male","M",1444,219140,658.9,625.0,692.9
,"75-84 years","75-84","Virginia","51","2025 (provisional)","2025","Female","F",879,277174,317.1,296.2,338.1
,"75-84 years","75-84","Virginia","51","2025 (provisional)","2025","Male","M",1463,219140,667.6,633.4,701.8
,"75-84 years","75-84","Washington","53","2021","2021","Female","F",679,191006,355.5,328.7,382.2
,"75-84 years","75-84","Washington","53","2021","2021","Male","M",1180,160994,732.9,691.1,774.8
,"75-84 years","75-84","Washington","53","2022","2022","Female","F",713,211596,337.0,312.2,361.7
,"75-84 years","75-84","Washington","53","2022","2022","Male","M",1335,177263,753.1,712.7,793.5
,"75-84 years","75-84","Washington","53","2023","2023","Female","F",698,222822,313.3,290.0,336.5
,"75-84 years","75-84","Washington","53","2023","2023","Male","M",1204,187354,642.6,606.3,678.9
,"75-84 years","75-84","Washington","53","2024","2024","Female","F",702,236046,297.4,275.4,319.4
,"75-84 years","75-84","Washington","53","2024","2024","Male","M",1289,198042,650.9,615.3,686.4
,"75-84 years","75-84","Washington","53","2025 (provisional)","2025","Female","F",767,236046,324.9,301.9,347.9
,"75-84 years","75-84","Washington","53","2025 (provisional)","2025","Male","M",1224,198042,618.1,583.4,652.7
,"75-84 years","75-84","West Virginia","54","2021","2021","Female","F",365,58681,622.0,558.2,685.8
,"75-84 years","75-84","West Virginia","54","2021","2021","Male","M",516,48763,1058.2,966.9,1149.5
,"75-84 years","75-84","West Virginia","54","2022","2022","Female","F",386,62559,617.0,555.5,678.6
,"75-84 years","75-84","West Virginia","54","2022","2022","Male","M",507,51843,978.0,892.8,1063.1
,"75-84 years","75-84","West Virginia","54","2023","2023","Female","F",323,64823,498.3,443.9,552.6
,"75-84 years","75-84","West Virginia","54","2023","2023","Male","M",515,54732,940.9,859.7,1022.2
,"75-84 years","75-84","West Virginia","54","2024","2024","Female","F",335,67751,494.5,441.5,547.4
,"75-84 years","75-84","West Virginia","54","2024","2024","Male","M",563,57128,985.5,904.1,1066.9
,"75-84 years","75-84","West Virginia","54","2025 (provisional)","2025","Female","F",363,67751,535.8,480.7,590.9
,"75-84 years","75-84","West Virginia","54","2025 (provisional)","2025","Male","M",548,57128,959.2,878.9,1039.6
,"75-84 years","75-84","Wisconsin","55","2021","2021","Female","F",628,161684,388.4,358.0,418.8
,"75-84 years","75-84","Wisconsin","55","2021","2021","Male","M",1132,133905,845.4,796.1,894.6
,"75-84 years","75-84","Wisconsin","55","2022","2022","Female","F",616,175018,352.0,324.2,379.8
,"75-84 years","75-84","Wisconsin","55","2022","2022","Male","M",1190,146016,815.0,768.7,861.3
,"75-84 years","75-84","Wisconsin","55","2023","2023","Female","F",648,181506,357.0,329.5,384.5
,"75-84 years","75-84","Wisconsin","55","2023","2023","Male","M",1146,154036,744.0,700.9,787.1
,"75-84 years","75-84","Wisconsin","55","2024","2024","Female","F",655,191257,342.5,316.2,368.7
,"75-84 years","75-84","Wisconsin","55","2024","2024","Male","M",1147,162906,704.1,663.3,744.8
,"75-84 years","75-84","Wisconsin","55","2025 (provisional)","2025","Female","F",607,191257,317.4,292.1,342.6
,"75-84 years","75-84","Wisconsin","55","2025 (provisional)","2025","Male","M",1228,162906,753.8,711.6,796.0
,"75-84 years","75-84","Wyoming","56","2021","2021","Female","F",42,14710,285.5,205.8,385.9
,"75-84 years","75-84","Wyoming","56","2021","2021","Male","M",115,13457,854.6,698.4,1010.8
,"75-84 years","75-84","Wyoming","56","2022","2022","Female","F",69,15840,435.6,338.9,551.3
,"75-84 years","75-84","Wyoming","56","2022","2022","Male","M",94,14754,637.1,514.9,779.7
,"75-84 years","75-84","Wyoming","56","2023","2023","Female","F",48,16766,286.3,211.1,379.6
,"75-84 years","75-84","Wyoming","56","2023","2023","Male","M",113,15695,720.0,587.2,852.7
,"75-84 years","75-84","Wyoming","56","2024","2024","Female","F",46,17573,261.8,191.6,349.2
,"75-84 years","75-84","Wyoming","56","2024","2024","Male","M",111,16754,662.5,539.3,785.8
,"75-84 years","75-84","Wyoming","56","2025 (provisional)","2025","Female","F",59,17573,335.7,255.6,433.1
,"75-84 years","75-84","Wyoming","56","2025 (provisional)","2025","Male","M",117,16754,698.3,571.8,824.9
,"85+ years","85+","Alabama","01","2021","2021","Female","F",730,55651,1311.7,1216.6,1406.9
,"85+ years","85+","Alabama","01","2021","2021","Male","M",595,29551,2013.5,1851.7,2175.3
,"85+ years","85+","Alabama","01","2022","2022","Female","F",673,62199,1082.0,1000.3,1163.8
,"85+ years","85+","Alabama","01","2022","2022","Male","M",611,31172,1960.1,1804.7,2115.5
,"85+ years","85+","Alabama","01","2023","2023","Female","F",604,58478,1032.9,950.5,1115.2
,"85+ years","85+","Alabama","01","2023","2023","Male","M",588,31941,1840.9,1692.1,1989.7
,"85+ years","85+","Alabama","01","2024","2024","Female","F",655,59114,1108.0,1023.2,1192.9
,"85+ years","85+","Alabama","01","2024","2024","Male","M",576,33600,1714.3,1574.3,1854.3
,"85+ years","85+","Alabama","01","2025 (provisional)","2025","Female","F",649,59114,1097.9,1013.4,1182.3
,"85+ years","85+","Alabama","01","2025 (provisional)","2025","Male","M",595,33600,1770.8,1628.5,1913.1
,"85+ years","85+","Alaska","02","2021","2021","Female","F",38,4067,934.3,661.2,1282.5
,"85+ years","85+","Alaska","02","2021","2021","Male","M",57,2671,2134.0,1616.3,2764.9
,"85+ years","85+","Alaska","02","2022","2022","Female","F",35,4544,770.2,536.5,1071.2
,"85+ years","85+","Alaska","02","2022","2022","Male","M",39,2784,1400.9,996.2,1915.0
,"85+ years","85+","Alaska","02","2023","2023","Female","F",26,4302,604.4,394.8,885.5
,"85+ years","85+","Alaska","02","2023","2023","Male","M",42,2737,1534.5,1105.9,2074.2
,"85+ years","85+","Alaska","02","2024","2024","Female","F",32,4499,711.3,486.5,1004.1
,"85+ years","85+","Alaska","02","2024","2024","Male","M",33,3046,1083.4,745.8,1521.5
,"85+ years","85+","Alaska","02","2025 (provisional)","2025","Female","F",37,4499,822.4,579.0,1133.6
,"85+ years","85+","Alaska","02","2025 (provisional)","2025","Male","M",34,3046,1116.2,773.0,1559.8
,"85+ years","85+","Arizona","04","2021","2021","Female","F",1389,76915,1805.9,1710.9,1900.9
,"85+ years","85+","Arizona","04","2021","2021","Male","M",1453,56776,2559.2,2427.6,2690.8
,"85+ years","85+","Arizona","04","2022","2022","Female","F",1362,87904,1549.4,1467.1,1631.7
,"85+ years","85+","Arizona","04","2022","2022","Male","M",1345,61456,2188.6,2071.6,2305.5
,"85+ years","85+","Arizona","04","2023","2023","Female","F",1305,84985,1535.6,1452.3,1618.9
,"85+ years","85+","Arizona","04","2023","2023","Male","M",1409,64140,2196.8,2082.1,2311.5
,"85+ years","85+","Arizona","04","2024","2024","Female","F",1228,88892,1381.5,1304.2,1458.7
,"85+ years","85+","Arizona","04","2024","2024","Male","M",1370,69448,1972.7,1868.2,2077.2
,"85+ years","85+","Arizona","04","2025 (provisional)","2025","Female","F",1216,88892,1368.0,1291.1,1444.8
,"85+ years","85+","Arizona","04","2025 (provisional)","2025","Male","M",1326,69448,1909.3,1806.6,2012.1
,"85+ years","85+","Arkansas","05","2021","2021","Female","F",659,34284,1922.2,1775.4,2068.9
,"85+ years","85+","Arkansas","05","2021","2021","Male","M",573,19807,2892.9,2656.0,3129.8
,"85+ years","85+","Arkansas","05","2022","2022","Female","F",666,37436,1779.0,1643.9,1914.2
,"85+ years","85+","Arkansas","05","2022","2022","Male","M",533,20881,2552.6,2335.9,2769.3
,"85+ years","85+","Arkansas","05","2023","2023","Female","F",625,35393,1765.9,1627.4,1904.3
,"85+ years","85+","Arkansas","05","2023","2023","Male","M",544,20887,2604.5,2385.6,2823.4
,"85+ years","85+","Arkansas","05","2024","2024","Female","F",600,36003,1666.5,1533.2,1799.9
,"85+ years","85+","Arkansas","05","2024","2024","Male","M",529,21994,2405.2,2200.2,2610.2
,"85+ years","85+","Arkansas","05","2025 (provisional)","2025","Female","F",586,36003,1627.6,1495.9,1759.4
,"85+ years","85+","Arkansas","05","2025 (provisional)","2025","Male","M",484,21994,2200.6,2004.5,2396.7
,"85+ years","85+","California","06","2021","2021","Female","F",7057,423128,1667.8,1628.9,1706.7
,"85+ years","85+","California","06","2021","2021","Male","M",6365,254263,2503.3,2441.8,2564.8
,"85+ years","85+","California","06","2022","2022","Female","F",7018,471983,1486.9,1452.1,1521.7
,"85+ years","85+","California","06","2022","2022","Male","M",6136,267444,2294.3,2236.9,2351.7
,"85+ years","85+","California","06","2023","2023","Female","F",6441,438008,1470.5,1434.6,1506.4
,"85+ years","85+","California","06","2023","2023","Male","M",5892,266227,2213.1,2156.6,2269.7
,"85+ years","85+","California","06","2024","2024","Female","F",6077,449230,1352.8,1318.7,1386.8
,"85+ years","85+","California","06","2024","2024","Male","M",5459,279512,1953.0,1901.2,2004.9
,"85+ years","85+","California","06","2025 (provisional)","2025","Female","F",5842,449230,1300.4,1267.1,1333.8
,"85+ years","85+","California","06","2025 (provisional)","2025","Male","M",5398,279512,1931.2,1879.7,1982.7
,"85+ years","85+","Colorado","08","2021","2021","Female","F",590,50830,1160.7,1067.1,1254.4
,"85+ years","85+","Colorado","08","2021","2021","Male","M",650,30458,2134.1,1970.0,2298.1
,"85+ years","85+","Colorado","08","2022","2022","Female","F",585,57262,1021.6,938.8,1104.4
,"85+ years","85+","Colorado","08","2022","2022","Male","M",663,32265,2054.9,1898.4,2211.3
,"85+ years","85+","Colorado","08","2023","2023","Female","F",523,53895,970.4,887.2,1053.6
,"85+ years","85+","Colorado","08","2023","2023","Male","M",611,32388,1886.5,1736.9,2036.1
,"85+ years","85+","Colorado","08","2024","2024","Female","F",509,55700,913.8,834.4,993.2
,"85+ years","85+","Colorado","08","2024","2024","Male","M",583,34322,1698.6,1560.7,1836.5
,"85+ years","85+","Colorado","08","2025 (provisional)","2025","Female","F",549,55700,985.6,903.2,1068.1
,"85+ years","85+","Colorado","08","2025 (provisional)","2025","Male","M",563,34322,1640.3,1504.8,1775.8
,"85+ years","85+","Connecticut","09","2021","2021","Female","F",627,52666,1190.5,1097.3,1283.7
,"85+ years","85+","Connecticut","09","2021","2021","Male","M",521,27760,1876.8,1715.6,2038.0
,"85+ years","85+","Connecticut","09","2022","2022","Female","F",634,52856,1199.5,1106.1,1292.9
,"85+ years","85+","Connecticut","09","2022","2022","Male","M",526,27647,1902.6,1740.0,2065.1
,"85+ years","85+","Connecticut","09","2023","2023","Female","F",585,51971,1125.6,1034.4,1216.8
,"85+ years","85+","Connecticut","09","2023","2023","Male","M",433,28231,1533.8,1389.3,1678.2
,"85+ years","85+","Connecticut","09","2024","2024","Female","F",542,52667,1029.1,942.5,1115.7
,"85+ years","85+","Connecticut","09","2024","2024","Male","M",419,29458,1422.4,1286.2,1558.6
,"85+ years","85+","Connecticut","09","2025 (provisional)","2025","Female","F",483,52667,917.1,835.3,998.9
,"85+ years","85+","Connecticut","09","2025 (provisional)","2025","Male","M",436,29458,1480.1,1341.1,1619.0
,"85+ years","85+","Delaware","10","2021","2021","Female","F",187,11598,1612.3,1381.3,1843.4
,"85+ years","85+","Delaware","10","2021","2021","Male","M",204,7065,2887.5,2491.2,3283.7
,"85+ years","85+","Delaware","10","2022","2022","Female","F",185,12628,1465.0,1253.9,1676.1
,"85+ years","85+","Delaware","10","2022","2022","Male","M",196,7533,2601.9,2237.6,2966.1
,"85+ years","85+","Delaware","10","2023","2023","Female","F",232,12114,1915.1,1668.7,2161.6
,"85+ years","85+","Delaware","10","2023","2023","Male","M",174,7394,2353.3,2003.6,2702.9
,"85+ years","85+","Delaware","10","2024","2024","Female","F",183,12625,1449.5,1239.5,1659.5
,"85+ years","85+","Delaware","10","2024","2024","Male","M",199,8077,2463.8,2121.5,2806.1
,"85+ years","85+","Delaware","10","2025 (provisional)","2025","Female","F",195,12625,1544.6,1327.8,1761.3
,"85+ years","85+","Delaware","10","2025 (provisional)","2025","Male","M",222,8077,2748.5,2387.0,3110.1
,"85+ years","85+","District of Columbia","11","2021","2021","Female","F",84,7010,1198.3,955.8,1483.6
,"85+ years","85+","District of Columbia","11","2021","2021","Male","M",70,3593,1948.2,1518.7,2461.5
,"85+ years","85+","District of Columbia","11","2022","2022","Female","F",88,7487,1175.4,942.7,1448.1
,"85+ years","85+","District of Columbia","11","2022","2022","Male","M",76,3684,2063.0,1625.4,2582.1
,"85+ years","85+","District of Columbia","11","2023","2023","Female","F",88,6993,1258.4,1009.3,1550.4
,"85+ years","85+","District of Columbia","11","2023","2023","Male","M",54,3793,1423.7,1069.5,1857.6
,"85+ years","85+","District of Columbia","11","2024","2024","Female","F",68,7149,951.2,738.6,1205.9
,"85+ years","85+","District of Columbia","11","2024","2024","Male","M",55,3954,1391.0,1047.9,1810.6
,"85+ years","85+","District of Columbia","11","2025 (provisional)","2025","Female","F",68,7149,951.2,738.6,1205.9
,"85+ years","85+","District of Columbia","11","2025 (provisional)","2025","Male","M",65,3954,1643.9,1268.7,2095.3
,"85+ years","85+","Florida","12","2021","2021","Female","F",5972,317203,1882.7,1835.0,1930.5
,"85+ years","85+","Florida","12","2021","2021","Male","M",5451,219118,2487.7,2421.7,2553.7
,"85+ years","85+","Florida","12","2022","2022","Female","F",5904,365366,1615.9,1574.7,1657.1
,"85+ years","85+","Florida","12","2022","2022","Male","M",5425,236510,2293.8,2232.7,2354.8
,"85+ years","85+","Florida","12","2023","2023","Female","F",5451,343897,1585.1,1543.0,1627.1
,"85+ years","85+","Florida","12","2023","2023","Male","M",5364,239052,2243.9,2183.8,2303.9
,"85+ years","85+","Florida","12","2024","2024","Female","F",5292,357339,1480.9,1441.0,1520.8
,"85+ years","85+","Florida","12","2024","2024","Male","M",5325,254728,2090.5,2034.3,2146.6
,"85+ years","85+","Florida","12","2025 (provisional)","2025","Female","F",5041,357339,1410.7,1371.8,1449.6
,"85+ years","85+","Florida","12","2025 (provisional)","2025","Male","M",5288,254728,2075.9,2020.0,2131.9
,"85+ years","85+","Georgia","13","2021","2021","Female","F",1021,91632,1114.2,1045.9,1182.6
,"85+ years","85+","Georgia","13","2021","2021","Male","M",844,49425,1707.6,1592.4,1822.8
,"85+ years","85+","Georgia","13","2022","2022","Female","F",1016,102528,990.9,930.0,1051.9
,"85+ years","85+","Georgia","13","2022","2022","Male","M",851,52584,1618.4,1509.6,1727.1
,"85+ years","85+","Georgia","13","2023","2023","Female","F",1013,96965,1044.7,980.4,1109.0
,"85+ years","85+","Georgia","13","2023","2023","Male","M",895,54438,1644.1,1536.4,1751.8
,"85+ years","85+","Georgia","13","2024","2024","Female","F",919,101771,903.0,844.6,961.4
,"85+ years","85+","Georgia","13","2024","2024","Male","M",841,58088,1447.8,1350.0,1545.7
,"85+ years","85+","Georgia","13","2025 (provisional)","2025","Female","F",993,101771,975.7,915.0,1036.4
,"85+ years","85+","Georgia","13","2025 (provisional)","2025","Male","M",897,58088,1544.2,1443.2,1645.3
,"85+ years","85+","Hawaii","15","2021","2021","Female","F",218,24882,876.1,759.8,992.4
,"85+ years","85+","Hawaii","15","2021","2021","Male","M",225,13934,1614.8,1403.8,1825.7
,"85+ years","85+","Hawaii","15","2022","2022","Female","F",252,28164,894.8,784.3,1005.2
,"85+ years","85+","Hawaii","15","2022","2022","Male","M",240,15232,1575.6,1376.3,1775.0
,"85+ years","85+","Hawaii","15","2023","2023","Female","F",207,26042,794.9,686.6,903.2
,"85+ years","85+","Hawaii","15","2023","2023","Male","M",259,15160,1708.4,1500.4,1916.5
,"85+ years","85+","Hawaii","15","2024","2024","Female","F",236,26646,885.7,772.7,998.7
,"85+ years","85+","Hawaii","15","2024","2024","Male","M",237,16024,1479.0,1290.7,1667.3
,"85+ years","85+","Hawaii","15","2025 (provisional)","2025","Female","F",207,26646,776.9,671.0,882.7
,"85+ years","85+","Hawaii","15","2025 (provisional)","2025","Male","M",216,16024,1348.0,1168.2,1527.7
,"85+ years","85+","Idaho","16","2021","2021","Female","F",241,16467,1463.5,1278.8,1648.3
,"85+ years","85+","Idaho","16","2021","2021","Male","M",277,11149,2484.5,2191.9,2777.1
,"85+ years","85+","Idaho","16","2022","2022","Female","F",225,19296,1166.0,1013.7,1318.4
,"85+ years","85+","Idaho","16","2022","2022","Male","M",290,12005,2415.7,2137.6,2693.7
,"85+ years","85+","Idaho","16","2023","2023","Female","F",212,17999,1177.8,1019.3,1336.4
,"85+ years","85+","Idaho","16","2023","2023","Male","M",291,12411,2344.7,2075.3,2614.1
,"85+ years","85+","Idaho","16","2024","2024","Female","F",231,18674,1237.0,1077.5,1396.5
,"85+ years","85+","Idaho","16","2024","2024","Male","M",268,13253,2022.2,1780.1,2264.3
,"85+ years","85+","Idaho","16","2025 (provisional)","2025","Female","F",207,18674,1108.5,957.5,1259.5
,"85+ years","85+","Idaho","16","2025 (provisional)","2025","Male","M",286,13253,2158.0,1907.9,2408.1
,"85+ years","85+","Illinois","17","2021","2021","Female","F",2205,157222,1402.5,1343.9,1461.0
,"85+ years","85+","Illinois","17","2021","2021","Male","M",1779,82999,2143.4,2043.8,2243.0
,"85+ years","85+","Illinois","17","2022","2022","Female","F",2035,170940,1190.5,1138.8,1242.2
,"85+ years","85+","Illinois","17","2022","2022","Male","M",1730,86153,2008.1,1913.4,2102.7
,"85+ years","85+","Illinois","17","2023","2023","Female","F",1834,157404,1165.2,1111.8,1218.5
,"85+ years","85+","Illinois","17","2023","2023","Male","M",1592,85207,1868.4,1776.6,1960.2
,"85+ years","85+","Illinois","17","2024","2024","Female","F",1669,162398,1027.7,978.4,1077.0
,"85+ years","85+","Illinois","17","2024","2024","Male","M",1532,89539,1711.0,1625.3,1796.7
,"85+ years","85+","Illinois","17","2025 (provisional)","2025","Female","F",1755,162398,1080.7,1030.1,1131.2
,"85+ years","85+","Illinois","17","2025 (provisional)","2025","Male","M",1614,89539,1802.6,1714.6,1890.5
,"85+ years","85+","Indiana","18","2021","2021","Female","F",1173,76372,1535.9,1448.0,1623.8
,"85+ years","85+","Indiana","18","2021","2021","Male","M",1027,40060,2563.7,2406.9,2720.4
,"85+ years","85+","Indiana","18","2022","2022","Female","F",1185,84786,1397.6,1318.1,1477.2
,"85+ years","85+","Indiana","18","2022","2022","Male","M",1027,41894,2451.4,2301.5,2601.4
,"85+ years","85+","Indiana","18","2023","2023","Female","F",1094,79019,1384.5,1302.4,1466.5
,"85+ years","85+","Indiana","18","2023","2023","Male","M",1095,41824,2618.1,2463.0,2773.2
,"85+ years","85+","Indiana","18","2024","2024","Female","F",1123,80977,1386.8,1305.7,1467.9
,"85+ years","85+","Indiana","18","2024","2024","Male","M",986,44296,2225.9,2087.0,2364.9
,"85+ years","85+","Indiana","18","2025 (provisional)","2025","Female","F",1052,80977,1299.1,1220.6,1377.6
,"85+ years","85+","Indiana","18","2025 (provisional)","2025","Male","M",1051,44296,2372.7,2229.2,2516.1
,"85+ years","85+","Iowa","19","2021","2021","Female","F",821,45312,1811.9,1687.9,1935.8
,"85+ years","85+","Iowa","19","2021","2021","Male","M",763,24034,3174.7,2949.4,3399.9
,"85+ years","85+","Iowa","19","2022","2022","Female","F",761,51151,1487.8,1382.0,1593.5
,"85+ years","85+","Iowa","19","2022","2022","Male","M",707,25111,2815.5,2608.0,3023.0
,"85+ years","85+","Iowa","19","2023","2023","Female","F",700,46948,1491.0,1380.6,1601.5
,"85+ years","85+","Iowa","19","2023","2023","Male","M",632,24537,2575.7,2374.9,2776.5
,"85+ years","85+","Iowa","19","2024","2024","Female","F",698,47800,1460.3,1351.9,1568.6
,"85+ years","85+","Iowa","19","2024","2024","Male","M",697,25731,2708.8,2507.7,2909.9
,"85+ years","85+","Iowa","19","2025 (provisional)","2025","Female","F",631,47800,1320.1,1217.1,1423.1
,"85+ years","85+","Iowa","19","2025 (provisional)","2025","Male","M",672,25731,2611.6,2414.2,2809.1
,"85+ years","85+","Kansas","20","2021","2021","Female","F",624,37345,1670.9,1539.8,1802.0
,"85+ years","85+","Kansas","20","2021","2021","Male","M",561,20795,2697.8,2474.5,2921.0
,"85+ years","85+","Kansas","20","2022","2022","Female","F",605,40104,1508.6,1388.4,1628.8
,"85+ years","85+","Kansas","20","2022","2022","Male","M",569,20893,2723.4,2499.6,2947.2
,"85+ years","85+","Kansas","20","2023","2023","Female","F",527,36798,1432.1,1309.9,1554.4
,"85+ years","85+","Kansas","20","2023","2023","Male","M",516,20744,2487.5,2272.8,2702.1
,"85+ years","85+","Kansas","20","2024","2024","Female","F",533,37247,1431.0,1309.5,1552.5
,"85+ years","85+","Kansas","20","2024","2024","Male","M",460,21835,2106.7,1914.2,2299.2
,"85+ years","85+","Kansas","20","2025 (provisional)","2025","Female","F",472,37247,1267.2,1152.9,1381.5
,"85+ years","85+","Kansas","20","2025 (provisional)","2025","Male","M",469,21835,2147.9,1953.5,2342.3
,"85+ years","85+","Kentucky","21","2021","2021","Female","F",668,47962,1392.8,1287.1,1498.4
,"85+ years","85+","Kentucky","21","2021","2021","Male","M",557,25651,2171.5,1991.1,2351.8
,"85+ years","85+","Kentucky","21","2022","2022","Female","F",682,52000,1311.5,1213.1,1410.0
,"85+ years","85+","Kentucky","21","2022","2022","Male","M",593,26668,2223.6,2044.7,2402.6
,"85+ years","85+","Kentucky","21","2023","2023","Female","F",595,48654,1222.9,1124.7,1321.2
,"85+ years","85+","Kentucky","21","2023","2023","Male","M",571,27221,2097.6,1925.6,2269.7
,"85+ years","85+","Kentucky","21","2024","2024","Female","F",627,49782,1259.5,1160.9,1358.1
,"85+ years","85+","Kentucky","21","2024","2024","Male","M",599,28809,2079.2,1912.7,2245.7
,"85+ years","85+","Kentucky","21","2025 (provisional)","2025","Female","F",616,49782,1237.4,1139.7,1335.1
,"85+ years","85+","Kentucky","21","2025 (provisional)","2025","Male","M",521,28809,1808.5,1653.2,1963.8
,"85+ years","85+","Louisiana","22","2021","2021","Female","F",731,47933,1525.0,1414.5,1635.6
,"85+ years","85+","Louisiana","22","2021","2021","Male","M",626,26322,2378.2,2191.9,2564.5
,"85+ years","85+","Louisiana","22","2022","2022","Female","F",709,51677,1372.0,1271.0,1473.0
,"85+ years","85+","Louisiana","22","2022","2022","Male","M",572,27025,2116.6,1943.1,2290.0
,"85+ years","85+","Louisiana","22","2023","2023","Female","F",666,48106,1384.4,1279.3,1489.6
,"85+ years","85+","Louisiana","22","2023","2023","Male","M",581,27214,2134.9,1961.3,2308.5
,"85+ years","85+","Louisiana","22","2024","2024","Female","F",714,49034,1456.1,1349.3,1562.9
,"85+ years","85+","Louisiana","22","2024","2024","Male","M",578,28910,1999.3,1836.3,2162.3
,"85+ years","85+","Louisiana","22","2025 (provisional)","2025","Female","F",730,49034,1488.8,1380.8,1596.8
,"85+ years","85+","Louisiana","22","2025 (provisional)","2025","Male","M",586,28910,2027.0,1862.9,2191.1
,"85+ years","85+","Maine","23","2021","2021","Female","F",379,19048,1989.7,1789.4,2190.0
,"85+ years","85+","Maine","23","2021","2021","Male","M",309,10921,2829.4,2513.9,3144.9
,"85+ years","85+","Maine","23","2022","2022","Female","F",351,21694,1618.0,1448.7,1787.2
,"85+ years","85+","Maine","23","2022","2022","Male","M",333,11841,2812.3,2510.2,3114.3
,"85+ years","85+","Maine","23","2023","2023","Female","F",362,20012,1808.9,1622.6,1995.3
,"85+ years","85+","Maine","23","2023","2023","Male","M",315,11687,2695.3,2397.7,2993.0
,"85+ years","85+","Maine","23","2024","2024","Female","F",331,20425,1620.6,1446.0,1795.1
,"85+ years","85+","Maine","23","2024","2024","Male","M",298,12182,2446.2,2168.5,2724.0
,"85+ years","85+","Maine","23","2025 (provisional)","2025","Female","F",327,20425,1601.0,1427.5,1774.5
,"85+ years","85+","Maine","23","2025 (provisional)","2025","Male","M",315,12182,2585.8,2300.2,2871.3
,"85+ years","85+","Maryland","24","2021","2021","Female","F",1231,71296,1726.6,1630.2,1823.1
,"85+ years","85+","Maryland","24","2021","2021","Male","M",973,38217,2546.0,2386.0,2706.0
,"85+ years","85+","Maryland","24","2022","2022","Female","F",1123,79450,1413.5,1330.8,1496.1
,"85+ years","85+","Maryland","24","2022","2022","Male","M",1011,40781,2479.1,2326.3,2631.9
,"85+ years","85+","Maryland","24","2023","2023","Female","F",1107,73369,1508.8,1419.9,1597.7
,"85+ years","85+","Maryland","24","2023","2023","Male","M",863,40313,2140.7,1997.9,2283.6
,"85+ years","85+","Maryland","24","2024","2024","Female","F",956,75793,1261.3,1181.4,1341.3
,"85+ years","85+","Maryland","24","2024","2024","Male","M",866,42086,2057.7,1920.6,2194.7
,"85+ years","85+","Maryland","24","2025 (provisional)","2025","Female","F",965,75793,1273.2,1192.9,1353.5
,"85+ years","85+","Maryland","24","2025 (provisional)","2025","Male","M",810,42086,1924.6,1792.1,2057.2
,"85+ years","85+","Massachusetts","25","2021","2021","Female","F",1176,93429,1258.7,1186.8,1330.7
,"85+ years","85+","Massachusetts","25","2021","2021","Male","M",1035,48132,2150.3,2019.3,2281.3
,"85+ years","85+","Massachusetts","25","2022","2022","Female","F",1173,100784,1163.9,1097.3,1230.5
,"85+ years","85+","Massachusetts","25","2022","2022","Male","M",1044,50110,2083.4,1957.0,2209.8
,"85+ years","85+","Massachusetts","25","2023","2023","Female","F",1065,93420,1140.0,1071.5,1208.5
,"85+ years","85+","Massachusetts","25","2023","2023","Male","M",931,48989,1900.4,1778.4,2022.5
,"85+ years","85+","Massachusetts","25","2024","2024","Female","F",967,94453,1023.8,959.3,1088.3
,"85+ years","85+","Massachusetts","25","2024","2024","Male","M",886,51363,1725.0,1611.4,1838.6
,"85+ years","85+","Massachusetts","25","2025 (provisional)","2025","Female","F",859,94453,909.4,848.6,970.3
,"85+ years","85+","Massachusetts","25","2025 (provisional)","2025","Male","M",880,51363,1713.3,1600.1,1826.5
,"85+ years","85+","Michigan","26","2021","2021","Female","F",2694,120912,2228.1,2143.9,2312.2
,"85+ years","85+","Michigan","26","2021","2021","Male","M",2232,66596,3351.6,3212.5,3490.6
,"85+ years","85+","Michigan","26","2022","2022","Female","F",2819,130761,2155.8,2076.3,2235.4
,"85+ years","85+","Michigan","26","2022","2022","Male","M",2195,68390,3209.5,3075.3,3343.8
,"85+ years","85+","Michigan","26","2023","2023","Female","F",2667,120154,2219.7,2135.4,2303.9
,"85+ years","85+","Michigan","26","2023","2023","Male","M",2153,67820,3174.6,3040.5,3308.7
,"85+ years","85+","Michigan","26","2024","2024","Female","F",2590,121854,2125.5,2043.6,2207.4
,"85+ years","85+","Michigan","26","2024","2024","Male","M",2186,71366,3063.1,2934.7,3191.5
,"85+ years","85+","Michigan","26","2025 (provisional)","2025","Female","F",2478,121854,2033.6,1953.5,2113.7
,"85+ years","85+","Michigan","26","2025 (provisional)","2025","Male","M",2156,71366,3021.0,2893.5,3148.6
,"85+ years","85+","Minnesota","27","2021","2021","Female","F",802,70164,1143.0,1063.9,1222.1
,"85+ years","85+","Minnesota","27","2021","2021","Male","M",904,39739,2274.8,2126.5,2423.1
,"85+ years","85+","Minnesota","27","2022","2022","Female","F",837,79608,1051.4,980.2,1122.6
,"85+ years","85+","Minnesota","27","2022","2022","Male","M",953,42360,2249.8,2106.9,2392.6
,"85+ years","85+","Minnesota","27","2023","2023","Female","F",822,74082,1109.6,1033.7,1185.4
,"85+ years","85+","Minnesota","27","2023","2023","Male","M",906,42031,2155.6,2015.2,2295.9
,"85+ years","85+","Minnesota","27","2024","2024","Female","F",842,75825,1110.5,1035.4,1185.5
,"85+ years","85+","Minnesota","27","2024","2024","Male","M",1002,44134,2270.4,2129.8,2410.9
,"85+ years","85+","Minnesota","27","2025 (provisional)","2025","Female","F",781,75825,1030.0,957.8,1102.2
,"85+ years","85+","Minnesota","27","2025 (provisional)","2025","Male","M",925,44134,2095.9,1960.8,2231.0
,"85+ years","85+","Mississippi","28","2021","2021","Female","F",490,31401,1560.5,1422.3,1698.6
,"85+ years","85+","Mississippi","28","2021","2021","Male","M",378,16035,2357.3,2119.7,2595.0
,"85+ years","85+","Mississippi","28","2022","2022","Female","F",499,35202,1417.5,1293.2,1541.9
,"85+ years","85+","Mississippi","28","2022","2022","Male","M",412,16699,2467.2,2229.0,2705.5
,"85+ years","85+","Mississippi","28","2023","2023","Female","F",466,33398,1395.3,1268.6,1522.0
,"85+ years","85+","Mississippi","28","2023","2023","Male","M",386,17236,2239.5,2016.1,2462.9
,"85+ years","85+","Mississippi","28","2024","2024","Female","F",450,33493,1343.6,1219.4,1467.7
,"85+ years","85+","Mississippi","28","2024","2024","Male","M",365,17885,2040.8,1831.4,2250.2
,"85+ years","85+","Mississippi","28","2025 (provisional)","2025","Female","F",440,33493,1313.7,1191.0,1436.5
,"85+ years","85+","Mississippi","28","2025 (provisional)","2025","Male","M",375,17885,2096.7,1884.5,2308.9
,"85+ years","85+","Missouri","29","2021","2021","Female","F",1271,76819,1654.5,1563.6,1745.5
,"85+ years","85+","Missouri","29","2021","2021","Male","M",1082,42232,2562.0,2409.4,2714.7
,"85+ years","85+","Missouri","29","2022","2022","Female","F",1185,83417,1420.6,1339.7,1501.5
,"85+ years","85+","Missouri","29","2022","2022","Male","M",1044,43495,2400.3,2254.7,2545.9
,"85+ years","85+","Missouri","29","2023","2023","Female","F",1088,77174,1409.8,1326.0,1493.6
,"85+ years","85+","Missouri","29","2023","2023","Male","M",1003,43050,2329.8,2185.7,2474.0
,"85+ years","85+","Missouri","29","2024","2024","Female","F",1129,79114,1427.1,1343.8,1510.3
,"85+ years","85+","Missouri","29","2024","2024","Male","M",987,45511,2168.7,2033.4,2304.0
,"85+ years","85+","Missouri","29","2025 (provisional)","2025","Female","F",1158,79114,1463.7,1379.4,1548.0
,"85+ years","85+","Missouri","29","2025 (provisional)","2025","Male","M",1100,45511,2417.0,2274.2,2559.8
,"85+ years","85+","Montana","30","2021","2021","Female","F",190,12627,1504.7,1290.8,1718.7
,"85+ years","85+","Montana","30","2021","2021","Male","M",222,8160,2720.6,2362.7,3078.5
,"85+ years","85+","Montana","30","2022","2022","Female","F",180,14027,1283.2,1095.8,1470.7
,"85+ years","85+","Montana","30","2022","2022","Male","M",204,8579,2377.9,2051.6,2704.2
,"85+ years","85+","Montana","30","2023","2023","Female","F",197,13082,1505.9,1295.6,1716.2
,"85+ years","85+","Montana","30","2023","2023","Male","M",239,8663,2758.9,2409.1,3108.6
,"85+ years","85+","Montana","30","2024","2024","Female","F",193,13435,1436.5,1233.9,1639.2
,"85+ years","85+","Montana","30","2024","2024","Male","M",251,9372,2678.2,2346.9,3009.5
,"85+ years","85+","Montana","30","2025 (provisional)","2025","Female","F",212,13435,1578.0,1365.6,1790.4
,"85+ years","85+","Montana","30","2025 (provisional)","2025","Male","M",212,9372,2262.1,1957.6,2566.6
,"85+ years","85+","Nebraska","31","2021","2021","Female","F",332,24215,1371.1,1223.6,1518.5
,"85+ years","85+","Nebraska","31","2021","2021","Male","M",316,13816,2287.2,2035.0,2539.4
,"85+ years","85+","Nebraska","31","2022","2022","Female","F",332,26352,1259.9,1124.3,1395.4
,"85+ years","85+","Nebraska","31","2022","2022","Male","M",322,14354,2243.3,1998.3,2488.3
,"85+ years","85+","Nebraska","31","2023","2023","Female","F",312,23946,1302.9,1158.4,1447.5
,"85+ years","85+","Nebraska","31","2023","2023","Male","M",303,13816,2193.1,1946.2,2440.1
,"85+ years","85+","Nebraska","31","2024","2024","Female","F",326,23819,1368.7,1220.1,1517.2
,"85+ years","85+","Nebraska","31","2024","2024","Male","M",347,14336,2420.5,2165.8,2675.2
,"85+ years","85+","Nebraska","31","2025 (provisional)","2025","Female","F",265,23819,1112.6,978.6,1246.5
,"85+ years","85+","Nebraska","31","2025 (provisional)","2025","Male","M",290,14336,2022.9,1790.1,2255.7
,"85+ years","85+","Nevada","32","2021","2021","Female","F",493,24708,1995.3,1819.2,2171.4
,"85+ years","85+","Nevada","32","2021","2021","Male","M",452,17810,2537.9,2303.9,2771.9
,"85+ years","85+","Nevada","32","2022","2022","Female","F",460,27606,1666.3,1514.0,1818.6
,"85+ years","85+","Nevada","32","2022","2022","Male","M",458,19260,2378.0,2160.2,2595.8
,"85+ years","85+","Nevada","32","2023","2023","Female","F",432,26576,1625.5,1472.2,1778.8
,"85+ years","85+","Nevada","32","2023","2023","Male","M",461,20204,2281.7,2073.4,2490.0
,"85+ years","85+","Nevada","32","2024","2024","Female","F",430,28145,1527.8,1383.4,1672.2
,"85+ years","85+","Nevada","32","2024","2024","Male","M",504,21782,2313.8,2111.8,2515.8
,"85+ years","85+","Nevada","32","2025 (provisional)","2025","Female","F",414,28145,1471.0,1329.3,1612.6
,"85+ years","85+","Nevada","32","2025 (provisional)","2025","Male","M",453,21782,2079.7,1888.2,2271.2
,"85+ years","85+","New Hampshire","33","2021","2021","Female","F",255,17606,1448.4,1270.6,1626.1
,"85+ years","85+","New Hampshire","33","2021","2021","Male","M",232,9818,2363.0,2058.9,2667.1
,"85+ years","85+","New Hampshire","33","2022","2022","Female","F",243,19805,1227.0,1072.7,1381.2
,"85+ years","85+","New Hampshire","33","2022","2022","Male","M",216,10392,2078.5,1801.3,2355.7
,"85+ years","85+","New Hampshire","33","2023","2023","Female","F",291,18427,1579.2,1397.8,1760.7
,"85+ years","85+","New Hampshire","33","2023","2023","Male","M",268,10432,2569.0,2261.4,2876.6
,"85+ years","85+","New Hampshire","33","2024","2024","Female","F",272,18973,1433.6,1263.2,1604.0
,"85+ years","85+","New Hampshire","33","2024","2024","Male","M",226,10965,2061.1,1792.4,2329.8
,"85+ years","85+","New Hampshire","33","2025 (provisional)","2025","Female","F",222,18973,1170.1,1016.2,1324.0
,"85+ years","85+","New Hampshire","33","2025 (provisional)","2025","Male","M",237,10965,2161.4,1886.2,2436.6
,"85+ years","85+","New Jersey","34","2021","2021","Female","F",2198,122061,1800.7,1725.5,1876.0
,"85+ years","85+","New Jersey","34","2021","2021","Male","M",1515,64323,2355.3,2236.7,2473.9
,"85+ years","85+","New Jersey","34","2022","2022","Female","F",2081,131615,1581.1,1513.2,1649.1
,"85+ years","85+","New Jersey","34","2022","2022","Male","M",1578,66802,2362.2,2245.7,2478.8
,"85+ years","85+","New Jersey","34","2023","2023","Female","F",1867,120647,1547.5,1477.3,1617.7
,"85+ years","85+","New Jersey","34","2023","2023","Male","M",1344,66058,2034.6,1925.8,2143.4
,"85+ years","85+","New Jersey","34","2024","2024","Female","F",1766,123618,1428.6,1362.0,1495.2
,"85+ years","85+","New Jersey","34","2024","2024","Male","M",1383,69628,1986.3,1881.6,2091.0
,"85+ years","85+","New Jersey","34","2025 (provisional)","2025","Female","F",1653,123618,1337.2,1272.7,1401.6
,"85+ years","85+","New Jersey","34","2025 (provisional)","2025","Male","M",1291,69628,1854.1,1753.0,1955.3
,"85+ years","85+","New Mexico","35","2021","2021","Female","F",427,23381,1826.3,1653.0,1999.5
,"85+ years","85+","New Mexico","35","2021","2021","Male","M",358,15088,2372.7,2127.0,2618.5
,"85+ years","85+","New Mexico","35","2022","2022","Female","F",412,25269,1630.5,1473.0,1787.9
,"85+ years","85+","New Mexico","35","2022","2022","Male","M",382,15612,2446.8,2201.5,2692.2
,"85+ years","85+","New Mexico","35","2023","2023","Female","F",444,24132,1839.9,1668.7,2011.0
,"85+ years","85+","New Mexico","35","2023","2023","Male","M",426,16008,2661.2,2408.5,2913.9
,"85+ years","85+","New Mexico","35","2024","2024","Female","F",395,25106,1573.3,1418.2,1728.5
,"85+ years","85+","New Mexico","35","2024","2024","Male","M",395,17000,2323.5,2094.4,2552.7
,"85+ years","85+","New Mexico","35","2025 (provisional)","2025","Female","F",376,25106,1497.6,1346.3,1649.0
,"85+ years","85+","New Mexico","35","2025 (provisional)","2025","Male","M",414,17000,2435.3,2200.7,2669.9
,"85+ years","85+","New York","36","2021","2021","Female","F",6480,280406,2310.9,2254.7,2367.2
,"85+ years","85+","New York","36","2021","2021","Male","M",4523,148300,3049.9,2961.0,3138.8
,"85+ years","85+","New York","36","2022","2022","Female","F",6543,304052,2151.9,2099.8,2204.1
,"85+ years","85+","New York","36","2022","2022","Male","M",4431,153132,2893.6,2808.4,2978.8
,"85+ years","85+","New York","36","2023","2023","Female","F",5796,281386,2059.8,2006.8,2112.8
,"85+ years","85+","New York","36","2023","2023","Male","M",4225,151261,2793.2,2709.0,2877.4
,"85+ years","85+","New York","36","2024","2024","Female","F",5652,290417,1946.2,1895.4,1996.9
,"85+ years","85+","New York","36","2024","2024","Male","M",3980,160231,2483.9,2406.7,2561.1
,"85+ years","85+","New York","36","2025 (provisional)","2025","Female","F",5419,290417,1865.9,1816.3,1915.6
,"85+ years","85+","New York","36","2025 (provisional)","2025","Male","M",4089,160231,2551.9,2473.7,2630.2
,"85+ years","85+","North Carolina","37","2021","2021","Female","F",1493,111497,1339.0,1271.1,1407.0
,"85+ years","85+","North Carolina","37","2021","2021","Male","M",1328,60142,2208.1,2089.3,2326.9
,"85+ years","85+","North Carolina","37","2022","2022","Female","F",1491,123044,1211.8,1150.3,1273.3
,"85+ years","85+","North Carolina","37","2022","2022","Male","M",1314,63986,2053.6,1942.5,2164.6
,"85+ years","85+","North Carolina","37","2023","2023","Female","F",1484,114126,1300.3,1234.2,1366.5
,"85+ years","85+","North Carolina","37","2023","2023","Male","M",1292,63516,2034.1,1923.2,2145.1
,"85+ years","85+","North Carolina","37","2024","2024","Female","F",1315,117744,1116.8,1056.5,1177.2
,"85+ years","85+","North Carolina","37","2024","2024","Male","M",1251,67408,1855.9,1753.0,1958.7
,"85+ years","85+","North Carolina","37","2025 (provisional)","2025","Female","F",1368,117744,1161.8,1100.3,1223.4
,"85+ years","85+","North Carolina","37","2025 (provisional)","2025","Male","M",1336,67408,1982.0,1875.7,2088.2
,"85+ years","85+","North Dakota","38","2021","2021","Female","F",129,10921,1181.2,977.4,1385.1
,"85+ years","85+","North Dakota","38","2021","2021","Male","M",132,5768,2288.5,1898.1,2678.9
,"85+ years","85+","North Dakota","38","2022","2022","Female","F",147,12236,1201.4,1007.2,1395.6
,"85+ years","85+","North Dakota","38","2022","2022","Male","M",130,6056,2146.6,1777.6,2515.6
,"85+ years","85+","North Dakota","38","2023","2023","Female","F",123,11550,1064.9,876.7,1253.1
,"85+ years","85+","North Dakota","38","2023","2023","Male","M",155,5985,2589.8,2182.1,2997.5
,"85+ years","85+","North Dakota","38","2024","2024","Female","F",138,11690,1180.5,983.5,1377.5
,"85+ years","85+","North Dakota","38","2024","2024","Male","M",128,6221,2057.5,1701.1,2414.0
,"85+ years","85+","North Dakota","38","2025 (provisional)","2025","Female","F",125,11690,1069.3,881.8,1256.7
,"85+ years","85+","North Dakota","38","2025 (provisional)","2025","Male","M",128,6221,2057.5,1701.1,2414.0
,"85+ years","85+","Ohio","39","2021","2021","Female","F",2670,147784,1806.7,1738.2,1875.2
,"85+ years","85+","Ohio","39","2021","2021","Male","M",2263,79091,2861.3,2743.4,2979.1
,"85+ years","85+","Ohio","39","2022","2022","Female","F",2651,159663,1660.4,1597.2,1723.6
,"85+ years","85+","Ohio","39","2022","2022","Male","M",2188,80831,2706.9,2593.5,2820.3
,"85+ years","85+","Ohio","39","2023","2023","Female","F",2365,147124,1607.5,1542.7,1672.3
,"85+ years","85+","Ohio","39","2023","2023","Male","M",2041,79424,2569.8,2458.3,2681.2
,"85+ years","85+","Ohio","39","2024","2024","Female","F",2273,150249,1512.8,1450.6,1575.0
,"85+ years","85+","Ohio","39","2024","2024","Male","M",2084,82736,2518.9,2410.7,2627.0
,"85+ years","85+","Ohio","39","2025 (provisional)","2025","Female","F",2215,150249,1474.2,1412.8,1535.6
,"85+ years","85+","Ohio","39","2025 (provisional)","2025","Male","M",2012,82736,2431.8,2325.6,2538.1
,"85+ years","85+","Oklahoma","40","2021","2021","Female","F",820,41680,1967.4,1832.7,2102.0
,"85+ years","85+","Oklahoma","40","2021","2021","Male","M",664,24603,2698.9,2493.6,2904.1
,"85+ years","85+","Oklahoma","40","2022","2022","Female","F",820,45526,1801.2,1677.9,1924.5
,"85+ years","85+","Oklahoma","40","2022","2022","Male","M",679,24823,2735.4,2529.6,2941.1
,"85+ years","85+","Oklahoma","40","2023","2023","Female","F",809,42343,1910.6,1778.9,2042.2
,"85+ years","85+","Oklahoma","40","2023","2023","Male","M",731,25009,2922.9,2711.1,3134.8
,"85+ years","85+","Oklahoma","40","2024","2024","Female","F",831,43800,1897.3,1768.3,2026.3
,"85+ years","85+","Oklahoma","40","2024","2024","Male","M",744,26309,2827.9,2624.7,3031.1
,"85+ years","85+","Oklahoma","40","2025 (provisional)","2025","Female","F",994,43800,2269.4,2128.3,2410.5
,"85+ years","85+","Oklahoma","40","2025 (provisional)","2025","Male","M",783,26309,2976.2,2767.7,3184.6
,"85+ years","85+","Oregon","41","2021","2021","Female","F",539,45913,1174.0,1074.9,1273.1
,"85+ years","85+","Oregon","41","2021","2021","Male","M",648,28576,2267.6,2093.0,2442.2
,"85+ years","85+","Oregon","41","2022","2022","Female","F",574,51774,1108.7,1018.0,1199.4
,"85+ years","85+","Oregon","41","2022","2022","Male","M",632,30663,2061.1,1900.4,2221.8
,"85+ years","85+","Oregon","41","2023","2023","Female","F",537,47139,1139.2,1042.8,1235.5
,"85+ years","85+","Oregon","41","2023","2023","Male","M",630,29869,2109.2,1944.5,2273.9
,"85+ years","85+","Oregon","41","2024","2024","Female","F",453,49062,923.3,838.3,1008.3
,"85+ years","85+","Oregon","41","2024","2024","Male","M",581,31965,1817.6,1669.8,1965.4
,"85+ years","85+","Oregon","41","2025 (provisional)","2025","Female","F",437,49062,890.7,807.2,974.2
,"85+ years","85+","Oregon","41","2025 (provisional)","2025","Male","M",584,31965,1827.0,1678.8,1975.2
,"85+ years","85+","Pennsylvania","42","2021","2021","Female","F",3247,192703,1685.0,1627.0,1742.9
,"85+ years","85+","Pennsylvania","42","2021","2021","Male","M",2681,99717,2688.6,2586.8,2790.4
,"85+ years","85+","Pennsylvania","42","2022","2022","Female","F",3079,207732,1482.2,1429.8,1534.6
,"85+ years","85+","Pennsylvania","42","2022","2022","Male","M",2601,102669,2533.4,2436.0,2630.7
,"85+ years","85+","Pennsylvania","42","2023","2023","Female","F",2722,192003,1417.7,1364.4,1470.9
,"85+ years","85+","Pennsylvania","42","2023","2023","Male","M",2323,100490,2311.7,2217.7,2405.7
,"85+ years","85+","Pennsylvania","42","2024","2024","Female","F",2541,193735,1311.6,1260.6,1362.6
,"85+ years","85+","Pennsylvania","42","2024","2024","Male","M",2309,104852,2202.2,2112.3,2292.0
,"85+ years","85+","Pennsylvania","42","2025 (provisional)","2025","Female","F",2579,193735,1331.2,1279.8,1382.6
,"85+ years","85+","Pennsylvania","42","2025 (provisional)","2025","Male","M",2252,104852,2147.8,2059.1,2236.5
,"85+ years","85+","Rhode Island","44","2021","2021","Female","F",358,16420,2180.3,1954.4,2406.1
,"85+ years","85+","Rhode Island","44","2021","2021","Male","M",271,7986,3393.4,2989.4,3797.5
,"85+ years","85+","Rhode Island","44","2022","2022","Female","F",326,17925,1818.7,1621.3,2016.1
,"85+ years","85+","Rhode Island","44","2022","2022","Male","M",276,8089,3412.0,3009.5,3814.6
,"85+ years","85+","Rhode Island","44","2023","2023","Female","F",315,16237,1940.0,1725.8,2154.3
,"85+ years","85+","Rhode Island","44","2023","2023","Male","M",230,8089,2843.4,2475.9,3210.8
,"85+ years","85+","Rhode Island","44","2024","2024","Female","F",270,16557,1630.7,1436.2,1825.2
,"85+ years","85+","Rhode Island","44","2024","2024","Male","M",227,8275,2743.2,2386.3,3100.1
,"85+ years","85+","Rhode Island","44","2025 (provisional)","2025","Female","F",275,16557,1660.9,1464.6,1857.2
,"85+ years","85+","Rhode Island","44","2025 (provisional)","2025","Male","M",202,8275,2441.1,2104.4,2777.7
,"85+ years","85+","South Carolina","45","2021","2021","Female","F",695,53378,1302.0,1205.2,1398.8
,"85+ years","85+","South Carolina","45","2021","2021","Male","M",634,30294,2092.8,1929.9,2255.7
,"85+ years","85+","South Carolina","45","2022","2022","Female","F",708,60237,1175.4,1088.8,1261.9
,"85+ years","85+","South Carolina","45","2022","2022","Male","M",589,32394,1818.2,1671.4,1965.1
,"85+ years","85+","South Carolina","45","2023","2023","Female","F",657,56934,1154.0,1065.7,1242.2
,"85+ years","85+","South Carolina","45","2023","2023","Male","M",637,32635,1951.9,1800.3,2103.5
,"85+ years","85+","South Carolina","45","2024","2024","Female","F",624,58605,1064.8,981.2,1148.3
,"85+ years","85+","South Carolina","45","2024","2024","Male","M",653,35200,1855.1,1712.8,1997.4
,"85+ years","85+","South Carolina","45","2025 (provisional)","2025","Female","F",608,58605,1037.5,955.0,1119.9
,"85+ years","85+","South Carolina","45","2025 (provisional)","2025","Male","M",638,35200,1812.5,1671.9,1953.1
,"85+ years","85+","South Dakota","46","2021","2021","Female","F",179,11841,1511.7,1290.2,1733.2
,"85+ years","85+","South Dakota","46","2021","2021","Male","M",204,6325,3225.3,2782.7,3667.9
,"85+ years","85+","South Dakota","46","2022","2022","Female","F",198,13539,1462.4,1258.7,1666.1
,"85+ years","85+","South Dakota","46","2022","2022","Male","M",206,6264,3288.6,2839.5,3737.7
,"85+ years","85+","South Dakota","46","2023","2023","Female","F",162,12475,1298.6,1098.6,1498.6
,"85+ years","85+","South Dakota","46","2023","2023","Male","M",172,6266,2745.0,2334.7,3155.2
,"85+ years","85+","South Dakota","46","2024","2024","Female","F",163,12546,1299.2,1099.8,1498.7
,"85+ years","85+","South Dakota","46","2024","2024","Male","M",166,6531,2541.7,2155.1,2928.4
,"85+ years","85+","South Dakota","46","2025 (provisional)","2025","Female","F",177,12546,1410.8,1203.0,1618.7
,"85+ years","85+","South Dakota","46","2025 (provisional)","2025","Male","M",175,6531,2679.5,2282.5,3076.5
,"85+ years","85+","Tennessee","47","2021","2021","Female","F",1460,72535,2012.8,1909.6,2116.1
,"85+ years","85+","Tennessee","47","2021","2021","Male","M",1182,38914,3037.5,2864.3,3210.6
,"85+ years","85+","Tennessee","47","2022","2022","Female","F",1408,78610,1791.1,1697.6,1884.7
,"85+ years","85+","Tennessee","47","2022","2022","Male","M",1163,40625,2862.8,2698.2,3027.3
,"85+ years","85+","Tennessee","47","2023","2023","Female","F",1329,72098,1843.3,1744.2,1942.4
,"85+ years","85+","Tennessee","47","2023","2023","Male","M",1088,40713,2672.4,2513.6,2831.2
,"85+ years","85+","Tennessee","47","2024","2024","Female","F",1399,74108,1887.8,1788.9,1986.7
,"85+ years","85+","Tennessee","47","2024","2024","Male","M",1179,43395,2716.9,2561.8,2872.0
,"85+ years","85+","Tennessee","47","2025 (provisional)","2025","Female","F",1253,74108,1690.8,1597.2,1784.4
,"85+ years","85+","Tennessee","47","2025 (provisional)","2025","Male","M",1153,43395,2657.0,2503.6,2810.4
,"85+ years","85+","Texas","48","2021","2021","Female","F",3834,232964,1645.7,1593.7,1697.8
,"85+ years","85+","Texas","48","2021","2021","Male","M",3328,136945,2430.2,2347.6,2512.7
,"85+ years","85+","Texas","48","2022","2022","Female","F",3637,259586,1401.1,1355.5,1446.6
,"85+ years","85+","Texas","48","2022","2022","Male","M",3323,142044,2339.4,2259.9,2419.0
,"85+ years","85+","Texas","48","2023","2023","Female","F",3428,246095,1393.0,1346.3,1439.6
,"85+ years","85+","Texas","48","2023","2023","Male","M",3102,145670,2129.5,2054.5,2204.4
,"85+ years","85+","Texas","48","2024","2024","Female","F",3356,256599,1307.9,1263.6,1352.1
,"85+ years","85+","Texas","48","2024","2024","Male","M",3119,154678,2016.4,1945.7,2087.2
,"85+ years","85+","Texas","48","2025 (provisional)","2025","Female","F",3175,256599,1237.3,1194.3,1280.4
,"85+ years","85+","Texas","48","2025 (provisional)","2025","Male","M",3126,154678,2021.0,1950.1,2091.8
,"85+ years","85+","Utah","49","2021","2021","Female","F",301,20803,1446.9,1283.4,1610.4
,"85+ years","85+","Utah","49","2021","2021","Male","M",351,14849,2363.8,2116.5,2611.1
,"85+ years","85+","Utah","49","2022","2022","Female","F",283,23186,1220.6,1078.4,1362.8
,"85+ years","85+","Utah","49","2022","2022","Male","M",329,15646,2102.8,1875.6,2330.0
,"85+ years","85+","Utah","49","2023","2023","Female","F",260,21291,1221.2,1072.7,1369.6
,"85+ years","85+","Utah","49","2023","2023","Male","M",334,15344,2176.7,1943.3,2410.2
,"85+ years","85+","Utah","49","2024","2024","Female","F",300,21737,1380.1,1224.0,1536.3
,"85+ years","85+","Utah","49","2024","2024","Male","M",322,16086,2001.7,1783.1,2220.4
,"85+ years","85+","Utah","49","2025 (provisional)","2025","Female","F",282,21737,1297.3,1145.9,1448.7
,"85+ years","85+","Utah","49","2025 (provisional)","2025","Male","M",342,16086,2126.1,1900.7,2351.4
,"85+ years","85+","Vermont","50","2021","2021","Female","F",165,8377,1969.7,1669.1,2270.2
,"85+ years","85+","Vermont","50","2021","2021","Male","M",172,4786,3593.8,3056.7,4130.9
,"85+ years","85+","Vermont","50","2022","2022","Female","F",158,9353,1689.3,1425.9,1952.7
,"85+ years","85+","Vermont","50","2022","2022","Male","M",163,5084,3206.1,2713.9,3698.3
,"85+ years","85+","Vermont","50","2023","2023","Female","F",152,8525,1783.0,1499.5,2066.4
,"85+ years","85+","Vermont","50","2023","2023","Male","M",149,4952,3008.9,2525.8,3492.0
,"85+ years","85+","Vermont","50","2024","2024","Female","F",142,8807,1612.4,1347.2,1877.6
,"85+ years","85+","Vermont","50","2024","2024","Male","M",132,5345,2469.6,2048.3,2890.9
,"85+ years","85+","Vermont","50","2025 (provisional)","2025","Female","F",139,8807,1578.3,1315.9,1840.7
,"85+ years","85+","Vermont","50","2025 (provisional)","2025","Male","M",144,5345,2694.1,2254.1,3134.1
,"85+ years","85+","Virginia","51","2021","2021","Female","F",1333,90133,1478.9,1399.5,1558.3
,"85+ years","85+","Virginia","51","2021","2021","Male","M",1178,50852,2316.5,2184.2,2448.8
,"85+ years","85+","Virginia","51","2022","2022","Female","F",1295,102279,1266.1,1197.2,1335.1
,"85+ years","85+","Virginia","51","2022","2022","Male","M",1207,54579,2211.5,2086.7,2336.2
,"85+ years","85+","Virginia","51","2023","2023","Female","F",1258,94940,1325.0,1251.8,1398.3
,"85+ years","85+","Virginia","51","2023","2023","Male","M",1138,54677,2081.3,1960.4,2202.2
,"85+ years","85+","Virginia","51","2024","2024","Female","F",1193,98393,1212.5,1143.7,1281.3
,"85+ years","85+","Virginia","51","2024","2024","Male","M",1098,58245,1885.1,1773.6,1996.6
,"85+ years","85+","Virginia","51","2025 (provisional)","2025","Female","F",1160,98393,1178.9,1111.1,1246.8
,"85+ years","85+","Virginia","51","2025 (provisional)","2025","Male","M",1057,58245,1814.7,1705.3,1924.2
,"85+ years","85+","Washington","53","2021","2021","Female","F",1162,75386,1541.4,1452.8,1630.0
,"85+ years","85+","Washington","53","2021","2021","Male","M",1194,45261,2638.0,2488.4,2787.7
,"85+ years","85+","Washington","53","2022","2022","Female","F",1121,86126,1301.6,1225.4,1377.8
,"85+ years","85+","Washington","53","2022","2022","Male","M",1216,48993,2482.0,2342.5,2621.5
,"85+ years","85+","Washington","53","2023","2023","Female","F",997,78727,1266.4,1187.8,1345.0
,"85+ years","85+","Washington","53","2023","2023","Male","M",1115,48415,2303.0,2167.8,2438.2
,"85+ years","85+","Washington","53","2024","2024","Female","F",1041,81462,1277.9,1200.3,1355.5
,"85+ years","85+","Washington","53","2024","2024","Male","M",1141,50980,2238.1,2108.3,2368.0
,"85+ years","85+","Washington","53","2025 (provisional)","2025","Female","F",1017,81462,1248.4,1171.7,1325.2
,"85+ years","85+","Washington","53","2025 (provisional)","2025","Male","M",1134,50980,2224.4,2094.9,2353.9
,"85+ years","85+","West Virginia","54","2021","2021","Female","F",572,22828,2505.7,2300.3,2711.0
,"85+ years","85+","West Virginia","54","2021","2021","Male","M",404,13081,3088.4,2787.3,3389.6
,"85+ years","85+","West Virginia","54","2022","2022","Female","F",482,25022,1926.3,1754.3,2098.3
,"85+ years","85+","West Virginia","54","2022","2022","Male","M",369,13719,2689.7,2415.3,2964.1
,"85+ years","85+","West Virginia","54","2023","2023","Female","F",426,22969,1854.7,1678.5,2030.8
,"85+ years","85+","West Virginia","54","2023","2023","Male","M",369,14056,2625.2,2357.4,2893.1
,"85+ years","85+","West Virginia","54","2024","2024","Female","F",422,23670,1782.8,1612.7,1953.0
,"85+ years","85+","West Virginia","54","2024","2024","Male","M",338,14950,2260.9,2019.8,2501.9
,"85+ years","85+","West Virginia","54","2025 (provisional)","2025","Female","F",423,23670,1787.1,1616.8,1957.4
,"85+ years","85+","West Virginia","54","2025 (provisional)","2025","Male","M",351,14950,2347.8,2102.2,2593.4
,"85+ years","85+","Wisconsin","55","2021","2021","Female","F",1104,72099,1531.2,1440.9,1621.6
,"85+ years","85+","Wisconsin","55","2021","2021","Male","M",1200,40410,2969.6,2801.5,3137.6
,"85+ years","85+","Wisconsin","55","2022","2022","Female","F",1199,79706,1504.3,1419.1,1589.4
,"85+ years","85+","Wisconsin","55","2022","2022","Male","M",1204,42753,2816.2,2657.1,2975.3
,"85+ years","85+","Wisconsin","55","2023","2023","Female","F",1072,72454,1479.6,1391.0,1568.1
,"85+ years","85+","Wisconsin","55","2023","2023","Male","M",1054,41579,2534.9,2381.9,2688.0
,"85+ years","85+","Wisconsin","55","2024","2024","Female","F",1035,73911,1400.3,1315.0,1485.6
,"85+ years","85+","Wisconsin","55","2024","2024","Male","M",1075,44026,2441.7,2295.8,2587.7
,"85+ years","85+","Wisconsin","55","2025 (provisional)","2025","Female","F",1053,73911,1424.7,1338.6,1510.7
,"85+ years","85+","Wisconsin","55","2025 (provisional)","2025","Male","M",1059,44026,2405.4,2260.5,2550.3
,"85+ years","85+","Wyoming","56","2021","2021","Female","F",73,5999,1216.9,953.8,1530.0
,"85+ years","85+","Wyoming","56","2021","2021","Male","M",86,3725,2308.7,1846.7,2851.3
,"85+ years","85+","Wyoming","56","2022","2022","Female","F",71,6544,1085.0,847.4,1368.5
,"85+ years","85+","Wyoming","56","2022","2022","Male","M",72,3861,1864.8,1459.1,2348.4
,"85+ years","85+","Wyoming","56","2023","2023","Female","F",68,6213,1094.5,849.9,1387.5
,"85+ years","85+","Wyoming","56","2023","2023","Male","M",67,4158,1611.4,1248.8,2046.4
,"85+ years","85+","Wyoming","56","2024","2024","Female","F",83,6438,1289.2,1026.9,1598.2
,"85+ years","85+","Wyoming","56","2024","2024","Male","M",90,4346,2070.9,1665.2,2545.5
,"85+ years","85+","Wyoming","56","2025 (provisional)","2025","Female","F",61,6438,947.5,724.8,1217.1
,"85+ years","85+","Wyoming","56","2025 (provisional)","2025","Male","M",82,4346,1886.8,1500.6,2342.0
"---"
"Dataset: Provisional Mortality Statistics, 2018 through Last Week"
"Query Parameters:"
"Ten-Year Age Groups: 55-64 years; 65-74 years; 75-84 years; 85+ years"
"UCD - ICD-10 Codes: I20-I25 (Ischaemic heart diseases)"
"Year/Month: 2021; 2022; 2023; 2024; 2025 (provisional)"
"Group By: Ten-Year Age Groups; Residence State; Year; Sex"
"Show Totals: False"
"Show Zero Values: True"
"Show Suppressed: True"
"Calculate Rates Per: 100,000"
"Rate Options: Default intercensal populations for years 2001-2009 (except Infant Age Groups)"
"---"
"Help: See http://wonder.cdc.gov/wonder/help/mcd-provisional.html for more information."
"---"
"Query Date: May 4, 2026 6:22:01 PM"
"---"
"Suggested Citation: Centers for Disease Control and Prevention, National Center for Health Statistics. National Vital Statistics"
"System, Provisional Mortality on CDC WONDER Online Database. Data are from the final Multiple Cause of Death Files, 2018-2024,"
"and from provisional data for years 2025 and later, as compiled from data provided by the 57 vital statistics jurisdictions"
"through the Vital Statistics Cooperative Program. Accessed at http://wonder.cdc.gov/mcd-icd10-provisional.html on May 4, 2026"
"6:22:01 PM"
"---"
Caveats:
"1. Deaths of persons with Age ""Not Stated"" are included in ""All"" counts and rates, but are not distributed among age groups,"
"so are not included in age-specific counts, age-specific rates or in any age-adjusted rates. More information:"
"http://wonder.cdc.gov/wonder/help/mcd-provisional.html#Not Stated."
"2. The method used to calculate 95% confidence intervals is documented here: More information:"
"http://wonder.cdc.gov/wonder/help/mcd-provisional.html#Confidence-Intervals."
"3. The population estimates for years 2022 - 2026 are from separate series of estimates based on the Modified Blended Base"
"produced by the US Census Bureau in lieu of the April 1, 2020 decennial population count. The Modified Blended Base consists of"
"the blend of Vintage 2020 postcensal population estimates for April 1, 2020, 2020 Demographic Analysis Estimates, and 2020"
"Census data from the internal Census Edited File (CEF). Each subsequent series of estimates adjusts the methodology. The"
"population figures for years 2024 and later are single-race estimates of the July 1 resident population, from the Vintage 2024"
"postcensal series released by the Census Bureau on June 26, 2025. The population figures for year 2023 are single-race estimates"
"of the July 1 resident population, from the Vintage 2023 postcensal series released by the Census Bureau on June 27, 2024. The"
"population figures for year 2022 are single-race estimates of the July 1 resident population, from the Vintage 2022 postcensal"
"series released by the Census Bureau on June 22, 2023. The population figures for year 2021 are single-race estimates of the"
"July 1 resident population, based on the Blended Base produced by the US Census Bureau in lieu of the April 1, 2020 decennial"
"population count, from the Vintage 2021 postcensal series released by the Census Bureau on June 30, 2022. The population figures"
"for year 2020 are single-race estimates of the July 1 resident population, from the Vintage 2020 postcensal series based on"
"April 2010 Census, released by the Census Bureau on July 27, 2021. The population figures for year 2019 are single-race"
"estimates of the July 1 resident population, from the Vintage 2019 postcensal series based on April 2010 Census, released by the"
"Census Bureau on June 25, 2020. The population figures for year 2018 are single-race estimates of the July 1 resident"
"population, from the Vintage 2018 postcensal series based on April 2010 Census, released by the Census Bureau on June 20, 2019."
"More information: http://wonder.cdc.gov/wonder/help/mcd-provisional.html#Population Data."
"4. Connecticut population estimates for 2022 and later years are reported for 9 planning regions as county equivalent areas,"
"instead of the former 8 legacy counties in the Vintage 2022 postcensal series released by the Census Bureau on June 22, 2023,"
"and in the Vintage 2023 postcensal series released by the Census Bureau on June 27, 2024. Populations estimates for the former"
"counties are not available for 2022 and later years. More information:"
"http://wonder.cdc.gov/wonder/help/mcd-provisional.html#Connecticut-2022."
"5. After the creation of the final 2023 dataset, North Carolina updated the cause of death information for over 900 death"
"certificates to include a cause of death code indicating drug overdose (ICD-10 underlying cause-of-death codes: X40-X44,"
"X60-X64, X85, and Y10-Y14). Jurisdictions can continue to update death certificates after the closing of the mortality file. As"
"a result, users should consider that the actual death count for drug overdose deaths for North Carolina in 2023 is over 4,400"
"deaths, with a crude rate of approximately 41.0 per 100,000 population, and an age-adjusted rate of approximately 42.1 per"
"100,000 population. These deaths will not be updated on the final mortality datasets."
"6. Deaths occurring through April 18, 2026 as of April 26, 2026."