"Notes","Ten-Year Age Groups","Ten-Year Age Groups Code","State","State Code","Year","Year Code","Sex","Sex Code",Deaths,Population,Crude Rate
,"55-64 years","55-64","Alabama","01","1999","1999","Female","F",271,216486,125.2
,"55-64 years","55-64","Alabama","01","1999","1999","Male","M",603,194056,310.7
,"55-64 years","55-64","Alabama","01","2000","2000","Female","F",269,218838,122.9
,"55-64 years","55-64","Alabama","01","2000","2000","Male","M",592,196694,301.0
,"55-64 years","55-64","Alabama","01","2001","2001","Female","F",263,223539,117.7
,"55-64 years","55-64","Alabama","01","2001","2001","Male","M",571,201485,283.4
,"55-64 years","55-64","Alabama","01","2002","2002","Female","F",273,234530,116.4
,"55-64 years","55-64","Alabama","01","2002","2002","Male","M",577,212993,270.9
,"55-64 years","55-64","Alabama","01","2003","2003","Female","F",245,243415,100.7
,"55-64 years","55-64","Alabama","01","2003","2003","Male","M",540,222255,243.0
,"55-64 years","55-64","Alabama","01","2004","2004","Female","F",241,253296,95.1
,"55-64 years","55-64","Alabama","01","2004","2004","Male","M",521,232067,224.5
,"55-64 years","55-64","Alabama","01","2005","2005","Female","F",258,263210,98.0
,"55-64 years","55-64","Alabama","01","2005","2005","Male","M",557,241277,230.9
,"55-64 years","55-64","Alabama","01","2006","2006","Female","F",227,273519,83.0
,"55-64 years","55-64","Alabama","01","2006","2006","Male","M",566,250793,225.7
,"55-64 years","55-64","Alabama","01","2007","2007","Female","F",236,282783,83.5
,"55-64 years","55-64","Alabama","01","2007","2007","Male","M",582,259292,224.5
,"55-64 years","55-64","Alabama","01","2008","2008","Female","F",238,290035,82.1
,"55-64 years","55-64","Alabama","01","2008","2008","Male","M",551,266305,206.9
,"55-64 years","55-64","Alabama","01","2009","2009","Female","F",244,298994,81.6
,"55-64 years","55-64","Alabama","01","2009","2009","Male","M",612,273893,223.4
,"55-64 years","55-64","Alabama","01","2010","2010","Female","F",246,306797,80.2
,"55-64 years","55-64","Alabama","01","2010","2010","Male","M",561,281236,199.5
,"55-64 years","55-64","Alabama","01","2011","2011","Female","F",258,318639,81.0
,"55-64 years","55-64","Alabama","01","2011","2011","Male","M",646,291585,221.5
,"55-64 years","55-64","Alabama","01","2012","2012","Female","F",248,321543,77.1
,"55-64 years","55-64","Alabama","01","2012","2012","Male","M",553,293865,188.2
,"55-64 years","55-64","Alabama","01","2013","2013","Female","F",234,325850,71.8
,"55-64 years","55-64","Alabama","01","2013","2013","Male","M",592,296949,199.4
,"55-64 years","55-64","Alabama","01","2014","2014","Female","F",243,329505,73.7
,"55-64 years","55-64","Alabama","01","2014","2014","Male","M",583,299971,194.4
,"55-64 years","55-64","Alabama","01","2015","2015","Female","F",233,334123,69.7
,"55-64 years","55-64","Alabama","01","2015","2015","Male","M",599,303874,197.1
,"55-64 years","55-64","Alabama","01","2016","2016","Female","F",271,337993,80.2
,"55-64 years","55-64","Alabama","01","2016","2016","Male","M",566,307099,184.3
,"55-64 years","55-64","Alabama","01","2017","2017","Female","F",219,341133,64.2
,"55-64 years","55-64","Alabama","01","2017","2017","Male","M",635,309412,205.2
,"55-64 years","55-64","Alabama","01","2018","2018","Female","F",239,343624,69.6
,"55-64 years","55-64","Alabama","01","2018","2018","Male","M",632,311555,202.9
,"55-64 years","55-64","Alabama","01","2019","2019","Female","F",247,344792,71.6
,"55-64 years","55-64","Alabama","01","2019","2019","Male","M",538,312875,172.0
,"55-64 years","55-64","Alabama","01","2020","2020","Female","F",261,344359,75.8
,"55-64 years","55-64","Alabama","01","2020","2020","Male","M",608,312922,194.3
,"55-64 years","55-64","Alaska","02","1999","1999","Female","F",17,20168,Unreliable
,"55-64 years","55-64","Alaska","02","1999","1999","Male","M",46,23173,198.5
,"55-64 years","55-64","Alaska","02","2000","2000","Female","F",19,20844,Unreliable
,"55-64 years","55-64","Alaska","02","2000","2000","Male","M",51,23906,213.3
,"55-64 years","55-64","Alaska","02","2001","2001","Female","F",12,22200,Unreliable
,"55-64 years","55-64","Alaska","02","2001","2001","Male","M",46,25443,180.8
,"55-64 years","55-64","Alaska","02","2002","2002","Female","F",15,24370,Unreliable
,"55-64 years","55-64","Alaska","02","2002","2002","Male","M",70,28058,249.5
,"55-64 years","55-64","Alaska","02","2003","2003","Female","F",17,26162,Unreliable
,"55-64 years","55-64","Alaska","02","2003","2003","Male","M",47,30106,156.1
,"55-64 years","55-64","Alaska","02","2004","2004","Female","F",21,28370,74.0
,"55-64 years","55-64","Alaska","02","2004","2004","Male","M",52,32618,159.4
,"55-64 years","55-64","Alaska","02","2005","2005","Female","F",16,30403,Unreliable
,"55-64 years","55-64","Alaska","02","2005","2005","Male","M",66,35104,188.0
,"55-64 years","55-64","Alaska","02","2006","2006","Female","F",15,32349,Unreliable
,"55-64 years","55-64","Alaska","02","2006","2006","Male","M",41,37404,109.6
,"55-64 years","55-64","Alaska","02","2007","2007","Female","F",12,34318,Unreliable
,"55-64 years","55-64","Alaska","02","2007","2007","Male","M",59,39361,149.9
,"55-64 years","55-64","Alaska","02","2008","2008","Female","F",18,36348,Unreliable
,"55-64 years","55-64","Alaska","02","2008","2008","Male","M",50,41619,120.1
,"55-64 years","55-64","Alaska","02","2009","2009","Female","F",13,38763,Unreliable
,"55-64 years","55-64","Alaska","02","2009","2009","Male","M",83,44312,187.3
,"55-64 years","55-64","Alaska","02","2010","2010","Female","F",23,40284,57.1
,"55-64 years","55-64","Alaska","02","2010","2010","Male","M",75,45625,164.4
,"55-64 years","55-64","Alaska","02","2011","2011","Female","F",26,42894,60.6
,"55-64 years","55-64","Alaska","02","2011","2011","Male","M",100,47991,208.4
,"55-64 years","55-64","Alaska","02","2012","2012","Female","F",19,44158,Unreliable
,"55-64 years","55-64","Alaska","02","2012","2012","Male","M",70,48658,143.9
,"55-64 years","55-64","Alaska","02","2013","2013","Female","F",18,44312,Unreliable
,"55-64 years","55-64","Alaska","02","2013","2013","Male","M",68,48508,140.2
,"55-64 years","55-64","Alaska","02","2014","2014","Female","F",25,44639,56.0
,"55-64 years","55-64","Alaska","02","2014","2014","Male","M",85,48411,175.6
,"55-64 years","55-64","Alaska","02","2015","2015","Female","F",26,45160,57.6
,"55-64 years","55-64","Alaska","02","2015","2015","Male","M",91,48464,187.8
,"55-64 years","55-64","Alaska","02","2016","2016","Female","F",26,46100,56.4
,"55-64 years","55-64","Alaska","02","2016","2016","Male","M",100,49222,203.2
,"55-64 years","55-64","Alaska","02","2017","2017","Female","F",30,46245,64.9
,"55-64 years","55-64","Alaska","02","2017","2017","Male","M",74,49121,150.6
,"55-64 years","55-64","Alaska","02","2018","2018","Female","F",20,45975,43.5
,"55-64 years","55-64","Alaska","02","2018","2018","Male","M",89,48627,183.0
,"55-64 years","55-64","Alaska","02","2019","2019","Female","F",21,45269,46.4
,"55-64 years","55-64","Alaska","02","2019","2019","Male","M",78,48070,162.3
,"55-64 years","55-64","Alaska","02","2020","2020","Female","F",30,44296,67.7
,"55-64 years","55-64","Alaska","02","2020","2020","Male","M",86,47240,182.0
,"55-64 years","55-64","Arizona","04","1999","1999","Female","F",243,224305,108.3
,"55-64 years","55-64","Arizona","04","1999","1999","Male","M",589,203442,289.5
,"55-64 years","55-64","Arizona","04","2000","2000","Female","F",229,231962,98.7
,"55-64 years","55-64","Arizona","04","2000","2000","Male","M",545,210410,259.0
,"55-64 years","55-64","Arizona","04","2001","2001","Female","F",204,243300,83.8
,"55-64 years","55-64","Arizona","04","2001","2001","Male","M",596,221049,269.6
,"55-64 years","55-64","Arizona","04","2002","2002","Female","F",210,259998,80.8
,"55-64 years","55-64","Arizona","04","2002","2002","Male","M",632,236953,266.7
,"55-64 years","55-64","Arizona","04","2003","2003","Female","F",222,276088,80.4
,"55-64 years","55-64","Arizona","04","2003","2003","Male","M",598,251298,238.0
,"55-64 years","55-64","Arizona","04","2004","2004","Female","F",239,292897,81.6
,"55-64 years","55-64","Arizona","04","2004","2004","Male","M",643,266773,241.0
,"55-64 years","55-64","Arizona","04","2005","2005","Female","F",240,312274,76.9
,"55-64 years","55-64","Arizona","04","2005","2005","Male","M",688,284720,241.6
,"55-64 years","55-64","Arizona","04","2006","2006","Female","F",229,331379,69.1
,"55-64 years","55-64","Arizona","04","2006","2006","Male","M",684,301884,226.6
,"55-64 years","55-64","Arizona","04","2007","2007","Female","F",244,345568,70.6
,"55-64 years","55-64","Arizona","04","2007","2007","Male","M",630,314829,200.1
,"55-64 years","55-64","Arizona","04","2008","2008","Female","F",225,357174,63.0
,"55-64 years","55-64","Arizona","04","2008","2008","Male","M",703,325075,216.3
,"55-64 years","55-64","Arizona","04","2009","2009","Female","F",209,369577,56.6
,"55-64 years","55-64","Arizona","04","2009","2009","Male","M",670,335251,199.9
,"55-64 years","55-64","Arizona","04","2010","2010","Female","F",227,380609,59.6
,"55-64 years","55-64","Arizona","04","2010","2010","Male","M",700,345619,202.5
,"55-64 years","55-64","Arizona","04","2011","2011","Female","F",259,396693,65.3
,"55-64 years","55-64","Arizona","04","2011","2011","Male","M",721,359537,200.5
,"55-64 years","55-64","Arizona","04","2012","2012","Female","F",260,401281,64.8
,"55-64 years","55-64","Arizona","04","2012","2012","Male","M",703,363552,193.4
,"55-64 years","55-64","Arizona","04","2013","2013","Female","F",217,407830,53.2
,"55-64 years","55-64","Arizona","04","2013","2013","Male","M",684,369020,185.4
,"55-64 years","55-64","Arizona","04","2014","2014","Female","F",232,417103,55.6
,"55-64 years","55-64","Arizona","04","2014","2014","Male","M",648,376811,172.0
,"55-64 years","55-64","Arizona","04","2015","2015","Female","F",254,427277,59.4
,"55-64 years","55-64","Arizona","04","2015","2015","Male","M",726,386424,187.9
,"55-64 years","55-64","Arizona","04","2016","2016","Female","F",267,436323,61.2
,"55-64 years","55-64","Arizona","04","2016","2016","Male","M",748,394819,189.5
,"55-64 years","55-64","Arizona","04","2017","2017","Female","F",228,443427,51.4
,"55-64 years","55-64","Arizona","04","2017","2017","Male","M",760,402826,188.7
,"55-64 years","55-64","Arizona","04","2018","2018","Female","F",223,453093,49.2
,"55-64 years","55-64","Arizona","04","2018","2018","Male","M",669,413184,161.9
,"55-64 years","55-64","Arizona","04","2019","2019","Female","F",220,460049,47.8
,"55-64 years","55-64","Arizona","04","2019","2019","Male","M",653,420745,155.2
,"55-64 years","55-64","Arizona","04","2020","2020","Female","F",235,466773,50.3
,"55-64 years","55-64","Arizona","04","2020","2020","Male","M",773,428136,180.6
,"55-64 years","55-64","Arkansas","05","1999","1999","Female","F",160,131136,122.0
,"55-64 years","55-64","Arkansas","05","1999","1999","Male","M",388,119881,323.7
,"55-64 years","55-64","Arkansas","05","2000","2000","Female","F",183,133913,136.7
,"55-64 years","55-64","Arkansas","05","2000","2000","Male","M",434,122870,353.2
,"55-64 years","55-64","Arkansas","05","2001","2001","Female","F",175,136736,128.0
,"55-64 years","55-64","Arkansas","05","2001","2001","Male","M",458,125992,363.5
,"55-64 years","55-64","Arkansas","05","2002","2002","Female","F",215,143679,149.6
,"55-64 years","55-64","Arkansas","05","2002","2002","Male","M",457,132792,344.1
,"55-64 years","55-64","Arkansas","05","2003","2003","Female","F",195,148639,131.2
,"55-64 years","55-64","Arkansas","05","2003","2003","Male","M",437,137956,316.8
,"55-64 years","55-64","Arkansas","05","2004","2004","Female","F",197,154024,127.9
,"55-64 years","55-64","Arkansas","05","2004","2004","Male","M",448,143634,311.9
,"55-64 years","55-64","Arkansas","05","2005","2005","Female","F",202,159434,126.7
,"55-64 years","55-64","Arkansas","05","2005","2005","Male","M",444,148637,298.7
,"55-64 years","55-64","Arkansas","05","2006","2006","Female","F",186,164859,112.8
,"55-64 years","55-64","Arkansas","05","2006","2006","Male","M",503,153834,327.0
,"55-64 years","55-64","Arkansas","05","2007","2007","Female","F",192,169412,113.3
,"55-64 years","55-64","Arkansas","05","2007","2007","Male","M",452,158511,285.2
,"55-64 years","55-64","Arkansas","05","2008","2008","Female","F",188,173251,108.5
,"55-64 years","55-64","Arkansas","05","2008","2008","Male","M",482,162061,297.4
,"55-64 years","55-64","Arkansas","05","2009","2009","Female","F",207,177789,116.4
,"55-64 years","55-64","Arkansas","05","2009","2009","Male","M",486,165860,293.0
,"55-64 years","55-64","Arkansas","05","2010","2010","Female","F",228,181700,125.5
,"55-64 years","55-64","Arkansas","05","2010","2010","Male","M",463,169291,273.5
,"55-64 years","55-64","Arkansas","05","2011","2011","Female","F",211,188533,111.9
,"55-64 years","55-64","Arkansas","05","2011","2011","Male","M",525,175066,299.9
,"55-64 years","55-64","Arkansas","05","2012","2012","Female","F",232,189157,122.6
,"55-64 years","55-64","Arkansas","05","2012","2012","Male","M",514,174995,293.7
,"55-64 years","55-64","Arkansas","05","2013","2013","Female","F",224,190685,117.5
,"55-64 years","55-64","Arkansas","05","2013","2013","Male","M",508,176280,288.2
,"55-64 years","55-64","Arkansas","05","2014","2014","Female","F",194,192076,101.0
,"55-64 years","55-64","Arkansas","05","2014","2014","Male","M",539,177597,303.5
,"55-64 years","55-64","Arkansas","05","2015","2015","Female","F",245,194468,126.0
,"55-64 years","55-64","Arkansas","05","2015","2015","Male","M",536,180052,297.7
,"55-64 years","55-64","Arkansas","05","2016","2016","Female","F",262,196379,133.4
,"55-64 years","55-64","Arkansas","05","2016","2016","Male","M",534,181966,293.5
,"55-64 years","55-64","Arkansas","05","2017","2017","Female","F",263,198167,132.7
,"55-64 years","55-64","Arkansas","05","2017","2017","Male","M",626,183689,340.8
,"55-64 years","55-64","Arkansas","05","2018","2018","Female","F",243,199462,121.8
,"55-64 years","55-64","Arkansas","05","2018","2018","Male","M",562,185005,303.8
,"55-64 years","55-64","Arkansas","05","2019","2019","Female","F",284,200176,141.9
,"55-64 years","55-64","Arkansas","05","2019","2019","Male","M",604,185818,325.0
,"55-64 years","55-64","Arkansas","05","2020","2020","Female","F",296,200163,147.9
,"55-64 years","55-64","Arkansas","05","2020","2020","Male","M",612,186037,329.0
,"55-64 years","55-64","California","06","1999","1999","Female","F",1419,1319908,107.5
,"55-64 years","55-64","California","06","1999","1999","Male","M",3222,1223139,263.4
,"55-64 years","55-64","California","06","2000","2000","Female","F",1286,1356785,94.8
,"55-64 years","55-64","California","06","2000","2000","Male","M",3272,1257308,260.2
,"55-64 years","55-64","California","06","2001","2001","Female","F",1247,1414777,88.1
,"55-64 years","55-64","California","06","2001","2001","Male","M",3132,1313640,238.4
,"55-64 years","55-64","California","06","2002","2002","Female","F",1319,1506733,87.5
,"55-64 years","55-64","California","06","2002","2002","Male","M",3267,1402754,232.9
,"55-64 years","55-64","California","06","2003","2003","Female","F",1308,1585922,82.5
,"55-64 years","55-64","California","06","2003","2003","Male","M",3358,1476641,227.4
,"55-64 years","55-64","California","06","2004","2004","Female","F",1248,1661110,75.1
,"55-64 years","55-64","California","06","2004","2004","Male","M",3237,1544835,209.5
,"55-64 years","55-64","California","06","2005","2005","Female","F",1286,1735963,74.1
,"55-64 years","55-64","California","06","2005","2005","Male","M",3394,1616930,209.9
,"55-64 years","55-64","California","06","2006","2006","Female","F",1311,1805575,72.6
,"55-64 years","55-64","California","06","2006","2006","Male","M",3386,1682305,201.3
,"55-64 years","55-64","California","06","2007","2007","Female","F",1255,1873090,67.0
,"55-64 years","55-64","California","06","2007","2007","Male","M",3378,1745333,193.5
,"55-64 years","55-64","California","06","2008","2008","Female","F",1173,1939797,60.5
,"55-64 years","55-64","California","06","2008","2008","Male","M",3388,1809088,187.3
,"55-64 years","55-64","California","06","2009","2009","Female","F",1132,2021341,56.0
,"55-64 years","55-64","California","06","2009","2009","Male","M",3328,1884209,176.6
,"55-64 years","55-64","California","06","2010","2010","Female","F",1158,2087346,55.5
,"55-64 years","55-64","California","06","2010","2010","Male","M",3306,1949147,169.6
,"55-64 years","55-64","California","06","2011","2011","Female","F",1202,2182069,55.1
,"55-64 years","55-64","California","06","2011","2011","Male","M",3375,2037687,165.6
,"55-64 years","55-64","California","06","2012","2012","Female","F",1275,2225786,57.3
,"55-64 years","55-64","California","06","2012","2012","Male","M",3456,2078087,166.3
,"55-64 years","55-64","California","06","2013","2013","Female","F",1122,2275101,49.3
,"55-64 years","55-64","California","06","2013","2013","Male","M",3522,2128335,165.5
,"55-64 years","55-64","California","06","2014","2014","Female","F",1146,2333467,49.1
,"55-64 years","55-64","California","06","2014","2014","Male","M",3354,2186133,153.4
,"55-64 years","55-64","California","06","2015","2015","Female","F",1220,2386715,51.1
,"55-64 years","55-64","California","06","2015","2015","Male","M",3451,2243148,153.8
,"55-64 years","55-64","California","06","2016","2016","Female","F",1218,2415118,50.4
,"55-64 years","55-64","California","06","2016","2016","Male","M",3562,2273600,156.7
,"55-64 years","55-64","California","06","2017","2017","Female","F",1240,2450872,50.6
,"55-64 years","55-64","California","06","2017","2017","Male","M",3536,2311806,153.0
,"55-64 years","55-64","California","06","2018","2018","Female","F",1215,2456773,49.5
,"55-64 years","55-64","California","06","2018","2018","Male","M",3589,2324453,154.4
,"55-64 years","55-64","California","06","2019","2019","Female","F",1162,2455116,47.3
,"55-64 years","55-64","California","06","2019","2019","Male","M",3582,2331519,153.6
,"55-64 years","55-64","California","06","2020","2020","Female","F",1333,2437984,54.7
,"55-64 years","55-64","California","06","2020","2020","Male","M",4003,2324437,172.2
,"55-64 years","55-64","Colorado","08","1999","1999","Female","F",114,167246,68.2
,"55-64 years","55-64","Colorado","08","1999","1999","Male","M",364,161800,225.0
,"55-64 years","55-64","Colorado","08","2000","2000","Female","F",99,172223,57.5
,"55-64 years","55-64","Colorado","08","2000","2000","Male","M",316,167084,189.1
,"55-64 years","55-64","Colorado","08","2001","2001","Female","F",95,181370,52.4
,"55-64 years","55-64","Colorado","08","2001","2001","Male","M",306,176624,173.2
,"55-64 years","55-64","Colorado","08","2002","2002","Female","F",108,196201,55.0
,"55-64 years","55-64","Colorado","08","2002","2002","Male","M",381,191359,199.1
,"55-64 years","55-64","Colorado","08","2003","2003","Female","F",109,209195,52.1
,"55-64 years","55-64","Colorado","08","2003","2003","Male","M",345,204480,168.7
,"55-64 years","55-64","Colorado","08","2004","2004","Female","F",118,221319,53.3
,"55-64 years","55-64","Colorado","08","2004","2004","Male","M",348,216641,160.6
,"55-64 years","55-64","Colorado","08","2005","2005","Female","F",95,235778,40.3
,"55-64 years","55-64","Colorado","08","2005","2005","Male","M",346,230162,150.3
,"55-64 years","55-64","Colorado","08","2006","2006","Female","F",111,250306,44.3
,"55-64 years","55-64","Colorado","08","2006","2006","Male","M",371,244418,151.8
,"55-64 years","55-64","Colorado","08","2007","2007","Female","F",125,264948,47.2
,"55-64 years","55-64","Colorado","08","2007","2007","Male","M",358,258484,138.5
,"55-64 years","55-64","Colorado","08","2008","2008","Female","F",113,278667,40.6
,"55-64 years","55-64","Colorado","08","2008","2008","Male","M",368,270978,135.8
,"55-64 years","55-64","Colorado","08","2009","2009","Female","F",127,292920,43.4
,"55-64 years","55-64","Colorado","08","2009","2009","Male","M",364,284297,128.0
,"55-64 years","55-64","Colorado","08","2010","2010","Female","F",99,303489,32.6
,"55-64 years","55-64","Colorado","08","2010","2010","Male","M",384,294155,130.5
,"55-64 years","55-64","Colorado","08","2011","2011","Female","F",106,319710,33.2
,"55-64 years","55-64","Colorado","08","2011","2011","Male","M",431,308910,139.5
,"55-64 years","55-64","Colorado","08","2012","2012","Female","F",128,326872,39.2
,"55-64 years","55-64","Colorado","08","2012","2012","Male","M",408,315006,129.5
,"55-64 years","55-64","Colorado","08","2013","2013","Female","F",101,334900,30.2
,"55-64 years","55-64","Colorado","08","2013","2013","Male","M",390,321261,121.4
,"55-64 years","55-64","Colorado","08","2014","2014","Female","F",118,342404,34.5
,"55-64 years","55-64","Colorado","08","2014","2014","Male","M",459,327882,140.0
,"55-64 years","55-64","Colorado","08","2015","2015","Female","F",124,350468,35.4
,"55-64 years","55-64","Colorado","08","2015","2015","Male","M",424,335092,126.5
,"55-64 years","55-64","Colorado","08","2016","2016","Female","F",116,357920,32.4
,"55-64 years","55-64","Colorado","08","2016","2016","Male","M",442,341390,129.5
,"55-64 years","55-64","Colorado","08","2017","2017","Female","F",131,361672,36.2
,"55-64 years","55-64","Colorado","08","2017","2017","Male","M",408,344808,118.3
,"55-64 years","55-64","Colorado","08","2018","2018","Female","F",121,364075,33.2
,"55-64 years","55-64","Colorado","08","2018","2018","Male","M",422,346525,121.8
,"55-64 years","55-64","Colorado","08","2019","2019","Female","F",122,365065,33.4
,"55-64 years","55-64","Colorado","08","2019","2019","Male","M",403,347948,115.8
,"55-64 years","55-64","Colorado","08","2020","2020","Female","F",135,362781,37.2
,"55-64 years","55-64","Colorado","08","2020","2020","Male","M",433,345964,125.2
,"55-64 years","55-64","Connecticut","09","1999","1999","Female","F",143,157350,90.9
,"55-64 years","55-64","Connecticut","09","1999","1999","Male","M",363,145109,250.2
,"55-64 years","55-64","Connecticut","09","2000","2000","Female","F",132,160583,82.2
,"55-64 years","55-64","Connecticut","09","2000","2000","Male","M",345,148030,233.1
,"55-64 years","55-64","Connecticut","09","2001","2001","Female","F",132,166233,79.4
,"55-64 years","55-64","Connecticut","09","2001","2001","Male","M",319,153381,208.0
,"55-64 years","55-64","Connecticut","09","2002","2002","Female","F",130,177531,73.2
,"55-64 years","55-64","Connecticut","09","2002","2002","Male","M",339,163483,207.4
,"55-64 years","55-64","Connecticut","09","2003","2003","Female","F",123,185778,66.2
,"55-64 years","55-64","Connecticut","09","2003","2003","Male","M",339,171089,198.1
,"55-64 years","55-64","Connecticut","09","2004","2004","Female","F",107,192839,55.5
,"55-64 years","55-64","Connecticut","09","2004","2004","Male","M",302,177450,170.2
,"55-64 years","55-64","Connecticut","09","2005","2005","Female","F",96,199489,48.1
,"55-64 years","55-64","Connecticut","09","2005","2005","Male","M",284,183726,154.6
,"55-64 years","55-64","Connecticut","09","2006","2006","Female","F",112,206349,54.3
,"55-64 years","55-64","Connecticut","09","2006","2006","Male","M",287,189897,151.1
,"55-64 years","55-64","Connecticut","09","2007","2007","Female","F",100,211796,47.2
,"55-64 years","55-64","Connecticut","09","2007","2007","Male","M",268,195718,136.9
,"55-64 years","55-64","Connecticut","09","2008","2008","Female","F",94,216388,43.4
,"55-64 years","55-64","Connecticut","09","2008","2008","Male","M",284,200102,141.9
,"55-64 years","55-64","Connecticut","09","2009","2009","Female","F",101,223365,45.2
,"55-64 years","55-64","Connecticut","09","2009","2009","Male","M",291,207419,140.3
,"55-64 years","55-64","Connecticut","09","2010","2010","Female","F",86,229814,37.4
,"55-64 years","55-64","Connecticut","09","2010","2010","Male","M",290,213638,135.7
,"55-64 years","55-64","Connecticut","09","2011","2011","Female","F",88,239199,36.8
,"55-64 years","55-64","Connecticut","09","2011","2011","Male","M",287,222464,129.0
,"55-64 years","55-64","Connecticut","09","2012","2012","Female","F",112,241762,46.3
,"55-64 years","55-64","Connecticut","09","2012","2012","Male","M",292,225711,129.4
,"55-64 years","55-64","Connecticut","09","2013","2013","Female","F",86,246380,34.9
,"55-64 years","55-64","Connecticut","09","2013","2013","Male","M",283,231003,122.5
,"55-64 years","55-64","Connecticut","09","2014","2014","Female","F",87,251543,34.6
,"55-64 years","55-64","Connecticut","09","2014","2014","Male","M",270,235718,114.5
,"55-64 years","55-64","Connecticut","09","2015","2015","Female","F",86,256325,33.6
,"55-64 years","55-64","Connecticut","09","2015","2015","Male","M",309,240641,128.4
,"55-64 years","55-64","Connecticut","09","2016","2016","Female","F",95,260519,36.5
,"55-64 years","55-64","Connecticut","09","2016","2016","Male","M",322,244036,131.9
,"55-64 years","55-64","Connecticut","09","2017","2017","Female","F",106,263698,40.2
,"55-64 years","55-64","Connecticut","09","2017","2017","Male","M",321,246821,130.1
,"55-64 years","55-64","Connecticut","09","2018","2018","Female","F",100,264509,37.8
,"55-64 years","55-64","Connecticut","09","2018","2018","Male","M",340,247296,137.5
,"55-64 years","55-64","Connecticut","09","2019","2019","Female","F",100,265580,37.7
,"55-64 years","55-64","Connecticut","09","2019","2019","Male","M",293,247875,118.2
,"55-64 years","55-64","Connecticut","09","2020","2020","Female","F",132,265459,49.7
,"55-64 years","55-64","Connecticut","09","2020","2020","Male","M",359,247336,145.1
,"55-64 years","55-64","Delaware","10","1999","1999","Female","F",47,36656,128.2
,"55-64 years","55-64","Delaware","10","1999","1999","Male","M",83,33230,249.8
,"55-64 years","55-64","Delaware","10","2000","2000","Female","F",40,37529,106.6
,"55-64 years","55-64","Delaware","10","2000","2000","Male","M",116,33990,341.3
,"55-64 years","55-64","Delaware","10","2001","2001","Female","F",44,38918,113.1
,"55-64 years","55-64","Delaware","10","2001","2001","Male","M",108,35324,305.7
,"55-64 years","55-64","Delaware","10","2002","2002","Female","F",40,41617,96.1
,"55-64 years","55-64","Delaware","10","2002","2002","Male","M",81,37963,213.4
,"55-64 years","55-64","Delaware","10","2003","2003","Female","F",39,44137,88.4
,"55-64 years","55-64","Delaware","10","2003","2003","Male","M",90,40029,224.8
,"55-64 years","55-64","Delaware","10","2004","2004","Female","F",41,46562,88.1
,"55-64 years","55-64","Delaware","10","2004","2004","Male","M",106,42007,252.3
,"55-64 years","55-64","Delaware","10","2005","2005","Female","F",53,49068,108.0
,"55-64 years","55-64","Delaware","10","2005","2005","Male","M",116,44059,263.3
,"55-64 years","55-64","Delaware","10","2006","2006","Female","F",38,51555,73.7
,"55-64 years","55-64","Delaware","10","2006","2006","Male","M",95,46169,205.8
,"55-64 years","55-64","Delaware","10","2007","2007","Female","F",33,53677,61.5
,"55-64 years","55-64","Delaware","10","2007","2007","Male","M",122,47550,256.6
,"55-64 years","55-64","Delaware","10","2008","2008","Female","F",54,55587,97.1
,"55-64 years","55-64","Delaware","10","2008","2008","Male","M",104,49190,211.4
,"55-64 years","55-64","Delaware","10","2009","2009","Female","F",42,57221,73.4
,"55-64 years","55-64","Delaware","10","2009","2009","Male","M",99,50433,196.3
,"55-64 years","55-64","Delaware","10","2010","2010","Female","F",41,58866,69.6
,"55-64 years","55-64","Delaware","10","2010","2010","Male","M",94,52063,180.6
,"55-64 years","55-64","Delaware","10","2011","2011","Female","F",29,61515,47.1
,"55-64 years","55-64","Delaware","10","2011","2011","Male","M",114,54717,208.3
,"55-64 years","55-64","Delaware","10","2012","2012","Female","F",40,62472,64.0
,"55-64 years","55-64","Delaware","10","2012","2012","Male","M",78,55243,141.2
,"55-64 years","55-64","Delaware","10","2013","2013","Female","F",37,64162,57.7
,"55-64 years","55-64","Delaware","10","2013","2013","Male","M",119,56665,210.0
,"55-64 years","55-64","Delaware","10","2014","2014","Female","F",38,65849,57.7
,"55-64 years","55-64","Delaware","10","2014","2014","Male","M",99,58183,170.2
,"55-64 years","55-64","Delaware","10","2015","2015","Female","F",39,67884,57.5
,"55-64 years","55-64","Delaware","10","2015","2015","Male","M",108,59904,180.3
,"55-64 years","55-64","Delaware","10","2016","2016","Female","F",40,69556,57.5
,"55-64 years","55-64","Delaware","10","2016","2016","Male","M",106,61089,173.5
,"55-64 years","55-64","Delaware","10","2017","2017","Female","F",50,70791,70.6
,"55-64 years","55-64","Delaware","10","2017","2017","Male","M",93,62435,149.0
,"55-64 years","55-64","Delaware","10","2018","2018","Female","F",27,72038,37.5
,"55-64 years","55-64","Delaware","10","2018","2018","Male","M",75,63601,117.9
,"55-64 years","55-64","Delaware","10","2019","2019","Female","F",38,73132,52.0
,"55-64 years","55-64","Delaware","10","2019","2019","Male","M",91,64598,140.9
,"55-64 years","55-64","Delaware","10","2020","2020","Female","F",47,74361,63.2
,"55-64 years","55-64","Delaware","10","2020","2020","Male","M",82,65399,125.4
,"55-64 years","55-64","District of Columbia","11","1999","1999","Female","F",40,26467,151.1
,"55-64 years","55-64","District of Columbia","11","1999","1999","Male","M",53,22242,238.3
,"55-64 years","55-64","District of Columbia","11","2000","2000","Female","F",41,27056,151.5
,"55-64 years","55-64","District of Columbia","11","2000","2000","Male","M",69,22727,303.6
,"55-64 years","55-64","District of Columbia","11","2001","2001","Female","F",48,27777,172.8
,"55-64 years","55-64","District of Columbia","11","2001","2001","Male","M",87,23313,373.2
,"55-64 years","55-64","District of Columbia","11","2002","2002","Female","F",47,29055,161.8
,"55-64 years","55-64","District of Columbia","11","2002","2002","Male","M",90,24507,367.2
,"55-64 years","55-64","District of Columbia","11","2003","2003","Female","F",52,29981,173.4
,"55-64 years","55-64","District of Columbia","11","2003","2003","Male","M",89,25100,354.6
,"55-64 years","55-64","District of Columbia","11","2004","2004","Female","F",41,30978,132.4
,"55-64 years","55-64","District of Columbia","11","2004","2004","Male","M",82,25756,318.4
,"55-64 years","55-64","District of Columbia","11","2005","2005","Female","F",42,31726,132.4
,"55-64 years","55-64","District of Columbia","11","2005","2005","Male","M",89,26523,335.6
,"55-64 years","55-64","District of Columbia","11","2006","2006","Female","F",51,32512,156.9
,"55-64 years","55-64","District of Columbia","11","2006","2006","Male","M",88,27333,322.0
,"55-64 years","55-64","District of Columbia","11","2007","2007","Female","F",47,33204,141.5
,"55-64 years","55-64","District of Columbia","11","2007","2007","Male","M",95,27694,343.0
,"55-64 years","55-64","District of Columbia","11","2008","2008","Female","F",46,33411,137.7
,"55-64 years","55-64","District of Columbia","11","2008","2008","Male","M",95,28213,336.7
,"55-64 years","55-64","District of Columbia","11","2009","2009","Female","F",30,33928,88.4
,"55-64 years","55-64","District of Columbia","11","2009","2009","Male","M",62,28822,215.1
,"55-64 years","55-64","District of Columbia","11","2010","2010","Female","F",47,34585,135.9
,"55-64 years","55-64","District of Columbia","11","2010","2010","Male","M",93,29392,316.4
,"55-64 years","55-64","District of Columbia","11","2011","2011","Female","F",34,36039,94.3
,"55-64 years","55-64","District of Columbia","11","2011","2011","Male","M",70,30713,227.9
,"55-64 years","55-64","District of Columbia","11","2012","2012","Female","F",42,36526,115.0
,"55-64 years","55-64","District of Columbia","11","2012","2012","Male","M",80,31012,258.0
,"55-64 years","55-64","District of Columbia","11","2013","2013","Female","F",49,36782,133.2
,"55-64 years","55-64","District of Columbia","11","2013","2013","Male","M",77,31822,242.0
,"55-64 years","55-64","District of Columbia","11","2014","2014","Female","F",41,36775,111.5
,"55-64 years","55-64","District of Columbia","11","2014","2014","Male","M",94,32225,291.7
,"55-64 years","55-64","District of Columbia","11","2015","2015","Female","F",51,36934,138.1
,"55-64 years","55-64","District of Columbia","11","2015","2015","Male","M",68,32755,207.6
,"55-64 years","55-64","District of Columbia","11","2016","2016","Female","F",49,36915,132.7
,"55-64 years","55-64","District of Columbia","11","2016","2016","Male","M",74,33129,223.4
,"55-64 years","55-64","District of Columbia","11","2017","2017","Female","F",36,36983,97.3
,"55-64 years","55-64","District of Columbia","11","2017","2017","Male","M",66,33144,199.1
,"55-64 years","55-64","District of Columbia","11","2018","2018","Female","F",46,36838,124.9
,"55-64 years","55-64","District of Columbia","11","2018","2018","Male","M",103,33464,307.8
,"55-64 years","55-64","District of Columbia","11","2019","2019","Female","F",36,36356,99.0
,"55-64 years","55-64","District of Columbia","11","2019","2019","Male","M",83,33520,247.6
,"55-64 years","55-64","District of Columbia","11","2020","2020","Female","F",50,36253,137.9
,"55-64 years","55-64","District of Columbia","11","2020","2020","Male","M",85,33546,253.4
,"55-64 years","55-64","Florida","12","1999","1999","Female","F",841,800611,105.0
,"55-64 years","55-64","Florida","12","1999","1999","Male","M",2167,708839,305.7
,"55-64 years","55-64","Florida","12","2000","2000","Female","F",801,826309,96.9
,"55-64 years","55-64","Florida","12","2000","2000","Male","M",2095,732704,285.9
,"55-64 years","55-64","Florida","12","2001","2001","Female","F",862,861219,100.1
,"55-64 years","55-64","Florida","12","2001","2001","Male","M",2152,766856,280.6
,"55-64 years","55-64","Florida","12","2002","2002","Female","F",744,915817,81.2
,"55-64 years","55-64","Florida","12","2002","2002","Male","M",2194,818394,268.1
,"55-64 years","55-64","Florida","12","2003","2003","Female","F",808,963062,83.9
,"55-64 years","55-64","Florida","12","2003","2003","Male","M",2176,862008,252.4
,"55-64 years","55-64","Florida","12","2004","2004","Female","F",778,1015190,76.6
,"55-64 years","55-64","Florida","12","2004","2004","Male","M",2244,908588,247.0
,"55-64 years","55-64","Florida","12","2005","2005","Female","F",780,1067296,73.1
,"55-64 years","55-64","Florida","12","2005","2005","Male","M",2162,956321,226.1
,"55-64 years","55-64","Florida","12","2006","2006","Female","F",815,1112385,73.3
,"55-64 years","55-64","Florida","12","2006","2006","Male","M",2147,995923,215.6
,"55-64 years","55-64","Florida","12","2007","2007","Female","F",790,1145603,69.0
,"55-64 years","55-64","Florida","12","2007","2007","Male","M",2009,1026194,195.8
,"55-64 years","55-64","Florida","12","2008","2008","Female","F",751,1170297,64.2
,"55-64 years","55-64","Florida","12","2008","2008","Male","M",2083,1047537,198.8
,"55-64 years","55-64","Florida","12","2009","2009","Female","F",720,1201143,59.9
,"55-64 years","55-64","Florida","12","2009","2009","Male","M",2090,1073456,194.7
,"55-64 years","55-64","Florida","12","2010","2010","Female","F",790,1234791,64.0
,"55-64 years","55-64","Florida","12","2010","2010","Male","M",2118,1102877,192.0
,"55-64 years","55-64","Florida","12","2011","2011","Female","F",799,1284822,62.2
,"55-64 years","55-64","Florida","12","2011","2011","Male","M",2042,1148847,177.7
,"55-64 years","55-64","Florida","12","2012","2012","Female","F",807,1302461,62.0
,"55-64 years","55-64","Florida","12","2012","2012","Male","M",2134,1161317,183.8
,"55-64 years","55-64","Florida","12","2013","2013","Female","F",812,1324118,61.3
,"55-64 years","55-64","Florida","12","2013","2013","Male","M",2101,1182200,177.7
,"55-64 years","55-64","Florida","12","2014","2014","Female","F",835,1360343,61.4
,"55-64 years","55-64","Florida","12","2014","2014","Male","M",2275,1213403,187.5
,"55-64 years","55-64","Florida","12","2015","2015","Female","F",893,1401456,63.7
,"55-64 years","55-64","Florida","12","2015","2015","Male","M",2220,1252207,177.3
,"55-64 years","55-64","Florida","12","2016","2016","Female","F",881,1438830,61.2
,"55-64 years","55-64","Florida","12","2016","2016","Male","M",2313,1288333,179.5
,"55-64 years","55-64","Florida","12","2017","2017","Female","F",887,1476572,60.1
,"55-64 years","55-64","Florida","12","2017","2017","Male","M",2374,1321056,179.7
,"55-64 years","55-64","Florida","12","2018","2018","Female","F",887,1503801,59.0
,"55-64 years","55-64","Florida","12","2018","2018","Male","M",2456,1350800,181.8
,"55-64 years","55-64","Florida","12","2019","2019","Female","F",886,1523362,58.2
,"55-64 years","55-64","Florida","12","2019","2019","Male","M",2464,1374993,179.2
,"55-64 years","55-64","Florida","12","2020","2020","Female","F",957,1543278,62.0
,"55-64 years","55-64","Florida","12","2020","2020","Male","M",2548,1399141,182.1
,"55-64 years","55-64","Georgia","13","1999","1999","Female","F",433,334480,129.5
,"55-64 years","55-64","Georgia","13","1999","1999","Male","M",966,308354,313.3
,"55-64 years","55-64","Georgia","13","2000","2000","Female","F",397,343541,115.6
,"55-64 years","55-64","Georgia","13","2000","2000","Male","M",931,317915,292.8
,"55-64 years","55-64","Georgia","13","2001","2001","Female","F",390,359271,108.6
,"55-64 years","55-64","Georgia","13","2001","2001","Male","M",920,332781,276.5
,"55-64 years","55-64","Georgia","13","2002","2002","Female","F",402,385685,104.2
,"55-64 years","55-64","Georgia","13","2002","2002","Male","M",955,356990,267.5
,"55-64 years","55-64","Georgia","13","2003","2003","Female","F",435,408845,106.4
,"55-64 years","55-64","Georgia","13","2003","2003","Male","M",965,378497,255.0
,"55-64 years","55-64","Georgia","13","2004","2004","Female","F",376,431527,87.1
,"55-64 years","55-64","Georgia","13","2004","2004","Male","M",925,397981,232.4
,"55-64 years","55-64","Georgia","13","2005","2005","Female","F",385,456830,84.3
,"55-64 years","55-64","Georgia","13","2005","2005","Male","M",891,419233,212.5
,"55-64 years","55-64","Georgia","13","2006","2006","Female","F",316,481445,65.6
,"55-64 years","55-64","Georgia","13","2006","2006","Male","M",927,438605,211.4
,"55-64 years","55-64","Georgia","13","2007","2007","Female","F",320,505671,63.3
,"55-64 years","55-64","Georgia","13","2007","2007","Male","M",865,457816,188.9
,"55-64 years","55-64","Georgia","13","2008","2008","Female","F",345,524068,65.8
,"55-64 years","55-64","Georgia","13","2008","2008","Male","M",804,473199,169.9
,"55-64 years","55-64","Georgia","13","2009","2009","Female","F",357,545615,65.4
,"55-64 years","55-64","Georgia","13","2009","2009","Male","M",865,490869,176.2
,"55-64 years","55-64","Georgia","13","2010","2010","Female","F",391,563228,69.4
,"55-64 years","55-64","Georgia","13","2010","2010","Male","M",869,506329,171.6
,"55-64 years","55-64","Georgia","13","2011","2011","Female","F",353,587909,60.0
,"55-64 years","55-64","Georgia","13","2011","2011","Male","M",886,528046,167.8
,"55-64 years","55-64","Georgia","13","2012","2012","Female","F",326,598223,54.5
,"55-64 years","55-64","Georgia","13","2012","2012","Male","M",855,536288,159.4
,"55-64 years","55-64","Georgia","13","2013","2013","Female","F",368,608900,60.4
,"55-64 years","55-64","Georgia","13","2013","2013","Male","M",964,546288,176.5
,"55-64 years","55-64","Georgia","13","2014","2014","Female","F",360,621319,57.9
,"55-64 years","55-64","Georgia","13","2014","2014","Male","M",967,557884,173.3
,"55-64 years","55-64","Georgia","13","2015","2015","Female","F",419,636377,65.8
,"55-64 years","55-64","Georgia","13","2015","2015","Male","M",958,572795,167.3
,"55-64 years","55-64","Georgia","13","2016","2016","Female","F",415,650104,63.8
,"55-64 years","55-64","Georgia","13","2016","2016","Male","M",936,586707,159.5
,"55-64 years","55-64","Georgia","13","2017","2017","Female","F",431,663673,64.9
,"55-64 years","55-64","Georgia","13","2017","2017","Male","M",964,599889,160.7
,"55-64 years","55-64","Georgia","13","2018","2018","Female","F",427,674890,63.3
,"55-64 years","55-64","Georgia","13","2018","2018","Male","M",1011,610792,165.5
,"55-64 years","55-64","Georgia","13","2019","2019","Female","F",411,685205,60.0
,"55-64 years","55-64","Georgia","13","2019","2019","Male","M",963,622328,154.7
,"55-64 years","55-64","Georgia","13","2020","2020","Female","F",420,692868,60.6
,"55-64 years","55-64","Georgia","13","2020","2020","Male","M",1023,630343,162.3
,"55-64 years","55-64","Hawaii","15","1999","1999","Female","F",49,53218,92.1
,"55-64 years","55-64","Hawaii","15","1999","1999","Male","M",129,50424,255.8
,"55-64 years","55-64","Hawaii","15","2000","2000","Female","F",50,54763,91.3
,"55-64 years","55-64","Hawaii","15","2000","2000","Male","M",122,52198,233.7
,"55-64 years","55-64","Hawaii","15","2001","2001","Female","F",49,57612,85.1
,"55-64 years","55-64","Hawaii","15","2001","2001","Male","M",95,55214,172.1
,"55-64 years","55-64","Hawaii","15","2002","2002","Female","F",51,60961,83.7
,"55-64 years","55-64","Hawaii","15","2002","2002","Male","M",112,59189,189.2
,"55-64 years","55-64","Hawaii","15","2003","2003","Female","F",44,64706,68.0
,"55-64 years","55-64","Hawaii","15","2003","2003","Male","M",108,63073,171.2
,"55-64 years","55-64","Hawaii","15","2004","2004","Female","F",33,69024,47.8
,"55-64 years","55-64","Hawaii","15","2004","2004","Male","M",115,67717,169.8
,"55-64 years","55-64","Hawaii","15","2005","2005","Female","F",35,72788,48.1
,"55-64 years","55-64","Hawaii","15","2005","2005","Male","M",115,71880,160.0
,"55-64 years","55-64","Hawaii","15","2006","2006","Female","F",44,76452,57.6
,"55-64 years","55-64","Hawaii","15","2006","2006","Male","M",131,75481,173.6
,"55-64 years","55-64","Hawaii","15","2007","2007","Female","F",33,80192,41.2
,"55-64 years","55-64","Hawaii","15","2007","2007","Male","M",125,79144,157.9
,"55-64 years","55-64","Hawaii","15","2008","2008","Female","F",42,83355,50.4
,"55-64 years","55-64","Hawaii","15","2008","2008","Male","M",132,82148,160.7
,"55-64 years","55-64","Hawaii","15","2009","2009","Female","F",26,86320,30.1
,"55-64 years","55-64","Hawaii","15","2009","2009","Male","M",123,84759,145.1
,"55-64 years","55-64","Hawaii","15","2010","2010","Female","F",27,88535,30.5
,"55-64 years","55-64","Hawaii","15","2010","2010","Male","M",113,87027,129.8
,"55-64 years","55-64","Hawaii","15","2011","2011","Female","F",45,90635,49.6
,"55-64 years","55-64","Hawaii","15","2011","2011","Male","M",131,88961,147.3
,"55-64 years","55-64","Hawaii","15","2012","2012","Female","F",48,91718,52.3
,"55-64 years","55-64","Hawaii","15","2012","2012","Male","M",148,89482,165.4
,"55-64 years","55-64","Hawaii","15","2013","2013","Female","F",45,91114,49.4
,"55-64 years","55-64","Hawaii","15","2013","2013","Male","M",129,88232,146.2
,"55-64 years","55-64","Hawaii","15","2014","2014","Female","F",42,91498,45.9
,"55-64 years","55-64","Hawaii","15","2014","2014","Male","M",139,88291,157.4
,"55-64 years","55-64","Hawaii","15","2015","2015","Female","F",36,91504,39.3
,"55-64 years","55-64","Hawaii","15","2015","2015","Male","M",134,87939,152.4
,"55-64 years","55-64","Hawaii","15","2016","2016","Female","F",39,93987,41.5
,"55-64 years","55-64","Hawaii","15","2016","2016","Male","M",112,90419,123.9
,"55-64 years","55-64","Hawaii","15","2017","2017","Female","F",44,93250,47.2
,"55-64 years","55-64","Hawaii","15","2017","2017","Male","M",127,89822,141.4
,"55-64 years","55-64","Hawaii","15","2018","2018","Female","F",52,92015,56.5
,"55-64 years","55-64","Hawaii","15","2018","2018","Male","M",140,88712,157.8
,"55-64 years","55-64","Hawaii","15","2019","2019","Female","F",33,91237,36.2
,"55-64 years","55-64","Hawaii","15","2019","2019","Male","M",126,87900,143.3
,"55-64 years","55-64","Hawaii","15","2020","2020","Female","F",35,90136,38.8
,"55-64 years","55-64","Hawaii","15","2020","2020","Male","M",122,86739,140.7
,"55-64 years","55-64","Idaho","16","1999","1999","Female","F",44,52413,83.9
,"55-64 years","55-64","Idaho","16","1999","1999","Male","M",126,52239,241.2
,"55-64 years","55-64","Idaho","16","2000","2000","Female","F",39,53805,72.5
,"55-64 years","55-64","Idaho","16","2000","2000","Male","M",139,53724,258.7
,"55-64 years","55-64","Idaho","16","2001","2001","Female","F",36,56208,64.0
,"55-64 years","55-64","Idaho","16","2001","2001","Male","M",123,56484,217.8
,"55-64 years","55-64","Idaho","16","2002","2002","Female","F",39,60095,64.9
,"55-64 years","55-64","Idaho","16","2002","2002","Male","M",145,60386,240.1
,"55-64 years","55-64","Idaho","16","2003","2003","Female","F",42,63684,66.0
,"55-64 years","55-64","Idaho","16","2003","2003","Male","M",148,64226,230.4
,"55-64 years","55-64","Idaho","16","2004","2004","Female","F",45,67470,66.7
,"55-64 years","55-64","Idaho","16","2004","2004","Male","M",127,67913,187.0
,"55-64 years","55-64","Idaho","16","2005","2005","Female","F",45,72107,62.4
,"55-64 years","55-64","Idaho","16","2005","2005","Male","M",124,72124,171.9
,"55-64 years","55-64","Idaho","16","2006","2006","Female","F",44,76728,57.3
,"55-64 years","55-64","Idaho","16","2006","2006","Male","M",142,76489,185.6
,"55-64 years","55-64","Idaho","16","2007","2007","Female","F",35,81018,43.2
,"55-64 years","55-64","Idaho","16","2007","2007","Male","M",146,80612,181.1
,"55-64 years","55-64","Idaho","16","2008","2008","Female","F",37,84512,43.8
,"55-64 years","55-64","Idaho","16","2008","2008","Male","M",134,83736,160.0
,"55-64 years","55-64","Idaho","16","2009","2009","Female","F",64,87924,72.8
,"55-64 years","55-64","Idaho","16","2009","2009","Male","M",167,86973,192.0
,"55-64 years","55-64","Idaho","16","2010","2010","Female","F",45,90676,49.6
,"55-64 years","55-64","Idaho","16","2010","2010","Male","M",120,89637,133.9
,"55-64 years","55-64","Idaho","16","2011","2011","Female","F",41,95142,43.1
,"55-64 years","55-64","Idaho","16","2011","2011","Male","M",150,93675,160.1
,"55-64 years","55-64","Idaho","16","2012","2012","Female","F",40,97335,41.1
,"55-64 years","55-64","Idaho","16","2012","2012","Male","M",133,94830,140.3
,"55-64 years","55-64","Idaho","16","2013","2013","Female","F",42,99621,42.2
,"55-64 years","55-64","Idaho","16","2013","2013","Male","M",153,96391,158.7
,"55-64 years","55-64","Idaho","16","2014","2014","Female","F",50,101677,49.2
,"55-64 years","55-64","Idaho","16","2014","2014","Male","M",159,97888,162.4
,"55-64 years","55-64","Idaho","16","2015","2015","Female","F",61,103732,58.8
,"55-64 years","55-64","Idaho","16","2015","2015","Male","M",170,99838,170.3
,"55-64 years","55-64","Idaho","16","2016","2016","Female","F",53,106152,49.9
,"55-64 years","55-64","Idaho","16","2016","2016","Male","M",160,102098,156.7
,"55-64 years","55-64","Idaho","16","2017","2017","Female","F",49,108074,45.3
,"55-64 years","55-64","Idaho","16","2017","2017","Male","M",160,103673,154.3
,"55-64 years","55-64","Idaho","16","2018","2018","Female","F",54,110071,49.1
,"55-64 years","55-64","Idaho","16","2018","2018","Male","M",165,104779,157.5
,"55-64 years","55-64","Idaho","16","2019","2019","Female","F",54,111991,48.2
,"55-64 years","55-64","Idaho","16","2019","2019","Male","M",146,106369,137.3
,"55-64 years","55-64","Idaho","16","2020","2020","Female","F",56,113391,49.4
,"55-64 years","55-64","Idaho","16","2020","2020","Male","M",158,107433,147.1
,"55-64 years","55-64","Illinois","17","1999","1999","Female","F",670,537661,124.6
,"55-64 years","55-64","Illinois","17","1999","1999","Male","M",1604,491627,326.3
,"55-64 years","55-64","Illinois","17","2000","2000","Female","F",613,543529,112.8
,"55-64 years","55-64","Illinois","17","2000","2000","Male","M",1501,497104,301.9
,"55-64 years","55-64","Illinois","17","2001","2001","Female","F",647,554616,116.7
,"55-64 years","55-64","Illinois","17","2001","2001","Male","M",1451,509041,285.0
,"55-64 years","55-64","Illinois","17","2002","2002","Female","F",584,584435,99.9
,"55-64 years","55-64","Illinois","17","2002","2002","Male","M",1537,536673,286.4
,"55-64 years","55-64","Illinois","17","2003","2003","Female","F",584,606822,96.2
,"55-64 years","55-64","Illinois","17","2003","2003","Male","M",1452,558062,260.2
,"55-64 years","55-64","Illinois","17","2004","2004","Female","F",564,628226,89.8
,"55-64 years","55-64","Illinois","17","2004","2004","Male","M",1419,578674,245.2
,"55-64 years","55-64","Illinois","17","2005","2005","Female","F",531,651460,81.5
,"55-64 years","55-64","Illinois","17","2005","2005","Male","M",1432,602692,237.6
,"55-64 years","55-64","Illinois","17","2006","2006","Female","F",535,675463,79.2
,"55-64 years","55-64","Illinois","17","2006","2006","Male","M",1426,625704,227.9
,"55-64 years","55-64","Illinois","17","2007","2007","Female","F",576,696063,82.8
,"55-64 years","55-64","Illinois","17","2007","2007","Male","M",1348,646453,208.5
,"55-64 years","55-64","Illinois","17","2008","2008","Female","F",557,714905,77.9
,"55-64 years","55-64","Illinois","17","2008","2008","Male","M",1418,665429,213.1
,"55-64 years","55-64","Illinois","17","2009","2009","Female","F",496,739760,67.0
,"55-64 years","55-64","Illinois","17","2009","2009","Male","M",1390,689207,201.7
,"55-64 years","55-64","Illinois","17","2010","2010","Female","F",466,761982,61.2
,"55-64 years","55-64","Illinois","17","2010","2010","Male","M",1399,711225,196.7
,"55-64 years","55-64","Illinois","17","2011","2011","Female","F",537,795414,67.5
,"55-64 years","55-64","Illinois","17","2011","2011","Male","M",1442,741934,194.4
,"55-64 years","55-64","Illinois","17","2012","2012","Female","F",531,805532,65.9
,"55-64 years","55-64","Illinois","17","2012","2012","Male","M",1445,752349,192.1
,"55-64 years","55-64","Illinois","17","2013","2013","Female","F",486,821649,59.1
,"55-64 years","55-64","Illinois","17","2013","2013","Male","M",1392,768255,181.2
,"55-64 years","55-64","Illinois","17","2014","2014","Female","F",487,836344,58.2
,"55-64 years","55-64","Illinois","17","2014","2014","Male","M",1349,782736,172.3
,"55-64 years","55-64","Illinois","17","2015","2015","Female","F",519,848761,61.1
,"55-64 years","55-64","Illinois","17","2015","2015","Male","M",1339,795855,168.2
,"55-64 years","55-64","Illinois","17","2016","2016","Female","F",511,853647,59.9
,"55-64 years","55-64","Illinois","17","2016","2016","Male","M",1284,802066,160.1
,"55-64 years","55-64","Illinois","17","2017","2017","Female","F",472,858785,55.0
,"55-64 years","55-64","Illinois","17","2017","2017","Male","M",1232,807403,152.6
,"55-64 years","55-64","Illinois","17","2018","2018","Female","F",523,858102,60.9
,"55-64 years","55-64","Illinois","17","2018","2018","Male","M",1241,807085,153.8
,"55-64 years","55-64","Illinois","17","2019","2019","Female","F",455,854099,53.3
,"55-64 years","55-64","Illinois","17","2019","2019","Male","M",1186,804184,147.5
,"55-64 years","55-64","Illinois","17","2020","2020","Female","F",450,843142,53.4
,"55-64 years","55-64","Illinois","17","2020","2020","Male","M",1266,795318,159.2
,"55-64 years","55-64","Indiana","18","1999","1999","Female","F",364,270411,134.6
,"55-64 years","55-64","Indiana","18","1999","1999","Male","M",782,252551,309.6
,"55-64 years","55-64","Indiana","18","2000","2000","Female","F",335,273675,122.4
,"55-64 years","55-64","Indiana","18","2000","2000","Male","M",821,256169,320.5
,"55-64 years","55-64","Indiana","18","2001","2001","Female","F",308,279883,110.0
,"55-64 years","55-64","Indiana","18","2001","2001","Male","M",785,262727,298.8
,"55-64 years","55-64","Indiana","18","2002","2002","Female","F",285,296338,96.2
,"55-64 years","55-64","Indiana","18","2002","2002","Male","M",753,278013,270.9
,"55-64 years","55-64","Indiana","18","2003","2003","Female","F",329,308591,106.6
,"55-64 years","55-64","Indiana","18","2003","2003","Male","M",762,289681,263.0
,"55-64 years","55-64","Indiana","18","2004","2004","Female","F",293,321062,91.3
,"55-64 years","55-64","Indiana","18","2004","2004","Male","M",773,301536,256.4
,"55-64 years","55-64","Indiana","18","2005","2005","Female","F",281,334748,83.9
,"55-64 years","55-64","Indiana","18","2005","2005","Male","M",743,314288,236.4
,"55-64 years","55-64","Indiana","18","2006","2006","Female","F",323,347510,92.9
,"55-64 years","55-64","Indiana","18","2006","2006","Male","M",733,326717,224.4
,"55-64 years","55-64","Indiana","18","2007","2007","Female","F",281,360116,78.0
,"55-64 years","55-64","Indiana","18","2007","2007","Male","M",727,339042,214.4
,"55-64 years","55-64","Indiana","18","2008","2008","Female","F",295,370431,79.6
,"55-64 years","55-64","Indiana","18","2008","2008","Male","M",806,349388,230.7
,"55-64 years","55-64","Indiana","18","2009","2009","Female","F",281,384035,73.2
,"55-64 years","55-64","Indiana","18","2009","2009","Male","M",746,363071,205.5
,"55-64 years","55-64","Indiana","18","2010","2010","Female","F",274,394907,69.4
,"55-64 years","55-64","Indiana","18","2010","2010","Male","M",785,374236,209.8
,"55-64 years","55-64","Indiana","18","2011","2011","Female","F",315,412419,76.4
,"55-64 years","55-64","Indiana","18","2011","2011","Male","M",860,390758,220.1
,"55-64 years","55-64","Indiana","18","2012","2012","Female","F",288,416817,69.1
,"55-64 years","55-64","Indiana","18","2012","2012","Male","M",810,395812,204.6
,"55-64 years","55-64","Indiana","18","2013","2013","Female","F",286,425343,67.2
,"55-64 years","55-64","Indiana","18","2013","2013","Male","M",759,404143,187.8
,"55-64 years","55-64","Indiana","18","2014","2014","Female","F",318,431938,73.6
,"55-64 years","55-64","Indiana","18","2014","2014","Male","M",794,410443,193.4
,"55-64 years","55-64","Indiana","18","2015","2015","Female","F",341,438420,77.8
,"55-64 years","55-64","Indiana","18","2015","2015","Male","M",819,417344,196.2
,"55-64 years","55-64","Indiana","18","2016","2016","Female","F",327,443295,73.8
,"55-64 years","55-64","Indiana","18","2016","2016","Male","M",806,421172,191.4
,"55-64 years","55-64","Indiana","18","2017","2017","Female","F",323,446642,72.3
,"55-64 years","55-64","Indiana","18","2017","2017","Male","M",875,423965,206.4
,"55-64 years","55-64","Indiana","18","2018","2018","Female","F",306,448253,68.3
,"55-64 years","55-64","Indiana","18","2018","2018","Male","M",866,425033,203.7
,"55-64 years","55-64","Indiana","18","2019","2019","Female","F",305,449163,67.9
,"55-64 years","55-64","Indiana","18","2019","2019","Male","M",806,425919,189.2
,"55-64 years","55-64","Indiana","18","2020","2020","Female","F",317,447218,70.9
,"55-64 years","55-64","Indiana","18","2020","2020","Male","M",849,423864,200.3
,"55-64 years","55-64","Iowa","19","1999","1999","Female","F",140,131546,106.4
,"55-64 years","55-64","Iowa","19","1999","1999","Male","M",335,124230,269.7
,"55-64 years","55-64","Iowa","19","2000","2000","Female","F",131,132276,99.0
,"55-64 years","55-64","Iowa","19","2000","2000","Male","M",346,125136,276.5
,"55-64 years","55-64","Iowa","19","2001","2001","Female","F",127,134339,94.5
,"55-64 years","55-64","Iowa","19","2001","2001","Male","M",326,127912,254.9
,"55-64 years","55-64","Iowa","19","2002","2002","Female","F",118,140816,83.8
,"55-64 years","55-64","Iowa","19","2002","2002","Male","M",324,134720,240.5
,"55-64 years","55-64","Iowa","19","2003","2003","Female","F",126,145958,86.3
,"55-64 years","55-64","Iowa","19","2003","2003","Male","M",364,140493,259.1
,"55-64 years","55-64","Iowa","19","2004","2004","Female","F",99,151551,65.3
,"55-64 years","55-64","Iowa","19","2004","2004","Male","M",362,146260,247.5
,"55-64 years","55-64","Iowa","19","2005","2005","Female","F",106,157069,67.5
,"55-64 years","55-64","Iowa","19","2005","2005","Male","M",348,152859,227.7
,"55-64 years","55-64","Iowa","19","2006","2006","Female","F",144,163322,88.2
,"55-64 years","55-64","Iowa","19","2006","2006","Male","M",334,159703,209.1
,"55-64 years","55-64","Iowa","19","2007","2007","Female","F",113,170021,66.5
,"55-64 years","55-64","Iowa","19","2007","2007","Male","M",344,166890,206.1
,"55-64 years","55-64","Iowa","19","2008","2008","Female","F",127,175440,72.4
,"55-64 years","55-64","Iowa","19","2008","2008","Male","M",351,172664,203.3
,"55-64 years","55-64","Iowa","19","2009","2009","Female","F",126,181873,69.3
,"55-64 years","55-64","Iowa","19","2009","2009","Male","M",389,179549,216.7
,"55-64 years","55-64","Iowa","19","2010","2010","Female","F",141,187191,75.3
,"55-64 years","55-64","Iowa","19","2010","2010","Male","M",356,185559,191.9
,"55-64 years","55-64","Iowa","19","2011","2011","Female","F",146,195342,74.7
,"55-64 years","55-64","Iowa","19","2011","2011","Male","M",386,193707,199.3
,"55-64 years","55-64","Iowa","19","2012","2012","Female","F",163,197843,82.4
,"55-64 years","55-64","Iowa","19","2012","2012","Male","M",419,195789,214.0
,"55-64 years","55-64","Iowa","19","2013","2013","Female","F",136,201658,67.4
,"55-64 years","55-64","Iowa","19","2013","2013","Male","M",422,199887,211.1
,"55-64 years","55-64","Iowa","19","2014","2014","Female","F",143,204587,69.9
,"55-64 years","55-64","Iowa","19","2014","2014","Male","M",398,202554,196.5
,"55-64 years","55-64","Iowa","19","2015","2015","Female","F",121,208063,58.2
,"55-64 years","55-64","Iowa","19","2015","2015","Male","M",366,205254,178.3
,"55-64 years","55-64","Iowa","19","2016","2016","Female","F",149,209765,71.0
,"55-64 years","55-64","Iowa","19","2016","2016","Male","M",418,206233,202.7
,"55-64 years","55-64","Iowa","19","2017","2017","Female","F",161,210991,76.3
,"55-64 years","55-64","Iowa","19","2017","2017","Male","M",379,206568,183.5
,"55-64 years","55-64","Iowa","19","2018","2018","Female","F",143,211221,67.7
,"55-64 years","55-64","Iowa","19","2018","2018","Male","M",439,206316,212.8
,"55-64 years","55-64","Iowa","19","2019","2019","Female","F",144,210481,68.4
,"55-64 years","55-64","Iowa","19","2019","2019","Male","M",471,205215,229.5
,"55-64 years","55-64","Iowa","19","2020","2020","Female","F",165,208336,79.2
,"55-64 years","55-64","Iowa","19","2020","2020","Male","M",434,202698,214.1
,"55-64 years","55-64","Kansas","20","1999","1999","Female","F",135,111987,120.5
,"55-64 years","55-64","Kansas","20","1999","1999","Male","M",266,105733,251.6
,"55-64 years","55-64","Kansas","20","2000","2000","Female","F",109,113164,96.3
,"55-64 years","55-64","Kansas","20","2000","2000","Male","M",269,107089,251.2
,"55-64 years","55-64","Kansas","20","2001","2001","Female","F",100,115839,86.3
,"55-64 years","55-64","Kansas","20","2001","2001","Male","M",251,110151,227.9
,"55-64 years","55-64","Kansas","20","2002","2002","Female","F",91,122555,74.3
,"55-64 years","55-64","Kansas","20","2002","2002","Male","M",244,117000,208.5
,"55-64 years","55-64","Kansas","20","2003","2003","Female","F",85,128016,66.4
,"55-64 years","55-64","Kansas","20","2003","2003","Male","M",291,122695,237.2
,"55-64 years","55-64","Kansas","20","2004","2004","Female","F",98,133367,73.5
,"55-64 years","55-64","Kansas","20","2004","2004","Male","M",262,128190,204.4
,"55-64 years","55-64","Kansas","20","2005","2005","Female","F",97,138939,69.8
,"55-64 years","55-64","Kansas","20","2005","2005","Male","M",294,134681,218.3
,"55-64 years","55-64","Kansas","20","2006","2006","Female","F",99,144544,68.5
,"55-64 years","55-64","Kansas","20","2006","2006","Male","M",288,140914,204.4
,"55-64 years","55-64","Kansas","20","2007","2007","Female","F",78,150692,51.8
,"55-64 years","55-64","Kansas","20","2007","2007","Male","M",232,147281,157.5
,"55-64 years","55-64","Kansas","20","2008","2008","Female","F",89,155820,57.1
,"55-64 years","55-64","Kansas","20","2008","2008","Male","M",277,152303,181.9
,"55-64 years","55-64","Kansas","20","2009","2009","Female","F",95,162325,58.5
,"55-64 years","55-64","Kansas","20","2009","2009","Male","M",280,158526,176.6
,"55-64 years","55-64","Kansas","20","2010","2010","Female","F",106,167559,63.3
,"55-64 years","55-64","Kansas","20","2010","2010","Male","M",300,163688,183.3
,"55-64 years","55-64","Kansas","20","2011","2011","Female","F",116,175246,66.2
,"55-64 years","55-64","Kansas","20","2011","2011","Male","M",299,170906,174.9
,"55-64 years","55-64","Kansas","20","2012","2012","Female","F",96,177960,53.9
,"55-64 years","55-64","Kansas","20","2012","2012","Male","M",305,173150,176.1
,"55-64 years","55-64","Kansas","20","2013","2013","Female","F",85,181395,46.9
,"55-64 years","55-64","Kansas","20","2013","2013","Male","M",291,175452,165.9
,"55-64 years","55-64","Kansas","20","2014","2014","Female","F",107,184615,58.0
,"55-64 years","55-64","Kansas","20","2014","2014","Male","M",313,177847,176.0
,"55-64 years","55-64","Kansas","20","2015","2015","Female","F",132,187540,70.4
,"55-64 years","55-64","Kansas","20","2015","2015","Male","M",289,179663,160.9
,"55-64 years","55-64","Kansas","20","2016","2016","Female","F",117,190396,61.5
,"55-64 years","55-64","Kansas","20","2016","2016","Male","M",339,181798,186.5
,"55-64 years","55-64","Kansas","20","2017","2017","Female","F",126,191128,65.9
,"55-64 years","55-64","Kansas","20","2017","2017","Male","M",345,182516,189.0
,"55-64 years","55-64","Kansas","20","2018","2018","Female","F",132,191365,69.0
,"55-64 years","55-64","Kansas","20","2018","2018","Male","M",333,182060,182.9
,"55-64 years","55-64","Kansas","20","2019","2019","Female","F",129,190103,67.9
,"55-64 years","55-64","Kansas","20","2019","2019","Male","M",325,181402,179.2
,"55-64 years","55-64","Kansas","20","2020","2020","Female","F",133,188054,70.7
,"55-64 years","55-64","Kansas","20","2020","2020","Male","M",360,178681,201.5
,"55-64 years","55-64","Kentucky","21","1999","1999","Female","F",280,190169,147.2
,"55-64 years","55-64","Kentucky","21","1999","1999","Male","M",641,175819,364.6
,"55-64 years","55-64","Kentucky","21","2000","2000","Female","F",279,193415,144.2
,"55-64 years","55-64","Kentucky","21","2000","2000","Male","M",582,179180,324.8
,"55-64 years","55-64","Kentucky","21","2001","2001","Female","F",254,198213,128.1
,"55-64 years","55-64","Kentucky","21","2001","2001","Male","M",651,184085,353.6
,"55-64 years","55-64","Kentucky","21","2002","2002","Female","F",243,210005,115.7
,"55-64 years","55-64","Kentucky","21","2002","2002","Male","M",599,195550,306.3
,"55-64 years","55-64","Kentucky","21","2003","2003","Female","F",253,219066,115.5
,"55-64 years","55-64","Kentucky","21","2003","2003","Male","M",670,204527,327.6
,"55-64 years","55-64","Kentucky","21","2004","2004","Female","F",246,227362,108.2
,"55-64 years","55-64","Kentucky","21","2004","2004","Male","M",614,213123,288.1
,"55-64 years","55-64","Kentucky","21","2005","2005","Female","F",303,236695,128.0
,"55-64 years","55-64","Kentucky","21","2005","2005","Male","M",585,222225,263.2
,"55-64 years","55-64","Kentucky","21","2006","2006","Female","F",261,246090,106.1
,"55-64 years","55-64","Kentucky","21","2006","2006","Male","M",571,231395,246.8
,"55-64 years","55-64","Kentucky","21","2007","2007","Female","F",233,254200,91.7
,"55-64 years","55-64","Kentucky","21","2007","2007","Male","M",620,239119,259.3
,"55-64 years","55-64","Kentucky","21","2008","2008","Female","F",244,262117,93.1
,"55-64 years","55-64","Kentucky","21","2008","2008","Male","M",639,246524,259.2
,"55-64 years","55-64","Kentucky","21","2009","2009","Female","F",291,270338,107.6
,"55-64 years","55-64","Kentucky","21","2009","2009","Male","M",633,254045,249.2
,"55-64 years","55-64","Kentucky","21","2010","2010","Female","F",261,277968,93.9
,"55-64 years","55-64","Kentucky","21","2010","2010","Male","M",603,261025,231.0
,"55-64 years","55-64","Kentucky","21","2011","2011","Female","F",280,289120,96.8
,"55-64 years","55-64","Kentucky","21","2011","2011","Male","M",652,271348,240.3
,"55-64 years","55-64","Kentucky","21","2012","2012","Female","F",288,290507,99.1
,"55-64 years","55-64","Kentucky","21","2012","2012","Male","M",715,272271,262.6
,"55-64 years","55-64","Kentucky","21","2013","2013","Female","F",266,295416,90.0
,"55-64 years","55-64","Kentucky","21","2013","2013","Male","M",672,276328,243.2
,"55-64 years","55-64","Kentucky","21","2014","2014","Female","F",289,299119,96.6
,"55-64 years","55-64","Kentucky","21","2014","2014","Male","M",668,279003,239.4
,"55-64 years","55-64","Kentucky","21","2015","2015","Female","F",292,303029,96.4
,"55-64 years","55-64","Kentucky","21","2015","2015","Male","M",688,282516,243.5
,"55-64 years","55-64","Kentucky","21","2016","2016","Female","F",286,305773,93.5
,"55-64 years","55-64","Kentucky","21","2016","2016","Male","M",740,284697,259.9
,"55-64 years","55-64","Kentucky","21","2017","2017","Female","F",293,308275,95.0
,"55-64 years","55-64","Kentucky","21","2017","2017","Male","M",695,286284,242.8
,"55-64 years","55-64","Kentucky","21","2018","2018","Female","F",288,309737,93.0
,"55-64 years","55-64","Kentucky","21","2018","2018","Male","M",755,287608,262.5
,"55-64 years","55-64","Kentucky","21","2019","2019","Female","F",296,310463,95.3
,"55-64 years","55-64","Kentucky","21","2019","2019","Male","M",667,287826,231.7
,"55-64 years","55-64","Kentucky","21","2020","2020","Female","F",339,309290,109.6
,"55-64 years","55-64","Kentucky","21","2020","2020","Male","M",774,286694,270.0
,"55-64 years","55-64","Louisiana","22","1999","1999","Female","F",305,196784,155.0
,"55-64 years","55-64","Louisiana","22","1999","1999","Male","M",638,176452,361.6
,"55-64 years","55-64","Louisiana","22","2000","2000","Female","F",296,199594,148.3
,"55-64 years","55-64","Louisiana","22","2000","2000","Male","M",639,179454,356.1
,"55-64 years","55-64","Louisiana","22","2001","2001","Female","F",297,204507,145.2
,"55-64 years","55-64","Louisiana","22","2001","2001","Male","M",636,184096,345.5
,"55-64 years","55-64","Louisiana","22","2002","2002","Female","F",303,215416,140.7
,"55-64 years","55-64","Louisiana","22","2002","2002","Male","M",637,195381,326.0
,"55-64 years","55-64","Louisiana","22","2003","2003","Female","F",304,224520,135.4
,"55-64 years","55-64","Louisiana","22","2003","2003","Male","M",690,204877,336.8
,"55-64 years","55-64","Louisiana","22","2004","2004","Female","F",292,233390,125.1
,"55-64 years","55-64","Louisiana","22","2004","2004","Male","M",624,213936,291.7
,"55-64 years","55-64","Louisiana","22","2005","2005","Female","F",301,242880,123.9
,"55-64 years","55-64","Louisiana","22","2005","2005","Male","M",687,223867,306.9
,"55-64 years","55-64","Louisiana","22","2006","2006","Female","F",300,240554,124.7
,"55-64 years","55-64","Louisiana","22","2006","2006","Male","M",662,223365,296.4
,"55-64 years","55-64","Louisiana","22","2007","2007","Female","F",246,249976,98.4
,"55-64 years","55-64","Louisiana","22","2007","2007","Male","M",683,232419,293.9
,"55-64 years","55-64","Louisiana","22","2008","2008","Female","F",319,258547,123.4
,"55-64 years","55-64","Louisiana","22","2008","2008","Male","M",659,241125,273.3
,"55-64 years","55-64","Louisiana","22","2009","2009","Female","F",327,268541,121.8
,"55-64 years","55-64","Louisiana","22","2009","2009","Male","M",655,250776,261.2
,"55-64 years","55-64","Louisiana","22","2010","2010","Female","F",310,276997,111.9
,"55-64 years","55-64","Louisiana","22","2010","2010","Male","M",691,258565,267.2
,"55-64 years","55-64","Louisiana","22","2011","2011","Female","F",307,289902,105.9
,"55-64 years","55-64","Louisiana","22","2011","2011","Male","M",621,270123,229.9
,"55-64 years","55-64","Louisiana","22","2012","2012","Female","F",300,293808,102.1
,"55-64 years","55-64","Louisiana","22","2012","2012","Male","M",706,273079,258.5
,"55-64 years","55-64","Louisiana","22","2013","2013","Female","F",294,299892,98.0
,"55-64 years","55-64","Louisiana","22","2013","2013","Male","M",734,277759,264.3
,"55-64 years","55-64","Louisiana","22","2014","2014","Female","F",333,305333,109.1
,"55-64 years","55-64","Louisiana","22","2014","2014","Male","M",743,282533,263.0
,"55-64 years","55-64","Louisiana","22","2015","2015","Female","F",305,310706,98.2
,"55-64 years","55-64","Louisiana","22","2015","2015","Male","M",715,286824,249.3
,"55-64 years","55-64","Louisiana","22","2016","2016","Female","F",285,313905,90.8
,"55-64 years","55-64","Louisiana","22","2016","2016","Male","M",723,289116,250.1
,"55-64 years","55-64","Louisiana","22","2017","2017","Female","F",298,316217,94.2
,"55-64 years","55-64","Louisiana","22","2017","2017","Male","M",654,289974,225.5
,"55-64 years","55-64","Louisiana","22","2018","2018","Female","F",264,316760,83.3
,"55-64 years","55-64","Louisiana","22","2018","2018","Male","M",693,289506,239.4
,"55-64 years","55-64","Louisiana","22","2019","2019","Female","F",286,316073,90.5
,"55-64 years","55-64","Louisiana","22","2019","2019","Male","M",649,288597,224.9
,"55-64 years","55-64","Louisiana","22","2020","2020","Female","F",317,314119,100.9
,"55-64 years","55-64","Louisiana","22","2020","2020","Male","M",721,285828,252.2
,"55-64 years","55-64","Maine","23","1999","1999","Female","F",56,61267,91.4
,"55-64 years","55-64","Maine","23","1999","1999","Male","M",137,58545,234.0
,"55-64 years","55-64","Maine","23","2000","2000","Female","F",47,62909,74.7
,"55-64 years","55-64","Maine","23","2000","2000","Male","M",149,60278,247.2
,"55-64 years","55-64","Maine","23","2001","2001","Female","F",65,64942,100.1
,"55-64 years","55-64","Maine","23","2001","2001","Male","M",135,62620,215.6
,"55-64 years","55-64","Maine","23","2002","2002","Female","F",49,69318,70.7
,"55-64 years","55-64","Maine","23","2002","2002","Male","M",154,67350,228.7
,"55-64 years","55-64","Maine","23","2003","2003","Female","F",37,73170,50.6
,"55-64 years","55-64","Maine","23","2003","2003","Male","M",148,71391,207.3
,"55-64 years","55-64","Maine","23","2004","2004","Female","F",50,77156,64.8
,"55-64 years","55-64","Maine","23","2004","2004","Male","M",115,75395,152.5
,"55-64 years","55-64","Maine","23","2005","2005","Female","F",46,80916,56.8
,"55-64 years","55-64","Maine","23","2005","2005","Male","M",142,79659,178.3
,"55-64 years","55-64","Maine","23","2006","2006","Female","F",49,84999,57.6
,"55-64 years","55-64","Maine","23","2006","2006","Male","M",161,83299,193.3
,"55-64 years","55-64","Maine","23","2007","2007","Female","F",45,88717,50.7
,"55-64 years","55-64","Maine","23","2007","2007","Male","M",151,86326,174.9
,"55-64 years","55-64","Maine","23","2008","2008","Female","F",38,91680,41.4
,"55-64 years","55-64","Maine","23","2008","2008","Male","M",164,88975,184.3
,"55-64 years","55-64","Maine","23","2009","2009","Female","F",49,95122,51.5
,"55-64 years","55-64","Maine","23","2009","2009","Male","M",132,91855,143.7
,"55-64 years","55-64","Maine","23","2010","2010","Female","F",42,97879,42.9
,"55-64 years","55-64","Maine","23","2010","2010","Male","M",126,94222,133.7
,"55-64 years","55-64","Maine","23","2011","2011","Female","F",40,102300,39.1
,"55-64 years","55-64","Maine","23","2011","2011","Male","M",135,97658,138.2
,"55-64 years","55-64","Maine","23","2012","2012","Female","F",38,103354,36.8
,"55-64 years","55-64","Maine","23","2012","2012","Male","M",133,98094,135.6
,"55-64 years","55-64","Maine","23","2013","2013","Female","F",37,105091,35.2
,"55-64 years","55-64","Maine","23","2013","2013","Male","M",130,99038,131.3
,"55-64 years","55-64","Maine","23","2014","2014","Female","F",45,106471,42.3
,"55-64 years","55-64","Maine","23","2014","2014","Male","M",126,99904,126.1
,"55-64 years","55-64","Maine","23","2015","2015","Female","F",50,107767,46.4
,"55-64 years","55-64","Maine","23","2015","2015","Male","M",125,100839,124.0
,"55-64 years","55-64","Maine","23","2016","2016","Female","F",34,108622,31.3
,"55-64 years","55-64","Maine","23","2016","2016","Male","M",136,101668,133.8
,"55-64 years","55-64","Maine","23","2017","2017","Female","F",58,109180,53.1
,"55-64 years","55-64","Maine","23","2017","2017","Male","M",130,102252,127.1
,"55-64 years","55-64","Maine","23","2018","2018","Female","F",28,109594,25.5
,"55-64 years","55-64","Maine","23","2018","2018","Male","M",118,102387,115.2
,"55-64 years","55-64","Maine","23","2019","2019","Female","F",44,109359,40.2
,"55-64 years","55-64","Maine","23","2019","2019","Male","M",123,102201,120.4
,"55-64 years","55-64","Maine","23","2020","2020","Female","F",43,109079,39.4
,"55-64 years","55-64","Maine","23","2020","2020","Male","M",125,101395,123.3
,"55-64 years","55-64","Maryland","24","1999","1999","Female","F",263,239028,110.0
,"55-64 years","55-64","Maryland","24","1999","1999","Male","M",664,219754,302.2
,"55-64 years","55-64","Maryland","24","2000","2000","Female","F",269,245126,109.7
,"55-64 years","55-64","Maryland","24","2000","2000","Male","M",614,225250,272.6
,"55-64 years","55-64","Maryland","24","2001","2001","Female","F",283,254560,111.2
,"55-64 years","55-64","Maryland","24","2001","2001","Male","M",597,233749,255.4
,"55-64 years","55-64","Maryland","24","2002","2002","Female","F",276,272606,101.2
,"55-64 years","55-64","Maryland","24","2002","2002","Male","M",627,249818,251.0
,"55-64 years","55-64","Maryland","24","2003","2003","Female","F",283,287024,98.6
,"55-64 years","55-64","Maryland","24","2003","2003","Male","M",625,262108,238.5
,"55-64 years","55-64","Maryland","24","2004","2004","Female","F",302,301038,100.3
,"55-64 years","55-64","Maryland","24","2004","2004","Male","M",616,273908,224.9
,"55-64 years","55-64","Maryland","24","2005","2005","Female","F",284,313516,90.6
,"55-64 years","55-64","Maryland","24","2005","2005","Male","M",635,283715,223.8
,"55-64 years","55-64","Maryland","24","2006","2006","Female","F",295,324883,90.8
,"55-64 years","55-64","Maryland","24","2006","2006","Male","M",616,293368,210.0
,"55-64 years","55-64","Maryland","24","2007","2007","Female","F",267,334363,79.9
,"55-64 years","55-64","Maryland","24","2007","2007","Male","M",628,301745,208.1
,"55-64 years","55-64","Maryland","24","2008","2008","Female","F",282,343617,82.1
,"55-64 years","55-64","Maryland","24","2008","2008","Male","M",628,308466,203.6
,"55-64 years","55-64","Maryland","24","2009","2009","Female","F",307,356632,86.1
,"55-64 years","55-64","Maryland","24","2009","2009","Male","M",662,319104,207.5
,"55-64 years","55-64","Maryland","24","2010","2010","Female","F",315,366719,85.9
,"55-64 years","55-64","Maryland","24","2010","2010","Male","M",644,329049,195.7
,"55-64 years","55-64","Maryland","24","2011","2011","Female","F",271,383005,70.8
,"55-64 years","55-64","Maryland","24","2011","2011","Male","M",603,343365,175.6
,"55-64 years","55-64","Maryland","24","2012","2012","Female","F",243,388696,62.5
,"55-64 years","55-64","Maryland","24","2012","2012","Male","M",622,348031,178.7
,"55-64 years","55-64","Maryland","24","2013","2013","Female","F",259,395605,65.5
,"55-64 years","55-64","Maryland","24","2013","2013","Male","M",617,354782,173.9
,"55-64 years","55-64","Maryland","24","2014","2014","Female","F",230,403820,57.0
,"55-64 years","55-64","Maryland","24","2014","2014","Male","M",623,361571,172.3
,"55-64 years","55-64","Maryland","24","2015","2015","Female","F",277,412177,67.2
,"55-64 years","55-64","Maryland","24","2015","2015","Male","M",573,369551,155.1
,"55-64 years","55-64","Maryland","24","2016","2016","Female","F",263,418140,62.9
,"55-64 years","55-64","Maryland","24","2016","2016","Male","M",604,375928,160.7
,"55-64 years","55-64","Maryland","24","2017","2017","Female","F",221,425218,52.0
,"55-64 years","55-64","Maryland","24","2017","2017","Male","M",580,382789,151.5
,"55-64 years","55-64","Maryland","24","2018","2018","Female","F",249,427284,58.3
,"55-64 years","55-64","Maryland","24","2018","2018","Male","M",595,385450,154.4
,"55-64 years","55-64","Maryland","24","2019","2019","Female","F",245,429758,57.0
,"55-64 years","55-64","Maryland","24","2019","2019","Male","M",580,388761,149.2
,"55-64 years","55-64","Maryland","24","2020","2020","Female","F",283,429693,65.9
,"55-64 years","55-64","Maryland","24","2020","2020","Male","M",623,389501,159.9
,"55-64 years","55-64","Massachusetts","25","1999","1999","Female","F",228,279849,81.5
,"55-64 years","55-64","Massachusetts","25","1999","1999","Male","M",596,254634,234.1
,"55-64 years","55-64","Massachusetts","25","2000","2000","Female","F",216,286062,75.5
,"55-64 years","55-64","Massachusetts","25","2000","2000","Male","M",572,260345,219.7
,"55-64 years","55-64","Massachusetts","25","2001","2001","Female","F",206,295550,69.7
,"55-64 years","55-64","Massachusetts","25","2001","2001","Male","M",578,269128,214.8
,"55-64 years","55-64","Massachusetts","25","2002","2002","Female","F",224,314557,71.2
,"55-64 years","55-64","Massachusetts","25","2002","2002","Male","M",584,287556,203.1
,"55-64 years","55-64","Massachusetts","25","2003","2003","Female","F",234,329563,71.0
,"55-64 years","55-64","Massachusetts","25","2003","2003","Male","M",598,300959,198.7
,"55-64 years","55-64","Massachusetts","25","2004","2004","Female","F",214,343745,62.3
,"55-64 years","55-64","Massachusetts","25","2004","2004","Male","M",575,313962,183.1
,"55-64 years","55-64","Massachusetts","25","2005","2005","Female","F",179,356702,50.2
,"55-64 years","55-64","Massachusetts","25","2005","2005","Male","M",555,326418,170.0
,"55-64 years","55-64","Massachusetts","25","2006","2006","Female","F",185,369814,50.0
,"55-64 years","55-64","Massachusetts","25","2006","2006","Male","M",520,338730,153.5
,"55-64 years","55-64","Massachusetts","25","2007","2007","Female","F",193,381981,50.5
,"55-64 years","55-64","Massachusetts","25","2007","2007","Male","M",561,350195,160.2
,"55-64 years","55-64","Massachusetts","25","2008","2008","Female","F",189,392418,48.2
,"55-64 years","55-64","Massachusetts","25","2008","2008","Male","M",552,360111,153.3
,"55-64 years","55-64","Massachusetts","25","2009","2009","Female","F",187,406699,46.0
,"55-64 years","55-64","Massachusetts","25","2009","2009","Male","M",555,373184,148.7
,"55-64 years","55-64","Massachusetts","25","2010","2010","Female","F",186,418480,44.4
,"55-64 years","55-64","Massachusetts","25","2010","2010","Male","M",547,384889,142.1
,"55-64 years","55-64","Massachusetts","25","2011","2011","Female","F",174,436395,39.9
,"55-64 years","55-64","Massachusetts","25","2011","2011","Male","M",558,401470,139.0
,"55-64 years","55-64","Massachusetts","25","2012","2012","Female","F",178,442936,40.2
,"55-64 years","55-64","Massachusetts","25","2012","2012","Male","M",545,407095,133.9
,"55-64 years","55-64","Massachusetts","25","2013","2013","Female","F",158,451350,35.0
,"55-64 years","55-64","Massachusetts","25","2013","2013","Male","M",551,415778,132.5
,"55-64 years","55-64","Massachusetts","25","2014","2014","Female","F",168,460599,36.5
,"55-64 years","55-64","Massachusetts","25","2014","2014","Male","M",524,424699,123.4
,"55-64 years","55-64","Massachusetts","25","2015","2015","Female","F",175,470170,37.2
,"55-64 years","55-64","Massachusetts","25","2015","2015","Male","M",547,434675,125.8
,"55-64 years","55-64","Massachusetts","25","2016","2016","Female","F",166,476411,34.8
,"55-64 years","55-64","Massachusetts","25","2016","2016","Male","M",500,440593,113.5
,"55-64 years","55-64","Massachusetts","25","2017","2017","Female","F",163,483950,33.7
,"55-64 years","55-64","Massachusetts","25","2017","2017","Male","M",511,447502,114.2
,"55-64 years","55-64","Massachusetts","25","2018","2018","Female","F",138,487475,28.3
,"55-64 years","55-64","Massachusetts","25","2018","2018","Male","M",553,451692,122.4
,"55-64 years","55-64","Massachusetts","25","2019","2019","Female","F",174,489790,35.5
,"55-64 years","55-64","Massachusetts","25","2019","2019","Male","M",488,453400,107.6
,"55-64 years","55-64","Massachusetts","25","2020","2020","Female","F",147,489268,30.0
,"55-64 years","55-64","Massachusetts","25","2020","2020","Male","M",517,454115,113.8
,"55-64 years","55-64","Michigan","26","1999","1999","Female","F",619,437946,141.3
,"55-64 years","55-64","Michigan","26","1999","1999","Male","M",1432,411898,347.7
,"55-64 years","55-64","Michigan","26","2000","2000","Female","F",605,444333,136.2
,"55-64 years","55-64","Michigan","26","2000","2000","Male","M",1424,418706,340.1
,"55-64 years","55-64","Michigan","26","2001","2001","Female","F",606,455183,133.1
,"55-64 years","55-64","Michigan","26","2001","2001","Male","M",1304,430507,302.9
,"55-64 years","55-64","Michigan","26","2002","2002","Female","F",607,482224,125.9
,"55-64 years","55-64","Michigan","26","2002","2002","Male","M",1311,457154,286.8
,"55-64 years","55-64","Michigan","26","2003","2003","Female","F",623,504040,123.6
,"55-64 years","55-64","Michigan","26","2003","2003","Male","M",1355,477879,283.5
,"55-64 years","55-64","Michigan","26","2004","2004","Female","F",543,525777,103.3
,"55-64 years","55-64","Michigan","26","2004","2004","Male","M",1336,498534,268.0
,"55-64 years","55-64","Michigan","26","2005","2005","Female","F",637,547546,116.3
,"55-64 years","55-64","Michigan","26","2005","2005","Male","M",1438,519514,276.8
,"55-64 years","55-64","Michigan","26","2006","2006","Female","F",579,569336,101.7
,"55-64 years","55-64","Michigan","26","2006","2006","Male","M",1381,539929,255.8
,"55-64 years","55-64","Michigan","26","2007","2007","Female","F",583,588434,99.1
,"55-64 years","55-64","Michigan","26","2007","2007","Male","M",1432,558423,256.4
,"55-64 years","55-64","Michigan","26","2008","2008","Female","F",553,603968,91.6
,"55-64 years","55-64","Michigan","26","2008","2008","Male","M",1363,571808,238.4
,"55-64 years","55-64","Michigan","26","2009","2009","Female","F",553,624795,88.5
,"55-64 years","55-64","Michigan","26","2009","2009","Male","M",1365,591642,230.7
,"55-64 years","55-64","Michigan","26","2010","2010","Female","F",574,643360,89.2
,"55-64 years","55-64","Michigan","26","2010","2010","Male","M",1401,608637,230.2
,"55-64 years","55-64","Michigan","26","2011","2011","Female","F",625,670537,93.2
,"55-64 years","55-64","Michigan","26","2011","2011","Male","M",1537,633616,242.6
,"55-64 years","55-64","Michigan","26","2012","2012","Female","F",614,680370,90.2
,"55-64 years","55-64","Michigan","26","2012","2012","Male","M",1514,641467,236.0
,"55-64 years","55-64","Michigan","26","2013","2013","Female","F",584,693450,84.2
,"55-64 years","55-64","Michigan","26","2013","2013","Male","M",1536,653858,234.9
,"55-64 years","55-64","Michigan","26","2014","2014","Female","F",626,703079,89.0
,"55-64 years","55-64","Michigan","26","2014","2014","Male","M",1644,663253,247.9
,"55-64 years","55-64","Michigan","26","2015","2015","Female","F",618,712124,86.8
,"55-64 years","55-64","Michigan","26","2015","2015","Male","M",1458,671762,217.0
,"55-64 years","55-64","Michigan","26","2016","2016","Female","F",652,716855,91.0
,"55-64 years","55-64","Michigan","26","2016","2016","Male","M",1586,675923,234.6
,"55-64 years","55-64","Michigan","26","2017","2017","Female","F",558,720333,77.5
,"55-64 years","55-64","Michigan","26","2017","2017","Male","M",1516,679897,223.0
,"55-64 years","55-64","Michigan","26","2018","2018","Female","F",566,721497,78.4
,"55-64 years","55-64","Michigan","26","2018","2018","Male","M",1466,681307,215.2
,"55-64 years","55-64","Michigan","26","2019","2019","Female","F",559,719320,77.7
,"55-64 years","55-64","Michigan","26","2019","2019","Male","M",1448,680215,212.9
,"55-64 years","55-64","Michigan","26","2020","2020","Female","F",580,711967,81.5
,"55-64 years","55-64","Michigan","26","2020","2020","Male","M",1642,674131,243.6
,"55-64 years","55-64","Minnesota","27","1999","1999","Female","F",129,201434,64.0
,"55-64 years","55-64","Minnesota","27","1999","1999","Male","M",372,194395,191.4
,"55-64 years","55-64","Minnesota","27","2000","2000","Female","F",112,206018,54.4
,"55-64 years","55-64","Minnesota","27","2000","2000","Male","M",361,198851,181.5
,"55-64 years","55-64","Minnesota","27","2001","2001","Female","F",114,213027,53.5
,"55-64 years","55-64","Minnesota","27","2001","2001","Male","M",386,206297,187.1
,"55-64 years","55-64","Minnesota","27","2002","2002","Female","F",101,226216,44.6
,"55-64 years","55-64","Minnesota","27","2002","2002","Male","M",343,219712,156.1
,"55-64 years","55-64","Minnesota","27","2003","2003","Female","F",85,237171,35.8
,"55-64 years","55-64","Minnesota","27","2003","2003","Male","M",357,230401,154.9
,"55-64 years","55-64","Minnesota","27","2004","2004","Female","F",108,248042,43.5
,"55-64 years","55-64","Minnesota","27","2004","2004","Male","M",338,241258,140.1
,"55-64 years","55-64","Minnesota","27","2005","2005","Female","F",89,259356,34.3
,"55-64 years","55-64","Minnesota","27","2005","2005","Male","M",377,253056,149.0
,"55-64 years","55-64","Minnesota","27","2006","2006","Female","F",110,271041,40.6
,"55-64 years","55-64","Minnesota","27","2006","2006","Male","M",322,265350,121.3
,"55-64 years","55-64","Minnesota","27","2007","2007","Female","F",99,283489,34.9
,"55-64 years","55-64","Minnesota","27","2007","2007","Male","M",351,277634,126.4
,"55-64 years","55-64","Minnesota","27","2008","2008","Female","F",105,293878,35.7
,"55-64 years","55-64","Minnesota","27","2008","2008","Male","M",357,288277,123.8
,"55-64 years","55-64","Minnesota","27","2009","2009","Female","F",105,306834,34.2
,"55-64 years","55-64","Minnesota","27","2009","2009","Male","M",350,301423,116.1
,"55-64 years","55-64","Minnesota","27","2010","2010","Female","F",85,317283,26.8
,"55-64 years","55-64","Minnesota","27","2010","2010","Male","M",345,312081,110.5
,"55-64 years","55-64","Minnesota","27","2011","2011","Female","F",95,333012,28.5
,"55-64 years","55-64","Minnesota","27","2011","2011","Male","M",387,328203,117.9
,"55-64 years","55-64","Minnesota","27","2012","2012","Female","F",110,339939,32.4
,"55-64 years","55-64","Minnesota","27","2012","2012","Male","M",382,335480,113.9
,"55-64 years","55-64","Minnesota","27","2013","2013","Female","F",97,350299,27.7
,"55-64 years","55-64","Minnesota","27","2013","2013","Male","M",397,345067,115.1
,"55-64 years","55-64","Minnesota","27","2014","2014","Female","F",114,358887,31.8
,"55-64 years","55-64","Minnesota","27","2014","2014","Male","M",424,352949,120.1
,"55-64 years","55-64","Minnesota","27","2015","2015","Female","F",103,367042,28.1
,"55-64 years","55-64","Minnesota","27","2015","2015","Male","M",392,360929,108.6
,"55-64 years","55-64","Minnesota","27","2016","2016","Female","F",101,372877,27.1
,"55-64 years","55-64","Minnesota","27","2016","2016","Male","M",414,366436,113.0
,"55-64 years","55-64","Minnesota","27","2017","2017","Female","F",106,377965,28.0
,"55-64 years","55-64","Minnesota","27","2017","2017","Male","M",405,371063,109.1
,"55-64 years","55-64","Minnesota","27","2018","2018","Female","F",124,380998,32.5
,"55-64 years","55-64","Minnesota","27","2018","2018","Male","M",407,373447,109.0
,"55-64 years","55-64","Minnesota","27","2019","2019","Female","F",111,381781,29.1
,"55-64 years","55-64","Minnesota","27","2019","2019","Male","M",358,374640,95.6
,"55-64 years","55-64","Minnesota","27","2020","2020","Female","F",123,379904,32.4
,"55-64 years","55-64","Minnesota","27","2020","2020","Male","M",377,372368,101.2
,"55-64 years","55-64","Mississippi","28","1999","1999","Female","F",214,127722,167.6
,"55-64 years","55-64","Mississippi","28","1999","1999","Male","M",483,114647,421.3
,"55-64 years","55-64","Mississippi","28","2000","2000","Female","F",235,129223,181.9
,"55-64 years","55-64","Mississippi","28","2000","2000","Male","M",464,116600,397.9
,"55-64 years","55-64","Mississippi","28","2001","2001","Female","F",201,131826,152.5
,"55-64 years","55-64","Mississippi","28","2001","2001","Male","M",422,119585,352.9
,"55-64 years","55-64","Mississippi","28","2002","2002","Female","F",242,138553,174.7
,"55-64 years","55-64","Mississippi","28","2002","2002","Male","M",459,126448,363.0
,"55-64 years","55-64","Mississippi","28","2003","2003","Female","F",228,143666,158.7
,"55-64 years","55-64","Mississippi","28","2003","2003","Male","M",405,131770,307.4
,"55-64 years","55-64","Mississippi","28","2004","2004","Female","F",189,149309,126.6
,"55-64 years","55-64","Mississippi","28","2004","2004","Male","M",483,137214,352.0
,"55-64 years","55-64","Mississippi","28","2005","2005","Female","F",214,154990,138.1
,"55-64 years","55-64","Mississippi","28","2005","2005","Male","M",489,142912,342.2
,"55-64 years","55-64","Mississippi","28","2006","2006","Female","F",210,160309,131.0
,"55-64 years","55-64","Mississippi","28","2006","2006","Male","M",423,148187,285.5
,"55-64 years","55-64","Mississippi","28","2007","2007","Female","F",192,165619,115.9
,"55-64 years","55-64","Mississippi","28","2007","2007","Male","M",475,153192,310.1
,"55-64 years","55-64","Mississippi","28","2008","2008","Female","F",199,170432,116.8
,"55-64 years","55-64","Mississippi","28","2008","2008","Male","M",476,157044,303.1
,"55-64 years","55-64","Mississippi","28","2009","2009","Female","F",190,175818,108.1
,"55-64 years","55-64","Mississippi","28","2009","2009","Male","M",431,161830,266.3
,"55-64 years","55-64","Mississippi","28","2010","2010","Female","F",168,180893,92.9
,"55-64 years","55-64","Mississippi","28","2010","2010","Male","M",436,166432,262.0
,"55-64 years","55-64","Mississippi","28","2011","2011","Female","F",184,188100,97.8
,"55-64 years","55-64","Mississippi","28","2011","2011","Male","M",429,172376,248.9
,"55-64 years","55-64","Mississippi","28","2012","2012","Female","F",213,189895,112.2
,"55-64 years","55-64","Mississippi","28","2012","2012","Male","M",499,173377,287.8
,"55-64 years","55-64","Mississippi","28","2013","2013","Female","F",198,192283,103.0
,"55-64 years","55-64","Mississippi","28","2013","2013","Male","M",490,175445,279.3
,"55-64 years","55-64","Mississippi","28","2014","2014","Female","F",204,195475,104.4
,"55-64 years","55-64","Mississippi","28","2014","2014","Male","M",510,177520,287.3
,"55-64 years","55-64","Mississippi","28","2015","2015","Female","F",204,198267,102.9
,"55-64 years","55-64","Mississippi","28","2015","2015","Male","M",461,179400,257.0
,"55-64 years","55-64","Mississippi","28","2016","2016","Female","F",207,200236,103.4
,"55-64 years","55-64","Mississippi","28","2016","2016","Male","M",412,180593,228.1
,"55-64 years","55-64","Mississippi","28","2017","2017","Female","F",213,201952,105.5
,"55-64 years","55-64","Mississippi","28","2017","2017","Male","M",479,182123,263.0
,"55-64 years","55-64","Mississippi","28","2018","2018","Female","F",218,202786,107.5
,"55-64 years","55-64","Mississippi","28","2018","2018","Male","M",459,183107,250.7
,"55-64 years","55-64","Mississippi","28","2019","2019","Female","F",228,202711,112.5
,"55-64 years","55-64","Mississippi","28","2019","2019","Male","M",489,183200,266.9
,"55-64 years","55-64","Mississippi","28","2020","2020","Female","F",267,201302,132.6
,"55-64 years","55-64","Mississippi","28","2020","2020","Male","M",571,181730,314.2
,"55-64 years","55-64","Missouri","29","1999","1999","Female","F",347,260010,133.5
,"55-64 years","55-64","Missouri","29","1999","1999","Male","M",808,239259,337.7
,"55-64 years","55-64","Missouri","29","2000","2000","Female","F",329,264126,124.6
,"55-64 years","55-64","Missouri","29","2000","2000","Male","M",702,243272,288.6
,"55-64 years","55-64","Missouri","29","2001","2001","Female","F",327,271011,120.7
,"55-64 years","55-64","Missouri","29","2001","2001","Male","M",760,249323,304.8
,"55-64 years","55-64","Missouri","29","2002","2002","Female","F",341,285919,119.3
,"55-64 years","55-64","Missouri","29","2002","2002","Male","M",770,263321,292.4
,"55-64 years","55-64","Missouri","29","2003","2003","Female","F",345,297107,116.1
,"55-64 years","55-64","Missouri","29","2003","2003","Male","M",726,274704,264.3
,"55-64 years","55-64","Missouri","29","2004","2004","Female","F",333,308420,108.0
,"55-64 years","55-64","Missouri","29","2004","2004","Male","M",756,285301,265.0
,"55-64 years","55-64","Missouri","29","2005","2005","Female","F",287,320529,89.5
,"55-64 years","55-64","Missouri","29","2005","2005","Male","M",751,296437,253.3
,"55-64 years","55-64","Missouri","29","2006","2006","Female","F",348,333001,104.5
,"55-64 years","55-64","Missouri","29","2006","2006","Male","M",797,307897,258.9
,"55-64 years","55-64","Missouri","29","2007","2007","Female","F",306,344200,88.9
,"55-64 years","55-64","Missouri","29","2007","2007","Male","M",780,318333,245.0
,"55-64 years","55-64","Missouri","29","2008","2008","Female","F",367,353169,103.9
,"55-64 years","55-64","Missouri","29","2008","2008","Male","M",854,327121,261.1
,"55-64 years","55-64","Missouri","29","2009","2009","Female","F",326,364834,89.4
,"55-64 years","55-64","Missouri","29","2009","2009","Male","M",793,338053,234.6
,"55-64 years","55-64","Missouri","29","2010","2010","Female","F",343,375321,91.4
,"55-64 years","55-64","Missouri","29","2010","2010","Male","M",847,347957,243.4
,"55-64 years","55-64","Missouri","29","2011","2011","Female","F",362,390892,92.6
,"55-64 years","55-64","Missouri","29","2011","2011","Male","M",826,362805,227.7
,"55-64 years","55-64","Missouri","29","2012","2012","Female","F",332,395420,84.0
,"55-64 years","55-64","Missouri","29","2012","2012","Male","M",854,367336,232.5
,"55-64 years","55-64","Missouri","29","2013","2013","Female","F",361,403179,89.5
,"55-64 years","55-64","Missouri","29","2013","2013","Male","M",880,374835,234.8
,"55-64 years","55-64","Missouri","29","2014","2014","Female","F",377,409189,92.1
,"55-64 years","55-64","Missouri","29","2014","2014","Male","M",914,381340,239.7
,"55-64 years","55-64","Missouri","29","2015","2015","Female","F",392,416345,94.2
,"55-64 years","55-64","Missouri","29","2015","2015","Male","M",867,388797,223.0
,"55-64 years","55-64","Missouri","29","2016","2016","Female","F",327,421630,77.6
,"55-64 years","55-64","Missouri","29","2016","2016","Male","M",878,394130,222.8
,"55-64 years","55-64","Missouri","29","2017","2017","Female","F",400,425858,93.9
,"55-64 years","55-64","Missouri","29","2017","2017","Male","M",846,398397,212.4
,"55-64 years","55-64","Missouri","29","2018","2018","Female","F",362,428414,84.5
,"55-64 years","55-64","Missouri","29","2018","2018","Male","M",920,401127,229.4
,"55-64 years","55-64","Missouri","29","2019","2019","Female","F",358,428750,83.5
,"55-64 years","55-64","Missouri","29","2019","2019","Male","M",880,401982,218.9
,"55-64 years","55-64","Missouri","29","2020","2020","Female","F",422,426486,98.9
,"55-64 years","55-64","Missouri","29","2020","2020","Male","M",1035,399442,259.1
,"55-64 years","55-64","Montana","30","1999","1999","Female","F",24,41432,57.9
,"55-64 years","55-64","Montana","30","1999","1999","Male","M",88,41804,210.5
,"55-64 years","55-64","Montana","30","2000","2000","Female","F",36,42319,85.1
,"55-64 years","55-64","Montana","30","2000","2000","Male","M",109,42800,254.7
,"55-64 years","55-64","Montana","30","2001","2001","Female","F",36,43681,82.4
,"55-64 years","55-64","Montana","30","2001","2001","Male","M",107,44454,240.7
,"55-64 years","55-64","Montana","30","2002","2002","Female","F",44,46351,94.9
,"55-64 years","55-64","Montana","30","2002","2002","Male","M",107,47479,225.4
,"55-64 years","55-64","Montana","30","2003","2003","Female","F",29,48595,59.7
,"55-64 years","55-64","Montana","30","2003","2003","Male","M",110,50308,218.7
,"55-64 years","55-64","Montana","30","2004","2004","Female","F",32,51498,62.1
,"55-64 years","55-64","Montana","30","2004","2004","Male","M",103,53363,193.0
,"55-64 years","55-64","Montana","30","2005","2005","Female","F",34,54579,62.3
,"55-64 years","55-64","Montana","30","2005","2005","Male","M",102,56270,181.3
,"55-64 years","55-64","Montana","30","2006","2006","Female","F",32,57554,55.6
,"55-64 years","55-64","Montana","30","2006","2006","Male","M",101,59500,169.7
,"55-64 years","55-64","Montana","30","2007","2007","Female","F",33,60700,54.4
,"55-64 years","55-64","Montana","30","2007","2007","Male","M",120,62781,191.1
,"55-64 years","55-64","Montana","30","2008","2008","Female","F",39,63370,61.5
,"55-64 years","55-64","Montana","30","2008","2008","Male","M",116,65419,177.3
,"55-64 years","55-64","Montana","30","2009","2009","Female","F",39,66474,58.7
,"55-64 years","55-64","Montana","30","2009","2009","Male","M",117,68092,171.8
,"55-64 years","55-64","Montana","30","2010","2010","Female","F",32,68899,46.4
,"55-64 years","55-64","Montana","30","2010","2010","Male","M",115,69959,164.4
,"55-64 years","55-64","Montana","30","2011","2011","Female","F",45,72147,62.4
,"55-64 years","55-64","Montana","30","2011","2011","Male","M",120,72780,164.9
,"55-64 years","55-64","Montana","30","2012","2012","Female","F",37,73547,50.3
,"55-64 years","55-64","Montana","30","2012","2012","Male","M",151,73286,206.0
,"55-64 years","55-64","Montana","30","2013","2013","Female","F",46,75235,61.1
,"55-64 years","55-64","Montana","30","2013","2013","Male","M",140,73921,189.4
,"55-64 years","55-64","Montana","30","2014","2014","Female","F",57,76226,74.8
,"55-64 years","55-64","Montana","30","2014","2014","Male","M",140,74168,188.8
,"55-64 years","55-64","Montana","30","2015","2015","Female","F",40,77013,51.9
,"55-64 years","55-64","Montana","30","2015","2015","Male","M",138,74466,185.3
,"55-64 years","55-64","Montana","30","2016","2016","Female","F",59,77815,75.8
,"55-64 years","55-64","Montana","30","2016","2016","Male","M",128,74659,171.4
,"55-64 years","55-64","Montana","30","2017","2017","Female","F",47,77891,60.3
,"55-64 years","55-64","Montana","30","2017","2017","Male","M",128,74278,172.3
,"55-64 years","55-64","Montana","30","2018","2018","Female","F",57,77687,73.4
,"55-64 years","55-64","Montana","30","2018","2018","Male","M",169,73700,229.3
,"55-64 years","55-64","Montana","30","2019","2019","Female","F",52,76993,67.5
,"55-64 years","55-64","Montana","30","2019","2019","Male","M",136,73015,186.3
,"55-64 years","55-64","Montana","30","2020","2020","Female","F",59,75854,77.8
,"55-64 years","55-64","Montana","30","2020","2020","Male","M",173,72266,239.4
,"55-64 years","55-64","Nebraska","31","1999","1999","Female","F",55,71889,76.5
,"55-64 years","55-64","Nebraska","31","1999","1999","Male","M",147,68387,215.0
,"55-64 years","55-64","Nebraska","31","2000","2000","Female","F",47,72489,64.8
,"55-64 years","55-64","Nebraska","31","2000","2000","Male","M",108,69051,156.4
,"55-64 years","55-64","Nebraska","31","2001","2001","Female","F",59,73876,79.9
,"55-64 years","55-64","Nebraska","31","2001","2001","Male","M",131,71059,184.4
,"55-64 years","55-64","Nebraska","31","2002","2002","Female","F",51,77556,65.8
,"55-64 years","55-64","Nebraska","31","2002","2002","Male","M",159,75051,211.9
,"55-64 years","55-64","Nebraska","31","2003","2003","Female","F",58,80814,71.8
,"55-64 years","55-64","Nebraska","31","2003","2003","Male","M",119,78509,151.6
,"55-64 years","55-64","Nebraska","31","2004","2004","Female","F",55,84542,65.1
,"55-64 years","55-64","Nebraska","31","2004","2004","Male","M",122,82523,147.8
,"55-64 years","55-64","Nebraska","31","2005","2005","Female","F",41,88526,46.3
,"55-64 years","55-64","Nebraska","31","2005","2005","Male","M",122,86621,140.8
,"55-64 years","55-64","Nebraska","31","2006","2006","Female","F",41,92585,44.3
,"55-64 years","55-64","Nebraska","31","2006","2006","Male","M",120,90839,132.1
,"55-64 years","55-64","Nebraska","31","2007","2007","Female","F",36,96687,37.2
,"55-64 years","55-64","Nebraska","31","2007","2007","Male","M",134,94694,141.5
,"55-64 years","55-64","Nebraska","31","2008","2008","Female","F",35,100238,34.9
,"55-64 years","55-64","Nebraska","31","2008","2008","Male","M",110,98183,112.0
,"55-64 years","55-64","Nebraska","31","2009","2009","Female","F",42,104587,40.2
,"55-64 years","55-64","Nebraska","31","2009","2009","Male","M",116,102028,113.7
,"55-64 years","55-64","Nebraska","31","2010","2010","Female","F",44,108057,40.7
,"55-64 years","55-64","Nebraska","31","2010","2010","Male","M",149,105119,141.7
,"55-64 years","55-64","Nebraska","31","2011","2011","Female","F",35,113250,30.9
,"55-64 years","55-64","Nebraska","31","2011","2011","Male","M",143,110323,129.6
,"55-64 years","55-64","Nebraska","31","2012","2012","Female","F",33,114924,28.7
,"55-64 years","55-64","Nebraska","31","2012","2012","Male","M",137,112122,122.2
,"55-64 years","55-64","Nebraska","31","2013","2013","Female","F",52,117242,44.4
,"55-64 years","55-64","Nebraska","31","2013","2013","Male","M",149,114062,130.6
,"55-64 years","55-64","Nebraska","31","2014","2014","Female","F",45,119018,37.8
,"55-64 years","55-64","Nebraska","31","2014","2014","Male","M",165,115874,142.4
,"55-64 years","55-64","Nebraska","31","2015","2015","Female","F",68,120831,56.3
,"55-64 years","55-64","Nebraska","31","2015","2015","Male","M",171,117884,145.1
,"55-64 years","55-64","Nebraska","31","2016","2016","Female","F",52,122068,42.6
,"55-64 years","55-64","Nebraska","31","2016","2016","Male","M",143,119104,120.1
,"55-64 years","55-64","Nebraska","31","2017","2017","Female","F",43,122837,35.0
,"55-64 years","55-64","Nebraska","31","2017","2017","Male","M",156,119764,130.3
,"55-64 years","55-64","Nebraska","31","2018","2018","Female","F",42,123058,34.1
,"55-64 years","55-64","Nebraska","31","2018","2018","Male","M",166,119990,138.3
,"55-64 years","55-64","Nebraska","31","2019","2019","Female","F",47,122534,38.4
,"55-64 years","55-64","Nebraska","31","2019","2019","Male","M",143,119759,119.4
,"55-64 years","55-64","Nebraska","31","2020","2020","Female","F",44,121035,36.4
,"55-64 years","55-64","Nebraska","31","2020","2020","Male","M",134,118632,113.0
,"55-64 years","55-64","Nevada","32","1999","1999","Female","F",111,90333,122.9
,"55-64 years","55-64","Nevada","32","1999","1999","Male","M",297,91487,324.6
,"55-64 years","55-64","Nevada","32","2000","2000","Female","F",87,94616,92.0
,"55-64 years","55-64","Nevada","32","2000","2000","Male","M",303,95583,317.0
,"55-64 years","55-64","Nevada","32","2001","2001","Female","F",103,101907,101.1
,"55-64 years","55-64","Nevada","32","2001","2001","Male","M",345,102075,338.0
,"55-64 years","55-64","Nevada","32","2002","2002","Female","F",94,111136,84.6
,"55-64 years","55-64","Nevada","32","2002","2002","Male","M",304,111082,273.7
,"55-64 years","55-64","Nevada","32","2003","2003","Female","F",109,119425,91.3
,"55-64 years","55-64","Nevada","32","2003","2003","Male","M",308,118328,260.3
,"55-64 years","55-64","Nevada","32","2004","2004","Female","F",101,128232,78.8
,"55-64 years","55-64","Nevada","32","2004","2004","Male","M",289,126302,228.8
,"55-64 years","55-64","Nevada","32","2005","2005","Female","F",125,135291,92.4
,"55-64 years","55-64","Nevada","32","2005","2005","Male","M",330,133011,248.1
,"55-64 years","55-64","Nevada","32","2006","2006","Female","F",116,142147,81.6
,"55-64 years","55-64","Nevada","32","2006","2006","Male","M",325,138899,234.0
,"55-64 years","55-64","Nevada","32","2007","2007","Female","F",92,147795,62.2
,"55-64 years","55-64","Nevada","32","2007","2007","Male","M",337,144262,233.6
,"55-64 years","55-64","Nevada","32","2008","2008","Female","F",117,151772,77.1
,"55-64 years","55-64","Nevada","32","2008","2008","Male","M",299,147605,202.6
,"55-64 years","55-64","Nevada","32","2009","2009","Female","F",131,156275,83.8
,"55-64 years","55-64","Nevada","32","2009","2009","Male","M",319,151534,210.5
,"55-64 years","55-64","Nevada","32","2010","2010","Female","F",96,160261,59.9
,"55-64 years","55-64","Nevada","32","2010","2010","Male","M",334,155238,215.2
,"55-64 years","55-64","Nevada","32","2011","2011","Female","F",102,166088,61.4
,"55-64 years","55-64","Nevada","32","2011","2011","Male","M",307,160219,191.6
,"55-64 years","55-64","Nevada","32","2012","2012","Female","F",97,169213,57.3
,"55-64 years","55-64","Nevada","32","2012","2012","Male","M",337,162197,207.8
,"55-64 years","55-64","Nevada","32","2013","2013","Female","F",134,172095,77.9
,"55-64 years","55-64","Nevada","32","2013","2013","Male","M",355,165074,215.1
,"55-64 years","55-64","Nevada","32","2014","2014","Female","F",113,176472,64.0
,"55-64 years","55-64","Nevada","32","2014","2014","Male","M",371,169069,219.4
,"55-64 years","55-64","Nevada","32","2015","2015","Female","F",146,180537,80.9
,"55-64 years","55-64","Nevada","32","2015","2015","Male","M",378,173636,217.7
,"55-64 years","55-64","Nevada","32","2016","2016","Female","F",140,184671,75.8
,"55-64 years","55-64","Nevada","32","2016","2016","Male","M",404,177849,227.2
,"55-64 years","55-64","Nevada","32","2017","2017","Female","F",123,188350,65.3
,"55-64 years","55-64","Nevada","32","2017","2017","Male","M",382,182463,209.4
,"55-64 years","55-64","Nevada","32","2018","2018","Female","F",117,190842,61.3
,"55-64 years","55-64","Nevada","32","2018","2018","Male","M",390,185719,210.0
,"55-64 years","55-64","Nevada","32","2019","2019","Female","F",117,194054,60.3
,"55-64 years","55-64","Nevada","32","2019","2019","Male","M",389,189422,205.4
,"55-64 years","55-64","Nevada","32","2020","2020","Female","F",145,196612,73.7
,"55-64 years","55-64","Nevada","32","2020","2020","Male","M",379,192620,196.8
,"55-64 years","55-64","New Hampshire","33","1999","1999","Female","F",59,53356,110.6
,"55-64 years","55-64","New Hampshire","33","1999","1999","Male","M",145,52450,276.5
,"55-64 years","55-64","New Hampshire","33","2000","2000","Female","F",39,55259,70.6
,"55-64 years","55-64","New Hampshire","33","2000","2000","Male","M",136,54400,250.0
,"55-64 years","55-64","New Hampshire","33","2001","2001","Female","F",40,57615,69.4
,"55-64 years","55-64","New Hampshire","33","2001","2001","Male","M",139,56723,245.1
,"55-64 years","55-64","New Hampshire","33","2002","2002","Female","F",55,62414,88.1
,"55-64 years","55-64","New Hampshire","33","2002","2002","Male","M",127,61460,206.6
,"55-64 years","55-64","New Hampshire","33","2003","2003","Female","F",51,66572,76.6
,"55-64 years","55-64","New Hampshire","33","2003","2003","Male","M",141,65456,215.4
,"55-64 years","55-64","New Hampshire","33","2004","2004","Female","F",44,70539,62.4
,"55-64 years","55-64","New Hampshire","33","2004","2004","Male","M",116,69260,167.5
,"55-64 years","55-64","New Hampshire","33","2005","2005","Female","F",31,74139,41.8
,"55-64 years","55-64","New Hampshire","33","2005","2005","Male","M",139,72775,191.0
,"55-64 years","55-64","New Hampshire","33","2006","2006","Female","F",35,77769,45.0
,"55-64 years","55-64","New Hampshire","33","2006","2006","Male","M",130,76287,170.4
,"55-64 years","55-64","New Hampshire","33","2007","2007","Female","F",48,81137,59.2
,"55-64 years","55-64","New Hampshire","33","2007","2007","Male","M",134,79561,168.4
,"55-64 years","55-64","New Hampshire","33","2008","2008","Female","F",34,84206,40.4
,"55-64 years","55-64","New Hampshire","33","2008","2008","Male","M",125,82377,151.7
,"55-64 years","55-64","New Hampshire","33","2009","2009","Female","F",37,87501,42.3
,"55-64 years","55-64","New Hampshire","33","2009","2009","Male","M",135,85290,158.3
,"55-64 years","55-64","New Hampshire","33","2010","2010","Female","F",27,90231,29.9
,"55-64 years","55-64","New Hampshire","33","2010","2010","Male","M",128,88012,145.4
,"55-64 years","55-64","New Hampshire","33","2011","2011","Female","F",36,94101,38.3
,"55-64 years","55-64","New Hampshire","33","2011","2011","Male","M",130,92116,141.1
,"55-64 years","55-64","New Hampshire","33","2012","2012","Female","F",41,95965,42.7
,"55-64 years","55-64","New Hampshire","33","2012","2012","Male","M",134,93547,143.2
,"55-64 years","55-64","New Hampshire","33","2013","2013","Female","F",49,97762,50.1
,"55-64 years","55-64","New Hampshire","33","2013","2013","Male","M",137,95564,143.4
,"55-64 years","55-64","New Hampshire","33","2014","2014","Female","F",34,100100,34.0
,"55-64 years","55-64","New Hampshire","33","2014","2014","Male","M",117,97595,119.9
,"55-64 years","55-64","New Hampshire","33","2015","2015","Female","F",35,102376,34.2
,"55-64 years","55-64","New Hampshire","33","2015","2015","Male","M",124,99471,124.7
,"55-64 years","55-64","New Hampshire","33","2016","2016","Female","F",39,104675,37.3
,"55-64 years","55-64","New Hampshire","33","2016","2016","Male","M",174,101481,171.5
,"55-64 years","55-64","New Hampshire","33","2017","2017","Female","F",48,106397,45.1
,"55-64 years","55-64","New Hampshire","33","2017","2017","Male","M",146,102887,141.9
,"55-64 years","55-64","New Hampshire","33","2018","2018","Female","F",37,108280,34.2
,"55-64 years","55-64","New Hampshire","33","2018","2018","Male","M",146,104235,140.1
,"55-64 years","55-64","New Hampshire","33","2019","2019","Female","F",40,109277,36.6
,"55-64 years","55-64","New Hampshire","33","2019","2019","Male","M",158,105037,150.4
,"55-64 years","55-64","New Hampshire","33","2020","2020","Female","F",45,109753,41.0
,"55-64 years","55-64","New Hampshire","33","2020","2020","Male","M",175,105420,166.0
,"55-64 years","55-64","New Jersey","34","1999","1999","Female","F",370,388538,95.2
,"55-64 years","55-64","New Jersey","34","1999","1999","Male","M",891,352541,252.7
,"55-64 years","55-64","New Jersey","34","2000","2000","Female","F",370,395352,93.6
,"55-64 years","55-64","New Jersey","34","2000","2000","Male","M",976,358632,272.1
,"55-64 years","55-64","New Jersey","34","2001","2001","Female","F",333,408168,81.6
,"55-64 years","55-64","New Jersey","34","2001","2001","Male","M",895,369011,242.5
,"55-64 years","55-64","New Jersey","34","2002","2002","Female","F",365,432204,84.5
,"55-64 years","55-64","New Jersey","34","2002","2002","Male","M",873,390822,223.4
,"55-64 years","55-64","New Jersey","34","2003","2003","Female","F",341,449626,75.8
,"55-64 years","55-64","New Jersey","34","2003","2003","Male","M",871,406938,214.0
,"55-64 years","55-64","New Jersey","34","2004","2004","Female","F",330,465646,70.9
,"55-64 years","55-64","New Jersey","34","2004","2004","Male","M",835,419614,199.0
,"55-64 years","55-64","New Jersey","34","2005","2005","Female","F",356,480528,74.1
,"55-64 years","55-64","New Jersey","34","2005","2005","Male","M",864,433623,199.3
,"55-64 years","55-64","New Jersey","34","2006","2006","Female","F",334,495123,67.5
,"55-64 years","55-64","New Jersey","34","2006","2006","Male","M",793,447202,177.3
,"55-64 years","55-64","New Jersey","34","2007","2007","Female","F",279,506648,55.1
,"55-64 years","55-64","New Jersey","34","2007","2007","Male","M",791,459093,172.3
,"55-64 years","55-64","New Jersey","34","2008","2008","Female","F",318,516240,61.6
,"55-64 years","55-64","New Jersey","34","2008","2008","Male","M",757,467853,161.8
,"55-64 years","55-64","New Jersey","34","2009","2009","Female","F",288,532246,54.1
,"55-64 years","55-64","New Jersey","34","2009","2009","Male","M",750,484788,154.7
,"55-64 years","55-64","New Jersey","34","2010","2010","Female","F",317,546969,58.0
,"55-64 years","55-64","New Jersey","34","2010","2010","Male","M",787,499196,157.7
,"55-64 years","55-64","New Jersey","34","2011","2011","Female","F",279,568021,49.1
,"55-64 years","55-64","New Jersey","34","2011","2011","Male","M",786,519346,151.3
,"55-64 years","55-64","New Jersey","34","2012","2012","Female","F",315,575430,54.7
,"55-64 years","55-64","New Jersey","34","2012","2012","Male","M",825,528133,156.2
,"55-64 years","55-64","New Jersey","34","2013","2013","Female","F",261,587564,44.4
,"55-64 years","55-64","New Jersey","34","2013","2013","Male","M",858,540141,158.8
,"55-64 years","55-64","New Jersey","34","2014","2014","Female","F",307,600759,51.1
,"55-64 years","55-64","New Jersey","34","2014","2014","Male","M",775,553469,140.0
,"55-64 years","55-64","New Jersey","34","2015","2015","Female","F",262,613453,42.7
,"55-64 years","55-64","New Jersey","34","2015","2015","Male","M",797,566337,140.7
,"55-64 years","55-64","New Jersey","34","2016","2016","Female","F",265,620332,42.7
,"55-64 years","55-64","New Jersey","34","2016","2016","Male","M",815,575478,141.6
,"55-64 years","55-64","New Jersey","34","2017","2017","Female","F",321,630377,50.9
,"55-64 years","55-64","New Jersey","34","2017","2017","Male","M",848,586428,144.6
,"55-64 years","55-64","New Jersey","34","2018","2018","Female","F",299,631101,47.4
,"55-64 years","55-64","New Jersey","34","2018","2018","Male","M",835,588230,142.0
,"55-64 years","55-64","New Jersey","34","2019","2019","Female","F",258,633286,40.7
,"55-64 years","55-64","New Jersey","34","2019","2019","Male","M",806,590363,136.5
,"55-64 years","55-64","New Jersey","34","2020","2020","Female","F",297,632396,47.0
,"55-64 years","55-64","New Jersey","34","2020","2020","Male","M",872,590263,147.7
,"55-64 years","55-64","New Mexico","35","1999","1999","Female","F",64,80579,79.4
,"55-64 years","55-64","New Mexico","35","1999","1999","Male","M",196,74425,263.4
,"55-64 years","55-64","New Mexico","35","2000","2000","Female","F",68,82557,82.4
,"55-64 years","55-64","New Mexico","35","2000","2000","Male","M",173,76195,227.0
,"55-64 years","55-64","New Mexico","35","2001","2001","Female","F",70,85437,81.9
,"55-64 years","55-64","New Mexico","35","2001","2001","Male","M",185,79037,234.1
,"55-64 years","55-64","New Mexico","35","2002","2002","Female","F",82,91108,90.0
,"55-64 years","55-64","New Mexico","35","2002","2002","Male","M",199,84608,235.2
,"55-64 years","55-64","New Mexico","35","2003","2003","Female","F",68,96046,70.8
,"55-64 years","55-64","New Mexico","35","2003","2003","Male","M",168,89419,187.9
,"55-64 years","55-64","New Mexico","35","2004","2004","Female","F",58,101296,57.3
,"55-64 years","55-64","New Mexico","35","2004","2004","Male","M",180,94687,190.1
,"55-64 years","55-64","New Mexico","35","2005","2005","Female","F",61,106960,57.0
,"55-64 years","55-64","New Mexico","35","2005","2005","Male","M",194,100486,193.1
,"55-64 years","55-64","New Mexico","35","2006","2006","Female","F",70,113268,61.8
,"55-64 years","55-64","New Mexico","35","2006","2006","Male","M",191,106320,179.6
,"55-64 years","55-64","New Mexico","35","2007","2007","Female","F",78,119249,65.4
,"55-64 years","55-64","New Mexico","35","2007","2007","Male","M",226,111662,202.4
,"55-64 years","55-64","New Mexico","35","2008","2008","Female","F",89,124095,71.7
,"55-64 years","55-64","New Mexico","35","2008","2008","Male","M",227,115835,196.0
,"55-64 years","55-64","New Mexico","35","2009","2009","Female","F",70,129130,54.2
,"55-64 years","55-64","New Mexico","35","2009","2009","Male","M",240,120139,199.8
,"55-64 years","55-64","New Mexico","35","2010","2010","Female","F",65,133168,48.8
,"55-64 years","55-64","New Mexico","35","2010","2010","Male","M",217,123768,175.3
,"55-64 years","55-64","New Mexico","35","2011","2011","Female","F",84,138405,60.7
,"55-64 years","55-64","New Mexico","35","2011","2011","Male","M",231,127916,180.6
,"55-64 years","55-64","New Mexico","35","2012","2012","Female","F",85,138953,61.2
,"55-64 years","55-64","New Mexico","35","2012","2012","Male","M",215,128417,167.4
,"55-64 years","55-64","New Mexico","35","2013","2013","Female","F",72,139531,51.6
,"55-64 years","55-64","New Mexico","35","2013","2013","Male","M",237,128436,184.5
,"55-64 years","55-64","New Mexico","35","2014","2014","Female","F",68,140675,48.3
,"55-64 years","55-64","New Mexico","35","2014","2014","Male","M",225,128725,174.8
,"55-64 years","55-64","New Mexico","35","2015","2015","Female","F",72,142058,50.7
,"55-64 years","55-64","New Mexico","35","2015","2015","Male","M",245,129423,189.3
,"55-64 years","55-64","New Mexico","35","2016","2016","Female","F",105,142889,73.5
,"55-64 years","55-64","New Mexico","35","2016","2016","Male","M",268,130341,205.6
,"55-64 years","55-64","New Mexico","35","2017","2017","Female","F",93,143521,64.8
,"55-64 years","55-64","New Mexico","35","2017","2017","Male","M",266,131169,202.8
,"55-64 years","55-64","New Mexico","35","2018","2018","Female","F",106,143175,74.0
,"55-64 years","55-64","New Mexico","35","2018","2018","Male","M",265,130972,202.3
,"55-64 years","55-64","New Mexico","35","2019","2019","Female","F",104,142663,72.9
,"55-64 years","55-64","New Mexico","35","2019","2019","Male","M",309,130258,237.2
,"55-64 years","55-64","New Mexico","35","2020","2020","Female","F",114,141084,80.8
,"55-64 years","55-64","New Mexico","35","2020","2020","Male","M",287,128828,222.8
,"55-64 years","55-64","New York","36","1999","1999","Female","F",1202,889098,135.2
,"55-64 years","55-64","New York","36","1999","1999","Male","M",2477,775941,319.2
,"55-64 years","55-64","New York","36","2000","2000","Female","F",1138,901800,126.2
,"55-64 years","55-64","New York","36","2000","2000","Male","M",2411,786187,306.7
,"55-64 years","55-64","New York","36","2001","2001","Female","F",1089,924638,117.8
,"55-64 years","55-64","New York","36","2001","2001","Male","M",2319,806901,287.4
,"55-64 years","55-64","New York","36","2002","2002","Female","F",1080,970960,111.2
,"55-64 years","55-64","New York","36","2002","2002","Male","M",2341,850193,275.3
,"55-64 years","55-64","New York","36","2003","2003","Female","F",1103,1005797,109.7
,"55-64 years","55-64","New York","36","2003","2003","Male","M",2319,883032,262.6
,"55-64 years","55-64","New York","36","2004","2004","Female","F",1069,1039260,102.9
,"55-64 years","55-64","New York","36","2004","2004","Male","M",2200,914401,240.6
,"55-64 years","55-64","New York","36","2005","2005","Female","F",1034,1070993,96.5
,"55-64 years","55-64","New York","36","2005","2005","Male","M",2202,946497,232.6
,"55-64 years","55-64","New York","36","2006","2006","Female","F",944,1101973,85.7
,"55-64 years","55-64","New York","36","2006","2006","Male","M",2243,977666,229.4
,"55-64 years","55-64","New York","36","2007","2007","Female","F",953,1128689,84.4
,"55-64 years","55-64","New York","36","2007","2007","Male","M",2146,1005180,213.5
,"55-64 years","55-64","New York","36","2008","2008","Female","F",975,1149766,84.8
,"55-64 years","55-64","New York","36","2008","2008","Male","M",2226,1028452,216.4
,"55-64 years","55-64","New York","36","2009","2009","Female","F",897,1182654,75.8
,"55-64 years","55-64","New York","36","2009","2009","Male","M",2170,1061593,204.4
,"55-64 years","55-64","New York","36","2010","2010","Female","F",854,1211462,70.5
,"55-64 years","55-64","New York","36","2010","2010","Male","M",2076,1092206,190.1
,"55-64 years","55-64","New York","36","2011","2011","Female","F",851,1254134,67.9
,"55-64 years","55-64","New York","36","2011","2011","Male","M",2011,1135032,177.2
,"55-64 years","55-64","New York","36","2012","2012","Female","F",850,1266403,67.1
,"55-64 years","55-64","New York","36","2012","2012","Male","M",2090,1148476,182.0
,"55-64 years","55-64","New York","36","2013","2013","Female","F",773,1286176,60.1
,"55-64 years","55-64","New York","36","2013","2013","Male","M",2085,1171313,178.0
,"55-64 years","55-64","New York","36","2014","2014","Female","F",759,1306194,58.1
,"55-64 years","55-64","New York","36","2014","2014","Male","M",2079,1193416,174.2
,"55-64 years","55-64","New York","36","2015","2015","Female","F",776,1327418,58.5
,"55-64 years","55-64","New York","36","2015","2015","Male","M",2128,1216582,174.9
,"55-64 years","55-64","New York","36","2016","2016","Female","F",831,1339405,62.0
,"55-64 years","55-64","New York","36","2016","2016","Male","M",2160,1228302,175.9
,"55-64 years","55-64","New York","36","2017","2017","Female","F",807,1355860,59.5
,"55-64 years","55-64","New York","36","2017","2017","Male","M",2163,1244341,173.8
,"55-64 years","55-64","New York","36","2018","2018","Female","F",831,1351771,61.5
,"55-64 years","55-64","New York","36","2018","2018","Male","M",2239,1242850,180.2
,"55-64 years","55-64","New York","36","2019","2019","Female","F",821,1353034,60.7
,"55-64 years","55-64","New York","36","2019","2019","Male","M",2139,1244122,171.9
,"55-64 years","55-64","New York","36","2020","2020","Female","F",940,1346245,69.8
,"55-64 years","55-64","New York","36","2020","2020","Male","M",2459,1238451,198.6
,"55-64 years","55-64","North Carolina","37","1999","1999","Female","F",455,372529,122.1
,"55-64 years","55-64","North Carolina","37","1999","1999","Male","M",1118,337298,331.5
,"55-64 years","55-64","North Carolina","37","2000","2000","Female","F",446,379252,117.6
,"55-64 years","55-64","North Carolina","37","2000","2000","Male","M",1133,344460,328.9
,"55-64 years","55-64","North Carolina","37","2001","2001","Female","F",423,393606,107.5
,"55-64 years","55-64","North Carolina","37","2001","2001","Male","M",1055,359046,293.8
,"55-64 years","55-64","North Carolina","37","2002","2002","Female","F",429,420583,102.0
,"55-64 years","55-64","North Carolina","37","2002","2002","Male","M",1075,384501,279.6
,"55-64 years","55-64","North Carolina","37","2003","2003","Female","F",464,444058,104.5
,"55-64 years","55-64","North Carolina","37","2003","2003","Male","M",1102,406936,270.8
,"55-64 years","55-64","North Carolina","37","2004","2004","Female","F",432,466369,92.6
,"55-64 years","55-64","North Carolina","37","2004","2004","Male","M",1058,427657,247.4
,"55-64 years","55-64","North Carolina","37","2005","2005","Female","F",408,490768,83.1
,"55-64 years","55-64","North Carolina","37","2005","2005","Male","M",1078,449250,240.0
,"55-64 years","55-64","North Carolina","37","2006","2006","Female","F",404,515501,78.4
,"55-64 years","55-64","North Carolina","37","2006","2006","Male","M",1155,470588,245.4
,"55-64 years","55-64","North Carolina","37","2007","2007","Female","F",414,540771,76.6
,"55-64 years","55-64","North Carolina","37","2007","2007","Male","M",1139,492505,231.3
,"55-64 years","55-64","North Carolina","37","2008","2008","Female","F",410,560400,73.2
,"55-64 years","55-64","North Carolina","37","2008","2008","Male","M",1183,508196,232.8
,"55-64 years","55-64","North Carolina","37","2009","2009","Female","F",424,581934,72.9
,"55-64 years","55-64","North Carolina","37","2009","2009","Male","M",1117,526246,212.3
,"55-64 years","55-64","North Carolina","37","2010","2010","Female","F",421,598483,70.3
,"55-64 years","55-64","North Carolina","37","2010","2010","Male","M",1127,540278,208.6
,"55-64 years","55-64","North Carolina","37","2011","2011","Female","F",448,625008,71.7
,"55-64 years","55-64","North Carolina","37","2011","2011","Male","M",1164,562458,206.9
,"55-64 years","55-64","North Carolina","37","2012","2012","Female","F",436,631352,69.1
,"55-64 years","55-64","North Carolina","37","2012","2012","Male","M",1166,567962,205.3
,"55-64 years","55-64","North Carolina","37","2013","2013","Female","F",457,642355,71.1
,"55-64 years","55-64","North Carolina","37","2013","2013","Male","M",1168,577562,202.2
,"55-64 years","55-64","North Carolina","37","2014","2014","Female","F",420,654558,64.2
,"55-64 years","55-64","North Carolina","37","2014","2014","Male","M",1132,588034,192.5
,"55-64 years","55-64","North Carolina","37","2015","2015","Female","F",476,668957,71.2
,"55-64 years","55-64","North Carolina","37","2015","2015","Male","M",1167,601543,194.0
,"55-64 years","55-64","North Carolina","37","2016","2016","Female","F",454,685021,66.3
,"55-64 years","55-64","North Carolina","37","2016","2016","Male","M",1162,615907,188.7
,"55-64 years","55-64","North Carolina","37","2017","2017","Female","F",451,695730,64.8
,"55-64 years","55-64","North Carolina","37","2017","2017","Male","M",1189,625948,190.0
,"55-64 years","55-64","North Carolina","37","2018","2018","Female","F",486,706628,68.8
,"55-64 years","55-64","North Carolina","37","2018","2018","Male","M",1223,636355,192.2
,"55-64 years","55-64","North Carolina","37","2019","2019","Female","F",453,715387,63.3
,"55-64 years","55-64","North Carolina","37","2019","2019","Male","M",1144,646738,176.9
,"55-64 years","55-64","North Carolina","37","2020","2020","Female","F",500,721346,69.3
,"55-64 years","55-64","North Carolina","37","2020","2020","Male","M",1291,652739,197.8
,"55-64 years","55-64","North Dakota","38","1999","1999","Female","F",33,26858,122.9
,"55-64 years","55-64","North Dakota","38","1999","1999","Male","M",82,26261,312.3
,"55-64 years","55-64","North Dakota","38","2000","2000","Female","F",16,26983,Unreliable
,"55-64 years","55-64","North Dakota","38","2000","2000","Male","M",80,26450,302.5
,"55-64 years","55-64","North Dakota","38","2001","2001","Female","F",25,27477,91.0
,"55-64 years","55-64","North Dakota","38","2001","2001","Male","M",73,26977,270.6
,"55-64 years","55-64","North Dakota","38","2002","2002","Female","F",28,28589,97.9
,"55-64 years","55-64","North Dakota","38","2002","2002","Male","M",69,28418,242.8
,"55-64 years","55-64","North Dakota","38","2003","2003","Female","F",24,29519,81.3
,"55-64 years","55-64","North Dakota","38","2003","2003","Male","M",77,29773,258.6
,"55-64 years","55-64","North Dakota","38","2004","2004","Female","F",28,30631,91.4
,"55-64 years","55-64","North Dakota","38","2004","2004","Male","M",66,31275,211.0
,"55-64 years","55-64","North Dakota","38","2005","2005","Female","F",22,31955,68.8
,"55-64 years","55-64","North Dakota","38","2005","2005","Male","M",65,33093,196.4
,"55-64 years","55-64","North Dakota","38","2006","2006","Female","F",14,33372,Unreliable
,"55-64 years","55-64","North Dakota","38","2006","2006","Male","M",76,34637,219.4
,"55-64 years","55-64","North Dakota","38","2007","2007","Female","F",20,35009,57.1
,"55-64 years","55-64","North Dakota","38","2007","2007","Male","M",58,36716,158.0
,"55-64 years","55-64","North Dakota","38","2008","2008","Female","F",19,36583,Unreliable
,"55-64 years","55-64","North Dakota","38","2008","2008","Male","M",78,38529,202.4
,"55-64 years","55-64","North Dakota","38","2009","2009","Female","F",16,38308,Unreliable
,"55-64 years","55-64","North Dakota","38","2009","2009","Male","M",75,40467,185.3
,"55-64 years","55-64","North Dakota","38","2010","2010","Female","F",20,39885,50.1
,"55-64 years","55-64","North Dakota","38","2010","2010","Male","M",83,41934,197.9
,"55-64 years","55-64","North Dakota","38","2011","2011","Female","F",17,41888,Unreliable
,"55-64 years","55-64","North Dakota","38","2011","2011","Male","M",69,44128,156.4
,"55-64 years","55-64","North Dakota","38","2012","2012","Female","F",25,42889,58.3
,"55-64 years","55-64","North Dakota","38","2012","2012","Male","M",67,45059,148.7
,"55-64 years","55-64","North Dakota","38","2013","2013","Female","F",18,44046,Unreliable
,"55-64 years","55-64","North Dakota","38","2013","2013","Male","M",70,46140,151.7
,"55-64 years","55-64","North Dakota","38","2014","2014","Female","F",19,45113,Unreliable
,"55-64 years","55-64","North Dakota","38","2014","2014","Male","M",76,47119,161.3
,"55-64 years","55-64","North Dakota","38","2015","2015","Female","F",21,46137,45.5
,"55-64 years","55-64","North Dakota","38","2015","2015","Male","M",84,48047,174.8
,"55-64 years","55-64","North Dakota","38","2016","2016","Female","F",25,46628,53.6
,"55-64 years","55-64","North Dakota","38","2016","2016","Male","M",75,48380,155.0
,"55-64 years","55-64","North Dakota","38","2017","2017","Female","F",17,47012,Unreliable
,"55-64 years","55-64","North Dakota","38","2017","2017","Male","M",66,48269,136.7
,"55-64 years","55-64","North Dakota","38","2018","2018","Female","F",24,46954,51.1
,"55-64 years","55-64","North Dakota","38","2018","2018","Male","M",70,47869,146.2
,"55-64 years","55-64","North Dakota","38","2019","2019","Female","F",27,46470,58.1
,"55-64 years","55-64","North Dakota","38","2019","2019","Male","M",84,47408,177.2
,"55-64 years","55-64","North Dakota","38","2020","2020","Female","F",24,45668,52.6
,"55-64 years","55-64","North Dakota","38","2020","2020","Male","M",75,46381,161.7
,"55-64 years","55-64","Ohio","39","1999","1999","Female","F",735,525053,140.0
,"55-64 years","55-64","Ohio","39","1999","1999","Male","M",1548,477384,324.3
,"55-64 years","55-64","Ohio","39","2000","2000","Female","F",666,528339,126.1
,"55-64 years","55-64","Ohio","39","2000","2000","Male","M",1592,480567,331.3
,"55-64 years","55-64","Ohio","39","2001","2001","Female","F",623,537036,116.0
,"55-64 years","55-64","Ohio","39","2001","2001","Male","M",1536,491046,312.8
,"55-64 years","55-64","Ohio","39","2002","2002","Female","F",634,567453,111.7
,"55-64 years","55-64","Ohio","39","2002","2002","Male","M",1554,521442,298.0
,"55-64 years","55-64","Ohio","39","2003","2003","Female","F",640,590265,108.4
,"55-64 years","55-64","Ohio","39","2003","2003","Male","M",1471,544487,270.2
,"55-64 years","55-64","Ohio","39","2004","2004","Female","F",603,613319,98.3
,"55-64 years","55-64","Ohio","39","2004","2004","Male","M",1461,567780,257.3
,"55-64 years","55-64","Ohio","39","2005","2005","Female","F",608,637259,95.4
,"55-64 years","55-64","Ohio","39","2005","2005","Male","M",1438,592427,242.7
,"55-64 years","55-64","Ohio","39","2006","2006","Female","F",605,660665,91.6
,"55-64 years","55-64","Ohio","39","2006","2006","Male","M",1542,615683,250.5
,"55-64 years","55-64","Ohio","39","2007","2007","Female","F",562,681966,82.4
,"55-64 years","55-64","Ohio","39","2007","2007","Male","M",1518,637727,238.0
,"55-64 years","55-64","Ohio","39","2008","2008","Female","F",599,700239,85.5
,"55-64 years","55-64","Ohio","39","2008","2008","Male","M",1516,656266,231.0
,"55-64 years","55-64","Ohio","39","2009","2009","Female","F",511,725770,70.4
,"55-64 years","55-64","Ohio","39","2009","2009","Male","M",1372,681340,201.4
,"55-64 years","55-64","Ohio","39","2010","2010","Female","F",587,748405,78.4
,"55-64 years","55-64","Ohio","39","2010","2010","Male","M",1489,703861,211.5
,"55-64 years","55-64","Ohio","39","2011","2011","Female","F",565,781389,72.3
,"55-64 years","55-64","Ohio","39","2011","2011","Male","M",1425,734218,194.1
,"55-64 years","55-64","Ohio","39","2012","2012","Female","F",561,788436,71.2
,"55-64 years","55-64","Ohio","39","2012","2012","Male","M",1497,741182,202.0
,"55-64 years","55-64","Ohio","39","2013","2013","Female","F",590,802060,73.6
,"55-64 years","55-64","Ohio","39","2013","2013","Male","M",1445,753840,191.7
,"55-64 years","55-64","Ohio","39","2014","2014","Female","F",627,812319,77.2
,"55-64 years","55-64","Ohio","39","2014","2014","Male","M",1519,763947,198.8
,"55-64 years","55-64","Ohio","39","2015","2015","Female","F",580,822141,70.5
,"55-64 years","55-64","Ohio","39","2015","2015","Male","M",1539,773289,199.0
,"55-64 years","55-64","Ohio","39","2016","2016","Female","F",646,827746,78.0
,"55-64 years","55-64","Ohio","39","2016","2016","Male","M",1557,777623,200.2
,"55-64 years","55-64","Ohio","39","2017","2017","Female","F",609,831976,73.2
,"55-64 years","55-64","Ohio","39","2017","2017","Male","M",1613,780299,206.7
,"55-64 years","55-64","Ohio","39","2018","2018","Female","F",572,832160,68.7
,"55-64 years","55-64","Ohio","39","2018","2018","Male","M",1578,779388,202.5
,"55-64 years","55-64","Ohio","39","2019","2019","Female","F",606,828154,73.2
,"55-64 years","55-64","Ohio","39","2019","2019","Male","M",1601,776529,206.2
,"55-64 years","55-64","Ohio","39","2020","2020","Female","F",608,819051,74.2
,"55-64 years","55-64","Ohio","39","2020","2020","Male","M",1699,767907,221.3
,"55-64 years","55-64","Oklahoma","40","1999","1999","Female","F",243,161899,150.1
,"55-64 years","55-64","Oklahoma","40","1999","1999","Male","M",620,149688,414.2
,"55-64 years","55-64","Oklahoma","40","2000","2000","Female","F",261,164272,158.9
,"55-64 years","55-64","Oklahoma","40","2000","2000","Male","M",635,152057,417.6
,"55-64 years","55-64","Oklahoma","40","2001","2001","Female","F",256,167780,152.6
,"55-64 years","55-64","Oklahoma","40","2001","2001","Male","M",565,155414,363.5
,"55-64 years","55-64","Oklahoma","40","2002","2002","Female","F",299,176763,169.2
,"55-64 years","55-64","Oklahoma","40","2002","2002","Male","M",679,164052,413.9
,"55-64 years","55-64","Oklahoma","40","2003","2003","Female","F",313,183575,170.5
,"55-64 years","55-64","Oklahoma","40","2003","2003","Male","M",651,170364,382.1
,"55-64 years","55-64","Oklahoma","40","2004","2004","Female","F",305,189811,160.7
,"55-64 years","55-64","Oklahoma","40","2004","2004","Male","M",650,176739,367.8
,"55-64 years","55-64","Oklahoma","40","2005","2005","Female","F",270,195900,137.8
,"55-64 years","55-64","Oklahoma","40","2005","2005","Male","M",604,183046,330.0
,"55-64 years","55-64","Oklahoma","40","2006","2006","Female","F",263,203169,129.4
,"55-64 years","55-64","Oklahoma","40","2006","2006","Male","M",645,190102,339.3
,"55-64 years","55-64","Oklahoma","40","2007","2007","Female","F",294,209382,140.4
,"55-64 years","55-64","Oklahoma","40","2007","2007","Male","M",585,196092,298.3
,"55-64 years","55-64","Oklahoma","40","2008","2008","Female","F",282,215114,131.1
,"55-64 years","55-64","Oklahoma","40","2008","2008","Male","M",548,201724,271.7
,"55-64 years","55-64","Oklahoma","40","2009","2009","Female","F",231,221434,104.3
,"55-64 years","55-64","Oklahoma","40","2009","2009","Male","M",548,208075,263.4
,"55-64 years","55-64","Oklahoma","40","2010","2010","Female","F",288,226899,126.9
,"55-64 years","55-64","Oklahoma","40","2010","2010","Male","M",615,213583,287.9
,"55-64 years","55-64","Oklahoma","40","2011","2011","Female","F",272,235715,115.4
,"55-64 years","55-64","Oklahoma","40","2011","2011","Male","M",604,221826,272.3
,"55-64 years","55-64","Oklahoma","40","2012","2012","Female","F",307,237920,129.0
,"55-64 years","55-64","Oklahoma","40","2012","2012","Male","M",619,223679,276.7
,"55-64 years","55-64","Oklahoma","40","2013","2013","Female","F",312,242181,128.8
,"55-64 years","55-64","Oklahoma","40","2013","2013","Male","M",638,226949,281.1
,"55-64 years","55-64","Oklahoma","40","2014","2014","Female","F",303,245377,123.5
,"55-64 years","55-64","Oklahoma","40","2014","2014","Male","M",667,229841,290.2
,"55-64 years","55-64","Oklahoma","40","2015","2015","Female","F",319,249740,127.7
,"55-64 years","55-64","Oklahoma","40","2015","2015","Male","M",719,233771,307.6
,"55-64 years","55-64","Oklahoma","40","2016","2016","Female","F",309,251978,122.6
,"55-64 years","55-64","Oklahoma","40","2016","2016","Male","M",620,235890,262.8
,"55-64 years","55-64","Oklahoma","40","2017","2017","Female","F",311,253675,122.6
,"55-64 years","55-64","Oklahoma","40","2017","2017","Male","M",653,237621,274.8
,"55-64 years","55-64","Oklahoma","40","2018","2018","Female","F",256,254796,100.5
,"55-64 years","55-64","Oklahoma","40","2018","2018","Male","M",552,238648,231.3
,"55-64 years","55-64","Oklahoma","40","2019","2019","Female","F",242,255142,94.8
,"55-64 years","55-64","Oklahoma","40","2019","2019","Male","M",503,238552,210.9
,"55-64 years","55-64","Oklahoma","40","2020","2020","Female","F",231,253222,91.2
,"55-64 years","55-64","Oklahoma","40","2020","2020","Male","M",520,236748,219.6
,"55-64 years","55-64","Oregon","41","1999","1999","Female","F",113,150682,75.0
,"55-64 years","55-64","Oregon","41","1999","1999","Male","M",357,145281,245.7
,"55-64 years","55-64","Oregon","41","2000","2000","Female","F",97,154801,62.7
,"55-64 years","55-64","Oregon","41","2000","2000","Male","M",353,149587,236.0
,"55-64 years","55-64","Oregon","41","2001","2001","Female","F",122,162109,75.3
,"55-64 years","55-64","Oregon","41","2001","2001","Male","M",319,156869,203.4
,"55-64 years","55-64","Oregon","41","2002","2002","Female","F",116,175521,66.1
,"55-64 years","55-64","Oregon","41","2002","2002","Male","M",352,169625,207.5
,"55-64 years","55-64","Oregon","41","2003","2003","Female","F",120,186431,64.4
,"55-64 years","55-64","Oregon","41","2003","2003","Male","M",397,180536,219.9
,"55-64 years","55-64","Oregon","41","2004","2004","Female","F",118,197393,59.8
,"55-64 years","55-64","Oregon","41","2004","2004","Male","M",313,191240,163.7
,"55-64 years","55-64","Oregon","41","2005","2005","Female","F",96,210184,45.7
,"55-64 years","55-64","Oregon","41","2005","2005","Male","M",337,202574,166.4
,"55-64 years","55-64","Oregon","41","2006","2006","Female","F",106,222786,47.6
,"55-64 years","55-64","Oregon","41","2006","2006","Male","M",340,214050,158.8
,"55-64 years","55-64","Oregon","41","2007","2007","Female","F",130,233839,55.6
,"55-64 years","55-64","Oregon","41","2007","2007","Male","M",351,224095,156.6
,"55-64 years","55-64","Oregon","41","2008","2008","Female","F",110,243630,45.2
,"55-64 years","55-64","Oregon","41","2008","2008","Male","M",348,232986,149.4
,"55-64 years","55-64","Oregon","41","2009","2009","Female","F",107,254013,42.1
,"55-64 years","55-64","Oregon","41","2009","2009","Male","M",364,241568,150.7
,"55-64 years","55-64","Oregon","41","2010","2010","Female","F",100,261500,38.2
,"55-64 years","55-64","Oregon","41","2010","2010","Male","M",305,248066,123.0
,"55-64 years","55-64","Oregon","41","2011","2011","Female","F",97,271947,35.7
,"55-64 years","55-64","Oregon","41","2011","2011","Male","M",323,257240,125.6
,"55-64 years","55-64","Oregon","41","2012","2012","Female","F",106,274060,38.7
,"55-64 years","55-64","Oregon","41","2012","2012","Male","M",346,258638,133.8
,"55-64 years","55-64","Oregon","41","2013","2013","Female","F",101,277155,36.4
,"55-64 years","55-64","Oregon","41","2013","2013","Male","M",328,259639,126.3
,"55-64 years","55-64","Oregon","41","2014","2014","Female","F",92,279922,32.9
,"55-64 years","55-64","Oregon","41","2014","2014","Male","M",320,260712,122.7
,"55-64 years","55-64","Oregon","41","2015","2015","Female","F",103,282674,36.4
,"55-64 years","55-64","Oregon","41","2015","2015","Male","M",335,262454,127.6
,"55-64 years","55-64","Oregon","41","2016","2016","Female","F",110,284496,38.7
,"55-64 years","55-64","Oregon","41","2016","2016","Male","M",334,263477,126.8
,"55-64 years","55-64","Oregon","41","2017","2017","Female","F",87,284419,30.6
,"55-64 years","55-64","Oregon","41","2017","2017","Male","M",341,263177,129.6
,"55-64 years","55-64","Oregon","41","2018","2018","Female","F",95,282709,33.6
,"55-64 years","55-64","Oregon","41","2018","2018","Male","M",290,261776,110.8
,"55-64 years","55-64","Oregon","41","2019","2019","Female","F",94,279529,33.6
,"55-64 years","55-64","Oregon","41","2019","2019","Male","M",296,259421,114.1
,"55-64 years","55-64","Oregon","41","2020","2020","Female","F",95,275556,34.5
,"55-64 years","55-64","Oregon","41","2020","2020","Male","M",304,256668,118.4
,"55-64 years","55-64","Pennsylvania","42","1999","1999","Female","F",683,587749,116.2
,"55-64 years","55-64","Pennsylvania","42","1999","1999","Male","M",1633,532986,306.4
,"55-64 years","55-64","Pennsylvania","42","2000","2000","Female","F",686,592865,115.7
,"55-64 years","55-64","Pennsylvania","42","2000","2000","Male","M",1573,538760,292.0
,"55-64 years","55-64","Pennsylvania","42","2001","2001","Female","F",652,602249,108.3
,"55-64 years","55-64","Pennsylvania","42","2001","2001","Male","M",1482,550478,269.2
,"55-64 years","55-64","Pennsylvania","42","2002","2002","Female","F",615,635141,96.8
,"55-64 years","55-64","Pennsylvania","42","2002","2002","Male","M",1527,584387,261.3
,"55-64 years","55-64","Pennsylvania","42","2003","2003","Female","F",558,661298,84.4
,"55-64 years","55-64","Pennsylvania","42","2003","2003","Male","M",1536,610775,251.5
,"55-64 years","55-64","Pennsylvania","42","2004","2004","Female","F",583,686241,85.0
,"55-64 years","55-64","Pennsylvania","42","2004","2004","Male","M",1471,636060,231.3
,"55-64 years","55-64","Pennsylvania","42","2005","2005","Female","F",611,712666,85.7
,"55-64 years","55-64","Pennsylvania","42","2005","2005","Male","M",1516,662238,228.9
,"55-64 years","55-64","Pennsylvania","42","2006","2006","Female","F",578,738131,78.3
,"55-64 years","55-64","Pennsylvania","42","2006","2006","Male","M",1532,688920,222.4
,"55-64 years","55-64","Pennsylvania","42","2007","2007","Female","F",557,762829,73.0
,"55-64 years","55-64","Pennsylvania","42","2007","2007","Male","M",1579,714841,220.9
,"55-64 years","55-64","Pennsylvania","42","2008","2008","Female","F",605,782720,77.3
,"55-64 years","55-64","Pennsylvania","42","2008","2008","Male","M",1469,735644,199.7
,"55-64 years","55-64","Pennsylvania","42","2009","2009","Female","F",523,809610,64.6
,"55-64 years","55-64","Pennsylvania","42","2009","2009","Male","M",1451,763516,190.0
,"55-64 years","55-64","Pennsylvania","42","2010","2010","Female","F",506,834134,60.7
,"55-64 years","55-64","Pennsylvania","42","2010","2010","Male","M",1412,788210,179.1
,"55-64 years","55-64","Pennsylvania","42","2011","2011","Female","F",544,871277,62.4
,"55-64 years","55-64","Pennsylvania","42","2011","2011","Male","M",1472,823559,178.7
,"55-64 years","55-64","Pennsylvania","42","2012","2012","Female","F",518,879323,58.9
,"55-64 years","55-64","Pennsylvania","42","2012","2012","Male","M",1442,830939,173.5
,"55-64 years","55-64","Pennsylvania","42","2013","2013","Female","F",497,894444,55.6
,"55-64 years","55-64","Pennsylvania","42","2013","2013","Male","M",1440,846405,170.1
,"55-64 years","55-64","Pennsylvania","42","2014","2014","Female","F",554,908025,61.0
,"55-64 years","55-64","Pennsylvania","42","2014","2014","Male","M",1422,859653,165.4
,"55-64 years","55-64","Pennsylvania","42","2015","2015","Female","F",559,920878,60.7
,"55-64 years","55-64","Pennsylvania","42","2015","2015","Male","M",1446,871002,166.0
,"55-64 years","55-64","Pennsylvania","42","2016","2016","Female","F",575,928053,62.0
,"55-64 years","55-64","Pennsylvania","42","2016","2016","Male","M",1539,876000,175.7
,"55-64 years","55-64","Pennsylvania","42","2017","2017","Female","F",590,933076,63.2
,"55-64 years","55-64","Pennsylvania","42","2017","2017","Male","M",1576,878742,179.3
,"55-64 years","55-64","Pennsylvania","42","2018","2018","Female","F",581,932721,62.3
,"55-64 years","55-64","Pennsylvania","42","2018","2018","Male","M",1596,877084,182.0
,"55-64 years","55-64","Pennsylvania","42","2019","2019","Female","F",576,930064,61.9
,"55-64 years","55-64","Pennsylvania","42","2019","2019","Male","M",1559,874819,178.2
,"55-64 years","55-64","Pennsylvania","42","2020","2020","Female","F",619,922601,67.1
,"55-64 years","55-64","Pennsylvania","42","2020","2020","Male","M",1643,867468,189.4
,"55-64 years","55-64","Rhode Island","44","1999","1999","Female","F",52,45606,114.0
,"55-64 years","55-64","Rhode Island","44","1999","1999","Male","M",120,41269,290.8
,"55-64 years","55-64","Rhode Island","44","2000","2000","Female","F",51,46667,109.3
,"55-64 years","55-64","Rhode Island","44","2000","2000","Male","M",112,42322,264.6
,"55-64 years","55-64","Rhode Island","44","2001","2001","Female","F",52,48111,108.1
,"55-64 years","55-64","Rhode Island","44","2001","2001","Male","M",126,44023,286.2
,"55-64 years","55-64","Rhode Island","44","2002","2002","Female","F",56,51360,109.0
,"55-64 years","55-64","Rhode Island","44","2002","2002","Male","M",150,47327,316.9
,"55-64 years","55-64","Rhode Island","44","2003","2003","Female","F",48,53821,89.2
,"55-64 years","55-64","Rhode Island","44","2003","2003","Male","M",125,49805,251.0
,"55-64 years","55-64","Rhode Island","44","2004","2004","Female","F",63,56093,112.3
,"55-64 years","55-64","Rhode Island","44","2004","2004","Male","M",123,52136,235.9
,"55-64 years","55-64","Rhode Island","44","2005","2005","Female","F",47,57960,81.1
,"55-64 years","55-64","Rhode Island","44","2005","2005","Male","M",152,54230,280.3
,"55-64 years","55-64","Rhode Island","44","2006","2006","Female","F",49,59886,81.8
,"55-64 years","55-64","Rhode Island","44","2006","2006","Male","M",107,56292,190.1
,"55-64 years","55-64","Rhode Island","44","2007","2007","Female","F",47,61815,76.0
,"55-64 years","55-64","Rhode Island","44","2007","2007","Male","M",133,57911,229.7
,"55-64 years","55-64","Rhode Island","44","2008","2008","Female","F",48,63330,75.8
,"55-64 years","55-64","Rhode Island","44","2008","2008","Male","M",130,59045,220.2
,"55-64 years","55-64","Rhode Island","44","2009","2009","Female","F",34,65593,51.8
,"55-64 years","55-64","Rhode Island","44","2009","2009","Male","M",125,61119,204.5
,"55-64 years","55-64","Rhode Island","44","2010","2010","Female","F",33,67712,48.7
,"55-64 years","55-64","Rhode Island","44","2010","2010","Male","M",98,62877,155.9
,"55-64 years","55-64","Rhode Island","44","2011","2011","Female","F",53,70376,75.3
,"55-64 years","55-64","Rhode Island","44","2011","2011","Male","M",120,65300,183.8
,"55-64 years","55-64","Rhode Island","44","2012","2012","Female","F",32,71014,45.1
,"55-64 years","55-64","Rhode Island","44","2012","2012","Male","M",115,65868,174.6
,"55-64 years","55-64","Rhode Island","44","2013","2013","Female","F",53,72702,72.9
,"55-64 years","55-64","Rhode Island","44","2013","2013","Male","M",114,67176,169.7
,"55-64 years","55-64","Rhode Island","44","2014","2014","Female","F",27,74325,36.3
,"55-64 years","55-64","Rhode Island","44","2014","2014","Male","M",127,68059,186.6
,"55-64 years","55-64","Rhode Island","44","2015","2015","Female","F",43,75706,56.8
,"55-64 years","55-64","Rhode Island","44","2015","2015","Male","M",119,69119,172.2
,"55-64 years","55-64","Rhode Island","44","2016","2016","Female","F",39,76741,50.8
,"55-64 years","55-64","Rhode Island","44","2016","2016","Male","M",85,70154,121.2
,"55-64 years","55-64","Rhode Island","44","2017","2017","Female","F",44,77479,56.8
,"55-64 years","55-64","Rhode Island","44","2017","2017","Male","M",90,71099,126.6
,"55-64 years","55-64","Rhode Island","44","2018","2018","Female","F",46,77985,59.0
,"55-64 years","55-64","Rhode Island","44","2018","2018","Male","M",124,71173,174.2
,"55-64 years","55-64","Rhode Island","44","2019","2019","Female","F",32,78233,40.9
,"55-64 years","55-64","Rhode Island","44","2019","2019","Male","M",97,71376,135.9
,"55-64 years","55-64","Rhode Island","44","2020","2020","Female","F",51,78044,65.3
,"55-64 years","55-64","Rhode Island","44","2020","2020","Male","M",117,71125,164.5
,"55-64 years","55-64","South Carolina","45","1999","1999","Female","F",242,190345,127.1
,"55-64 years","55-64","South Carolina","45","1999","1999","Male","M",649,172669,375.9
,"55-64 years","55-64","South Carolina","45","2000","2000","Female","F",282,195206,144.5
,"55-64 years","55-64","South Carolina","45","2000","2000","Male","M",616,177705,346.6
,"55-64 years","55-64","South Carolina","45","2001","2001","Female","F",225,202666,111.0
,"55-64 years","55-64","South Carolina","45","2001","2001","Male","M",575,185016,310.8
,"55-64 years","55-64","South Carolina","45","2002","2002","Female","F",254,216244,117.5
,"55-64 years","55-64","South Carolina","45","2002","2002","Male","M",583,197815,294.7
,"55-64 years","55-64","South Carolina","45","2003","2003","Female","F",242,228212,106.0
,"55-64 years","55-64","South Carolina","45","2003","2003","Male","M",611,208756,292.7
,"55-64 years","55-64","South Carolina","45","2004","2004","Female","F",214,239854,89.2
,"55-64 years","55-64","South Carolina","45","2004","2004","Male","M",622,219565,283.3
,"55-64 years","55-64","South Carolina","45","2005","2005","Female","F",233,252398,92.3
,"55-64 years","55-64","South Carolina","45","2005","2005","Male","M",635,230602,275.4
,"55-64 years","55-64","South Carolina","45","2006","2006","Female","F",267,265651,100.5
,"55-64 years","55-64","South Carolina","45","2006","2006","Male","M",621,242011,256.6
,"55-64 years","55-64","South Carolina","45","2007","2007","Female","F",209,278390,75.1
,"55-64 years","55-64","South Carolina","45","2007","2007","Male","M",603,252549,238.8
,"55-64 years","55-64","South Carolina","45","2008","2008","Female","F",212,289710,73.2
,"55-64 years","55-64","South Carolina","45","2008","2008","Male","M",588,261004,225.3
,"55-64 years","55-64","South Carolina","45","2009","2009","Female","F",225,299884,75.0
,"55-64 years","55-64","South Carolina","45","2009","2009","Male","M",696,269008,258.7
,"55-64 years","55-64","South Carolina","45","2010","2010","Female","F",256,308351,83.0
,"55-64 years","55-64","South Carolina","45","2010","2010","Male","M",693,275444,251.6
,"55-64 years","55-64","South Carolina","45","2011","2011","Female","F",227,321139,70.7
,"55-64 years","55-64","South Carolina","45","2011","2011","Male","M",660,285552,231.1
,"55-64 years","55-64","South Carolina","45","2012","2012","Female","F",256,323892,79.0
,"55-64 years","55-64","South Carolina","45","2012","2012","Male","M",623,286831,217.2
,"55-64 years","55-64","South Carolina","45","2013","2013","Female","F",253,329196,76.9
,"55-64 years","55-64","South Carolina","45","2013","2013","Male","M",668,290866,229.7
,"55-64 years","55-64","South Carolina","45","2014","2014","Female","F",264,335515,78.7
,"55-64 years","55-64","South Carolina","45","2014","2014","Male","M",611,295792,206.6
,"55-64 years","55-64","South Carolina","45","2015","2015","Female","F",259,342556,75.6
,"55-64 years","55-64","South Carolina","45","2015","2015","Male","M",697,301735,231.0
,"55-64 years","55-64","South Carolina","45","2016","2016","Female","F",240,350007,68.6
,"55-64 years","55-64","South Carolina","45","2016","2016","Male","M",651,308195,211.2
,"55-64 years","55-64","South Carolina","45","2017","2017","Female","F",261,354870,73.5
,"55-64 years","55-64","South Carolina","45","2017","2017","Male","M",717,312466,229.5
,"55-64 years","55-64","South Carolina","45","2018","2018","Female","F",251,360303,69.7
,"55-64 years","55-64","South Carolina","45","2018","2018","Male","M",630,317996,198.1
,"55-64 years","55-64","South Carolina","45","2019","2019","Female","F",253,365807,69.2
,"55-64 years","55-64","South Carolina","45","2019","2019","Male","M",613,323337,189.6
,"55-64 years","55-64","South Carolina","45","2020","2020","Female","F",285,369890,77.0
,"55-64 years","55-64","South Carolina","45","2020","2020","Male","M",673,326973,205.8
,"55-64 years","55-64","South Dakota","46","1999","1999","Female","F",31,31321,99.0
,"55-64 years","55-64","South Dakota","46","1999","1999","Male","M",81,30162,268.5
,"55-64 years","55-64","South Dakota","46","2000","2000","Female","F",25,31738,78.8
,"55-64 years","55-64","South Dakota","46","2000","2000","Male","M",77,30611,251.5
,"55-64 years","55-64","South Dakota","46","2001","2001","Female","F",25,32443,77.1
,"55-64 years","55-64","South Dakota","46","2001","2001","Male","M",90,31543,285.3
,"55-64 years","55-64","South Dakota","46","2002","2002","Female","F",17,33891,Unreliable
,"55-64 years","55-64","South Dakota","46","2002","2002","Male","M",74,33372,221.7
,"55-64 years","55-64","South Dakota","46","2003","2003","Female","F",29,35289,82.2
,"55-64 years","55-64","South Dakota","46","2003","2003","Male","M",92,35215,261.3
,"55-64 years","55-64","South Dakota","46","2004","2004","Female","F",22,37058,59.4
,"55-64 years","55-64","South Dakota","46","2004","2004","Male","M",77,37390,205.9
,"55-64 years","55-64","South Dakota","46","2005","2005","Female","F",32,38820,82.4
,"55-64 years","55-64","South Dakota","46","2005","2005","Male","M",88,39599,222.2
,"55-64 years","55-64","South Dakota","46","2006","2006","Female","F",34,40899,83.1
,"55-64 years","55-64","South Dakota","46","2006","2006","Male","M",106,41668,254.4
,"55-64 years","55-64","South Dakota","46","2007","2007","Female","F",24,43095,55.7
,"55-64 years","55-64","South Dakota","46","2007","2007","Male","M",84,43995,190.9
,"55-64 years","55-64","South Dakota","46","2008","2008","Female","F",25,44845,55.7
,"55-64 years","55-64","South Dakota","46","2008","2008","Male","M",96,46006,208.7
,"55-64 years","55-64","South Dakota","46","2009","2009","Female","F",31,46663,66.4
,"55-64 years","55-64","South Dakota","46","2009","2009","Male","M",103,47949,214.8
,"55-64 years","55-64","South Dakota","46","2010","2010","Female","F",35,48259,72.5
,"55-64 years","55-64","South Dakota","46","2010","2010","Male","M",117,49545,236.1
,"55-64 years","55-64","South Dakota","46","2011","2011","Female","F",28,51021,54.9
,"55-64 years","55-64","South Dakota","46","2011","2011","Male","M",96,52294,183.6
,"55-64 years","55-64","South Dakota","46","2012","2012","Female","F",33,52809,62.5
,"55-64 years","55-64","South Dakota","46","2012","2012","Male","M",100,53695,186.2
,"55-64 years","55-64","South Dakota","46","2013","2013","Female","F",36,54481,66.1
,"55-64 years","55-64","South Dakota","46","2013","2013","Male","M",101,55175,183.1
,"55-64 years","55-64","South Dakota","46","2014","2014","Female","F",35,55701,62.8
,"55-64 years","55-64","South Dakota","46","2014","2014","Male","M",124,56094,221.1
,"55-64 years","55-64","South Dakota","46","2015","2015","Female","F",27,57113,47.3
,"55-64 years","55-64","South Dakota","46","2015","2015","Male","M",105,57153,183.7
,"55-64 years","55-64","South Dakota","46","2016","2016","Female","F",35,57881,60.5
,"55-64 years","55-64","South Dakota","46","2016","2016","Male","M",107,57823,185.0
,"55-64 years","55-64","South Dakota","46","2017","2017","Female","F",43,58251,73.8
,"55-64 years","55-64","South Dakota","46","2017","2017","Male","M",104,57999,179.3
,"55-64 years","55-64","South Dakota","46","2018","2018","Female","F",41,58983,69.5
,"55-64 years","55-64","South Dakota","46","2018","2018","Male","M",113,58278,193.9
,"55-64 years","55-64","South Dakota","46","2019","2019","Female","F",37,59013,62.7
,"55-64 years","55-64","South Dakota","46","2019","2019","Male","M",126,58485,215.4
,"55-64 years","55-64","South Dakota","46","2020","2020","Female","F",30,58826,51.0
,"55-64 years","55-64","South Dakota","46","2020","2020","Male","M",110,58075,189.4
,"55-64 years","55-64","Tennessee","47","1999","1999","Female","F",370,272916,135.6
,"55-64 years","55-64","Tennessee","47","1999","1999","Male","M",962,250764,383.6
,"55-64 years","55-64","Tennessee","47","2000","2000","Female","F",442,277450,159.3
,"55-64 years","55-64","Tennessee","47","2000","2000","Male","M",985,255801,385.1
,"55-64 years","55-64","Tennessee","47","2001","2001","Female","F",394,284889,138.3
,"55-64 years","55-64","Tennessee","47","2001","2001","Male","M",958,263636,363.4
,"55-64 years","55-64","Tennessee","47","2002","2002","Female","F",430,302228,142.3
,"55-64 years","55-64","Tennessee","47","2002","2002","Male","M",985,281358,350.1
,"55-64 years","55-64","Tennessee","47","2003","2003","Female","F",429,316011,135.8
,"55-64 years","55-64","Tennessee","47","2003","2003","Male","M",1030,295322,348.8
,"55-64 years","55-64","Tennessee","47","2004","2004","Female","F",424,330003,128.5
,"55-64 years","55-64","Tennessee","47","2004","2004","Male","M",943,308185,306.0
,"55-64 years","55-64","Tennessee","47","2005","2005","Female","F",429,343950,124.7
,"55-64 years","55-64","Tennessee","47","2005","2005","Male","M",946,321581,294.2
,"55-64 years","55-64","Tennessee","47","2006","2006","Female","F",416,358955,115.9
,"55-64 years","55-64","Tennessee","47","2006","2006","Male","M",1072,335870,319.2
,"55-64 years","55-64","Tennessee","47","2007","2007","Female","F",406,372675,108.9
,"55-64 years","55-64","Tennessee","47","2007","2007","Male","M",1007,347067,290.1
,"55-64 years","55-64","Tennessee","47","2008","2008","Female","F",436,384533,113.4
,"55-64 years","55-64","Tennessee","47","2008","2008","Male","M",994,356522,278.8
,"55-64 years","55-64","Tennessee","47","2009","2009","Female","F",428,397731,107.6
,"55-64 years","55-64","Tennessee","47","2009","2009","Male","M",1038,367445,282.5
,"55-64 years","55-64","Tennessee","47","2010","2010","Female","F",440,409070,107.6
,"55-64 years","55-64","Tennessee","47","2010","2010","Male","M",1045,376645,277.4
,"55-64 years","55-64","Tennessee","47","2011","2011","Female","F",439,426329,103.0
,"55-64 years","55-64","Tennessee","47","2011","2011","Male","M",1064,390788,272.3
,"55-64 years","55-64","Tennessee","47","2012","2012","Female","F",490,430177,113.9
,"55-64 years","55-64","Tennessee","47","2012","2012","Male","M",1075,392459,273.9
,"55-64 years","55-64","Tennessee","47","2013","2013","Female","F",468,435862,107.4
,"55-64 years","55-64","Tennessee","47","2013","2013","Male","M",1101,396342,277.8
,"55-64 years","55-64","Tennessee","47","2014","2014","Female","F",498,441449,112.8
,"55-64 years","55-64","Tennessee","47","2014","2014","Male","M",1132,400817,282.4
,"55-64 years","55-64","Tennessee","47","2015","2015","Female","F",532,448348,118.7
,"55-64 years","55-64","Tennessee","47","2015","2015","Male","M",1160,406835,285.1
,"55-64 years","55-64","Tennessee","47","2016","2016","Female","F",488,454578,107.4
,"55-64 years","55-64","Tennessee","47","2016","2016","Male","M",1161,412145,281.7
,"55-64 years","55-64","Tennessee","47","2017","2017","Female","F",514,459699,111.8
,"55-64 years","55-64","Tennessee","47","2017","2017","Male","M",1147,417349,274.8
,"55-64 years","55-64","Tennessee","47","2018","2018","Female","F",520,463968,112.1
,"55-64 years","55-64","Tennessee","47","2018","2018","Male","M",1155,422206,273.6
,"55-64 years","55-64","Tennessee","47","2019","2019","Female","F",525,468458,112.1
,"55-64 years","55-64","Tennessee","47","2019","2019","Male","M",1255,426239,294.4
,"55-64 years","55-64","Tennessee","47","2020","2020","Female","F",535,471148,113.6
,"55-64 years","55-64","Tennessee","47","2020","2020","Male","M",1282,429444,298.5
,"55-64 years","55-64","Texas","48","1999","1999","Female","F",951,806619,117.9
,"55-64 years","55-64","Texas","48","1999","1999","Male","M",2380,750046,317.3
,"55-64 years","55-64","Texas","48","2000","2000","Female","F",1048,827390,126.7
,"55-64 years","55-64","Texas","48","2000","2000","Male","M",2442,770800,316.8
,"55-64 years","55-64","Texas","48","2001","2001","Female","F",1032,860674,119.9
,"55-64 years","55-64","Texas","48","2001","2001","Male","M",2398,805088,297.9
,"55-64 years","55-64","Texas","48","2002","2002","Female","F",1008,917972,109.8
,"55-64 years","55-64","Texas","48","2002","2002","Male","M",2381,861684,276.3
,"55-64 years","55-64","Texas","48","2003","2003","Female","F",948,967532,98.0
,"55-64 years","55-64","Texas","48","2003","2003","Male","M",2369,909768,260.4
,"55-64 years","55-64","Texas","48","2004","2004","Female","F",995,1018683,97.7
,"55-64 years","55-64","Texas","48","2004","2004","Male","M",2417,958360,252.2
,"55-64 years","55-64","Texas","48","2005","2005","Female","F",1011,1074020,94.1
,"55-64 years","55-64","Texas","48","2005","2005","Male","M",2422,1008906,240.1
,"55-64 years","55-64","Texas","48","2006","2006","Female","F",1029,1133137,90.8
,"55-64 years","55-64","Texas","48","2006","2006","Male","M",2458,1063550,231.1
,"55-64 years","55-64","Texas","48","2007","2007","Female","F",1037,1186806,87.4
,"55-64 years","55-64","Texas","48","2007","2007","Male","M",2556,1113324,229.6
,"55-64 years","55-64","Texas","48","2008","2008","Female","F",1009,1239137,81.4
,"55-64 years","55-64","Texas","48","2008","2008","Male","M",2538,1160753,218.7
,"55-64 years","55-64","Texas","48","2009","2009","Female","F",1039,1295260,80.2
,"55-64 years","55-64","Texas","48","2009","2009","Male","M",2601,1212892,214.4
,"55-64 years","55-64","Texas","48","2010","2010","Female","F",987,1340596,73.6
,"55-64 years","55-64","Texas","48","2010","2010","Male","M",2622,1257095,208.6
,"55-64 years","55-64","Texas","48","2011","2011","Female","F",1070,1411545,75.8
,"55-64 years","55-64","Texas","48","2011","2011","Male","M",2648,1323218,200.1
,"55-64 years","55-64","Texas","48","2012","2012","Female","F",1025,1445863,70.9
,"55-64 years","55-64","Texas","48","2012","2012","Male","M",2708,1354552,199.9
,"55-64 years","55-64","Texas","48","2013","2013","Female","F",1070,1483260,72.1
,"55-64 years","55-64","Texas","48","2013","2013","Male","M",2744,1391635,197.2
,"55-64 years","55-64","Texas","48","2014","2014","Female","F",1116,1527762,73.0
,"55-64 years","55-64","Texas","48","2014","2014","Male","M",2778,1434534,193.7
,"55-64 years","55-64","Texas","48","2015","2015","Female","F",1126,1572643,71.6
,"55-64 years","55-64","Texas","48","2015","2015","Male","M",2911,1478988,196.8
,"55-64 years","55-64","Texas","48","2016","2016","Female","F",1173,1605513,73.1
,"55-64 years","55-64","Texas","48","2016","2016","Male","M",2949,1510506,195.2
,"55-64 years","55-64","Texas","48","2017","2017","Female","F",1218,1639775,74.3
,"55-64 years","55-64","Texas","48","2017","2017","Male","M",3093,1544989,200.2
,"55-64 years","55-64","Texas","48","2018","2018","Female","F",1160,1664266,69.7
,"55-64 years","55-64","Texas","48","2018","2018","Male","M",3184,1570024,202.8
,"55-64 years","55-64","Texas","48","2019","2019","Female","F",1190,1683677,70.7
,"55-64 years","55-64","Texas","48","2019","2019","Male","M",2931,1591565,184.2
,"55-64 years","55-64","Texas","48","2020","2020","Female","F",1208,1694684,71.3
,"55-64 years","55-64","Texas","48","2020","2020","Male","M",3233,1604040,201.6
,"55-64 years","55-64","Utah","49","1999","1999","Female","F",32,71524,44.7
,"55-64 years","55-64","Utah","49","1999","1999","Male","M",105,68062,154.3
,"55-64 years","55-64","Utah","49","2000","2000","Female","F",43,72988,58.9
,"55-64 years","55-64","Utah","49","2000","2000","Male","M",126,69520,181.2
,"55-64 years","55-64","Utah","49","2001","2001","Female","F",37,75960,48.7
,"55-64 years","55-64","Utah","49","2001","2001","Male","M",136,72891,186.6
,"55-64 years","55-64","Utah","49","2002","2002","Female","F",43,81198,53.0
,"55-64 years","55-64","Utah","49","2002","2002","Male","M",97,77902,124.5
,"55-64 years","55-64","Utah","49","2003","2003","Female","F",41,85629,47.9
,"55-64 years","55-64","Utah","49","2003","2003","Male","M",126,82436,152.8
,"55-64 years","55-64","Utah","49","2004","2004","Female","F",34,90443,37.6
,"55-64 years","55-64","Utah","49","2004","2004","Male","M",135,87135,154.9
,"55-64 years","55-64","Utah","49","2005","2005","Female","F",48,96072,50.0
,"55-64 years","55-64","Utah","49","2005","2005","Male","M",128,92803,137.9
,"55-64 years","55-64","Utah","49","2006","2006","Female","F",36,102018,35.3
,"55-64 years","55-64","Utah","49","2006","2006","Male","M",136,98654,137.9
,"55-64 years","55-64","Utah","49","2007","2007","Female","F",41,107518,38.1
,"55-64 years","55-64","Utah","49","2007","2007","Male","M",153,103708,147.5
,"55-64 years","55-64","Utah","49","2008","2008","Female","F",20,112471,17.8
,"55-64 years","55-64","Utah","49","2008","2008","Male","M",142,108595,130.8
,"55-64 years","55-64","Utah","49","2009","2009","Female","F",48,117473,40.9
,"55-64 years","55-64","Utah","49","2009","2009","Male","M",132,113730,116.1
,"55-64 years","55-64","Utah","49","2010","2010","Female","F",35,121988,28.7
,"55-64 years","55-64","Utah","49","2010","2010","Male","M",128,118253,108.2
,"55-64 years","55-64","Utah","49","2011","2011","Female","F",34,129024,26.4
,"55-64 years","55-64","Utah","49","2011","2011","Male","M",162,125006,129.6
,"55-64 years","55-64","Utah","49","2012","2012","Female","F",37,132569,27.9
,"55-64 years","55-64","Utah","49","2012","2012","Male","M",150,128806,116.5
,"55-64 years","55-64","Utah","49","2013","2013","Female","F",42,136913,30.7
,"55-64 years","55-64","Utah","49","2013","2013","Male","M",154,132676,116.1
,"55-64 years","55-64","Utah","49","2014","2014","Female","F",48,140596,34.1
,"55-64 years","55-64","Utah","49","2014","2014","Male","M",139,135973,102.2
,"55-64 years","55-64","Utah","49","2015","2015","Female","F",53,144773,36.6
,"55-64 years","55-64","Utah","49","2015","2015","Male","M",150,139660,107.4
,"55-64 years","55-64","Utah","49","2016","2016","Female","F",56,148188,37.8
,"55-64 years","55-64","Utah","49","2016","2016","Male","M",154,142971,107.7
,"55-64 years","55-64","Utah","49","2017","2017","Female","F",48,151020,31.8
,"55-64 years","55-64","Utah","49","2017","2017","Male","M",197,145379,135.5
,"55-64 years","55-64","Utah","49","2018","2018","Female","F",56,152873,36.6
,"55-64 years","55-64","Utah","49","2018","2018","Male","M",123,147287,83.5
,"55-64 years","55-64","Utah","49","2019","2019","Female","F",38,154550,24.6
,"55-64 years","55-64","Utah","49","2019","2019","Male","M",167,148584,112.4
,"55-64 years","55-64","Utah","49","2020","2020","Female","F",52,154718,33.6
,"55-64 years","55-64","Utah","49","2020","2020","Male","M",170,149376,113.8
,"55-64 years","55-64","Vermont","50","1999","1999","Female","F",13,27803,Unreliable
,"55-64 years","55-64","Vermont","50","1999","1999","Male","M",67,27251,245.9
,"55-64 years","55-64","Vermont","50","2000","2000","Female","F",25,28737,87.0
,"55-64 years","55-64","Vermont","50","2000","2000","Male","M",57,28183,202.2
,"55-64 years","55-64","Vermont","50","2001","2001","Female","F",15,29922,Unreliable
,"55-64 years","55-64","Vermont","50","2001","2001","Male","M",55,29333,187.5
,"55-64 years","55-64","Vermont","50","2002","2002","Female","F",21,32058,65.5
,"55-64 years","55-64","Vermont","50","2002","2002","Male","M",61,31584,193.1
,"55-64 years","55-64","Vermont","50","2003","2003","Female","F",17,33872,Unreliable
,"55-64 years","55-64","Vermont","50","2003","2003","Male","M",73,33566,217.5
,"55-64 years","55-64","Vermont","50","2004","2004","Female","F",17,35870,Unreliable
,"55-64 years","55-64","Vermont","50","2004","2004","Male","M",56,35574,157.4
,"55-64 years","55-64","Vermont","50","2005","2005","Female","F",20,37515,53.3
,"55-64 years","55-64","Vermont","50","2005","2005","Male","M",58,37402,155.1
,"55-64 years","55-64","Vermont","50","2006","2006","Female","F",19,39325,Unreliable
,"55-64 years","55-64","Vermont","50","2006","2006","Male","M",68,39109,173.9
,"55-64 years","55-64","Vermont","50","2007","2007","Female","F",22,41105,53.5
,"55-64 years","55-64","Vermont","50","2007","2007","Male","M",66,40656,162.3
,"55-64 years","55-64","Vermont","50","2008","2008","Female","F",25,42594,58.7
,"55-64 years","55-64","Vermont","50","2008","2008","Male","M",72,41833,172.1
,"55-64 years","55-64","Vermont","50","2009","2009","Female","F",24,44166,54.3
,"55-64 years","55-64","Vermont","50","2009","2009","Male","M",62,43258,143.3
,"55-64 years","55-64","Vermont","50","2010","2010","Female","F",14,45459,Unreliable
,"55-64 years","55-64","Vermont","50","2010","2010","Male","M",70,44514,157.3
,"55-64 years","55-64","Vermont","50","2011","2011","Female","F",14,47262,Unreliable
,"55-64 years","55-64","Vermont","50","2011","2011","Male","M",92,46269,198.8
,"55-64 years","55-64","Vermont","50","2012","2012","Female","F",15,47828,Unreliable
,"55-64 years","55-64","Vermont","50","2012","2012","Male","M",60,46539,128.9
,"55-64 years","55-64","Vermont","50","2013","2013","Female","F",15,48527,Unreliable
,"55-64 years","55-64","Vermont","50","2013","2013","Male","M",66,46730,141.2
,"55-64 years","55-64","Vermont","50","2014","2014","Female","F",27,49102,55.0
,"55-64 years","55-64","Vermont","50","2014","2014","Male","M",81,47122,171.9
,"55-64 years","55-64","Vermont","50","2015","2015","Female","F",25,49385,50.6
,"55-64 years","55-64","Vermont","50","2015","2015","Male","M",91,47360,192.1
,"55-64 years","55-64","Vermont","50","2016","2016","Female","F",21,49482,42.4
,"55-64 years","55-64","Vermont","50","2016","2016","Male","M",94,47409,198.3
,"55-64 years","55-64","Vermont","50","2017","2017","Female","F",26,49594,52.4
,"55-64 years","55-64","Vermont","50","2017","2017","Male","M",87,47235,184.2
,"55-64 years","55-64","Vermont","50","2018","2018","Female","F",25,49499,50.5
,"55-64 years","55-64","Vermont","50","2018","2018","Male","M",94,46990,200.0
,"55-64 years","55-64","Vermont","50","2019","2019","Female","F",30,48971,61.3
,"55-64 years","55-64","Vermont","50","2019","2019","Male","M",88,46408,189.6
,"55-64 years","55-64","Vermont","50","2020","2020","Female","F",39,48215,80.9
,"55-64 years","55-64","Vermont","50","2020","2020","Male","M",116,45476,255.1
,"55-64 years","55-64","Virginia","51","1999","1999","Female","F",302,317349,95.2
,"55-64 years","55-64","Virginia","51","1999","1999","Male","M",787,297502,264.5
,"55-64 years","55-64","Virginia","51","2000","2000","Female","F",323,325754,99.2
,"55-64 years","55-64","Virginia","51","2000","2000","Male","M",816,305857,266.8
,"55-64 years","55-64","Virginia","51","2001","2001","Female","F",308,339149,90.8
,"55-64 years","55-64","Virginia","51","2001","2001","Male","M",801,318881,251.2
,"55-64 years","55-64","Virginia","51","2002","2002","Female","F",307,363845,84.4
,"55-64 years","55-64","Virginia","51","2002","2002","Male","M",784,342072,229.2
,"55-64 years","55-64","Virginia","51","2003","2003","Female","F",288,383715,75.1
,"55-64 years","55-64","Virginia","51","2003","2003","Male","M",798,360265,221.5
,"55-64 years","55-64","Virginia","51","2004","2004","Female","F",299,403925,74.0
,"55-64 years","55-64","Virginia","51","2004","2004","Male","M",784,378392,207.2
,"55-64 years","55-64","Virginia","51","2005","2005","Female","F",322,421519,76.4
,"55-64 years","55-64","Virginia","51","2005","2005","Male","M",801,394007,203.3
,"55-64 years","55-64","Virginia","51","2006","2006","Female","F",301,437843,68.7
,"55-64 years","55-64","Virginia","51","2006","2006","Male","M",824,408287,201.8
,"55-64 years","55-64","Virginia","51","2007","2007","Female","F",266,452625,58.8
,"55-64 years","55-64","Virginia","51","2007","2007","Male","M",794,421361,188.4
,"55-64 years","55-64","Virginia","51","2008","2008","Female","F",295,465012,63.4
,"55-64 years","55-64","Virginia","51","2008","2008","Male","M",798,431700,184.9
,"55-64 years","55-64","Virginia","51","2009","2009","Female","F",303,481695,62.9
,"55-64 years","55-64","Virginia","51","2009","2009","Male","M",771,446545,172.7
,"55-64 years","55-64","Virginia","51","2010","2010","Female","F",300,496060,60.5
,"55-64 years","55-64","Virginia","51","2010","2010","Male","M",787,458904,171.5
,"55-64 years","55-64","Virginia","51","2011","2011","Female","F",294,517778,56.8
,"55-64 years","55-64","Virginia","51","2011","2011","Male","M",762,477520,159.6
,"55-64 years","55-64","Virginia","51","2012","2012","Female","F",279,523767,53.3
,"55-64 years","55-64","Virginia","51","2012","2012","Male","M",764,482681,158.3
,"55-64 years","55-64","Virginia","51","2013","2013","Female","F",322,532097,60.5
,"55-64 years","55-64","Virginia","51","2013","2013","Male","M",756,490825,154.0
,"55-64 years","55-64","Virginia","51","2014","2014","Female","F",336,541278,62.1
,"55-64 years","55-64","Virginia","51","2014","2014","Male","M",768,499146,153.9
,"55-64 years","55-64","Virginia","51","2015","2015","Female","F",313,551721,56.7
,"55-64 years","55-64","Virginia","51","2015","2015","Male","M",813,509216,159.7
,"55-64 years","55-64","Virginia","51","2016","2016","Female","F",346,560928,61.7
,"55-64 years","55-64","Virginia","51","2016","2016","Male","M",805,519437,155.0
,"55-64 years","55-64","Virginia","51","2017","2017","Female","F",346,568692,60.8
,"55-64 years","55-64","Virginia","51","2017","2017","Male","M",786,527784,148.9
,"55-64 years","55-64","Virginia","51","2018","2018","Female","F",337,574287,58.7
,"55-64 years","55-64","Virginia","51","2018","2018","Male","M",796,532585,149.5
,"55-64 years","55-64","Virginia","51","2019","2019","Female","F",326,577784,56.4
,"55-64 years","55-64","Virginia","51","2019","2019","Male","M",783,536633,145.9
,"55-64 years","55-64","Virginia","51","2020","2020","Female","F",370,579046,63.9
,"55-64 years","55-64","Virginia","51","2020","2020","Male","M",917,537785,170.5
,"55-64 years","55-64","Washington","53","1999","1999","Female","F",196,243311,80.6
,"55-64 years","55-64","Washington","53","1999","1999","Male","M",568,239401,237.3
,"55-64 years","55-64","Washington","53","2000","2000","Female","F",201,250060,80.4
,"55-64 years","55-64","Washington","53","2000","2000","Male","M",576,246520,233.7
,"55-64 years","55-64","Washington","53","2001","2001","Female","F",194,262650,73.9
,"55-64 years","55-64","Washington","53","2001","2001","Male","M",588,258680,227.3
,"55-64 years","55-64","Washington","53","2002","2002","Female","F",214,284587,75.2
,"55-64 years","55-64","Washington","53","2002","2002","Male","M",626,280030,223.5
,"55-64 years","55-64","Washington","53","2003","2003","Female","F",203,302771,67.0
,"55-64 years","55-64","Washington","53","2003","2003","Male","M",637,296536,214.8
,"55-64 years","55-64","Washington","53","2004","2004","Female","F",192,322235,59.6
,"55-64 years","55-64","Washington","53","2004","2004","Male","M",603,314732,191.6
,"55-64 years","55-64","Washington","53","2005","2005","Female","F",177,342119,51.7
,"55-64 years","55-64","Washington","53","2005","2005","Male","M",655,333128,196.6
,"55-64 years","55-64","Washington","53","2006","2006","Female","F",197,362597,54.3
,"55-64 years","55-64","Washington","53","2006","2006","Male","M",545,350672,155.4
,"55-64 years","55-64","Washington","53","2007","2007","Female","F",194,380899,50.9
,"55-64 years","55-64","Washington","53","2007","2007","Male","M",598,366699,163.1
,"55-64 years","55-64","Washington","53","2008","2008","Female","F",242,397035,61.0
,"55-64 years","55-64","Washington","53","2008","2008","Male","M",670,380160,176.2
,"55-64 years","55-64","Washington","53","2009","2009","Female","F",213,414057,51.4
,"55-64 years","55-64","Washington","53","2009","2009","Male","M",580,395162,146.8
,"55-64 years","55-64","Washington","53","2010","2010","Female","F",171,427466,40.0
,"55-64 years","55-64","Washington","53","2010","2010","Male","M",676,407699,165.8
,"55-64 years","55-64","Washington","53","2011","2011","Female","F",192,446751,43.0
,"55-64 years","55-64","Washington","53","2011","2011","Male","M",611,425689,143.5
,"55-64 years","55-64","Washington","53","2012","2012","Female","F",202,453186,44.6
,"55-64 years","55-64","Washington","53","2012","2012","Male","M",605,431400,140.2
,"55-64 years","55-64","Washington","53","2013","2013","Female","F",197,459563,42.9
,"55-64 years","55-64","Washington","53","2013","2013","Male","M",665,437781,151.9
,"55-64 years","55-64","Washington","53","2014","2014","Female","F",218,466858,46.7
,"55-64 years","55-64","Washington","53","2014","2014","Male","M",671,444993,150.8
,"55-64 years","55-64","Washington","53","2015","2015","Female","F",204,475682,42.9
,"55-64 years","55-64","Washington","53","2015","2015","Male","M",589,453189,130.0
,"55-64 years","55-64","Washington","53","2016","2016","Female","F",199,484130,41.1
,"55-64 years","55-64","Washington","53","2016","2016","Male","M",607,461640,131.5
,"55-64 years","55-64","Washington","53","2017","2017","Female","F",236,489547,48.2
,"55-64 years","55-64","Washington","53","2017","2017","Male","M",662,467346,141.7
,"55-64 years","55-64","Washington","53","2018","2018","Female","F",193,491468,39.3
,"55-64 years","55-64","Washington","53","2018","2018","Male","M",704,469403,150.0
,"55-64 years","55-64","Washington","53","2019","2019","Female","F",205,489966,41.8
,"55-64 years","55-64","Washington","53","2019","2019","Male","M",659,469642,140.3
,"55-64 years","55-64","Washington","53","2020","2020","Female","F",233,486573,47.9
,"55-64 years","55-64","Washington","53","2020","2020","Male","M",705,467568,150.8
,"55-64 years","55-64","West Virginia","54","1999","1999","Female","F",144,94323,152.7
,"55-64 years","55-64","West Virginia","54","1999","1999","Male","M",322,88635,363.3
,"55-64 years","55-64","West Virginia","54","2000","2000","Female","F",137,95027,144.2
,"55-64 years","55-64","West Virginia","54","2000","2000","Male","M",340,89789,378.7
,"55-64 years","55-64","West Virginia","54","2001","2001","Female","F",149,96293,154.7
,"55-64 years","55-64","West Virginia","54","2001","2001","Male","M",304,91840,331.0
,"55-64 years","55-64","West Virginia","54","2002","2002","Female","F",112,101275,110.6
,"55-64 years","55-64","West Virginia","54","2002","2002","Male","M",288,97599,295.1
,"55-64 years","55-64","West Virginia","54","2003","2003","Female","F",152,105389,144.2
,"55-64 years","55-64","West Virginia","54","2003","2003","Male","M",326,102027,319.5
,"55-64 years","55-64","West Virginia","54","2004","2004","Female","F",120,109713,109.4
,"55-64 years","55-64","West Virginia","54","2004","2004","Male","M",246,106765,230.4
,"55-64 years","55-64","West Virginia","54","2005","2005","Female","F",132,114060,115.7
,"55-64 years","55-64","West Virginia","54","2005","2005","Male","M",318,111564,285.0
,"55-64 years","55-64","West Virginia","54","2006","2006","Female","F",104,118755,87.6
,"55-64 years","55-64","West Virginia","54","2006","2006","Male","M",283,116149,243.7
,"55-64 years","55-64","West Virginia","54","2007","2007","Female","F",110,122963,89.5
,"55-64 years","55-64","West Virginia","54","2007","2007","Male","M",285,120119,237.3
,"55-64 years","55-64","West Virginia","54","2008","2008","Female","F",123,126466,97.3
,"55-64 years","55-64","West Virginia","54","2008","2008","Male","M",286,123431,231.7
,"55-64 years","55-64","West Virginia","54","2009","2009","Female","F",111,130524,85.0
,"55-64 years","55-64","West Virginia","54","2009","2009","Male","M",283,127413,222.1
,"55-64 years","55-64","West Virginia","54","2010","2010","Female","F",112,134198,83.5
,"55-64 years","55-64","West Virginia","54","2010","2010","Male","M",284,130627,217.4
,"55-64 years","55-64","West Virginia","54","2011","2011","Female","F",114,138523,82.3
,"55-64 years","55-64","West Virginia","54","2011","2011","Male","M",295,134218,219.8
,"55-64 years","55-64","West Virginia","54","2012","2012","Female","F",121,138305,87.5
,"55-64 years","55-64","West Virginia","54","2012","2012","Male","M",276,133420,206.9
,"55-64 years","55-64","West Virginia","54","2013","2013","Female","F",117,138717,84.3
,"55-64 years","55-64","West Virginia","54","2013","2013","Male","M",254,133213,190.7
,"55-64 years","55-64","West Virginia","54","2014","2014","Female","F",134,138255,96.9
,"55-64 years","55-64","West Virginia","54","2014","2014","Male","M",297,132237,224.6
,"55-64 years","55-64","West Virginia","54","2015","2015","Female","F",126,137676,91.5
,"55-64 years","55-64","West Virginia","54","2015","2015","Male","M",256,131246,195.1
,"55-64 years","55-64","West Virginia","54","2016","2016","Female","F",140,136361,102.7
,"55-64 years","55-64","West Virginia","54","2016","2016","Male","M",313,129545,241.6
,"55-64 years","55-64","West Virginia","54","2017","2017","Female","F",149,134627,110.7
,"55-64 years","55-64","West Virginia","54","2017","2017","Male","M",284,127473,222.8
,"55-64 years","55-64","West Virginia","54","2018","2018","Female","F",126,132734,94.9
,"55-64 years","55-64","West Virginia","54","2018","2018","Male","M",347,125636,276.2
,"55-64 years","55-64","West Virginia","54","2019","2019","Female","F",135,131071,103.0
,"55-64 years","55-64","West Virginia","54","2019","2019","Male","M",286,123655,231.3
,"55-64 years","55-64","West Virginia","54","2020","2020","Female","F",143,128699,111.1
,"55-64 years","55-64","West Virginia","54","2020","2020","Male","M",317,121593,260.7
,"55-64 years","55-64","Wisconsin","55","1999","1999","Female","F",187,230025,81.3
,"55-64 years","55-64","Wisconsin","55","1999","1999","Male","M",572,220229,259.7
,"55-64 years","55-64","Wisconsin","55","2000","2000","Female","F",229,233798,97.9
,"55-64 years","55-64","Wisconsin","55","2000","2000","Male","M",537,223943,239.8
,"55-64 years","55-64","Wisconsin","55","2001","2001","Female","F",199,240047,82.9
,"55-64 years","55-64","Wisconsin","55","2001","2001","Male","M",571,231407,246.8
,"55-64 years","55-64","Wisconsin","55","2002","2002","Female","F",183,253885,72.1
,"55-64 years","55-64","Wisconsin","55","2002","2002","Male","M",563,245992,228.9
,"55-64 years","55-64","Wisconsin","55","2003","2003","Female","F",171,265425,64.4
,"55-64 years","55-64","Wisconsin","55","2003","2003","Male","M",558,257751,216.5
,"55-64 years","55-64","Wisconsin","55","2004","2004","Female","F",155,277354,55.9
,"55-64 years","55-64","Wisconsin","55","2004","2004","Male","M",527,270793,194.6
,"55-64 years","55-64","Wisconsin","55","2005","2005","Female","F",194,290387,66.8
,"55-64 years","55-64","Wisconsin","55","2005","2005","Male","M",547,284340,192.4
,"55-64 years","55-64","Wisconsin","55","2006","2006","Female","F",162,302884,53.5
,"55-64 years","55-64","Wisconsin","55","2006","2006","Male","M",529,298339,177.3
,"55-64 years","55-64","Wisconsin","55","2007","2007","Female","F",179,315661,56.7
,"55-64 years","55-64","Wisconsin","55","2007","2007","Male","M",592,312182,189.6
,"55-64 years","55-64","Wisconsin","55","2008","2008","Female","F",202,326185,61.9
,"55-64 years","55-64","Wisconsin","55","2008","2008","Male","M",588,323790,181.6
,"55-64 years","55-64","Wisconsin","55","2009","2009","Female","F",186,339623,54.8
,"55-64 years","55-64","Wisconsin","55","2009","2009","Male","M",591,337476,175.1
,"55-64 years","55-64","Wisconsin","55","2010","2010","Female","F",159,351103,45.3
,"55-64 years","55-64","Wisconsin","55","2010","2010","Male","M",614,348708,176.1
,"55-64 years","55-64","Wisconsin","55","2011","2011","Female","F",208,367782,56.6
,"55-64 years","55-64","Wisconsin","55","2011","2011","Male","M",619,365154,169.5
,"55-64 years","55-64","Wisconsin","55","2012","2012","Female","F",213,374518,56.9
,"55-64 years","55-64","Wisconsin","55","2012","2012","Male","M",670,371285,180.5
,"55-64 years","55-64","Wisconsin","55","2013","2013","Female","F",185,384633,48.1
,"55-64 years","55-64","Wisconsin","55","2013","2013","Male","M",658,380812,172.8
,"55-64 years","55-64","Wisconsin","55","2014","2014","Female","F",192,392625,48.9
,"55-64 years","55-64","Wisconsin","55","2014","2014","Male","M",639,387746,164.8
,"55-64 years","55-64","Wisconsin","55","2015","2015","Female","F",197,400230,49.2
,"55-64 years","55-64","Wisconsin","55","2015","2015","Male","M",626,394703,158.6
,"55-64 years","55-64","Wisconsin","55","2016","2016","Female","F",223,406838,54.8
,"55-64 years","55-64","Wisconsin","55","2016","2016","Male","M",650,399430,162.7
,"55-64 years","55-64","Wisconsin","55","2017","2017","Female","F",213,412006,51.7
,"55-64 years","55-64","Wisconsin","55","2017","2017","Male","M",652,403332,161.7
,"55-64 years","55-64","Wisconsin","55","2018","2018","Female","F",223,415069,53.7
,"55-64 years","55-64","Wisconsin","55","2018","2018","Male","M",637,405508,157.1
,"55-64 years","55-64","Wisconsin","55","2019","2019","Female","F",220,416577,52.8
,"55-64 years","55-64","Wisconsin","55","2019","2019","Male","M",647,406441,159.2
,"55-64 years","55-64","Wisconsin","55","2020","2020","Female","F",227,415324,54.7
,"55-64 years","55-64","Wisconsin","55","2020","2020","Male","M",726,404529,179.5
,"55-64 years","55-64","Wyoming","56","1999","1999","Female","F",16,21368,Unreliable
,"55-64 years","55-64","Wyoming","56","1999","1999","Male","M",54,21868,246.9
,"55-64 years","55-64","Wyoming","56","2000","2000","Female","F",18,22008,Unreliable
,"55-64 years","55-64","Wyoming","56","2000","2000","Male","M",58,22582,256.8
,"55-64 years","55-64","Wyoming","56","2001","2001","Female","F",15,22527,Unreliable
,"55-64 years","55-64","Wyoming","56","2001","2001","Male","M",58,23494,246.9
,"55-64 years","55-64","Wyoming","56","2002","2002","Female","F",12,24106,Unreliable
,"55-64 years","55-64","Wyoming","56","2002","2002","Male","M",56,25302,221.3
,"55-64 years","55-64","Wyoming","56","2003","2003","Female","F",Suppressed,25404,Suppressed
,"55-64 years","55-64","Wyoming","56","2003","2003","Male","M",69,26913,256.4
,"55-64 years","55-64","Wyoming","56","2004","2004","Female","F",25,26688,93.7
,"55-64 years","55-64","Wyoming","56","2004","2004","Male","M",48,28358,169.3
,"55-64 years","55-64","Wyoming","56","2005","2005","Female","F",21,28130,74.7
,"55-64 years","55-64","Wyoming","56","2005","2005","Male","M",55,29995,183.4
,"55-64 years","55-64","Wyoming","56","2006","2006","Female","F",20,29782,67.2
,"55-64 years","55-64","Wyoming","56","2006","2006","Male","M",49,31672,154.7
,"55-64 years","55-64","Wyoming","56","2007","2007","Female","F",23,31267,73.6
,"55-64 years","55-64","Wyoming","56","2007","2007","Male","M",66,33393,197.6
,"55-64 years","55-64","Wyoming","56","2008","2008","Female","F",20,32760,61.1
,"55-64 years","55-64","Wyoming","56","2008","2008","Male","M",62,34906,177.6
,"55-64 years","55-64","Wyoming","56","2009","2009","Female","F",10,34430,Unreliable
,"55-64 years","55-64","Wyoming","56","2009","2009","Male","M",68,36568,186.0
,"55-64 years","55-64","Wyoming","56","2010","2010","Female","F",14,35707,Unreliable
,"55-64 years","55-64","Wyoming","56","2010","2010","Male","M",62,37806,164.0
,"55-64 years","55-64","Wyoming","56","2011","2011","Female","F",20,37552,53.3
,"55-64 years","55-64","Wyoming","56","2011","2011","Male","M",63,39568,159.2
,"55-64 years","55-64","Wyoming","56","2012","2012","Female","F",20,38594,51.8
,"55-64 years","55-64","Wyoming","56","2012","2012","Male","M",63,40345,156.2
,"55-64 years","55-64","Wyoming","56","2013","2013","Female","F",18,39514,Unreliable
,"55-64 years","55-64","Wyoming","56","2013","2013","Male","M",65,40897,158.9
,"55-64 years","55-64","Wyoming","56","2014","2014","Female","F",22,39821,55.2
,"55-64 years","55-64","Wyoming","56","2014","2014","Male","M",82,40998,200.0
,"55-64 years","55-64","Wyoming","56","2015","2015","Female","F",27,40192,67.2
,"55-64 years","55-64","Wyoming","56","2015","2015","Male","M",65,41096,158.2
,"55-64 years","55-64","Wyoming","56","2016","2016","Female","F",22,40234,54.7
,"55-64 years","55-64","Wyoming","56","2016","2016","Male","M",71,41032,173.0
,"55-64 years","55-64","Wyoming","56","2017","2017","Female","F",23,40123,57.3
,"55-64 years","55-64","Wyoming","56","2017","2017","Male","M",56,40731,137.5
,"55-64 years","55-64","Wyoming","56","2018","2018","Female","F",14,39806,Unreliable
,"55-64 years","55-64","Wyoming","56","2018","2018","Male","M",67,40043,167.3
,"55-64 years","55-64","Wyoming","56","2019","2019","Female","F",21,39443,53.2
,"55-64 years","55-64","Wyoming","56","2019","2019","Male","M",47,39311,119.6
,"55-64 years","55-64","Wyoming","56","2020","2020","Female","F",23,38693,59.4
,"55-64 years","55-64","Wyoming","56","2020","2020","Male","M",72,38621,186.4
,"65-74 years","65-74","Alabama","01","1999","1999","Female","F",586,176811,331.4
,"65-74 years","65-74","Alabama","01","1999","1999","Male","M",1026,139117,737.5
,"65-74 years","65-74","Alabama","01","2000","2000","Female","F",598,176733,338.4
,"65-74 years","65-74","Alabama","01","2000","2000","Male","M",961,140015,686.4
,"65-74 years","65-74","Alabama","01","2001","2001","Female","F",567,176613,321.0
,"65-74 years","65-74","Alabama","01","2001","2001","Male","M",877,141649,619.1
,"65-74 years","65-74","Alabama","01","2002","2002","Female","F",482,176149,273.6
,"65-74 years","65-74","Alabama","01","2002","2002","Male","M",836,142310,587.4
,"65-74 years","65-74","Alabama","01","2003","2003","Female","F",493,176800,278.8
,"65-74 years","65-74","Alabama","01","2003","2003","Male","M",753,144167,522.3
,"65-74 years","65-74","Alabama","01","2004","2004","Female","F",418,177876,235.0
,"65-74 years","65-74","Alabama","01","2004","2004","Male","M",751,145835,515.0
,"65-74 years","65-74","Alabama","01","2005","2005","Female","F",420,179922,233.4
,"65-74 years","65-74","Alabama","01","2005","2005","Male","M",633,149105,424.5
,"65-74 years","65-74","Alabama","01","2006","2006","Female","F",385,182941,210.5
,"65-74 years","65-74","Alabama","01","2006","2006","Male","M",715,153107,467.0
,"65-74 years","65-74","Alabama","01","2007","2007","Female","F",402,186312,215.8
,"65-74 years","65-74","Alabama","01","2007","2007","Male","M",653,156299,417.8
,"65-74 years","65-74","Alabama","01","2008","2008","Female","F",371,192543,192.7
,"65-74 years","65-74","Alabama","01","2008","2008","Male","M",666,161691,411.9
,"65-74 years","65-74","Alabama","01","2009","2009","Female","F",366,197699,185.1
,"65-74 years","65-74","Alabama","01","2009","2009","Male","M",669,167056,400.5
,"65-74 years","65-74","Alabama","01","2010","2010","Female","F",404,200465,201.5
,"65-74 years","65-74","Alabama","01","2010","2010","Male","M",747,170036,439.3
,"65-74 years","65-74","Alabama","01","2011","2011","Female","F",364,205469,177.2
,"65-74 years","65-74","Alabama","01","2011","2011","Male","M",643,174711,368.0
,"65-74 years","65-74","Alabama","01","2012","2012","Female","F",352,217054,162.2
,"65-74 years","65-74","Alabama","01","2012","2012","Male","M",681,185517,367.1
,"65-74 years","65-74","Alabama","01","2013","2013","Female","F",402,225166,178.5
,"65-74 years","65-74","Alabama","01","2013","2013","Male","M",757,193538,391.1
,"65-74 years","65-74","Alabama","01","2014","2014","Female","F",373,234270,159.2
,"65-74 years","65-74","Alabama","01","2014","2014","Male","M",675,201158,335.6
,"65-74 years","65-74","Alabama","01","2015","2015","Female","F",381,242241,157.3
,"65-74 years","65-74","Alabama","01","2015","2015","Male","M",692,208032,332.6
,"65-74 years","65-74","Alabama","01","2016","2016","Female","F",372,250233,148.7
,"65-74 years","65-74","Alabama","01","2016","2016","Male","M",720,214436,335.8
,"65-74 years","65-74","Alabama","01","2017","2017","Female","F",391,257320,152.0
,"65-74 years","65-74","Alabama","01","2017","2017","Male","M",735,220012,334.1
,"65-74 years","65-74","Alabama","01","2018","2018","Female","F",395,263223,150.1
,"65-74 years","65-74","Alabama","01","2018","2018","Male","M",771,224498,343.4
,"65-74 years","65-74","Alabama","01","2019","2019","Female","F",378,270914,139.5
,"65-74 years","65-74","Alabama","01","2019","2019","Male","M",765,230533,331.8
,"65-74 years","65-74","Alabama","01","2020","2020","Female","F",437,280345,155.9
,"65-74 years","65-74","Alabama","01","2020","2020","Male","M",815,237372,343.3
,"65-74 years","65-74","Alaska","02","1999","1999","Female","F",32,10932,292.7
,"65-74 years","65-74","Alaska","02","1999","1999","Male","M",82,10799,759.3
,"65-74 years","65-74","Alaska","02","2000","2000","Female","F",37,11274,328.2
,"65-74 years","65-74","Alaska","02","2000","2000","Male","M",62,11233,551.9
,"65-74 years","65-74","Alaska","02","2001","2001","Female","F",30,11617,258.2
,"65-74 years","65-74","Alaska","02","2001","2001","Male","M",62,11721,529.0
,"65-74 years","65-74","Alaska","02","2002","2002","Female","F",17,11953,Unreliable
,"65-74 years","65-74","Alaska","02","2002","2002","Male","M",58,12162,476.9
,"65-74 years","65-74","Alaska","02","2003","2003","Female","F",24,12418,193.3
,"65-74 years","65-74","Alaska","02","2003","2003","Male","M",58,12613,459.8
,"65-74 years","65-74","Alaska","02","2004","2004","Female","F",22,12817,171.6
,"65-74 years","65-74","Alaska","02","2004","2004","Male","M",62,13132,472.1
,"65-74 years","65-74","Alaska","02","2005","2005","Female","F",19,13180,Unreliable
,"65-74 years","65-74","Alaska","02","2005","2005","Male","M",49,13645,359.1
,"65-74 years","65-74","Alaska","02","2006","2006","Female","F",22,13606,161.7
,"65-74 years","65-74","Alaska","02","2006","2006","Male","M",54,14384,375.4
,"65-74 years","65-74","Alaska","02","2007","2007","Female","F",22,14421,152.6
,"65-74 years","65-74","Alaska","02","2007","2007","Male","M",48,15282,314.1
,"65-74 years","65-74","Alaska","02","2008","2008","Female","F",29,15268,189.9
,"65-74 years","65-74","Alaska","02","2008","2008","Male","M",63,16530,381.1
,"65-74 years","65-74","Alaska","02","2009","2009","Female","F",24,16240,147.8
,"65-74 years","65-74","Alaska","02","2009","2009","Male","M",67,17519,382.4
,"65-74 years","65-74","Alaska","02","2010","2010","Female","F",23,16974,135.5
,"65-74 years","65-74","Alaska","02","2010","2010","Male","M",50,18376,272.1
,"65-74 years","65-74","Alaska","02","2011","2011","Female","F",21,18092,116.1
,"65-74 years","65-74","Alaska","02","2011","2011","Male","M",74,19610,377.4
,"65-74 years","65-74","Alaska","02","2012","2012","Female","F",25,19738,126.7
,"65-74 years","65-74","Alaska","02","2012","2012","Male","M",75,21262,352.7
,"65-74 years","65-74","Alaska","02","2013","2013","Female","F",26,21055,123.5
,"65-74 years","65-74","Alaska","02","2013","2013","Male","M",65,22755,285.7
,"65-74 years","65-74","Alaska","02","2014","2014","Female","F",24,22362,107.3
,"65-74 years","65-74","Alaska","02","2014","2014","Male","M",72,24244,297.0
,"65-74 years","65-74","Alaska","02","2015","2015","Female","F",37,23524,157.3
,"65-74 years","65-74","Alaska","02","2015","2015","Male","M",79,25631,308.2
,"65-74 years","65-74","Alaska","02","2016","2016","Female","F",23,25192,91.3
,"65-74 years","65-74","Alaska","02","2016","2016","Male","M",99,27195,364.0
,"65-74 years","65-74","Alaska","02","2017","2017","Female","F",25,26910,92.9
,"65-74 years","65-74","Alaska","02","2017","2017","Male","M",107,28994,369.0
,"65-74 years","65-74","Alaska","02","2018","2018","Female","F",30,28361,105.8
,"65-74 years","65-74","Alaska","02","2018","2018","Male","M",84,30194,278.2
,"65-74 years","65-74","Alaska","02","2019","2019","Female","F",30,29793,100.7
,"65-74 years","65-74","Alaska","02","2019","2019","Male","M",87,31507,276.1
,"65-74 years","65-74","Alaska","02","2020","2020","Female","F",33,31364,105.2
,"65-74 years","65-74","Alaska","02","2020","2020","Male","M",85,32794,259.2
,"65-74 years","65-74","Arizona","04","1999","1999","Female","F",587,192050,305.6
,"65-74 years","65-74","Arizona","04","1999","1999","Male","M",1169,170664,685.0
,"65-74 years","65-74","Arizona","04","2000","2000","Female","F",531,192152,276.3
,"65-74 years","65-74","Arizona","04","2000","2000","Male","M",1068,171689,622.1
,"65-74 years","65-74","Arizona","04","2001","2001","Female","F",541,194234,278.5
,"65-74 years","65-74","Arizona","04","2001","2001","Male","M",1039,174678,594.8
,"65-74 years","65-74","Arizona","04","2002","2002","Female","F",497,197268,251.9
,"65-74 years","65-74","Arizona","04","2002","2002","Male","M",1033,178051,580.2
,"65-74 years","65-74","Arizona","04","2003","2003","Female","F",507,201035,252.2
,"65-74 years","65-74","Arizona","04","2003","2003","Male","M",964,182276,528.9
,"65-74 years","65-74","Arizona","04","2004","2004","Female","F",503,207144,242.8
,"65-74 years","65-74","Arizona","04","2004","2004","Male","M",935,187751,498.0
,"65-74 years","65-74","Arizona","04","2005","2005","Female","F",476,214281,222.1
,"65-74 years","65-74","Arizona","04","2005","2005","Male","M",929,194535,477.5
,"65-74 years","65-74","Arizona","04","2006","2006","Female","F",460,222101,207.1
,"65-74 years","65-74","Arizona","04","2006","2006","Male","M",841,201864,416.6
,"65-74 years","65-74","Arizona","04","2007","2007","Female","F",393,230851,170.2
,"65-74 years","65-74","Arizona","04","2007","2007","Male","M",810,208734,388.1
,"65-74 years","65-74","Arizona","04","2008","2008","Female","F",408,243142,167.8
,"65-74 years","65-74","Arizona","04","2008","2008","Male","M",875,218844,399.8
,"65-74 years","65-74","Arizona","04","2009","2009","Female","F",430,253922,169.3
,"65-74 years","65-74","Arizona","04","2009","2009","Male","M",889,229260,387.8
,"65-74 years","65-74","Arizona","04","2010","2010","Female","F",420,261665,160.5
,"65-74 years","65-74","Arizona","04","2010","2010","Male","M",870,236227,368.3
,"65-74 years","65-74","Arizona","04","2011","2011","Female","F",411,274251,149.9
,"65-74 years","65-74","Arizona","04","2011","2011","Male","M",932,247329,376.8
,"65-74 years","65-74","Arizona","04","2012","2012","Female","F",423,294074,143.8
,"65-74 years","65-74","Arizona","04","2012","2012","Male","M",991,264515,374.6
,"65-74 years","65-74","Arizona","04","2013","2013","Female","F",426,311494,136.8
,"65-74 years","65-74","Arizona","04","2013","2013","Male","M",971,278616,348.5
,"65-74 years","65-74","Arizona","04","2014","2014","Female","F",411,329272,124.8
,"65-74 years","65-74","Arizona","04","2014","2014","Male","M",999,293214,340.7
,"65-74 years","65-74","Arizona","04","2015","2015","Female","F",439,345557,127.0
,"65-74 years","65-74","Arizona","04","2015","2015","Male","M",1004,307457,326.5
,"65-74 years","65-74","Arizona","04","2016","2016","Female","F",479,361602,132.5
,"65-74 years","65-74","Arizona","04","2016","2016","Male","M",1130,321218,351.8
,"65-74 years","65-74","Arizona","04","2017","2017","Female","F",496,372192,133.3
,"65-74 years","65-74","Arizona","04","2017","2017","Male","M",1139,329217,346.0
,"65-74 years","65-74","Arizona","04","2018","2018","Female","F",503,386574,130.1
,"65-74 years","65-74","Arizona","04","2018","2018","Male","M",1109,339588,326.6
,"65-74 years","65-74","Arizona","04","2019","2019","Female","F",514,401078,128.2
,"65-74 years","65-74","Arizona","04","2019","2019","Male","M",1056,350621,301.2
,"65-74 years","65-74","Arizona","04","2020","2020","Female","F",576,420854,136.9
,"65-74 years","65-74","Arizona","04","2020","2020","Male","M",1267,366051,346.1
,"65-74 years","65-74","Arkansas","05","1999","1999","Female","F",388,108543,357.5
,"65-74 years","65-74","Arkansas","05","1999","1999","Male","M",739,89393,826.7
,"65-74 years","65-74","Arkansas","05","2000","2000","Female","F",379,108430,349.5
,"65-74 years","65-74","Arkansas","05","2000","2000","Male","M",661,89904,735.2
,"65-74 years","65-74","Arkansas","05","2001","2001","Female","F",377,107792,349.7
,"65-74 years","65-74","Arkansas","05","2001","2001","Male","M",671,90456,741.8
,"65-74 years","65-74","Arkansas","05","2002","2002","Female","F",386,107509,359.0
,"65-74 years","65-74","Arkansas","05","2002","2002","Male","M",653,90753,719.5
,"65-74 years","65-74","Arkansas","05","2003","2003","Female","F",351,108161,324.5
,"65-74 years","65-74","Arkansas","05","2003","2003","Male","M",616,92280,667.5
,"65-74 years","65-74","Arkansas","05","2004","2004","Female","F",383,109161,350.9
,"65-74 years","65-74","Arkansas","05","2004","2004","Male","M",586,93594,626.1
,"65-74 years","65-74","Arkansas","05","2005","2005","Female","F",332,110530,300.4
,"65-74 years","65-74","Arkansas","05","2005","2005","Male","M",620,95723,647.7
,"65-74 years","65-74","Arkansas","05","2006","2006","Female","F",341,113364,300.8
,"65-74 years","65-74","Arkansas","05","2006","2006","Male","M",543,98761,549.8
,"65-74 years","65-74","Arkansas","05","2007","2007","Female","F",300,115876,258.9
,"65-74 years","65-74","Arkansas","05","2007","2007","Male","M",558,101405,550.3
,"65-74 years","65-74","Arkansas","05","2008","2008","Female","F",347,119389,290.6
,"65-74 years","65-74","Arkansas","05","2008","2008","Male","M",571,105263,542.5
,"65-74 years","65-74","Arkansas","05","2009","2009","Female","F",313,122579,255.3
,"65-74 years","65-74","Arkansas","05","2009","2009","Male","M",634,108235,585.8
,"65-74 years","65-74","Arkansas","05","2010","2010","Female","F",302,124464,242.6
,"65-74 years","65-74","Arkansas","05","2010","2010","Male","M",567,110138,514.8
,"65-74 years","65-74","Arkansas","05","2011","2011","Female","F",302,127398,237.1
,"65-74 years","65-74","Arkansas","05","2011","2011","Male","M",621,112866,550.2
,"65-74 years","65-74","Arkansas","05","2012","2012","Female","F",311,134248,231.7
,"65-74 years","65-74","Arkansas","05","2012","2012","Male","M",603,118522,508.8
,"65-74 years","65-74","Arkansas","05","2013","2013","Female","F",285,138844,205.3
,"65-74 years","65-74","Arkansas","05","2013","2013","Male","M",605,122707,493.0
,"65-74 years","65-74","Arkansas","05","2014","2014","Female","F",325,143516,226.5
,"65-74 years","65-74","Arkansas","05","2014","2014","Male","M",641,126697,505.9
,"65-74 years","65-74","Arkansas","05","2015","2015","Female","F",340,147433,230.6
,"65-74 years","65-74","Arkansas","05","2015","2015","Male","M",746,129978,573.9
,"65-74 years","65-74","Arkansas","05","2016","2016","Female","F",391,150874,259.2
,"65-74 years","65-74","Arkansas","05","2016","2016","Male","M",778,132706,586.3
,"65-74 years","65-74","Arkansas","05","2017","2017","Female","F",453,154810,292.6
,"65-74 years","65-74","Arkansas","05","2017","2017","Male","M",795,135699,585.9
,"65-74 years","65-74","Arkansas","05","2018","2018","Female","F",379,157942,240.0
,"65-74 years","65-74","Arkansas","05","2018","2018","Male","M",719,138069,520.8
,"65-74 years","65-74","Arkansas","05","2019","2019","Female","F",396,161754,244.8
,"65-74 years","65-74","Arkansas","05","2019","2019","Male","M",851,141075,603.2
,"65-74 years","65-74","Arkansas","05","2020","2020","Female","F",414,166123,249.2
,"65-74 years","65-74","Arkansas","05","2020","2020","Male","M",744,144366,515.4
,"65-74 years","65-74","California","06","1999","1999","Female","F",3708,1032910,359.0
,"65-74 years","65-74","California","06","1999","1999","Male","M",6060,855094,708.7
,"65-74 years","65-74","California","06","2000","2000","Female","F",3352,1033120,324.5
,"65-74 years","65-74","California","06","2000","2000","Male","M",5604,854703,655.7
,"65-74 years","65-74","California","06","2001","2001","Female","F",3350,1034161,323.9
,"65-74 years","65-74","California","06","2001","2001","Male","M",5364,863716,621.0
,"65-74 years","65-74","California","06","2002","2002","Female","F",3170,1036236,305.9
,"65-74 years","65-74","California","06","2002","2002","Male","M",5272,871226,605.1
,"65-74 years","65-74","California","06","2003","2003","Female","F",2882,1045309,275.7
,"65-74 years","65-74","California","06","2003","2003","Male","M",4974,884353,562.4
,"65-74 years","65-74","California","06","2004","2004","Female","F",2786,1054277,264.3
,"65-74 years","65-74","California","06","2004","2004","Male","M",4657,896058,519.7
,"65-74 years","65-74","California","06","2005","2005","Female","F",2595,1064867,243.7
,"65-74 years","65-74","California","06","2005","2005","Male","M",4444,907626,489.6
,"65-74 years","65-74","California","06","2006","2006","Female","F",2547,1075303,236.9
,"65-74 years","65-74","California","06","2006","2006","Male","M",4350,917570,474.1
,"65-74 years","65-74","California","06","2007","2007","Female","F",2282,1103323,206.8
,"65-74 years","65-74","California","06","2007","2007","Male","M",4090,942728,433.8
,"65-74 years","65-74","California","06","2008","2008","Female","F",2265,1148775,197.2
,"65-74 years","65-74","California","06","2008","2008","Male","M",4148,983969,421.6
,"65-74 years","65-74","California","06","2009","2009","Female","F",2149,1191358,180.4
,"65-74 years","65-74","California","06","2009","2009","Male","M",4005,1024871,390.8
,"65-74 years","65-74","California","06","2010","2010","Female","F",2078,1221710,170.1
,"65-74 years","65-74","California","06","2010","2010","Male","M",3842,1053626,364.6
,"65-74 years","65-74","California","06","2011","2011","Female","F",2077,1273886,163.0
,"65-74 years","65-74","California","06","2011","2011","Male","M",3971,1103180,360.0
,"65-74 years","65-74","California","06","2012","2012","Female","F",2086,1357762,153.6
,"65-74 years","65-74","California","06","2012","2012","Male","M",4024,1181357,340.6
,"65-74 years","65-74","California","06","2013","2013","Female","F",2149,1436354,149.6
,"65-74 years","65-74","California","06","2013","2013","Male","M",4326,1252631,345.4
,"65-74 years","65-74","California","06","2014","2014","Female","F",2102,1515458,138.7
,"65-74 years","65-74","California","06","2014","2014","Male","M",4296,1318902,325.7
,"65-74 years","65-74","California","06","2015","2015","Female","F",2261,1591775,142.0
,"65-74 years","65-74","California","06","2015","2015","Male","M",4531,1385628,327.0
,"65-74 years","65-74","California","06","2016","2016","Female","F",2278,1652205,137.9
,"65-74 years","65-74","California","06","2016","2016","Male","M",4687,1436797,326.2
,"65-74 years","65-74","California","06","2017","2017","Female","F",2370,1708889,138.7
,"65-74 years","65-74","California","06","2017","2017","Male","M",4904,1486911,329.8
,"65-74 years","65-74","California","06","2018","2018","Female","F",2268,1756338,129.1
,"65-74 years","65-74","California","06","2018","2018","Male","M",5021,1529076,328.4
,"65-74 years","65-74","California","06","2019","2019","Female","F",2231,1809935,123.3
,"65-74 years","65-74","California","06","2019","2019","Male","M",5055,1576735,320.6
,"65-74 years","65-74","California","06","2020","2020","Female","F",2445,1854268,131.9
,"65-74 years","65-74","California","06","2020","2020","Male","M",5660,1615277,350.4
,"65-74 years","65-74","Colorado","08","1999","1999","Female","F",301,120724,249.3
,"65-74 years","65-74","Colorado","08","1999","1999","Male","M",556,103695,536.2
,"65-74 years","65-74","Colorado","08","2000","2000","Female","F",293,121397,241.4
,"65-74 years","65-74","Colorado","08","2000","2000","Male","M",525,104913,500.4
,"65-74 years","65-74","Colorado","08","2001","2001","Female","F",270,122389,220.6
,"65-74 years","65-74","Colorado","08","2001","2001","Male","M",500,107153,466.6
,"65-74 years","65-74","Colorado","08","2002","2002","Female","F",233,123047,189.4
,"65-74 years","65-74","Colorado","08","2002","2002","Male","M",472,108904,433.4
,"65-74 years","65-74","Colorado","08","2003","2003","Female","F",246,124757,197.2
,"65-74 years","65-74","Colorado","08","2003","2003","Male","M",470,111295,422.3
,"65-74 years","65-74","Colorado","08","2004","2004","Female","F",200,127383,157.0
,"65-74 years","65-74","Colorado","08","2004","2004","Male","M",468,113763,411.4
,"65-74 years","65-74","Colorado","08","2005","2005","Female","F",220,130532,168.5
,"65-74 years","65-74","Colorado","08","2005","2005","Male","M",441,117245,376.1
,"65-74 years","65-74","Colorado","08","2006","2006","Female","F",215,135729,158.4
,"65-74 years","65-74","Colorado","08","2006","2006","Male","M",418,122191,342.1
,"65-74 years","65-74","Colorado","08","2007","2007","Female","F",202,141329,142.9
,"65-74 years","65-74","Colorado","08","2007","2007","Male","M",414,127367,325.0
,"65-74 years","65-74","Colorado","08","2008","2008","Female","F",186,148960,124.9
,"65-74 years","65-74","Colorado","08","2008","2008","Male","M",405,134509,301.1
,"65-74 years","65-74","Colorado","08","2009","2009","Female","F",181,156936,115.3
,"65-74 years","65-74","Colorado","08","2009","2009","Male","M",435,142009,306.3
,"65-74 years","65-74","Colorado","08","2010","2010","Female","F",186,162453,114.5
,"65-74 years","65-74","Colorado","08","2010","2010","Male","M",393,147507,266.4
,"65-74 years","65-74","Colorado","08","2011","2011","Female","F",178,171427,103.8
,"65-74 years","65-74","Colorado","08","2011","2011","Male","M",385,156462,246.1
,"65-74 years","65-74","Colorado","08","2012","2012","Female","F",205,187015,109.6
,"65-74 years","65-74","Colorado","08","2012","2012","Male","M",440,171305,256.9
,"65-74 years","65-74","Colorado","08","2013","2013","Female","F",193,200455,96.3
,"65-74 years","65-74","Colorado","08","2013","2013","Male","M",496,184697,268.5
,"65-74 years","65-74","Colorado","08","2014","2014","Female","F",228,213397,106.8
,"65-74 years","65-74","Colorado","08","2014","2014","Male","M",501,196552,254.9
,"65-74 years","65-74","Colorado","08","2015","2015","Female","F",201,225655,89.1
,"65-74 years","65-74","Colorado","08","2015","2015","Male","M",530,208043,254.8
,"65-74 years","65-74","Colorado","08","2016","2016","Female","F",205,238223,86.1
,"65-74 years","65-74","Colorado","08","2016","2016","Male","M",567,219557,258.2
,"65-74 years","65-74","Colorado","08","2017","2017","Female","F",248,249441,99.4
,"65-74 years","65-74","Colorado","08","2017","2017","Male","M",563,229779,245.0
,"65-74 years","65-74","Colorado","08","2018","2018","Female","F",239,261022,91.6
,"65-74 years","65-74","Colorado","08","2018","2018","Male","M",572,239776,238.6
,"65-74 years","65-74","Colorado","08","2019","2019","Female","F",220,272545,80.7
,"65-74 years","65-74","Colorado","08","2019","2019","Male","M",584,249586,234.0
,"65-74 years","65-74","Colorado","08","2020","2020","Female","F",232,284327,81.6
,"65-74 years","65-74","Colorado","08","2020","2020","Male","M",633,259036,244.4
,"65-74 years","65-74","Connecticut","09","1999","1999","Female","F",373,129055,289.0
,"65-74 years","65-74","Connecticut","09","1999","1999","Male","M",660,104282,632.9
,"65-74 years","65-74","Connecticut","09","2000","2000","Female","F",333,127563,261.0
,"65-74 years","65-74","Connecticut","09","2000","2000","Male","M",672,104002,646.1
,"65-74 years","65-74","Connecticut","09","2001","2001","Female","F",316,125320,252.2
,"65-74 years","65-74","Connecticut","09","2001","2001","Male","M",534,103227,517.3
,"65-74 years","65-74","Connecticut","09","2002","2002","Female","F",288,123647,232.9
,"65-74 years","65-74","Connecticut","09","2002","2002","Male","M",587,102329,573.6
,"65-74 years","65-74","Connecticut","09","2003","2003","Female","F",277,123340,224.6
,"65-74 years","65-74","Connecticut","09","2003","2003","Male","M",455,101886,446.6
,"65-74 years","65-74","Connecticut","09","2004","2004","Female","F",248,122575,202.3
,"65-74 years","65-74","Connecticut","09","2004","2004","Male","M",455,101859,446.7
,"65-74 years","65-74","Connecticut","09","2005","2005","Female","F",202,122124,165.4
,"65-74 years","65-74","Connecticut","09","2005","2005","Male","M",395,101578,388.9
,"65-74 years","65-74","Connecticut","09","2006","2006","Female","F",193,122009,158.2
,"65-74 years","65-74","Connecticut","09","2006","2006","Male","M",375,101986,367.7
,"65-74 years","65-74","Connecticut","09","2007","2007","Female","F",172,124766,137.9
,"65-74 years","65-74","Connecticut","09","2007","2007","Male","M",312,104622,298.2
,"65-74 years","65-74","Connecticut","09","2008","2008","Female","F",171,130200,131.3
,"65-74 years","65-74","Connecticut","09","2008","2008","Male","M",309,110380,279.9
,"65-74 years","65-74","Connecticut","09","2009","2009","Female","F",164,134578,121.9
,"65-74 years","65-74","Connecticut","09","2009","2009","Male","M",337,114629,294.0
,"65-74 years","65-74","Connecticut","09","2010","2010","Female","F",187,137355,136.1
,"65-74 years","65-74","Connecticut","09","2010","2010","Male","M",329,117589,279.8
,"65-74 years","65-74","Connecticut","09","2011","2011","Female","F",159,141614,112.3
,"65-74 years","65-74","Connecticut","09","2011","2011","Male","M",318,121856,261.0
,"65-74 years","65-74","Connecticut","09","2012","2012","Female","F",179,151003,118.5
,"65-74 years","65-74","Connecticut","09","2012","2012","Male","M",356,130614,272.6
,"65-74 years","65-74","Connecticut","09","2013","2013","Female","F",180,157771,114.1
,"65-74 years","65-74","Connecticut","09","2013","2013","Male","M",394,137032,287.5
,"65-74 years","65-74","Connecticut","09","2014","2014","Female","F",162,163250,99.2
,"65-74 years","65-74","Connecticut","09","2014","2014","Male","M",337,141667,237.9
,"65-74 years","65-74","Connecticut","09","2015","2015","Female","F",189,168667,112.1
,"65-74 years","65-74","Connecticut","09","2015","2015","Male","M",360,146063,246.5
,"65-74 years","65-74","Connecticut","09","2016","2016","Female","F",206,173668,118.6
,"65-74 years","65-74","Connecticut","09","2016","2016","Male","M",405,150300,269.5
,"65-74 years","65-74","Connecticut","09","2017","2017","Female","F",180,181167,99.4
,"65-74 years","65-74","Connecticut","09","2017","2017","Male","M",431,157096,274.4
,"65-74 years","65-74","Connecticut","09","2018","2018","Female","F",199,183756,108.3
,"65-74 years","65-74","Connecticut","09","2018","2018","Male","M",397,159814,248.4
,"65-74 years","65-74","Connecticut","09","2019","2019","Female","F",183,188599,97.0
,"65-74 years","65-74","Connecticut","09","2019","2019","Male","M",442,164220,269.2
,"65-74 years","65-74","Connecticut","09","2020","2020","Female","F",229,194480,117.7
,"65-74 years","65-74","Connecticut","09","2020","2020","Male","M",463,169284,273.5
,"65-74 years","65-74","Delaware","10","1999","1999","Female","F",136,30407,447.3
,"65-74 years","65-74","Delaware","10","1999","1999","Male","M",204,25788,791.1
,"65-74 years","65-74","Delaware","10","2000","2000","Female","F",84,30396,276.4
,"65-74 years","65-74","Delaware","10","2000","2000","Male","M",178,26019,684.1
,"65-74 years","65-74","Delaware","10","2001","2001","Female","F",112,30600,366.0
,"65-74 years","65-74","Delaware","10","2001","2001","Male","M",174,26216,663.7
,"65-74 years","65-74","Delaware","10","2002","2002","Female","F",83,30665,270.7
,"65-74 years","65-74","Delaware","10","2002","2002","Male","M",167,26465,631.0
,"65-74 years","65-74","Delaware","10","2003","2003","Female","F",97,31082,312.1
,"65-74 years","65-74","Delaware","10","2003","2003","Male","M",164,27008,607.2
,"65-74 years","65-74","Delaware","10","2004","2004","Female","F",73,31722,230.1
,"65-74 years","65-74","Delaware","10","2004","2004","Male","M",181,27553,656.9
,"65-74 years","65-74","Delaware","10","2005","2005","Female","F",76,32443,234.3
,"65-74 years","65-74","Delaware","10","2005","2005","Male","M",128,28232,453.4
,"65-74 years","65-74","Delaware","10","2006","2006","Female","F",73,33595,217.3
,"65-74 years","65-74","Delaware","10","2006","2006","Male","M",138,29185,472.8
,"65-74 years","65-74","Delaware","10","2007","2007","Female","F",54,34763,155.3
,"65-74 years","65-74","Delaware","10","2007","2007","Male","M",132,30184,437.3
,"65-74 years","65-74","Delaware","10","2008","2008","Female","F",70,36523,191.7
,"65-74 years","65-74","Delaware","10","2008","2008","Male","M",113,31651,357.0
,"65-74 years","65-74","Delaware","10","2009","2009","Female","F",68,37874,179.5
,"65-74 years","65-74","Delaware","10","2009","2009","Male","M",134,32886,407.5
,"65-74 years","65-74","Delaware","10","2010","2010","Female","F",57,38868,146.7
,"65-74 years","65-74","Delaware","10","2010","2010","Male","M",131,33585,390.1
,"65-74 years","65-74","Delaware","10","2011","2011","Female","F",67,40474,165.5
,"65-74 years","65-74","Delaware","10","2011","2011","Male","M",135,34838,387.5
,"65-74 years","65-74","Delaware","10","2012","2012","Female","F",60,43349,138.4
,"65-74 years","65-74","Delaware","10","2012","2012","Male","M",140,37693,371.4
,"65-74 years","65-74","Delaware","10","2013","2013","Female","F",80,46184,173.2
,"65-74 years","65-74","Delaware","10","2013","2013","Male","M",125,39875,313.5
,"65-74 years","65-74","Delaware","10","2014","2014","Female","F",79,48702,162.2
,"65-74 years","65-74","Delaware","10","2014","2014","Male","M",142,42153,336.9
,"65-74 years","65-74","Delaware","10","2015","2015","Female","F",53,51172,103.6
,"65-74 years","65-74","Delaware","10","2015","2015","Male","M",158,44295,356.7
,"65-74 years","65-74","Delaware","10","2016","2016","Female","F",72,53548,134.5
,"65-74 years","65-74","Delaware","10","2016","2016","Male","M",166,46413,357.7
,"65-74 years","65-74","Delaware","10","2017","2017","Female","F",84,56327,149.1
,"65-74 years","65-74","Delaware","10","2017","2017","Male","M",182,48220,377.4
,"65-74 years","65-74","Delaware","10","2018","2018","Female","F",64,58364,109.7
,"65-74 years","65-74","Delaware","10","2018","2018","Male","M",152,49830,305.0
,"65-74 years","65-74","Delaware","10","2019","2019","Female","F",65,60846,106.8
,"65-74 years","65-74","Delaware","10","2019","2019","Male","M",183,52012,351.8
,"65-74 years","65-74","Delaware","10","2020","2020","Female","F",92,64062,143.6
,"65-74 years","65-74","Delaware","10","2020","2020","Male","M",169,54400,310.7
,"65-74 years","65-74","District of Columbia","11","1999","1999","Female","F",82,21208,386.6
,"65-74 years","65-74","District of Columbia","11","1999","1999","Male","M",133,15353,866.3
,"65-74 years","65-74","District of Columbia","11","2000","2000","Female","F",96,20816,461.2
,"65-74 years","65-74","District of Columbia","11","2000","2000","Male","M",115,15103,761.4
,"65-74 years","65-74","District of Columbia","11","2001","2001","Female","F",106,20032,529.2
,"65-74 years","65-74","District of Columbia","11","2001","2001","Male","M",143,14912,959.0
,"65-74 years","65-74","District of Columbia","11","2002","2002","Female","F",92,19481,472.3
,"65-74 years","65-74","District of Columbia","11","2002","2002","Male","M",133,14695,905.1
,"65-74 years","65-74","District of Columbia","11","2003","2003","Female","F",91,19196,474.1
,"65-74 years","65-74","District of Columbia","11","2003","2003","Male","M",134,14705,911.3
,"65-74 years","65-74","District of Columbia","11","2004","2004","Female","F",95,18865,503.6
,"65-74 years","65-74","District of Columbia","11","2004","2004","Male","M",103,14704,700.5
,"65-74 years","65-74","District of Columbia","11","2005","2005","Female","F",79,18789,420.5
,"65-74 years","65-74","District of Columbia","11","2005","2005","Male","M",115,14753,779.5
,"65-74 years","65-74","District of Columbia","11","2006","2006","Female","F",87,18729,464.5
,"65-74 years","65-74","District of Columbia","11","2006","2006","Male","M",128,14870,860.8
,"65-74 years","65-74","District of Columbia","11","2007","2007","Female","F",82,19064,430.1
,"65-74 years","65-74","District of Columbia","11","2007","2007","Male","M",123,15188,809.8
,"65-74 years","65-74","District of Columbia","11","2008","2008","Female","F",68,19672,345.7
,"65-74 years","65-74","District of Columbia","11","2008","2008","Male","M",111,15472,717.4
,"65-74 years","65-74","District of Columbia","11","2009","2009","Female","F",70,20203,346.5
,"65-74 years","65-74","District of Columbia","11","2009","2009","Male","M",120,15967,751.6
,"65-74 years","65-74","District of Columbia","11","2010","2010","Female","F",77,20693,372.1
,"65-74 years","65-74","District of Columbia","11","2010","2010","Male","M",86,16276,528.4
,"65-74 years","65-74","District of Columbia","11","2011","2011","Female","F",61,21379,285.3
,"65-74 years","65-74","District of Columbia","11","2011","2011","Male","M",99,16694,593.0
,"65-74 years","65-74","District of Columbia","11","2012","2012","Female","F",56,22179,252.5
,"65-74 years","65-74","District of Columbia","11","2012","2012","Male","M",90,17519,513.7
,"65-74 years","65-74","District of Columbia","11","2013","2013","Female","F",65,23067,281.8
,"65-74 years","65-74","District of Columbia","11","2013","2013","Male","M",112,17949,624.0
,"65-74 years","65-74","District of Columbia","11","2014","2014","Female","F",65,23990,270.9
,"65-74 years","65-74","District of Columbia","11","2014","2014","Male","M",102,18448,552.9
,"65-74 years","65-74","District of Columbia","11","2015","2015","Female","F",49,24996,196.0
,"65-74 years","65-74","District of Columbia","11","2015","2015","Male","M",73,19141,381.4
,"65-74 years","65-74","District of Columbia","11","2016","2016","Female","F",78,25749,302.9
,"65-74 years","65-74","District of Columbia","11","2016","2016","Male","M",117,19810,590.6
,"65-74 years","65-74","District of Columbia","11","2017","2017","Female","F",62,27367,226.6
,"65-74 years","65-74","District of Columbia","11","2017","2017","Male","M",108,20852,517.9
,"65-74 years","65-74","District of Columbia","11","2018","2018","Female","F",60,27920,214.9
,"65-74 years","65-74","District of Columbia","11","2018","2018","Male","M",94,21184,443.7
,"65-74 years","65-74","District of Columbia","11","2019","2019","Female","F",56,28586,195.9
,"65-74 years","65-74","District of Columbia","11","2019","2019","Male","M",96,21633,443.8
,"65-74 years","65-74","District of Columbia","11","2020","2020","Female","F",78,29389,265.4
,"65-74 years","65-74","District of Columbia","11","2020","2020","Male","M",118,22168,532.3
,"65-74 years","65-74","Florida","12","1999","1999","Female","F",2483,790418,314.1
,"65-74 years","65-74","Florida","12","1999","1999","Male","M",4450,672447,661.8
,"65-74 years","65-74","Florida","12","2000","2000","Female","F",2430,783619,310.1
,"65-74 years","65-74","Florida","12","2000","2000","Male","M",4265,668557,637.9
,"65-74 years","65-74","Florida","12","2001","2001","Female","F",2237,782883,285.7
,"65-74 years","65-74","Florida","12","2001","2001","Male","M",4121,672913,612.4
,"65-74 years","65-74","Florida","12","2002","2002","Female","F",2058,783322,262.7
,"65-74 years","65-74","Florida","12","2002","2002","Male","M",3857,677213,569.5
,"65-74 years","65-74","Florida","12","2003","2003","Female","F",2010,787666,255.2
,"65-74 years","65-74","Florida","12","2003","2003","Male","M",3615,684340,528.2
,"65-74 years","65-74","Florida","12","2004","2004","Female","F",1905,796876,239.1
,"65-74 years","65-74","Florida","12","2004","2004","Male","M",3536,696071,508.0
,"65-74 years","65-74","Florida","12","2005","2005","Female","F",1736,810581,214.2
,"65-74 years","65-74","Florida","12","2005","2005","Male","M",3268,709037,460.9
,"65-74 years","65-74","Florida","12","2006","2006","Female","F",1590,818653,194.2
,"65-74 years","65-74","Florida","12","2006","2006","Male","M",3160,716524,441.0
,"65-74 years","65-74","Florida","12","2007","2007","Female","F",1474,838351,175.8
,"65-74 years","65-74","Florida","12","2007","2007","Male","M",2782,732097,380.0
,"65-74 years","65-74","Florida","12","2008","2008","Female","F",1443,872024,165.5
,"65-74 years","65-74","Florida","12","2008","2008","Male","M",2940,760918,386.4
,"65-74 years","65-74","Florida","12","2009","2009","Female","F",1436,902281,159.2
,"65-74 years","65-74","Florida","12","2009","2009","Male","M",2907,787407,369.2
,"65-74 years","65-74","Florida","12","2010","2010","Female","F",1376,921839,149.3
,"65-74 years","65-74","Florida","12","2010","2010","Male","M",2831,806101,351.2
,"65-74 years","65-74","Florida","12","2011","2011","Female","F",1453,948922,153.1
,"65-74 years","65-74","Florida","12","2011","2011","Male","M",2852,829510,343.8
,"65-74 years","65-74","Florida","12","2012","2012","Female","F",1427,1010419,141.2
,"65-74 years","65-74","Florida","12","2012","2012","Male","M",2973,884366,336.2
,"65-74 years","65-74","Florida","12","2013","2013","Female","F",1525,1059406,143.9
,"65-74 years","65-74","Florida","12","2013","2013","Male","M",3065,926519,330.8
,"65-74 years","65-74","Florida","12","2014","2014","Female","F",1584,1112550,142.4
,"65-74 years","65-74","Florida","12","2014","2014","Male","M",3175,970151,327.3
,"65-74 years","65-74","Florida","12","2015","2015","Female","F",1661,1166729,142.4
,"65-74 years","65-74","Florida","12","2015","2015","Male","M",3408,1014473,335.9
,"65-74 years","65-74","Florida","12","2016","2016","Female","F",1721,1219649,141.1
,"65-74 years","65-74","Florida","12","2016","2016","Male","M",3461,1057935,327.1
,"65-74 years","65-74","Florida","12","2017","2017","Female","F",1679,1258148,133.5
,"65-74 years","65-74","Florida","12","2017","2017","Male","M",3664,1084368,337.9
,"65-74 years","65-74","Florida","12","2018","2018","Female","F",1752,1290361,135.8
,"65-74 years","65-74","Florida","12","2018","2018","Male","M",3809,1107541,343.9
,"65-74 years","65-74","Florida","12","2019","2019","Female","F",1809,1328810,136.1
,"65-74 years","65-74","Florida","12","2019","2019","Male","M",3821,1136559,336.2
,"65-74 years","65-74","Florida","12","2020","2020","Female","F",1912,1371149,139.4
,"65-74 years","65-74","Florida","12","2020","2020","Male","M",3967,1168427,339.5
,"65-74 years","65-74","Georgia","13","1999","1999","Female","F",837,241213,347.0
,"65-74 years","65-74","Georgia","13","1999","1999","Male","M",1399,190063,736.1
,"65-74 years","65-74","Georgia","13","2000","2000","Female","F",811,243008,333.7
,"65-74 years","65-74","Georgia","13","2000","2000","Male","M",1312,192687,680.9
,"65-74 years","65-74","Georgia","13","2001","2001","Female","F",729,245845,296.5
,"65-74 years","65-74","Georgia","13","2001","2001","Male","M",1270,197265,643.8
,"65-74 years","65-74","Georgia","13","2002","2002","Female","F",704,248467,283.3
,"65-74 years","65-74","Georgia","13","2002","2002","Male","M",1237,201422,614.1
,"65-74 years","65-74","Georgia","13","2003","2003","Female","F",673,252829,266.2
,"65-74 years","65-74","Georgia","13","2003","2003","Male","M",1148,206811,555.1
,"65-74 years","65-74","Georgia","13","2004","2004","Female","F",616,257342,239.4
,"65-74 years","65-74","Georgia","13","2004","2004","Male","M",1094,212235,515.5
,"65-74 years","65-74","Georgia","13","2005","2005","Female","F",564,265691,212.3
,"65-74 years","65-74","Georgia","13","2005","2005","Male","M",1037,220946,469.3
,"65-74 years","65-74","Georgia","13","2006","2006","Female","F",537,278809,192.6
,"65-74 years","65-74","Georgia","13","2006","2006","Male","M",1026,232878,440.6
,"65-74 years","65-74","Georgia","13","2007","2007","Female","F",511,289115,176.7
,"65-74 years","65-74","Georgia","13","2007","2007","Male","M",1005,243218,413.2
,"65-74 years","65-74","Georgia","13","2008","2008","Female","F",521,303968,171.4
,"65-74 years","65-74","Georgia","13","2008","2008","Male","M",963,257754,373.6
,"65-74 years","65-74","Georgia","13","2009","2009","Female","F",495,317966,155.7
,"65-74 years","65-74","Georgia","13","2009","2009","Male","M",921,270140,340.9
,"65-74 years","65-74","Georgia","13","2010","2010","Female","F",482,327366,147.2
,"65-74 years","65-74","Georgia","13","2010","2010","Male","M",951,279063,340.8
,"65-74 years","65-74","Georgia","13","2011","2011","Female","F",534,343578,155.4
,"65-74 years","65-74","Georgia","13","2011","2011","Male","M",928,293484,316.2
,"65-74 years","65-74","Georgia","13","2012","2012","Female","F",494,370249,133.4
,"65-74 years","65-74","Georgia","13","2012","2012","Male","M",1019,316686,321.8
,"65-74 years","65-74","Georgia","13","2013","2013","Female","F",536,392701,136.5
,"65-74 years","65-74","Georgia","13","2013","2013","Male","M",1074,336358,319.3
,"65-74 years","65-74","Georgia","13","2014","2014","Female","F",549,414664,132.4
,"65-74 years","65-74","Georgia","13","2014","2014","Male","M",1063,354398,299.9
,"65-74 years","65-74","Georgia","13","2015","2015","Female","F",594,434645,136.7
,"65-74 years","65-74","Georgia","13","2015","2015","Male","M",1175,370342,317.3
,"65-74 years","65-74","Georgia","13","2016","2016","Female","F",624,454745,137.2
,"65-74 years","65-74","Georgia","13","2016","2016","Male","M",1270,384580,330.2
,"65-74 years","65-74","Georgia","13","2017","2017","Female","F",530,473327,112.0
,"65-74 years","65-74","Georgia","13","2017","2017","Male","M",1265,397552,318.2
,"65-74 years","65-74","Georgia","13","2018","2018","Female","F",632,487660,129.6
,"65-74 years","65-74","Georgia","13","2018","2018","Male","M",1243,407759,304.8
,"65-74 years","65-74","Georgia","13","2019","2019","Female","F",635,505050,125.7
,"65-74 years","65-74","Georgia","13","2019","2019","Male","M",1232,420951,292.7
,"65-74 years","65-74","Georgia","13","2020","2020","Female","F",676,524229,129.0
,"65-74 years","65-74","Georgia","13","2020","2020","Male","M",1317,435035,302.7
,"65-74 years","65-74","Hawaii","15","1999","1999","Female","F",109,46843,232.7
,"65-74 years","65-74","Hawaii","15","1999","1999","Male","M",200,38619,517.9
,"65-74 years","65-74","Hawaii","15","2000","2000","Female","F",101,46840,215.6
,"65-74 years","65-74","Hawaii","15","2000","2000","Male","M",203,38422,528.3
,"65-74 years","65-74","Hawaii","15","2001","2001","Female","F",88,46653,188.6
,"65-74 years","65-74","Hawaii","15","2001","2001","Male","M",161,38187,421.6
,"65-74 years","65-74","Hawaii","15","2002","2002","Female","F",98,46187,212.2
,"65-74 years","65-74","Hawaii","15","2002","2002","Male","M",176,38139,461.5
,"65-74 years","65-74","Hawaii","15","2003","2003","Female","F",76,46079,164.9
,"65-74 years","65-74","Hawaii","15","2003","2003","Male","M",157,38373,409.1
,"65-74 years","65-74","Hawaii","15","2004","2004","Female","F",71,45987,154.4
,"65-74 years","65-74","Hawaii","15","2004","2004","Male","M",170,38808,438.1
,"65-74 years","65-74","Hawaii","15","2005","2005","Female","F",72,46383,155.2
,"65-74 years","65-74","Hawaii","15","2005","2005","Male","M",131,39683,330.1
,"65-74 years","65-74","Hawaii","15","2006","2006","Female","F",69,46763,147.6
,"65-74 years","65-74","Hawaii","15","2006","2006","Male","M",137,40417,339.0
,"65-74 years","65-74","Hawaii","15","2007","2007","Female","F",68,47321,143.7
,"65-74 years","65-74","Hawaii","15","2007","2007","Male","M",150,41607,360.5
,"65-74 years","65-74","Hawaii","15","2008","2008","Female","F",70,48798,143.4
,"65-74 years","65-74","Hawaii","15","2008","2008","Male","M",160,43580,367.1
,"65-74 years","65-74","Hawaii","15","2009","2009","Female","F",60,51109,117.4
,"65-74 years","65-74","Hawaii","15","2009","2009","Male","M",154,45957,335.1
,"65-74 years","65-74","Hawaii","15","2010","2010","Female","F",52,52534,99.0
,"65-74 years","65-74","Hawaii","15","2010","2010","Male","M",141,47989,293.8
,"65-74 years","65-74","Hawaii","15","2011","2011","Female","F",71,54918,129.3
,"65-74 years","65-74","Hawaii","15","2011","2011","Male","M",161,50524,318.7
,"65-74 years","65-74","Hawaii","15","2012","2012","Female","F",68,58118,117.0
,"65-74 years","65-74","Hawaii","15","2012","2012","Male","M",154,54029,285.0
,"65-74 years","65-74","Hawaii","15","2013","2013","Female","F",68,62350,109.1
,"65-74 years","65-74","Hawaii","15","2013","2013","Male","M",185,58187,317.9
,"65-74 years","65-74","Hawaii","15","2014","2014","Female","F",60,65459,91.7
,"65-74 years","65-74","Hawaii","15","2014","2014","Male","M",178,61238,290.7
,"65-74 years","65-74","Hawaii","15","2015","2015","Female","F",83,68882,120.5
,"65-74 years","65-74","Hawaii","15","2015","2015","Male","M",175,64390,271.8
,"65-74 years","65-74","Hawaii","15","2016","2016","Female","F",74,71866,103.0
,"65-74 years","65-74","Hawaii","15","2016","2016","Male","M",172,67144,256.2
,"65-74 years","65-74","Hawaii","15","2017","2017","Female","F",85,74887,113.5
,"65-74 years","65-74","Hawaii","15","2017","2017","Male","M",199,70049,284.1
,"65-74 years","65-74","Hawaii","15","2018","2018","Female","F",86,77104,111.5
,"65-74 years","65-74","Hawaii","15","2018","2018","Male","M",232,71829,323.0
,"65-74 years","65-74","Hawaii","15","2019","2019","Female","F",72,78914,91.2
,"65-74 years","65-74","Hawaii","15","2019","2019","Male","M",185,73178,252.8
,"65-74 years","65-74","Hawaii","15","2020","2020","Female","F",83,80338,103.3
,"65-74 years","65-74","Hawaii","15","2020","2020","Male","M",241,74368,324.1
,"65-74 years","65-74","Idaho","16","1999","1999","Female","F",100,39564,252.8
,"65-74 years","65-74","Idaho","16","1999","1999","Male","M",242,35800,676.0
,"65-74 years","65-74","Idaho","16","2000","2000","Female","F",110,39740,276.8
,"65-74 years","65-74","Idaho","16","2000","2000","Male","M",209,36230,576.9
,"65-74 years","65-74","Idaho","16","2001","2001","Female","F",86,40397,212.9
,"65-74 years","65-74","Idaho","16","2001","2001","Male","M",212,36922,574.2
,"65-74 years","65-74","Idaho","16","2002","2002","Female","F",105,40958,256.4
,"65-74 years","65-74","Idaho","16","2002","2002","Male","M",196,38029,515.4
,"65-74 years","65-74","Idaho","16","2003","2003","Female","F",87,41795,208.2
,"65-74 years","65-74","Idaho","16","2003","2003","Male","M",194,39007,497.3
,"65-74 years","65-74","Idaho","16","2004","2004","Female","F",97,43032,225.4
,"65-74 years","65-74","Idaho","16","2004","2004","Male","M",189,40469,467.0
,"65-74 years","65-74","Idaho","16","2005","2005","Female","F",89,44497,200.0
,"65-74 years","65-74","Idaho","16","2005","2005","Male","M",176,42277,416.3
,"65-74 years","65-74","Idaho","16","2006","2006","Female","F",84,46614,180.2
,"65-74 years","65-74","Idaho","16","2006","2006","Male","M",176,44864,392.3
,"65-74 years","65-74","Idaho","16","2007","2007","Female","F",81,48597,166.7
,"65-74 years","65-74","Idaho","16","2007","2007","Male","M",184,47061,391.0
,"65-74 years","65-74","Idaho","16","2008","2008","Female","F",93,51357,181.1
,"65-74 years","65-74","Idaho","16","2008","2008","Male","M",158,49857,316.9
,"65-74 years","65-74","Idaho","16","2009","2009","Female","F",55,54014,101.8
,"65-74 years","65-74","Idaho","16","2009","2009","Male","M",203,52119,389.5
,"65-74 years","65-74","Idaho","16","2010","2010","Female","F",82,55738,147.1
,"65-74 years","65-74","Idaho","16","2010","2010","Male","M",198,53796,368.1
,"65-74 years","65-74","Idaho","16","2011","2011","Female","F",73,58482,124.8
,"65-74 years","65-74","Idaho","16","2011","2011","Male","M",185,56524,327.3
,"65-74 years","65-74","Idaho","16","2012","2012","Female","F",77,62617,123.0
,"65-74 years","65-74","Idaho","16","2012","2012","Male","M",198,60726,326.1
,"65-74 years","65-74","Idaho","16","2013","2013","Female","F",74,66593,111.1
,"65-74 years","65-74","Idaho","16","2013","2013","Male","M",195,64618,301.8
,"65-74 years","65-74","Idaho","16","2014","2014","Female","F",78,70476,110.7
,"65-74 years","65-74","Idaho","16","2014","2014","Male","M",196,68217,287.3
,"65-74 years","65-74","Idaho","16","2015","2015","Female","F",89,74169,120.0
,"65-74 years","65-74","Idaho","16","2015","2015","Male","M",211,71575,294.8
,"65-74 years","65-74","Idaho","16","2016","2016","Female","F",90,78430,114.8
,"65-74 years","65-74","Idaho","16","2016","2016","Male","M",222,75310,294.8
,"65-74 years","65-74","Idaho","16","2017","2017","Female","F",94,82215,114.3
,"65-74 years","65-74","Idaho","16","2017","2017","Male","M",262,78637,333.2
,"65-74 years","65-74","Idaho","16","2018","2018","Female","F",93,85987,108.2
,"65-74 years","65-74","Idaho","16","2018","2018","Male","M",240,82254,291.8
,"65-74 years","65-74","Idaho","16","2019","2019","Female","F",90,89876,100.1
,"65-74 years","65-74","Idaho","16","2019","2019","Male","M",241,85990,280.3
,"65-74 years","65-74","Idaho","16","2020","2020","Female","F",105,95413,110.0
,"65-74 years","65-74","Idaho","16","2020","2020","Male","M",269,90529,297.1
,"65-74 years","65-74","Illinois","17","1999","1999","Female","F",1636,432841,378.0
,"65-74 years","65-74","Illinois","17","1999","1999","Male","M",2794,345235,809.3
,"65-74 years","65-74","Illinois","17","2000","2000","Female","F",1543,428526,360.1
,"65-74 years","65-74","Illinois","17","2000","2000","Male","M",2457,343721,714.8
,"65-74 years","65-74","Illinois","17","2001","2001","Female","F",1429,423024,337.8
,"65-74 years","65-74","Illinois","17","2001","2001","Male","M",2238,341749,654.9
,"65-74 years","65-74","Illinois","17","2002","2002","Female","F",1334,417937,319.2
,"65-74 years","65-74","Illinois","17","2002","2002","Male","M",2237,340415,657.1
,"65-74 years","65-74","Illinois","17","2003","2003","Female","F",1222,417501,292.7
,"65-74 years","65-74","Illinois","17","2003","2003","Male","M",2146,341794,627.9
,"65-74 years","65-74","Illinois","17","2004","2004","Female","F",1179,418151,282.0
,"65-74 years","65-74","Illinois","17","2004","2004","Male","M",1879,343477,547.1
,"65-74 years","65-74","Illinois","17","2005","2005","Female","F",1104,417608,264.4
,"65-74 years","65-74","Illinois","17","2005","2005","Male","M",1774,344746,514.6
,"65-74 years","65-74","Illinois","17","2006","2006","Female","F",935,418639,223.3
,"65-74 years","65-74","Illinois","17","2006","2006","Male","M",1739,347761,500.1
,"65-74 years","65-74","Illinois","17","2007","2007","Female","F",832,426809,194.9
,"65-74 years","65-74","Illinois","17","2007","2007","Male","M",1679,356928,470.4
,"65-74 years","65-74","Illinois","17","2008","2008","Female","F",906,441079,205.4
,"65-74 years","65-74","Illinois","17","2008","2008","Male","M",1695,370912,457.0
,"65-74 years","65-74","Illinois","17","2009","2009","Female","F",897,453021,198.0
,"65-74 years","65-74","Illinois","17","2009","2009","Male","M",1617,382580,422.7
,"65-74 years","65-74","Illinois","17","2010","2010","Female","F",812,460236,176.4
,"65-74 years","65-74","Illinois","17","2010","2010","Male","M",1617,389299,415.4
,"65-74 years","65-74","Illinois","17","2011","2011","Female","F",832,471579,176.4
,"65-74 years","65-74","Illinois","17","2011","2011","Male","M",1575,401366,392.4
,"65-74 years","65-74","Illinois","17","2012","2012","Female","F",818,497536,164.4
,"65-74 years","65-74","Illinois","17","2012","2012","Male","M",1650,425963,387.4
,"65-74 years","65-74","Illinois","17","2013","2013","Female","F",784,518308,151.3
,"65-74 years","65-74","Illinois","17","2013","2013","Male","M",1635,446471,366.2
,"65-74 years","65-74","Illinois","17","2014","2014","Female","F",886,537595,164.8
,"65-74 years","65-74","Illinois","17","2014","2014","Male","M",1668,464527,359.1
,"65-74 years","65-74","Illinois","17","2015","2015","Female","F",842,556422,151.3
,"65-74 years","65-74","Illinois","17","2015","2015","Male","M",1645,482407,341.0
,"65-74 years","65-74","Illinois","17","2016","2016","Female","F",838,574543,145.9
,"65-74 years","65-74","Illinois","17","2016","2016","Male","M",1657,498300,332.5
,"65-74 years","65-74","Illinois","17","2017","2017","Female","F",851,597396,142.5
,"65-74 years","65-74","Illinois","17","2017","2017","Male","M",1719,519593,330.8
,"65-74 years","65-74","Illinois","17","2018","2018","Female","F",783,610365,128.3
,"65-74 years","65-74","Illinois","17","2018","2018","Male","M",1673,531888,314.5
,"65-74 years","65-74","Illinois","17","2019","2019","Female","F",825,628221,131.3
,"65-74 years","65-74","Illinois","17","2019","2019","Male","M",1666,547812,304.1
,"65-74 years","65-74","Illinois","17","2020","2020","Female","F",923,647539,142.5
,"65-74 years","65-74","Illinois","17","2020","2020","Male","M",1811,564202,321.0
,"65-74 years","65-74","Indiana","18","1999","1999","Female","F",926,220238,420.5
,"65-74 years","65-74","Indiana","18","1999","1999","Male","M",1398,176842,790.5
,"65-74 years","65-74","Indiana","18","2000","2000","Female","F",828,218541,378.9
,"65-74 years","65-74","Indiana","18","2000","2000","Male","M",1284,176852,726.0
,"65-74 years","65-74","Indiana","18","2001","2001","Female","F",690,216167,319.2
,"65-74 years","65-74","Indiana","18","2001","2001","Male","M",1223,176859,691.5
,"65-74 years","65-74","Indiana","18","2002","2002","Female","F",701,214263,327.2
,"65-74 years","65-74","Indiana","18","2002","2002","Male","M",1218,176316,690.8
,"65-74 years","65-74","Indiana","18","2003","2003","Female","F",668,214476,311.5
,"65-74 years","65-74","Indiana","18","2003","2003","Male","M",1159,177564,652.7
,"65-74 years","65-74","Indiana","18","2004","2004","Female","F",607,215019,282.3
,"65-74 years","65-74","Indiana","18","2004","2004","Male","M",1014,179451,565.1
,"65-74 years","65-74","Indiana","18","2005","2005","Female","F",615,215815,285.0
,"65-74 years","65-74","Indiana","18","2005","2005","Male","M",959,181789,527.5
,"65-74 years","65-74","Indiana","18","2006","2006","Female","F",557,219124,254.2
,"65-74 years","65-74","Indiana","18","2006","2006","Male","M",1018,185820,547.8
,"65-74 years","65-74","Indiana","18","2007","2007","Female","F",494,223926,220.6
,"65-74 years","65-74","Indiana","18","2007","2007","Male","M",901,191028,471.7
,"65-74 years","65-74","Indiana","18","2008","2008","Female","F",465,231416,200.9
,"65-74 years","65-74","Indiana","18","2008","2008","Male","M",893,199194,448.3
,"65-74 years","65-74","Indiana","18","2009","2009","Female","F",485,237903,203.9
,"65-74 years","65-74","Indiana","18","2009","2009","Male","M",920,205591,447.5
,"65-74 years","65-74","Indiana","18","2010","2010","Female","F",464,242155,191.6
,"65-74 years","65-74","Indiana","18","2010","2010","Male","M",883,210180,420.1
,"65-74 years","65-74","Indiana","18","2011","2011","Female","F",500,248234,201.4
,"65-74 years","65-74","Indiana","18","2011","2011","Male","M",872,216555,402.7
,"65-74 years","65-74","Indiana","18","2012","2012","Female","F",523,263283,198.6
,"65-74 years","65-74","Indiana","18","2012","2012","Male","M",916,230271,397.8
,"65-74 years","65-74","Indiana","18","2013","2013","Female","F",489,274023,178.5
,"65-74 years","65-74","Indiana","18","2013","2013","Male","M",945,240500,392.9
,"65-74 years","65-74","Indiana","18","2014","2014","Female","F",503,285392,176.2
,"65-74 years","65-74","Indiana","18","2014","2014","Male","M",955,250719,380.9
,"65-74 years","65-74","Indiana","18","2015","2015","Female","F",532,296025,179.7
,"65-74 years","65-74","Indiana","18","2015","2015","Male","M",1019,260667,390.9
,"65-74 years","65-74","Indiana","18","2016","2016","Female","F",491,306355,160.3
,"65-74 years","65-74","Indiana","18","2016","2016","Male","M",1061,270023,392.9
,"65-74 years","65-74","Indiana","18","2017","2017","Female","F",573,317937,180.2
,"65-74 years","65-74","Indiana","18","2017","2017","Male","M",1088,281007,387.2
,"65-74 years","65-74","Indiana","18","2018","2018","Female","F",565,326700,172.9
,"65-74 years","65-74","Indiana","18","2018","2018","Male","M",1106,288881,382.9
,"65-74 years","65-74","Indiana","18","2019","2019","Female","F",532,337651,157.6
,"65-74 years","65-74","Indiana","18","2019","2019","Male","M",1077,299086,360.1
,"65-74 years","65-74","Indiana","18","2020","2020","Female","F",578,349638,165.3
,"65-74 years","65-74","Indiana","18","2020","2020","Male","M",1220,309244,394.5
,"65-74 years","65-74","Iowa","19","1999","1999","Female","F",381,116526,327.0
,"65-74 years","65-74","Iowa","19","1999","1999","Male","M",719,96751,743.1
,"65-74 years","65-74","Iowa","19","2000","2000","Female","F",371,115544,321.1
,"65-74 years","65-74","Iowa","19","2000","2000","Male","M",676,96391,701.3
,"65-74 years","65-74","Iowa","19","2001","2001","Female","F",332,113871,291.6
,"65-74 years","65-74","Iowa","19","2001","2001","Male","M",653,95508,683.7
,"65-74 years","65-74","Iowa","19","2002","2002","Female","F",325,112661,288.5
,"65-74 years","65-74","Iowa","19","2002","2002","Male","M",597,94710,630.3
,"65-74 years","65-74","Iowa","19","2003","2003","Female","F",304,111886,271.7
,"65-74 years","65-74","Iowa","19","2003","2003","Male","M",544,94479,575.8
,"65-74 years","65-74","Iowa","19","2004","2004","Female","F",284,111623,254.4
,"65-74 years","65-74","Iowa","19","2004","2004","Male","M",511,94762,539.2
,"65-74 years","65-74","Iowa","19","2005","2005","Female","F",263,111273,236.4
,"65-74 years","65-74","Iowa","19","2005","2005","Male","M",479,95691,500.6
,"65-74 years","65-74","Iowa","19","2006","2006","Female","F",237,111904,211.8
,"65-74 years","65-74","Iowa","19","2006","2006","Male","M",495,96745,511.7
,"65-74 years","65-74","Iowa","19","2007","2007","Female","F",237,112951,209.8
,"65-74 years","65-74","Iowa","19","2007","2007","Male","M",462,99020,466.6
,"65-74 years","65-74","Iowa","19","2008","2008","Female","F",259,115483,224.3
,"65-74 years","65-74","Iowa","19","2008","2008","Male","M",490,101833,481.2
,"65-74 years","65-74","Iowa","19","2009","2009","Female","F",216,117817,183.3
,"65-74 years","65-74","Iowa","19","2009","2009","Male","M",505,104381,483.8
,"65-74 years","65-74","Iowa","19","2010","2010","Female","F",245,118874,206.1
,"65-74 years","65-74","Iowa","19","2010","2010","Male","M",464,105782,438.6
,"65-74 years","65-74","Iowa","19","2011","2011","Female","F",226,120452,187.6
,"65-74 years","65-74","Iowa","19","2011","2011","Male","M",453,107898,419.8
,"65-74 years","65-74","Iowa","19","2012","2012","Female","F",228,126388,180.4
,"65-74 years","65-74","Iowa","19","2012","2012","Male","M",472,114156,413.5
,"65-74 years","65-74","Iowa","19","2013","2013","Female","F",238,131046,181.6
,"65-74 years","65-74","Iowa","19","2013","2013","Male","M",497,119229,416.8
,"65-74 years","65-74","Iowa","19","2014","2014","Female","F",229,135768,168.7
,"65-74 years","65-74","Iowa","19","2014","2014","Male","M",484,124180,389.8
,"65-74 years","65-74","Iowa","19","2015","2015","Female","F",242,140730,172.0
,"65-74 years","65-74","Iowa","19","2015","2015","Male","M",468,129726,360.8
,"65-74 years","65-74","Iowa","19","2016","2016","Female","F",227,145964,155.5
,"65-74 years","65-74","Iowa","19","2016","2016","Male","M",541,135082,400.5
,"65-74 years","65-74","Iowa","19","2017","2017","Female","F",275,151087,182.0
,"65-74 years","65-74","Iowa","19","2017","2017","Male","M",510,140424,363.2
,"65-74 years","65-74","Iowa","19","2018","2018","Female","F",245,155752,157.3
,"65-74 years","65-74","Iowa","19","2018","2018","Male","M",588,145121,405.2
,"65-74 years","65-74","Iowa","19","2019","2019","Female","F",236,161188,146.4
,"65-74 years","65-74","Iowa","19","2019","2019","Male","M",585,150259,389.3
,"65-74 years","65-74","Iowa","19","2020","2020","Female","F",296,167265,177.0
,"65-74 years","65-74","Iowa","19","2020","2020","Male","M",650,156084,416.4
,"65-74 years","65-74","Kansas","20","1999","1999","Female","F",280,96854,289.1
,"65-74 years","65-74","Kansas","20","1999","1999","Male","M",520,80409,646.7
,"65-74 years","65-74","Kansas","20","2000","2000","Female","F",292,95966,304.3
,"65-74 years","65-74","Kansas","20","2000","2000","Male","M",490,79950,612.9
,"65-74 years","65-74","Kansas","20","2001","2001","Female","F",266,94469,281.6
,"65-74 years","65-74","Kansas","20","2001","2001","Male","M",472,79444,594.1
,"65-74 years","65-74","Kansas","20","2002","2002","Female","F",227,93270,243.4
,"65-74 years","65-74","Kansas","20","2002","2002","Male","M",451,78903,571.6
,"65-74 years","65-74","Kansas","20","2003","2003","Female","F",214,92786,230.6
,"65-74 years","65-74","Kansas","20","2003","2003","Male","M",399,78712,506.9
,"65-74 years","65-74","Kansas","20","2004","2004","Female","F",200,92561,216.1
,"65-74 years","65-74","Kansas","20","2004","2004","Male","M",363,79199,458.3
,"65-74 years","65-74","Kansas","20","2005","2005","Female","F",192,92505,207.6
,"65-74 years","65-74","Kansas","20","2005","2005","Male","M",372,79622,467.2
,"65-74 years","65-74","Kansas","20","2006","2006","Female","F",197,93163,211.5
,"65-74 years","65-74","Kansas","20","2006","2006","Male","M",355,80513,440.9
,"65-74 years","65-74","Kansas","20","2007","2007","Female","F",172,94370,182.3
,"65-74 years","65-74","Kansas","20","2007","2007","Male","M",332,82032,404.7
,"65-74 years","65-74","Kansas","20","2008","2008","Female","F",173,96634,179.0
,"65-74 years","65-74","Kansas","20","2008","2008","Male","M",326,84898,384.0
,"65-74 years","65-74","Kansas","20","2009","2009","Female","F",156,99275,157.1
,"65-74 years","65-74","Kansas","20","2009","2009","Male","M",309,87605,352.7
,"65-74 years","65-74","Kansas","20","2010","2010","Female","F",140,101009,138.6
,"65-74 years","65-74","Kansas","20","2010","2010","Male","M",322,89380,360.3
,"65-74 years","65-74","Kansas","20","2011","2011","Female","F",139,103326,134.5
,"65-74 years","65-74","Kansas","20","2011","2011","Male","M",306,91934,332.8
,"65-74 years","65-74","Kansas","20","2012","2012","Female","F",141,109101,129.2
,"65-74 years","65-74","Kansas","20","2012","2012","Male","M",348,97729,356.1
,"65-74 years","65-74","Kansas","20","2013","2013","Female","F",165,113629,145.2
,"65-74 years","65-74","Kansas","20","2013","2013","Male","M",323,102915,313.9
,"65-74 years","65-74","Kansas","20","2014","2014","Female","F",153,118115,129.5
,"65-74 years","65-74","Kansas","20","2014","2014","Male","M",376,107468,349.9
,"65-74 years","65-74","Kansas","20","2015","2015","Female","F",141,122891,114.7
,"65-74 years","65-74","Kansas","20","2015","2015","Male","M",403,112377,358.6
,"65-74 years","65-74","Kansas","20","2016","2016","Female","F",185,127846,144.7
,"65-74 years","65-74","Kansas","20","2016","2016","Male","M",400,117150,341.4
,"65-74 years","65-74","Kansas","20","2017","2017","Female","F",195,133006,146.6
,"65-74 years","65-74","Kansas","20","2017","2017","Male","M",457,122051,374.4
,"65-74 years","65-74","Kansas","20","2018","2018","Female","F",212,136902,154.9
,"65-74 years","65-74","Kansas","20","2018","2018","Male","M",478,125955,379.5
,"65-74 years","65-74","Kansas","20","2019","2019","Female","F",237,142043,166.9
,"65-74 years","65-74","Kansas","20","2019","2019","Male","M",524,130193,402.5
,"65-74 years","65-74","Kansas","20","2020","2020","Female","F",256,147299,173.8
,"65-74 years","65-74","Kansas","20","2020","2020","Male","M",506,135159,374.4
,"65-74 years","65-74","Kentucky","21","1999","1999","Female","F",638,151598,420.8
,"65-74 years","65-74","Kentucky","21","1999","1999","Male","M",1091,122420,891.2
,"65-74 years","65-74","Kentucky","21","2000","2000","Female","F",623,151145,412.2
,"65-74 years","65-74","Kentucky","21","2000","2000","Male","M",990,122798,806.2
,"65-74 years","65-74","Kentucky","21","2001","2001","Female","F",561,150751,372.1
,"65-74 years","65-74","Kentucky","21","2001","2001","Male","M",921,123599,745.2
,"65-74 years","65-74","Kentucky","21","2002","2002","Female","F",539,150023,359.3
,"65-74 years","65-74","Kentucky","21","2002","2002","Male","M",939,124071,756.8
,"65-74 years","65-74","Kentucky","21","2003","2003","Female","F",496,151159,328.1
,"65-74 years","65-74","Kentucky","21","2003","2003","Male","M",820,125708,652.3
,"65-74 years","65-74","Kentucky","21","2004","2004","Female","F",444,152619,290.9
,"65-74 years","65-74","Kentucky","21","2004","2004","Male","M",837,128062,653.6
,"65-74 years","65-74","Kentucky","21","2005","2005","Female","F",483,154669,312.3
,"65-74 years","65-74","Kentucky","21","2005","2005","Male","M",808,130872,617.4
,"65-74 years","65-74","Kentucky","21","2006","2006","Female","F",461,158043,291.7
,"65-74 years","65-74","Kentucky","21","2006","2006","Male","M",769,134543,571.6
,"65-74 years","65-74","Kentucky","21","2007","2007","Female","F",425,161637,262.9
,"65-74 years","65-74","Kentucky","21","2007","2007","Male","M",738,138817,531.6
,"65-74 years","65-74","Kentucky","21","2008","2008","Female","F",420,166792,251.8
,"65-74 years","65-74","Kentucky","21","2008","2008","Male","M",769,144387,532.6
,"65-74 years","65-74","Kentucky","21","2009","2009","Female","F",438,171024,256.1
,"65-74 years","65-74","Kentucky","21","2009","2009","Male","M",819,148690,550.8
,"65-74 years","65-74","Kentucky","21","2010","2010","Female","F",398,173737,229.1
,"65-74 years","65-74","Kentucky","21","2010","2010","Male","M",712,151577,469.7
,"65-74 years","65-74","Kentucky","21","2011","2011","Female","F",387,178361,217.0
,"65-74 years","65-74","Kentucky","21","2011","2011","Male","M",755,156185,483.4
,"65-74 years","65-74","Kentucky","21","2012","2012","Female","F",390,189118,206.2
,"65-74 years","65-74","Kentucky","21","2012","2012","Male","M",792,166180,476.6
,"65-74 years","65-74","Kentucky","21","2013","2013","Female","F",403,196655,204.9
,"65-74 years","65-74","Kentucky","21","2013","2013","Male","M",792,173473,456.6
,"65-74 years","65-74","Kentucky","21","2014","2014","Female","F",437,204672,213.5
,"65-74 years","65-74","Kentucky","21","2014","2014","Male","M",775,180715,428.9
,"65-74 years","65-74","Kentucky","21","2015","2015","Female","F",431,211674,203.6
,"65-74 years","65-74","Kentucky","21","2015","2015","Male","M",788,187192,421.0
,"65-74 years","65-74","Kentucky","21","2016","2016","Female","F",450,218480,206.0
,"65-74 years","65-74","Kentucky","21","2016","2016","Male","M",884,193207,457.5
,"65-74 years","65-74","Kentucky","21","2017","2017","Female","F",436,225910,193.0
,"65-74 years","65-74","Kentucky","21","2017","2017","Male","M",847,199483,424.6
,"65-74 years","65-74","Kentucky","21","2018","2018","Female","F",469,231403,202.7
,"65-74 years","65-74","Kentucky","21","2018","2018","Male","M",905,203802,444.1
,"65-74 years","65-74","Kentucky","21","2019","2019","Female","F",439,238221,184.3
,"65-74 years","65-74","Kentucky","21","2019","2019","Male","M",891,209655,425.0
,"65-74 years","65-74","Kentucky","21","2020","2020","Female","F",472,246242,191.7
,"65-74 years","65-74","Kentucky","21","2020","2020","Male","M",925,216120,428.0
,"65-74 years","65-74","Louisiana","22","1999","1999","Female","F",655,158779,412.5
,"65-74 years","65-74","Louisiana","22","1999","1999","Male","M",1042,124854,834.6
,"65-74 years","65-74","Louisiana","22","2000","2000","Female","F",587,158122,371.2
,"65-74 years","65-74","Louisiana","22","2000","2000","Male","M",931,124803,746.0
,"65-74 years","65-74","Louisiana","22","2001","2001","Female","F",554,156841,353.2
,"65-74 years","65-74","Louisiana","22","2001","2001","Male","M",880,124905,704.5
,"65-74 years","65-74","Louisiana","22","2002","2002","Female","F",532,156044,340.9
,"65-74 years","65-74","Louisiana","22","2002","2002","Male","M",879,125371,701.1
,"65-74 years","65-74","Louisiana","22","2003","2003","Female","F",505,156180,323.3
,"65-74 years","65-74","Louisiana","22","2003","2003","Male","M",846,126678,667.8
,"65-74 years","65-74","Louisiana","22","2004","2004","Female","F",528,156689,337.0
,"65-74 years","65-74","Louisiana","22","2004","2004","Male","M",824,127780,644.9
,"65-74 years","65-74","Louisiana","22","2005","2005","Female","F",471,158022,298.1
,"65-74 years","65-74","Louisiana","22","2005","2005","Male","M",808,129788,622.6
,"65-74 years","65-74","Louisiana","22","2006","2006","Female","F",390,152425,255.9
,"65-74 years","65-74","Louisiana","22","2006","2006","Male","M",737,127093,579.9
,"65-74 years","65-74","Louisiana","22","2007","2007","Female","F",390,155441,250.9
,"65-74 years","65-74","Louisiana","22","2007","2007","Male","M",649,130325,498.0
,"65-74 years","65-74","Louisiana","22","2008","2008","Female","F",373,160689,232.1
,"65-74 years","65-74","Louisiana","22","2008","2008","Male","M",656,135103,485.6
,"65-74 years","65-74","Louisiana","22","2009","2009","Female","F",403,165449,243.6
,"65-74 years","65-74","Louisiana","22","2009","2009","Male","M",736,140115,525.3
,"65-74 years","65-74","Louisiana","22","2010","2010","Female","F",386,168743,228.8
,"65-74 years","65-74","Louisiana","22","2010","2010","Male","M",681,143251,475.4
,"65-74 years","65-74","Louisiana","22","2011","2011","Female","F",400,173951,229.9
,"65-74 years","65-74","Louisiana","22","2011","2011","Male","M",699,147963,472.4
,"65-74 years","65-74","Louisiana","22","2012","2012","Female","F",401,184160,217.7
,"65-74 years","65-74","Louisiana","22","2012","2012","Male","M",722,157496,458.4
,"65-74 years","65-74","Louisiana","22","2013","2013","Female","F",393,190752,206.0
,"65-74 years","65-74","Louisiana","22","2013","2013","Male","M",734,164406,446.5
,"65-74 years","65-74","Louisiana","22","2014","2014","Female","F",426,199012,214.1
,"65-74 years","65-74","Louisiana","22","2014","2014","Male","M",756,171720,440.3
,"65-74 years","65-74","Louisiana","22","2015","2015","Female","F",422,207108,203.8
,"65-74 years","65-74","Louisiana","22","2015","2015","Male","M",792,178863,442.8
,"65-74 years","65-74","Louisiana","22","2016","2016","Female","F",421,215742,195.1
,"65-74 years","65-74","Louisiana","22","2016","2016","Male","M",786,186167,422.2
,"65-74 years","65-74","Louisiana","22","2017","2017","Female","F",412,223518,184.3
,"65-74 years","65-74","Louisiana","22","2017","2017","Male","M",805,192901,417.3
,"65-74 years","65-74","Louisiana","22","2018","2018","Female","F",436,229691,189.8
,"65-74 years","65-74","Louisiana","22","2018","2018","Male","M",796,198255,401.5
,"65-74 years","65-74","Louisiana","22","2019","2019","Female","F",439,237804,184.6
,"65-74 years","65-74","Louisiana","22","2019","2019","Male","M",791,204730,386.4
,"65-74 years","65-74","Louisiana","22","2020","2020","Female","F",510,246268,207.1
,"65-74 years","65-74","Louisiana","22","2020","2020","Male","M",940,212014,443.4
,"65-74 years","65-74","Maine","23","1999","1999","Female","F",171,52176,327.7
,"65-74 years","65-74","Maine","23","1999","1999","Male","M",289,43798,659.8
,"65-74 years","65-74","Maine","23","2000","2000","Female","F",140,52062,268.9
,"65-74 years","65-74","Maine","23","2000","2000","Male","M",275,44134,623.1
,"65-74 years","65-74","Maine","23","2001","2001","Female","F",146,51735,282.2
,"65-74 years","65-74","Maine","23","2001","2001","Male","M",237,44488,532.7
,"65-74 years","65-74","Maine","23","2002","2002","Female","F",130,51513,252.4
,"65-74 years","65-74","Maine","23","2002","2002","Male","M",259,44833,577.7
,"65-74 years","65-74","Maine","23","2003","2003","Female","F",116,51548,225.0
,"65-74 years","65-74","Maine","23","2003","2003","Male","M",235,45101,521.1
,"65-74 years","65-74","Maine","23","2004","2004","Female","F",105,51643,203.3
,"65-74 years","65-74","Maine","23","2004","2004","Male","M",219,45516,481.1
,"65-74 years","65-74","Maine","23","2005","2005","Female","F",113,51916,217.7
,"65-74 years","65-74","Maine","23","2005","2005","Male","M",199,45942,433.2
,"65-74 years","65-74","Maine","23","2006","2006","Female","F",92,52447,175.4
,"65-74 years","65-74","Maine","23","2006","2006","Male","M",183,46900,390.2
,"65-74 years","65-74","Maine","23","2007","2007","Female","F",76,53413,142.3
,"65-74 years","65-74","Maine","23","2007","2007","Male","M",195,48176,404.8
,"65-74 years","65-74","Maine","23","2008","2008","Female","F",72,55760,129.1
,"65-74 years","65-74","Maine","23","2008","2008","Male","M",209,50222,416.2
,"65-74 years","65-74","Maine","23","2009","2009","Female","F",87,57707,150.8
,"65-74 years","65-74","Maine","23","2009","2009","Male","M",163,52322,311.5
,"65-74 years","65-74","Maine","23","2010","2010","Female","F",77,58985,130.5
,"65-74 years","65-74","Maine","23","2010","2010","Male","M",187,53666,348.5
,"65-74 years","65-74","Maine","23","2011","2011","Female","F",87,60902,142.9
,"65-74 years","65-74","Maine","23","2011","2011","Male","M",168,55811,301.0
,"65-74 years","65-74","Maine","23","2012","2012","Female","F",56,65272,85.8
,"65-74 years","65-74","Maine","23","2012","2012","Male","M",151,60419,249.9
,"65-74 years","65-74","Maine","23","2013","2013","Female","F",77,68939,111.7
,"65-74 years","65-74","Maine","23","2013","2013","Male","M",192,64431,298.0
,"65-74 years","65-74","Maine","23","2014","2014","Female","F",79,72610,108.8
,"65-74 years","65-74","Maine","23","2014","2014","Male","M",186,67766,274.5
,"65-74 years","65-74","Maine","23","2015","2015","Female","F",102,75612,134.9
,"65-74 years","65-74","Maine","23","2015","2015","Male","M",208,70801,293.8
,"65-74 years","65-74","Maine","23","2016","2016","Female","F",87,78904,110.3
,"65-74 years","65-74","Maine","23","2016","2016","Male","M",241,73427,328.2
,"65-74 years","65-74","Maine","23","2017","2017","Female","F",75,82294,91.1
,"65-74 years","65-74","Maine","23","2017","2017","Male","M",217,76226,284.7
,"65-74 years","65-74","Maine","23","2018","2018","Female","F",85,84981,100.0
,"65-74 years","65-74","Maine","23","2018","2018","Male","M",217,78386,276.8
,"65-74 years","65-74","Maine","23","2019","2019","Female","F",90,88114,102.1
,"65-74 years","65-74","Maine","23","2019","2019","Male","M",226,80965,279.1
,"65-74 years","65-74","Maine","23","2020","2020","Female","F",99,91480,108.2
,"65-74 years","65-74","Maine","23","2020","2020","Male","M",222,83888,264.6
,"65-74 years","65-74","Maryland","24","1999","1999","Female","F",697,178319,390.9
,"65-74 years","65-74","Maryland","24","1999","1999","Male","M",1051,143252,733.7
,"65-74 years","65-74","Maryland","24","2000","2000","Female","F",654,177294,368.9
,"65-74 years","65-74","Maryland","24","2000","2000","Male","M",1069,143991,742.4
,"65-74 years","65-74","Maryland","24","2001","2001","Female","F",643,177305,362.7
,"65-74 years","65-74","Maryland","24","2001","2001","Male","M",1035,145471,711.5
,"65-74 years","65-74","Maryland","24","2002","2002","Female","F",611,177342,344.5
,"65-74 years","65-74","Maryland","24","2002","2002","Male","M",912,146260,623.5
,"65-74 years","65-74","Maryland","24","2003","2003","Female","F",602,177903,338.4
,"65-74 years","65-74","Maryland","24","2003","2003","Male","M",902,148234,608.5
,"65-74 years","65-74","Maryland","24","2004","2004","Female","F",554,179254,309.1
,"65-74 years","65-74","Maryland","24","2004","2004","Male","M",824,149996,549.3
,"65-74 years","65-74","Maryland","24","2005","2005","Female","F",522,180874,288.6
,"65-74 years","65-74","Maryland","24","2005","2005","Male","M",781,151880,514.2
,"65-74 years","65-74","Maryland","24","2006","2006","Female","F",490,183363,267.2
,"65-74 years","65-74","Maryland","24","2006","2006","Male","M",760,153800,494.1
,"65-74 years","65-74","Maryland","24","2007","2007","Female","F",497,188573,263.6
,"65-74 years","65-74","Maryland","24","2007","2007","Male","M",784,158195,495.6
,"65-74 years","65-74","Maryland","24","2008","2008","Female","F",434,196609,220.7
,"65-74 years","65-74","Maryland","24","2008","2008","Male","M",791,166614,474.8
,"65-74 years","65-74","Maryland","24","2009","2009","Female","F",459,204019,225.0
,"65-74 years","65-74","Maryland","24","2009","2009","Male","M",778,172684,450.5
,"65-74 years","65-74","Maryland","24","2010","2010","Female","F",439,209326,209.7
,"65-74 years","65-74","Maryland","24","2010","2010","Male","M",725,177031,409.5
,"65-74 years","65-74","Maryland","24","2011","2011","Female","F",387,217701,177.8
,"65-74 years","65-74","Maryland","24","2011","2011","Male","M",739,184518,400.5
,"65-74 years","65-74","Maryland","24","2012","2012","Female","F",424,233526,181.6
,"65-74 years","65-74","Maryland","24","2012","2012","Male","M",696,197835,351.8
,"65-74 years","65-74","Maryland","24","2013","2013","Female","F",417,247074,168.8
,"65-74 years","65-74","Maryland","24","2013","2013","Male","M",755,209278,360.8
,"65-74 years","65-74","Maryland","24","2014","2014","Female","F",438,259099,169.0
,"65-74 years","65-74","Maryland","24","2014","2014","Male","M",791,218242,362.4
,"65-74 years","65-74","Maryland","24","2015","2015","Female","F",418,270223,154.7
,"65-74 years","65-74","Maryland","24","2015","2015","Male","M",775,227573,340.6
,"65-74 years","65-74","Maryland","24","2016","2016","Female","F",424,280597,151.1
,"65-74 years","65-74","Maryland","24","2016","2016","Male","M",833,235525,353.7
,"65-74 years","65-74","Maryland","24","2017","2017","Female","F",480,290497,165.2
,"65-74 years","65-74","Maryland","24","2017","2017","Male","M",834,243078,343.1
,"65-74 years","65-74","Maryland","24","2018","2018","Female","F",461,297546,154.9
,"65-74 years","65-74","Maryland","24","2018","2018","Male","M",833,247906,336.0
,"65-74 years","65-74","Maryland","24","2019","2019","Female","F",443,306408,144.6
,"65-74 years","65-74","Maryland","24","2019","2019","Male","M",842,255174,330.0
,"65-74 years","65-74","Maryland","24","2020","2020","Female","F",543,315707,172.0
,"65-74 years","65-74","Maryland","24","2020","2020","Male","M",994,262802,378.2
,"65-74 years","65-74","Massachusetts","25","1999","1999","Female","F",638,240353,265.4
,"65-74 years","65-74","Massachusetts","25","1999","1999","Male","M",1181,190689,619.3
,"65-74 years","65-74","Massachusetts","25","2000","2000","Female","F",602,237532,253.4
,"65-74 years","65-74","Massachusetts","25","2000","2000","Male","M",1112,190298,584.3
,"65-74 years","65-74","Massachusetts","25","2001","2001","Female","F",603,232905,258.9
,"65-74 years","65-74","Massachusetts","25","2001","2001","Male","M",1066,188137,566.6
,"65-74 years","65-74","Massachusetts","25","2002","2002","Female","F",534,229103,233.1
,"65-74 years","65-74","Massachusetts","25","2002","2002","Male","M",944,185880,507.9
,"65-74 years","65-74","Massachusetts","25","2003","2003","Female","F",519,226055,229.6
,"65-74 years","65-74","Massachusetts","25","2003","2003","Male","M",898,184776,486.0
,"65-74 years","65-74","Massachusetts","25","2004","2004","Female","F",482,223455,215.7
,"65-74 years","65-74","Massachusetts","25","2004","2004","Male","M",783,183603,426.5
,"65-74 years","65-74","Massachusetts","25","2005","2005","Female","F",418,221588,188.6
,"65-74 years","65-74","Massachusetts","25","2005","2005","Male","M",802,183069,438.1
,"65-74 years","65-74","Massachusetts","25","2006","2006","Female","F",362,221662,163.3
,"65-74 years","65-74","Massachusetts","25","2006","2006","Male","M",698,183908,379.5
,"65-74 years","65-74","Massachusetts","25","2007","2007","Female","F",385,225319,170.9
,"65-74 years","65-74","Massachusetts","25","2007","2007","Male","M",729,187713,388.4
,"65-74 years","65-74","Massachusetts","25","2008","2008","Female","F",370,234014,158.1
,"65-74 years","65-74","Massachusetts","25","2008","2008","Male","M",678,196045,345.8
,"65-74 years","65-74","Massachusetts","25","2009","2009","Female","F",364,242089,150.4
,"65-74 years","65-74","Massachusetts","25","2009","2009","Male","M",652,203782,319.9
,"65-74 years","65-74","Massachusetts","25","2010","2010","Female","F",330,247542,133.3
,"65-74 years","65-74","Massachusetts","25","2010","2010","Male","M",682,208918,326.4
,"65-74 years","65-74","Massachusetts","25","2011","2011","Female","F",296,256242,115.5
,"65-74 years","65-74","Massachusetts","25","2011","2011","Male","M",684,217245,314.9
,"65-74 years","65-74","Massachusetts","25","2012","2012","Female","F",295,273937,107.7
,"65-74 years","65-74","Massachusetts","25","2012","2012","Male","M",654,234449,279.0
,"65-74 years","65-74","Massachusetts","25","2013","2013","Female","F",329,289122,113.8
,"65-74 years","65-74","Massachusetts","25","2013","2013","Male","M",725,248336,291.9
,"65-74 years","65-74","Massachusetts","25","2014","2014","Female","F",314,302511,103.8
,"65-74 years","65-74","Massachusetts","25","2014","2014","Male","M",771,260285,296.2
,"65-74 years","65-74","Massachusetts","25","2015","2015","Female","F",335,316089,106.0
,"65-74 years","65-74","Massachusetts","25","2015","2015","Male","M",740,272511,271.5
,"65-74 years","65-74","Massachusetts","25","2016","2016","Female","F",325,329033,98.8
,"65-74 years","65-74","Massachusetts","25","2016","2016","Male","M",738,283498,260.3
,"65-74 years","65-74","Massachusetts","25","2017","2017","Female","F",323,341805,94.5
,"65-74 years","65-74","Massachusetts","25","2017","2017","Male","M",750,294906,254.3
,"65-74 years","65-74","Massachusetts","25","2018","2018","Female","F",330,351458,93.9
,"65-74 years","65-74","Massachusetts","25","2018","2018","Male","M",764,302371,252.7
,"65-74 years","65-74","Massachusetts","25","2019","2019","Female","F",320,361834,88.4
,"65-74 years","65-74","Massachusetts","25","2019","2019","Male","M",732,311471,235.0
,"65-74 years","65-74","Massachusetts","25","2020","2020","Female","F",322,372932,86.3
,"65-74 years","65-74","Massachusetts","25","2020","2020","Male","M",778,320909,242.4
,"65-74 years","65-74","Michigan","26","1999","1999","Female","F",1534,354509,432.7
,"65-74 years","65-74","Michigan","26","1999","1999","Male","M",2499,290962,858.9
,"65-74 years","65-74","Michigan","26","2000","2000","Female","F",1449,352273,411.3
,"65-74 years","65-74","Michigan","26","2000","2000","Male","M",2304,290607,792.8
,"65-74 years","65-74","Michigan","26","2001","2001","Female","F",1297,348357,372.3
,"65-74 years","65-74","Michigan","26","2001","2001","Male","M",2162,289528,746.7
,"65-74 years","65-74","Michigan","26","2002","2002","Female","F",1257,344974,364.4
,"65-74 years","65-74","Michigan","26","2002","2002","Male","M",2046,287483,711.7
,"65-74 years","65-74","Michigan","26","2003","2003","Female","F",1176,343494,342.4
,"65-74 years","65-74","Michigan","26","2003","2003","Male","M",1814,287975,629.9
,"65-74 years","65-74","Michigan","26","2004","2004","Female","F",1113,343967,323.6
,"65-74 years","65-74","Michigan","26","2004","2004","Male","M",1713,290025,590.6
,"65-74 years","65-74","Michigan","26","2005","2005","Female","F",991,343623,288.4
,"65-74 years","65-74","Michigan","26","2005","2005","Male","M",1725,292491,589.8
,"65-74 years","65-74","Michigan","26","2006","2006","Female","F",992,345995,286.7
,"65-74 years","65-74","Michigan","26","2006","2006","Male","M",1568,297151,527.7
,"65-74 years","65-74","Michigan","26","2007","2007","Female","F",909,353860,256.9
,"65-74 years","65-74","Michigan","26","2007","2007","Male","M",1623,306374,529.7
,"65-74 years","65-74","Michigan","26","2008","2008","Female","F",949,367420,258.3
,"65-74 years","65-74","Michigan","26","2008","2008","Male","M",1640,320984,510.9
,"65-74 years","65-74","Michigan","26","2009","2009","Female","F",862,378303,227.9
,"65-74 years","65-74","Michigan","26","2009","2009","Male","M",1603,332723,481.8
,"65-74 years","65-74","Michigan","26","2010","2010","Female","F",868,384673,225.6
,"65-74 years","65-74","Michigan","26","2010","2010","Male","M",1574,340036,462.9
,"65-74 years","65-74","Michigan","26","2011","2011","Female","F",879,394906,222.6
,"65-74 years","65-74","Michigan","26","2011","2011","Male","M",1647,350647,469.7
,"65-74 years","65-74","Michigan","26","2012","2012","Female","F",987,420254,234.9
,"65-74 years","65-74","Michigan","26","2012","2012","Male","M",1723,375600,458.7
,"65-74 years","65-74","Michigan","26","2013","2013","Female","F",965,440599,219.0
,"65-74 years","65-74","Michigan","26","2013","2013","Male","M",1748,394840,442.7
,"65-74 years","65-74","Michigan","26","2014","2014","Female","F",972,460250,211.2
,"65-74 years","65-74","Michigan","26","2014","2014","Male","M",1902,411495,462.2
,"65-74 years","65-74","Michigan","26","2015","2015","Female","F",941,478492,196.7
,"65-74 years","65-74","Michigan","26","2015","2015","Male","M",1919,428648,447.7
,"65-74 years","65-74","Michigan","26","2016","2016","Female","F",1011,496313,203.7
,"65-74 years","65-74","Michigan","26","2016","2016","Male","M",2020,444622,454.3
,"65-74 years","65-74","Michigan","26","2017","2017","Female","F",1006,516469,194.8
,"65-74 years","65-74","Michigan","26","2017","2017","Male","M",2044,462749,441.7
,"65-74 years","65-74","Michigan","26","2018","2018","Female","F",993,530246,187.3
,"65-74 years","65-74","Michigan","26","2018","2018","Male","M",1988,474456,419.0
,"65-74 years","65-74","Michigan","26","2019","2019","Female","F",1026,547810,187.3
,"65-74 years","65-74","Michigan","26","2019","2019","Male","M",2004,489770,409.2
,"65-74 years","65-74","Michigan","26","2020","2020","Female","F",1122,568326,197.4
,"65-74 years","65-74","Michigan","26","2020","2020","Male","M",2221,506436,438.6
,"65-74 years","65-74","Minnesota","27","1999","1999","Female","F",315,158866,198.3
,"65-74 years","65-74","Minnesota","27","1999","1999","Male","M",735,136569,538.2
,"65-74 years","65-74","Minnesota","27","2000","2000","Female","F",288,158472,181.7
,"65-74 years","65-74","Minnesota","27","2000","2000","Male","M",675,137353,491.4
,"65-74 years","65-74","Minnesota","27","2001","2001","Female","F",286,157913,181.1
,"65-74 years","65-74","Minnesota","27","2001","2001","Male","M",627,137524,455.9
,"65-74 years","65-74","Minnesota","27","2002","2002","Female","F",232,157723,147.1
,"65-74 years","65-74","Minnesota","27","2002","2002","Male","M",582,137940,421.9
,"65-74 years","65-74","Minnesota","27","2003","2003","Female","F",233,158178,147.3
,"65-74 years","65-74","Minnesota","27","2003","2003","Male","M",537,139432,385.1
,"65-74 years","65-74","Minnesota","27","2004","2004","Female","F",182,159452,114.1
,"65-74 years","65-74","Minnesota","27","2004","2004","Male","M",476,141398,336.6
,"65-74 years","65-74","Minnesota","27","2005","2005","Female","F",221,160814,137.4
,"65-74 years","65-74","Minnesota","27","2005","2005","Male","M",462,143369,322.2
,"65-74 years","65-74","Minnesota","27","2006","2006","Female","F",177,164284,107.7
,"65-74 years","65-74","Minnesota","27","2006","2006","Male","M",426,146755,290.3
,"65-74 years","65-74","Minnesota","27","2007","2007","Female","F",188,168503,111.6
,"65-74 years","65-74","Minnesota","27","2007","2007","Male","M",393,151140,260.0
,"65-74 years","65-74","Minnesota","27","2008","2008","Female","F",170,175447,96.9
,"65-74 years","65-74","Minnesota","27","2008","2008","Male","M",413,158118,261.2
,"65-74 years","65-74","Minnesota","27","2009","2009","Female","F",158,181919,86.9
,"65-74 years","65-74","Minnesota","27","2009","2009","Male","M",428,164064,260.9
,"65-74 years","65-74","Minnesota","27","2010","2010","Female","F",155,186054,83.3
,"65-74 years","65-74","Minnesota","27","2010","2010","Male","M",396,168373,235.2
,"65-74 years","65-74","Minnesota","27","2011","2011","Female","F",151,192392,78.5
,"65-74 years","65-74","Minnesota","27","2011","2011","Male","M",422,175008,241.1
,"65-74 years","65-74","Minnesota","27","2012","2012","Female","F",166,204600,81.1
,"65-74 years","65-74","Minnesota","27","2012","2012","Male","M",429,187125,229.3
,"65-74 years","65-74","Minnesota","27","2013","2013","Female","F",150,215304,69.7
,"65-74 years","65-74","Minnesota","27","2013","2013","Male","M",463,197438,234.5
,"65-74 years","65-74","Minnesota","27","2014","2014","Female","F",146,224923,64.9
,"65-74 years","65-74","Minnesota","27","2014","2014","Male","M",458,206768,221.5
,"65-74 years","65-74","Minnesota","27","2015","2015","Female","F",174,234931,74.1
,"65-74 years","65-74","Minnesota","27","2015","2015","Male","M",470,216974,216.6
,"65-74 years","65-74","Minnesota","27","2016","2016","Female","F",181,245077,73.9
,"65-74 years","65-74","Minnesota","27","2016","2016","Male","M",487,227171,214.4
,"65-74 years","65-74","Minnesota","27","2017","2017","Female","F",158,255640,61.8
,"65-74 years","65-74","Minnesota","27","2017","2017","Male","M",526,237465,221.5
,"65-74 years","65-74","Minnesota","27","2018","2018","Female","F",196,264370,74.1
,"65-74 years","65-74","Minnesota","27","2018","2018","Male","M",544,245810,221.3
,"65-74 years","65-74","Minnesota","27","2019","2019","Female","F",188,275220,68.3
,"65-74 years","65-74","Minnesota","27","2019","2019","Male","M",564,255839,220.5
,"65-74 years","65-74","Minnesota","27","2020","2020","Female","F",219,286077,76.6
,"65-74 years","65-74","Minnesota","27","2020","2020","Male","M",538,266131,202.2
,"65-74 years","65-74","Mississippi","28","1999","1999","Female","F",514,104499,491.9
,"65-74 years","65-74","Mississippi","28","1999","1999","Male","M",756,80924,934.2
,"65-74 years","65-74","Mississippi","28","2000","2000","Female","F",444,104180,426.2
,"65-74 years","65-74","Mississippi","28","2000","2000","Male","M",720,81530,883.1
,"65-74 years","65-74","Mississippi","28","2001","2001","Female","F",442,104325,423.7
,"65-74 years","65-74","Mississippi","28","2001","2001","Male","M",661,82261,803.5
,"65-74 years","65-74","Mississippi","28","2002","2002","Female","F",419,103776,403.8
,"65-74 years","65-74","Mississippi","28","2002","2002","Male","M",622,82726,751.9
,"65-74 years","65-74","Mississippi","28","2003","2003","Female","F",351,104368,336.3
,"65-74 years","65-74","Mississippi","28","2003","2003","Male","M",595,83964,708.6
,"65-74 years","65-74","Mississippi","28","2004","2004","Female","F",328,105075,312.2
,"65-74 years","65-74","Mississippi","28","2004","2004","Male","M",549,85709,640.5
,"65-74 years","65-74","Mississippi","28","2005","2005","Female","F",318,106493,298.6
,"65-74 years","65-74","Mississippi","28","2005","2005","Male","M",551,87735,628.0
,"65-74 years","65-74","Mississippi","28","2006","2006","Female","F",296,107389,275.6
,"65-74 years","65-74","Mississippi","28","2006","2006","Male","M",520,88833,585.4
,"65-74 years","65-74","Mississippi","28","2007","2007","Female","F",310,109229,283.8
,"65-74 years","65-74","Mississippi","28","2007","2007","Male","M",504,90769,555.3
,"65-74 years","65-74","Mississippi","28","2008","2008","Female","F",267,111967,238.5
,"65-74 years","65-74","Mississippi","28","2008","2008","Male","M",528,93724,563.4
,"65-74 years","65-74","Mississippi","28","2009","2009","Female","F",281,114635,245.1
,"65-74 years","65-74","Mississippi","28","2009","2009","Male","M",531,96925,547.8
,"65-74 years","65-74","Mississippi","28","2010","2010","Female","F",265,116041,228.4
,"65-74 years","65-74","Mississippi","28","2010","2010","Male","M",454,98428,461.3
,"65-74 years","65-74","Mississippi","28","2011","2011","Female","F",268,118307,226.5
,"65-74 years","65-74","Mississippi","28","2011","2011","Male","M",462,100869,458.0
,"65-74 years","65-74","Mississippi","28","2012","2012","Female","F",269,124931,215.3
,"65-74 years","65-74","Mississippi","28","2012","2012","Male","M",526,107280,490.3
,"65-74 years","65-74","Mississippi","28","2013","2013","Female","F",299,128908,231.9
,"65-74 years","65-74","Mississippi","28","2013","2013","Male","M",520,111714,465.5
,"65-74 years","65-74","Mississippi","28","2014","2014","Female","F",277,133639,207.3
,"65-74 years","65-74","Mississippi","28","2014","2014","Male","M",524,115796,452.5
,"65-74 years","65-74","Mississippi","28","2015","2015","Female","F",295,138127,213.6
,"65-74 years","65-74","Mississippi","28","2015","2015","Male","M",511,119895,426.2
,"65-74 years","65-74","Mississippi","28","2016","2016","Female","F",275,142610,192.8
,"65-74 years","65-74","Mississippi","28","2016","2016","Male","M",518,123441,419.6
,"65-74 years","65-74","Mississippi","28","2017","2017","Female","F",274,147181,186.2
,"65-74 years","65-74","Mississippi","28","2017","2017","Male","M",597,126809,470.8
,"65-74 years","65-74","Mississippi","28","2018","2018","Female","F",312,150994,206.6
,"65-74 years","65-74","Mississippi","28","2018","2018","Male","M",566,129591,436.8
,"65-74 years","65-74","Mississippi","28","2019","2019","Female","F",330,155893,211.7
,"65-74 years","65-74","Mississippi","28","2019","2019","Male","M",638,133062,479.5
,"65-74 years","65-74","Mississippi","28","2020","2020","Female","F",379,160978,235.4
,"65-74 years","65-74","Mississippi","28","2020","2020","Male","M",694,137231,505.7
,"65-74 years","65-74","Missouri","29","1999","1999","Female","F",861,216029,398.6
,"65-74 years","65-74","Missouri","29","1999","1999","Male","M",1489,177894,837.0
,"65-74 years","65-74","Missouri","29","2000","2000","Female","F",814,215139,378.4
,"65-74 years","65-74","Missouri","29","2000","2000","Male","M",1410,178087,791.7
,"65-74 years","65-74","Missouri","29","2001","2001","Female","F",753,213419,352.8
,"65-74 years","65-74","Missouri","29","2001","2001","Male","M",1240,178283,695.5
,"65-74 years","65-74","Missouri","29","2002","2002","Female","F",664,212165,313.0
,"65-74 years","65-74","Missouri","29","2002","2002","Male","M",1287,178081,722.7
,"65-74 years","65-74","Missouri","29","2003","2003","Female","F",650,212039,306.5
,"65-74 years","65-74","Missouri","29","2003","2003","Male","M",1130,178812,631.9
,"65-74 years","65-74","Missouri","29","2004","2004","Female","F",626,213131,293.7
,"65-74 years","65-74","Missouri","29","2004","2004","Male","M",1095,180786,605.7
,"65-74 years","65-74","Missouri","29","2005","2005","Female","F",599,214425,279.4
,"65-74 years","65-74","Missouri","29","2005","2005","Male","M",1040,183215,567.6
,"65-74 years","65-74","Missouri","29","2006","2006","Female","F",578,217867,265.3
,"65-74 years","65-74","Missouri","29","2006","2006","Male","M",1035,187220,552.8
,"65-74 years","65-74","Missouri","29","2007","2007","Female","F",571,222373,256.8
,"65-74 years","65-74","Missouri","29","2007","2007","Male","M",964,192652,500.4
,"65-74 years","65-74","Missouri","29","2008","2008","Female","F",587,229847,255.4
,"65-74 years","65-74","Missouri","29","2008","2008","Male","M",999,199366,501.1
,"65-74 years","65-74","Missouri","29","2009","2009","Female","F",510,236410,215.7
,"65-74 years","65-74","Missouri","29","2009","2009","Male","M",989,205793,480.6
,"65-74 years","65-74","Missouri","29","2010","2010","Female","F",536,240498,222.9
,"65-74 years","65-74","Missouri","29","2010","2010","Male","M",992,209992,472.4
,"65-74 years","65-74","Missouri","29","2011","2011","Female","F",482,246150,195.8
,"65-74 years","65-74","Missouri","29","2011","2011","Male","M",991,215154,460.6
,"65-74 years","65-74","Missouri","29","2012","2012","Female","F",519,259717,199.8
,"65-74 years","65-74","Missouri","29","2012","2012","Male","M",999,227572,439.0
,"65-74 years","65-74","Missouri","29","2013","2013","Female","F",500,269602,185.5
,"65-74 years","65-74","Missouri","29","2013","2013","Male","M",994,237105,419.2
,"65-74 years","65-74","Missouri","29","2014","2014","Female","F",554,279768,198.0
,"65-74 years","65-74","Missouri","29","2014","2014","Male","M",1026,245725,417.5
,"65-74 years","65-74","Missouri","29","2015","2015","Female","F",526,289140,181.9
,"65-74 years","65-74","Missouri","29","2015","2015","Male","M",1053,253822,414.9
,"65-74 years","65-74","Missouri","29","2016","2016","Female","F",569,298411,190.7
,"65-74 years","65-74","Missouri","29","2016","2016","Male","M",1067,261562,407.9
,"65-74 years","65-74","Missouri","29","2017","2017","Female","F",535,309027,173.1
,"65-74 years","65-74","Missouri","29","2017","2017","Male","M",1142,270305,422.5
,"65-74 years","65-74","Missouri","29","2018","2018","Female","F",571,316153,180.6
,"65-74 years","65-74","Missouri","29","2018","2018","Male","M",1102,276424,398.7
,"65-74 years","65-74","Missouri","29","2019","2019","Female","F",597,325644,183.3
,"65-74 years","65-74","Missouri","29","2019","2019","Male","M",1170,284521,411.2
,"65-74 years","65-74","Missouri","29","2020","2020","Female","F",641,336554,190.5
,"65-74 years","65-74","Missouri","29","2020","2020","Male","M",1285,293834,437.3
,"65-74 years","65-74","Montana","30","1999","1999","Female","F",81,32597,248.5
,"65-74 years","65-74","Montana","30","1999","1999","Male","M",195,29636,658.0
,"65-74 years","65-74","Montana","30","2000","2000","Female","F",65,32664,199.0
,"65-74 years","65-74","Montana","30","2000","2000","Male","M",150,29855,502.4
,"65-74 years","65-74","Montana","30","2001","2001","Female","F",63,32892,191.5
,"65-74 years","65-74","Montana","30","2001","2001","Male","M",149,30259,492.4
,"65-74 years","65-74","Montana","30","2002","2002","Female","F",68,33093,205.5
,"65-74 years","65-74","Montana","30","2002","2002","Male","M",156,30798,506.5
,"65-74 years","65-74","Montana","30","2003","2003","Female","F",75,33375,224.7
,"65-74 years","65-74","Montana","30","2003","2003","Male","M",163,31264,521.4
,"65-74 years","65-74","Montana","30","2004","2004","Female","F",76,33747,225.2
,"65-74 years","65-74","Montana","30","2004","2004","Male","M",122,31895,382.5
,"65-74 years","65-74","Montana","30","2005","2005","Female","F",53,34145,155.2
,"65-74 years","65-74","Montana","30","2005","2005","Male","M",129,32635,395.3
,"65-74 years","65-74","Montana","30","2006","2006","Female","F",59,35223,167.5
,"65-74 years","65-74","Montana","30","2006","2006","Male","M",121,33860,357.4
,"65-74 years","65-74","Montana","30","2007","2007","Female","F",49,36295,135.0
,"65-74 years","65-74","Montana","30","2007","2007","Male","M",124,35273,351.5
,"65-74 years","65-74","Montana","30","2008","2008","Female","F",56,38114,146.9
,"65-74 years","65-74","Montana","30","2008","2008","Male","M",177,37333,474.1
,"65-74 years","65-74","Montana","30","2009","2009","Female","F",50,39559,126.4
,"65-74 years","65-74","Montana","30","2009","2009","Male","M",140,39041,358.6
,"65-74 years","65-74","Montana","30","2010","2010","Female","F",58,40481,143.3
,"65-74 years","65-74","Montana","30","2010","2010","Male","M",143,40261,355.2
,"65-74 years","65-74","Montana","30","2011","2011","Female","F",60,42091,142.5
,"65-74 years","65-74","Montana","30","2011","2011","Male","M",157,42029,373.6
,"65-74 years","65-74","Montana","30","2012","2012","Female","F",61,44708,136.4
,"65-74 years","65-74","Montana","30","2012","2012","Male","M",139,45034,308.7
,"65-74 years","65-74","Montana","30","2013","2013","Female","F",76,47072,161.5
,"65-74 years","65-74","Montana","30","2013","2013","Male","M",189,47780,395.6
,"65-74 years","65-74","Montana","30","2014","2014","Female","F",63,49495,127.3
,"65-74 years","65-74","Montana","30","2014","2014","Male","M",168,50240,334.4
,"65-74 years","65-74","Montana","30","2015","2015","Female","F",63,52161,120.8
,"65-74 years","65-74","Montana","30","2015","2015","Male","M",179,52900,338.4
,"65-74 years","65-74","Montana","30","2016","2016","Female","F",63,54711,115.2
,"65-74 years","65-74","Montana","30","2016","2016","Male","M",203,55416,366.3
,"65-74 years","65-74","Montana","30","2017","2017","Female","F",88,57198,153.9
,"65-74 years","65-74","Montana","30","2017","2017","Male","M",185,57599,321.2
,"65-74 years","65-74","Montana","30","2018","2018","Female","F",74,59819,123.7
,"65-74 years","65-74","Montana","30","2018","2018","Male","M",226,59764,378.2
,"65-74 years","65-74","Montana","30","2019","2019","Female","F",87,62678,138.8
,"65-74 years","65-74","Montana","30","2019","2019","Male","M",226,61953,364.8
,"65-74 years","65-74","Montana","30","2020","2020","Female","F",92,65615,140.2
,"65-74 years","65-74","Montana","30","2020","2020","Male","M",253,63959,395.6
,"65-74 years","65-74","Nebraska","31","1999","1999","Female","F",158,63038,250.6
,"65-74 years","65-74","Nebraska","31","1999","1999","Male","M",307,53382,575.1
,"65-74 years","65-74","Nebraska","31","2000","2000","Female","F",133,62634,212.3
,"65-74 years","65-74","Nebraska","31","2000","2000","Male","M",271,53065,510.7
,"65-74 years","65-74","Nebraska","31","2001","2001","Female","F",125,61824,202.2
,"65-74 years","65-74","Nebraska","31","2001","2001","Male","M",220,52549,418.7
,"65-74 years","65-74","Nebraska","31","2002","2002","Female","F",120,61445,195.3
,"65-74 years","65-74","Nebraska","31","2002","2002","Male","M",231,52211,442.4
,"65-74 years","65-74","Nebraska","31","2003","2003","Female","F",120,61032,196.6
,"65-74 years","65-74","Nebraska","31","2003","2003","Male","M",205,51942,394.7
,"65-74 years","65-74","Nebraska","31","2004","2004","Female","F",84,60512,138.8
,"65-74 years","65-74","Nebraska","31","2004","2004","Male","M",187,51969,359.8
,"65-74 years","65-74","Nebraska","31","2005","2005","Female","F",86,60433,142.3
,"65-74 years","65-74","Nebraska","31","2005","2005","Male","M",173,52303,330.8
,"65-74 years","65-74","Nebraska","31","2006","2006","Female","F",83,60892,136.3
,"65-74 years","65-74","Nebraska","31","2006","2006","Male","M",162,52593,308.0
,"65-74 years","65-74","Nebraska","31","2007","2007","Female","F",98,61596,159.1
,"65-74 years","65-74","Nebraska","31","2007","2007","Male","M",156,53615,291.0
,"65-74 years","65-74","Nebraska","31","2008","2008","Female","F",68,62878,108.1
,"65-74 years","65-74","Nebraska","31","2008","2008","Male","M",169,55198,306.2
,"65-74 years","65-74","Nebraska","31","2009","2009","Female","F",75,64207,116.8
,"65-74 years","65-74","Nebraska","31","2009","2009","Male","M",183,57100,320.5
,"65-74 years","65-74","Nebraska","31","2010","2010","Female","F",80,64962,123.1
,"65-74 years","65-74","Nebraska","31","2010","2010","Male","M",193,58164,331.8
,"65-74 years","65-74","Nebraska","31","2011","2011","Female","F",84,66213,126.9
,"65-74 years","65-74","Nebraska","31","2011","2011","Male","M",155,59877,258.9
,"65-74 years","65-74","Nebraska","31","2012","2012","Female","F",74,69625,106.3
,"65-74 years","65-74","Nebraska","31","2012","2012","Male","M",170,63140,269.2
,"65-74 years","65-74","Nebraska","31","2013","2013","Female","F",73,72580,100.6
,"65-74 years","65-74","Nebraska","31","2013","2013","Male","M",166,66383,250.1
,"65-74 years","65-74","Nebraska","31","2014","2014","Female","F",78,75680,103.1
,"65-74 years","65-74","Nebraska","31","2014","2014","Male","M",179,69664,256.9
,"65-74 years","65-74","Nebraska","31","2015","2015","Female","F",84,79388,105.8
,"65-74 years","65-74","Nebraska","31","2015","2015","Male","M",197,73093,269.5
,"65-74 years","65-74","Nebraska","31","2016","2016","Female","F",76,83153,91.4
,"65-74 years","65-74","Nebraska","31","2016","2016","Male","M",221,76408,289.2
,"65-74 years","65-74","Nebraska","31","2017","2017","Female","F",78,87065,89.6
,"65-74 years","65-74","Nebraska","31","2017","2017","Male","M",234,79915,292.8
,"65-74 years","65-74","Nebraska","31","2018","2018","Female","F",82,89900,91.2
,"65-74 years","65-74","Nebraska","31","2018","2018","Male","M",220,82627,266.3
,"65-74 years","65-74","Nebraska","31","2019","2019","Female","F",86,93413,92.1
,"65-74 years","65-74","Nebraska","31","2019","2019","Male","M",209,85495,244.5
,"65-74 years","65-74","Nebraska","31","2020","2020","Female","F",99,96577,102.5
,"65-74 years","65-74","Nebraska","31","2020","2020","Male","M",245,88438,277.0
,"65-74 years","65-74","Nevada","32","1999","1999","Female","F",211,65697,321.2
,"65-74 years","65-74","Nevada","32","1999","1999","Male","M",467,64030,729.3
,"65-74 years","65-74","Nevada","32","2000","2000","Female","F",191,66610,286.7
,"65-74 years","65-74","Nevada","32","2000","2000","Male","M",456,65165,699.8
,"65-74 years","65-74","Nevada","32","2001","2001","Female","F",199,69517,286.3
,"65-74 years","65-74","Nevada","32","2001","2001","Male","M",429,68638,625.0
,"65-74 years","65-74","Nevada","32","2002","2002","Female","F",183,72130,253.7
,"65-74 years","65-74","Nevada","32","2002","2002","Male","M",395,71238,554.5
,"65-74 years","65-74","Nevada","32","2003","2003","Female","F",185,75033,246.6
,"65-74 years","65-74","Nevada","32","2003","2003","Male","M",395,74665,529.0
,"65-74 years","65-74","Nevada","32","2004","2004","Female","F",159,78485,202.6
,"65-74 years","65-74","Nevada","32","2004","2004","Male","M",404,77926,518.4
,"65-74 years","65-74","Nevada","32","2005","2005","Female","F",200,80751,247.7
,"65-74 years","65-74","Nevada","32","2005","2005","Male","M",384,79890,480.7
,"65-74 years","65-74","Nevada","32","2006","2006","Female","F",178,83444,213.3
,"65-74 years","65-74","Nevada","32","2006","2006","Male","M",422,82714,510.2
,"65-74 years","65-74","Nevada","32","2007","2007","Female","F",178,87665,203.0
,"65-74 years","65-74","Nevada","32","2007","2007","Male","M",356,85814,414.9
,"65-74 years","65-74","Nevada","32","2008","2008","Female","F",159,92510,171.9
,"65-74 years","65-74","Nevada","32","2008","2008","Male","M",367,90194,406.9
,"65-74 years","65-74","Nevada","32","2009","2009","Female","F",183,97445,187.8
,"65-74 years","65-74","Nevada","32","2009","2009","Male","M",369,94217,391.6
,"65-74 years","65-74","Nevada","32","2010","2010","Female","F",147,100673,146.0
,"65-74 years","65-74","Nevada","32","2010","2010","Male","M",360,97108,370.7
,"65-74 years","65-74","Nevada","32","2011","2011","Female","F",159,105489,150.7
,"65-74 years","65-74","Nevada","32","2011","2011","Male","M",396,101468,390.3
,"65-74 years","65-74","Nevada","32","2012","2012","Female","F",173,113748,152.1
,"65-74 years","65-74","Nevada","32","2012","2012","Male","M",457,109213,418.4
,"65-74 years","65-74","Nevada","32","2013","2013","Female","F",220,121291,181.4
,"65-74 years","65-74","Nevada","32","2013","2013","Male","M",442,115592,382.4
,"65-74 years","65-74","Nevada","32","2014","2014","Female","F",236,128745,183.3
,"65-74 years","65-74","Nevada","32","2014","2014","Male","M",538,122218,440.2
,"65-74 years","65-74","Nevada","32","2015","2015","Female","F",257,136039,188.9
,"65-74 years","65-74","Nevada","32","2015","2015","Male","M",577,128072,450.5
,"65-74 years","65-74","Nevada","32","2016","2016","Female","F",305,142557,213.9
,"65-74 years","65-74","Nevada","32","2016","2016","Male","M",639,133041,480.3
,"65-74 years","65-74","Nevada","32","2017","2017","Female","F",259,148720,174.2
,"65-74 years","65-74","Nevada","32","2017","2017","Male","M",597,137611,433.8
,"65-74 years","65-74","Nevada","32","2018","2018","Female","F",278,152842,181.9
,"65-74 years","65-74","Nevada","32","2018","2018","Male","M",625,140410,445.1
,"65-74 years","65-74","Nevada","32","2019","2019","Female","F",260,158621,163.9
,"65-74 years","65-74","Nevada","32","2019","2019","Male","M",622,144742,429.7
,"65-74 years","65-74","Nevada","32","2020","2020","Female","F",302,165389,182.6
,"65-74 years","65-74","Nevada","32","2020","2020","Male","M",653,150723,433.2
,"65-74 years","65-74","New Hampshire","33","1999","1999","Female","F",118,41819,282.2
,"65-74 years","65-74","New Hampshire","33","1999","1999","Male","M",243,36180,671.6
,"65-74 years","65-74","New Hampshire","33","2000","2000","Female","F",116,41762,277.8
,"65-74 years","65-74","New Hampshire","33","2000","2000","Male","M",245,36565,670.0
,"65-74 years","65-74","New Hampshire","33","2001","2001","Female","F",133,41672,319.2
,"65-74 years","65-74","New Hampshire","33","2001","2001","Male","M",254,36725,691.6
,"65-74 years","65-74","New Hampshire","33","2002","2002","Female","F",119,41462,287.0
,"65-74 years","65-74","New Hampshire","33","2002","2002","Male","M",207,36945,560.3
,"65-74 years","65-74","New Hampshire","33","2003","2003","Female","F",97,41409,234.2
,"65-74 years","65-74","New Hampshire","33","2003","2003","Male","M",209,37407,558.7
,"65-74 years","65-74","New Hampshire","33","2004","2004","Female","F",103,42251,243.8
,"65-74 years","65-74","New Hampshire","33","2004","2004","Male","M",199,38280,519.9
,"65-74 years","65-74","New Hampshire","33","2005","2005","Female","F",91,42428,214.5
,"65-74 years","65-74","New Hampshire","33","2005","2005","Male","M",186,38664,481.1
,"65-74 years","65-74","New Hampshire","33","2006","2006","Female","F",69,43631,158.1
,"65-74 years","65-74","New Hampshire","33","2006","2006","Male","M",161,40019,402.3
,"65-74 years","65-74","New Hampshire","33","2007","2007","Female","F",78,45066,173.1
,"65-74 years","65-74","New Hampshire","33","2007","2007","Male","M",165,41440,398.2
,"65-74 years","65-74","New Hampshire","33","2008","2008","Female","F",64,47271,135.4
,"65-74 years","65-74","New Hampshire","33","2008","2008","Male","M",166,43613,380.6
,"65-74 years","65-74","New Hampshire","33","2009","2009","Female","F",63,49019,128.5
,"65-74 years","65-74","New Hampshire","33","2009","2009","Male","M",134,45383,295.3
,"65-74 years","65-74","New Hampshire","33","2010","2010","Female","F",70,50138,139.6
,"65-74 years","65-74","New Hampshire","33","2010","2010","Male","M",160,46624,343.2
,"65-74 years","65-74","New Hampshire","33","2011","2011","Female","F",74,52414,141.2
,"65-74 years","65-74","New Hampshire","33","2011","2011","Male","M",136,48874,278.3
,"65-74 years","65-74","New Hampshire","33","2012","2012","Female","F",71,56690,125.2
,"65-74 years","65-74","New Hampshire","33","2012","2012","Male","M",144,53049,271.4
,"65-74 years","65-74","New Hampshire","33","2013","2013","Female","F",87,60358,144.1
,"65-74 years","65-74","New Hampshire","33","2013","2013","Male","M",164,56790,288.8
,"65-74 years","65-74","New Hampshire","33","2014","2014","Female","F",78,63917,122.0
,"65-74 years","65-74","New Hampshire","33","2014","2014","Male","M",167,59948,278.6
,"65-74 years","65-74","New Hampshire","33","2015","2015","Female","F",77,66810,115.3
,"65-74 years","65-74","New Hampshire","33","2015","2015","Male","M",191,62748,304.4
,"65-74 years","65-74","New Hampshire","33","2016","2016","Female","F",75,69903,107.3
,"65-74 years","65-74","New Hampshire","33","2016","2016","Male","M",185,65765,281.3
,"65-74 years","65-74","New Hampshire","33","2017","2017","Female","F",80,73112,109.4
,"65-74 years","65-74","New Hampshire","33","2017","2017","Male","M",205,68659,298.6
,"65-74 years","65-74","New Hampshire","33","2018","2018","Female","F",76,75884,100.2
,"65-74 years","65-74","New Hampshire","33","2018","2018","Male","M",202,71049,284.3
,"65-74 years","65-74","New Hampshire","33","2019","2019","Female","F",77,79028,97.4
,"65-74 years","65-74","New Hampshire","33","2019","2019","Male","M",212,73641,287.9
,"65-74 years","65-74","New Hampshire","33","2020","2020","Female","F",72,82305,87.5
,"65-74 years","65-74","New Hampshire","33","2020","2020","Male","M",255,76622,332.8
,"65-74 years","65-74","New Jersey","34","1999","1999","Female","F",1136,323435,351.2
,"65-74 years","65-74","New Jersey","34","1999","1999","Male","M",1940,255408,759.6
,"65-74 years","65-74","New Jersey","34","2000","2000","Female","F",1140,320472,355.7
,"65-74 years","65-74","New Jersey","34","2000","2000","Male","M",1755,254197,690.4
,"65-74 years","65-74","New Jersey","34","2001","2001","Female","F",1050,315500,332.8
,"65-74 years","65-74","New Jersey","34","2001","2001","Male","M",1643,252259,651.3
,"65-74 years","65-74","New Jersey","34","2002","2002","Female","F",919,311908,294.6
,"65-74 years","65-74","New Jersey","34","2002","2002","Male","M",1522,250473,607.7
,"65-74 years","65-74","New Jersey","34","2003","2003","Female","F",836,309700,269.9
,"65-74 years","65-74","New Jersey","34","2003","2003","Male","M",1468,250117,586.9
,"65-74 years","65-74","New Jersey","34","2004","2004","Female","F",804,307741,261.3
,"65-74 years","65-74","New Jersey","34","2004","2004","Male","M",1288,250019,515.2
,"65-74 years","65-74","New Jersey","34","2005","2005","Female","F",718,306297,234.4
,"65-74 years","65-74","New Jersey","34","2005","2005","Male","M",1202,249460,481.8
,"65-74 years","65-74","New Jersey","34","2006","2006","Female","F",655,306280,213.9
,"65-74 years","65-74","New Jersey","34","2006","2006","Male","M",1195,250070,477.9
,"65-74 years","65-74","New Jersey","34","2007","2007","Female","F",649,310481,209.0
,"65-74 years","65-74","New Jersey","34","2007","2007","Male","M",1110,254328,436.4
,"65-74 years","65-74","New Jersey","34","2008","2008","Female","F",628,321307,195.5
,"65-74 years","65-74","New Jersey","34","2008","2008","Male","M",1019,264972,384.6
,"65-74 years","65-74","New Jersey","34","2009","2009","Female","F",579,328854,176.1
,"65-74 years","65-74","New Jersey","34","2009","2009","Male","M",1032,271966,379.5
,"65-74 years","65-74","New Jersey","34","2010","2010","Female","F",539,334164,161.3
,"65-74 years","65-74","New Jersey","34","2010","2010","Male","M",1038,277270,374.4
,"65-74 years","65-74","New Jersey","34","2011","2011","Female","F",548,343845,159.4
,"65-74 years","65-74","New Jersey","34","2011","2011","Male","M",1011,286891,352.4
,"65-74 years","65-74","New Jersey","34","2012","2012","Female","F",513,365311,140.4
,"65-74 years","65-74","New Jersey","34","2012","2012","Male","M",1079,305839,352.8
,"65-74 years","65-74","New Jersey","34","2013","2013","Female","F",556,380719,146.0
,"65-74 years","65-74","New Jersey","34","2013","2013","Male","M",1113,320435,347.3
,"65-74 years","65-74","New Jersey","34","2014","2014","Female","F",569,394916,144.1
,"65-74 years","65-74","New Jersey","34","2014","2014","Male","M",1115,332175,335.7
,"65-74 years","65-74","New Jersey","34","2015","2015","Female","F",546,408758,133.6
,"65-74 years","65-74","New Jersey","34","2015","2015","Male","M",1137,344679,329.9
,"65-74 years","65-74","New Jersey","34","2016","2016","Female","F",583,421230,138.4
,"65-74 years","65-74","New Jersey","34","2016","2016","Male","M",1132,355389,318.5
,"65-74 years","65-74","New Jersey","34","2017","2017","Female","F",570,434530,131.2
,"65-74 years","65-74","New Jersey","34","2017","2017","Male","M",1153,367914,313.4
,"65-74 years","65-74","New Jersey","34","2018","2018","Female","F",639,437649,146.0
,"65-74 years","65-74","New Jersey","34","2018","2018","Male","M",1221,372449,327.8
,"65-74 years","65-74","New Jersey","34","2019","2019","Female","F",588,449468,130.8
,"65-74 years","65-74","New Jersey","34","2019","2019","Male","M",1092,383398,284.8
,"65-74 years","65-74","New Jersey","34","2020","2020","Female","F",652,463291,140.7
,"65-74 years","65-74","New Jersey","34","2020","2020","Male","M",1292,396118,326.2
,"65-74 years","65-74","New Mexico","35","1999","1999","Female","F",174,61882,281.2
,"65-74 years","65-74","New Mexico","35","1999","1999","Male","M",354,54502,649.5
,"65-74 years","65-74","New Mexico","35","2000","2000","Female","F",158,62521,252.7
,"65-74 years","65-74","New Mexico","35","2000","2000","Male","M",312,55224,565.0
,"65-74 years","65-74","New Mexico","35","2001","2001","Female","F",133,63269,210.2
,"65-74 years","65-74","New Mexico","35","2001","2001","Male","M",313,56355,555.4
,"65-74 years","65-74","New Mexico","35","2002","2002","Female","F",163,64191,253.9
,"65-74 years","65-74","New Mexico","35","2002","2002","Male","M",295,57348,514.4
,"65-74 years","65-74","New Mexico","35","2003","2003","Female","F",142,65232,217.7
,"65-74 years","65-74","New Mexico","35","2003","2003","Male","M",299,58564,510.6
,"65-74 years","65-74","New Mexico","35","2004","2004","Female","F",126,66779,188.7
,"65-74 years","65-74","New Mexico","35","2004","2004","Male","M",245,59816,409.6
,"65-74 years","65-74","New Mexico","35","2005","2005","Female","F",144,68701,209.6
,"65-74 years","65-74","New Mexico","35","2005","2005","Male","M",279,61550,453.3
,"65-74 years","65-74","New Mexico","35","2006","2006","Female","F",133,70892,187.6
,"65-74 years","65-74","New Mexico","35","2006","2006","Male","M",270,63856,422.8
,"65-74 years","65-74","New Mexico","35","2007","2007","Female","F",122,72975,167.2
,"65-74 years","65-74","New Mexico","35","2007","2007","Male","M",235,65587,358.3
,"65-74 years","65-74","New Mexico","35","2008","2008","Female","F",124,75765,163.7
,"65-74 years","65-74","New Mexico","35","2008","2008","Male","M",249,68370,364.2
,"65-74 years","65-74","New Mexico","35","2009","2009","Female","F",118,78878,149.6
,"65-74 years","65-74","New Mexico","35","2009","2009","Male","M",266,70916,375.1
,"65-74 years","65-74","New Mexico","35","2010","2010","Female","F",148,80953,182.8
,"65-74 years","65-74","New Mexico","35","2010","2010","Male","M",231,72841,317.1
,"65-74 years","65-74","New Mexico","35","2011","2011","Female","F",117,84176,139.0
,"65-74 years","65-74","New Mexico","35","2011","2011","Male","M",270,75972,355.4
,"65-74 years","65-74","New Mexico","35","2012","2012","Female","F",143,89388,160.0
,"65-74 years","65-74","New Mexico","35","2012","2012","Male","M",280,80611,347.3
,"65-74 years","65-74","New Mexico","35","2013","2013","Female","F",139,93894,148.0
,"65-74 years","65-74","New Mexico","35","2013","2013","Male","M",281,84602,332.1
,"65-74 years","65-74","New Mexico","35","2014","2014","Female","F",129,98167,131.4
,"65-74 years","65-74","New Mexico","35","2014","2014","Male","M",310,88673,349.6
,"65-74 years","65-74","New Mexico","35","2015","2015","Female","F",152,102586,148.2
,"65-74 years","65-74","New Mexico","35","2015","2015","Male","M",331,92576,357.5
,"65-74 years","65-74","New Mexico","35","2016","2016","Female","F",156,107055,145.7
,"65-74 years","65-74","New Mexico","35","2016","2016","Male","M",358,96243,372.0
,"65-74 years","65-74","New Mexico","35","2017","2017","Female","F",198,111165,178.1
,"65-74 years","65-74","New Mexico","35","2017","2017","Male","M",396,99631,397.5
,"65-74 years","65-74","New Mexico","35","2018","2018","Female","F",208,115432,180.2
,"65-74 years","65-74","New Mexico","35","2018","2018","Male","M",399,102452,389.5
,"65-74 years","65-74","New Mexico","35","2019","2019","Female","F",194,119057,162.9
,"65-74 years","65-74","New Mexico","35","2019","2019","Male","M",414,105426,392.7
,"65-74 years","65-74","New Mexico","35","2020","2020","Female","F",212,123180,172.1
,"65-74 years","65-74","New Mexico","35","2020","2020","Male","M",467,108566,430.2
,"65-74 years","65-74","New York","36","1999","1999","Female","F",3250,713235,455.7
,"65-74 years","65-74","New York","36","1999","1999","Male","M",4905,562652,871.8
,"65-74 years","65-74","New York","36","2000","2000","Female","F",3012,714784,421.4
,"65-74 years","65-74","New York","36","2000","2000","Male","M",4630,561262,824.9
,"65-74 years","65-74","New York","36","2001","2001","Female","F",2947,707269,416.7
,"65-74 years","65-74","New York","36","2001","2001","Male","M",4254,559869,759.8
,"65-74 years","65-74","New York","36","2002","2002","Female","F",2874,702308,409.2
,"65-74 years","65-74","New York","36","2002","2002","Male","M",4226,558397,756.8
,"65-74 years","65-74","New York","36","2003","2003","Female","F",2611,698871,373.6
,"65-74 years","65-74","New York","36","2003","2003","Male","M",3977,557751,713.0
,"65-74 years","65-74","New York","36","2004","2004","Female","F",2322,695928,333.7
,"65-74 years","65-74","New York","36","2004","2004","Male","M",3494,558295,625.8
,"65-74 years","65-74","New York","36","2005","2005","Female","F",2301,692967,332.1
,"65-74 years","65-74","New York","36","2005","2005","Male","M",3418,557964,612.6
,"65-74 years","65-74","New York","36","2006","2006","Female","F",2124,690199,307.7
,"65-74 years","65-74","New York","36","2006","2006","Male","M",3178,556750,570.8
,"65-74 years","65-74","New York","36","2007","2007","Female","F",1973,699507,282.1
,"65-74 years","65-74","New York","36","2007","2007","Male","M",3109,566634,548.7
,"65-74 years","65-74","New York","36","2008","2008","Female","F",2009,721522,278.4
,"65-74 years","65-74","New York","36","2008","2008","Male","M",3134,585610,535.2
,"65-74 years","65-74","New York","36","2009","2009","Female","F",1878,738585,254.3
,"65-74 years","65-74","New York","36","2009","2009","Male","M",2973,600819,494.8
,"65-74 years","65-74","New York","36","2010","2010","Female","F",1718,749731,229.1
,"65-74 years","65-74","New York","36","2010","2010","Male","M",2805,610871,459.2
,"65-74 years","65-74","New York","36","2011","2011","Female","F",1648,768544,214.4
,"65-74 years","65-74","New York","36","2011","2011","Male","M",2852,628683,453.6
,"65-74 years","65-74","New York","36","2012","2012","Female","F",1617,812223,199.1
,"65-74 years","65-74","New York","36","2012","2012","Male","M",2787,668834,416.7
,"65-74 years","65-74","New York","36","2013","2013","Female","F",1667,843665,197.6
,"65-74 years","65-74","New York","36","2013","2013","Male","M",2933,700457,418.7
,"65-74 years","65-74","New York","36","2014","2014","Female","F",1685,874256,192.7
,"65-74 years","65-74","New York","36","2014","2014","Male","M",2866,727641,393.9
,"65-74 years","65-74","New York","36","2015","2015","Female","F",1650,904214,182.5
,"65-74 years","65-74","New York","36","2015","2015","Male","M",3022,755834,399.8
,"65-74 years","65-74","New York","36","2016","2016","Female","F",1701,931678,182.6
,"65-74 years","65-74","New York","36","2016","2016","Male","M",3096,781362,396.2
,"65-74 years","65-74","New York","36","2017","2017","Female","F",1687,968302,174.2
,"65-74 years","65-74","New York","36","2017","2017","Male","M",3248,816646,397.7
,"65-74 years","65-74","New York","36","2018","2018","Female","F",1834,979307,187.3
,"65-74 years","65-74","New York","36","2018","2018","Male","M",3263,829813,393.2
,"65-74 years","65-74","New York","36","2019","2019","Female","F",1724,1004677,171.6
,"65-74 years","65-74","New York","36","2019","2019","Male","M",3481,855245,407.0
,"65-74 years","65-74","New York","36","2020","2020","Female","F",2051,1031356,198.9
,"65-74 years","65-74","New York","36","2020","2020","Male","M",3917,881366,444.4
,"65-74 years","65-74","North Carolina","37","1999","1999","Female","F",1089,296328,367.5
,"65-74 years","65-74","North Carolina","37","1999","1999","Male","M",1840,235613,780.9
,"65-74 years","65-74","North Carolina","37","2000","2000","Female","F",1064,296306,359.1
,"65-74 years","65-74","North Carolina","37","2000","2000","Male","M",1841,237471,775.3
,"65-74 years","65-74","North Carolina","37","2001","2001","Female","F",989,299198,330.6
,"65-74 years","65-74","North Carolina","37","2001","2001","Male","M",1755,241373,727.1
,"65-74 years","65-74","North Carolina","37","2002","2002","Female","F",919,301056,305.3
,"65-74 years","65-74","North Carolina","37","2002","2002","Male","M",1702,244623,695.8
,"65-74 years","65-74","North Carolina","37","2003","2003","Female","F",918,304301,301.7
,"65-74 years","65-74","North Carolina","37","2003","2003","Male","M",1613,249031,647.7
,"65-74 years","65-74","North Carolina","37","2004","2004","Female","F",760,308171,246.6
,"65-74 years","65-74","North Carolina","37","2004","2004","Male","M",1450,253955,571.0
,"65-74 years","65-74","North Carolina","37","2005","2005","Female","F",805,314174,256.2
,"65-74 years","65-74","North Carolina","37","2005","2005","Male","M",1374,260982,526.5
,"65-74 years","65-74","North Carolina","37","2006","2006","Female","F",671,326218,205.7
,"65-74 years","65-74","North Carolina","37","2006","2006","Male","M",1364,272808,500.0
,"65-74 years","65-74","North Carolina","37","2007","2007","Female","F",681,337350,201.9
,"65-74 years","65-74","North Carolina","37","2007","2007","Male","M",1326,283837,467.2
,"65-74 years","65-74","North Carolina","37","2008","2008","Female","F",655,352820,185.6
,"65-74 years","65-74","North Carolina","37","2008","2008","Male","M",1306,299018,436.8
,"65-74 years","65-74","North Carolina","37","2009","2009","Female","F",692,367089,188.5
,"65-74 years","65-74","North Carolina","37","2009","2009","Male","M",1398,312416,447.5
,"65-74 years","65-74","North Carolina","37","2010","2010","Female","F",625,376421,166.0
,"65-74 years","65-74","North Carolina","37","2010","2010","Male","M",1364,321146,424.7
,"65-74 years","65-74","North Carolina","37","2011","2011","Female","F",648,391318,165.6
,"65-74 years","65-74","North Carolina","37","2011","2011","Male","M",1355,335332,404.1
,"65-74 years","65-74","North Carolina","37","2012","2012","Female","F",724,420407,172.2
,"65-74 years","65-74","North Carolina","37","2012","2012","Male","M",1368,361714,378.2
,"65-74 years","65-74","North Carolina","37","2013","2013","Female","F",724,443912,163.1
,"65-74 years","65-74","North Carolina","37","2013","2013","Male","M",1452,382971,379.1
,"65-74 years","65-74","North Carolina","37","2014","2014","Female","F",716,466033,153.6
,"65-74 years","65-74","North Carolina","37","2014","2014","Male","M",1443,401750,359.2
,"65-74 years","65-74","North Carolina","37","2015","2015","Female","F",775,486735,159.2
,"65-74 years","65-74","North Carolina","37","2015","2015","Male","M",1455,418691,347.5
,"65-74 years","65-74","North Carolina","37","2016","2016","Female","F",789,507240,155.5
,"65-74 years","65-74","North Carolina","37","2016","2016","Male","M",1632,434573,375.5
,"65-74 years","65-74","North Carolina","37","2017","2017","Female","F",745,529589,140.7
,"65-74 years","65-74","North Carolina","37","2017","2017","Male","M",1561,451892,345.4
,"65-74 years","65-74","North Carolina","37","2018","2018","Female","F",755,546755,138.1
,"65-74 years","65-74","North Carolina","37","2018","2018","Male","M",1648,463703,355.4
,"65-74 years","65-74","North Carolina","37","2019","2019","Female","F",778,567132,137.2
,"65-74 years","65-74","North Carolina","37","2019","2019","Male","M",1608,479376,335.4
,"65-74 years","65-74","North Carolina","37","2020","2020","Female","F",768,588723,130.5
,"65-74 years","65-74","North Carolina","37","2020","2020","Male","M",1711,495759,345.1
,"65-74 years","65-74","North Dakota","38","1999","1999","Female","F",70,24631,284.2
,"65-74 years","65-74","North Dakota","38","1999","1999","Male","M",145,21431,676.6
,"65-74 years","65-74","North Dakota","38","2000","2000","Female","F",67,24567,272.7
,"65-74 years","65-74","North Dakota","38","2000","2000","Male","M",126,21334,590.6
,"65-74 years","65-74","North Dakota","38","2001","2001","Female","F",67,24270,276.1
,"65-74 years","65-74","North Dakota","38","2001","2001","Male","M",136,21019,647.0
,"65-74 years","65-74","North Dakota","38","2002","2002","Female","F",55,24167,227.6
,"65-74 years","65-74","North Dakota","38","2002","2002","Male","M",149,20771,717.3
,"65-74 years","65-74","North Dakota","38","2003","2003","Female","F",52,23913,217.5
,"65-74 years","65-74","North Dakota","38","2003","2003","Male","M",121,20620,586.8
,"65-74 years","65-74","North Dakota","38","2004","2004","Female","F",60,23699,253.2
,"65-74 years","65-74","North Dakota","38","2004","2004","Male","M",110,20595,534.1
,"65-74 years","65-74","North Dakota","38","2005","2005","Female","F",35,23391,149.6
,"65-74 years","65-74","North Dakota","38","2005","2005","Male","M",97,20471,473.8
,"65-74 years","65-74","North Dakota","38","2006","2006","Female","F",57,23496,242.6
,"65-74 years","65-74","North Dakota","38","2006","2006","Male","M",104,20628,504.2
,"65-74 years","65-74","North Dakota","38","2007","2007","Female","F",37,23468,157.7
,"65-74 years","65-74","North Dakota","38","2007","2007","Male","M",101,20982,481.4
,"65-74 years","65-74","North Dakota","38","2008","2008","Female","F",32,23899,133.9
,"65-74 years","65-74","North Dakota","38","2008","2008","Male","M",68,21440,317.2
,"65-74 years","65-74","North Dakota","38","2009","2009","Female","F",43,24132,178.2
,"65-74 years","65-74","North Dakota","38","2009","2009","Male","M",100,22142,451.6
,"65-74 years","65-74","North Dakota","38","2010","2010","Female","F",33,24336,135.6
,"65-74 years","65-74","North Dakota","38","2010","2010","Male","M",85,22537,377.2
,"65-74 years","65-74","North Dakota","38","2011","2011","Female","F",30,24785,121.0
,"65-74 years","65-74","North Dakota","38","2011","2011","Male","M",101,23040,438.4
,"65-74 years","65-74","North Dakota","38","2012","2012","Female","F",44,25728,171.0
,"65-74 years","65-74","North Dakota","38","2012","2012","Male","M",93,24240,383.7
,"65-74 years","65-74","North Dakota","38","2013","2013","Female","F",41,26468,154.9
,"65-74 years","65-74","North Dakota","38","2013","2013","Male","M",97,25517,380.1
,"65-74 years","65-74","North Dakota","38","2014","2014","Female","F",37,27407,135.0
,"65-74 years","65-74","North Dakota","38","2014","2014","Male","M",81,26802,302.2
,"65-74 years","65-74","North Dakota","38","2015","2015","Female","F",35,28442,123.1
,"65-74 years","65-74","North Dakota","38","2015","2015","Male","M",97,28154,344.5
,"65-74 years","65-74","North Dakota","38","2016","2016","Female","F",37,29746,124.4
,"65-74 years","65-74","North Dakota","38","2016","2016","Male","M",104,29464,353.0
,"65-74 years","65-74","North Dakota","38","2017","2017","Female","F",38,30822,123.3
,"65-74 years","65-74","North Dakota","38","2017","2017","Male","M",89,30928,287.8
,"65-74 years","65-74","North Dakota","38","2018","2018","Female","F",51,32041,159.2
,"65-74 years","65-74","North Dakota","38","2018","2018","Male","M",122,32181,379.1
,"65-74 years","65-74","North Dakota","38","2019","2019","Female","F",45,33321,135.0
,"65-74 years","65-74","North Dakota","38","2019","2019","Male","M",107,33343,320.9
,"65-74 years","65-74","North Dakota","38","2020","2020","Female","F",29,34866,83.2
,"65-74 years","65-74","North Dakota","38","2020","2020","Male","M",130,34792,373.6
,"65-74 years","65-74","Ohio","39","1999","1999","Female","F",1760,441793,398.4
,"65-74 years","65-74","Ohio","39","1999","1999","Male","M",2982,354275,841.7
,"65-74 years","65-74","Ohio","39","2000","2000","Female","F",1721,437442,393.4
,"65-74 years","65-74","Ohio","39","2000","2000","Male","M",2722,352810,771.5
,"65-74 years","65-74","Ohio","39","2001","2001","Female","F",1531,430853,355.3
,"65-74 years","65-74","Ohio","39","2001","2001","Male","M",2673,350420,762.8
,"65-74 years","65-74","Ohio","39","2002","2002","Female","F",1471,425454,345.7
,"65-74 years","65-74","Ohio","39","2002","2002","Male","M",2385,347813,685.7
,"65-74 years","65-74","Ohio","39","2003","2003","Female","F",1359,423079,321.2
,"65-74 years","65-74","Ohio","39","2003","2003","Male","M",2270,347991,652.3
,"65-74 years","65-74","Ohio","39","2004","2004","Female","F",1327,421862,314.6
,"65-74 years","65-74","Ohio","39","2004","2004","Male","M",2049,348669,587.7
,"65-74 years","65-74","Ohio","39","2005","2005","Female","F",1177,420786,279.7
,"65-74 years","65-74","Ohio","39","2005","2005","Male","M",2049,348875,587.3
,"65-74 years","65-74","Ohio","39","2006","2006","Female","F",1153,424003,271.9
,"65-74 years","65-74","Ohio","39","2006","2006","Male","M",1903,352937,539.2
,"65-74 years","65-74","Ohio","39","2007","2007","Female","F",961,431240,222.8
,"65-74 years","65-74","Ohio","39","2007","2007","Male","M",1796,361391,497.0
,"65-74 years","65-74","Ohio","39","2008","2008","Female","F",1012,444600,227.6
,"65-74 years","65-74","Ohio","39","2008","2008","Male","M",1817,375161,484.3
,"65-74 years","65-74","Ohio","39","2009","2009","Female","F",995,454442,218.9
,"65-74 years","65-74","Ohio","39","2009","2009","Male","M",1605,385239,416.6
,"65-74 years","65-74","Ohio","39","2010","2010","Female","F",914,459295,199.0
,"65-74 years","65-74","Ohio","39","2010","2010","Male","M",1713,390939,438.2
,"65-74 years","65-74","Ohio","39","2011","2011","Female","F",924,467780,197.5
,"65-74 years","65-74","Ohio","39","2011","2011","Male","M",1672,401492,416.4
,"65-74 years","65-74","Ohio","39","2012","2012","Female","F",919,495471,185.5
,"65-74 years","65-74","Ohio","39","2012","2012","Male","M",1791,428399,418.1
,"65-74 years","65-74","Ohio","39","2013","2013","Female","F",936,516338,181.3
,"65-74 years","65-74","Ohio","39","2013","2013","Male","M",1863,448724,415.2
,"65-74 years","65-74","Ohio","39","2014","2014","Female","F",998,537609,185.6
,"65-74 years","65-74","Ohio","39","2014","2014","Male","M",1968,468149,420.4
,"65-74 years","65-74","Ohio","39","2015","2015","Female","F",1010,557570,181.1
,"65-74 years","65-74","Ohio","39","2015","2015","Male","M",1960,487159,402.3
,"65-74 years","65-74","Ohio","39","2016","2016","Female","F",969,576294,168.1
,"65-74 years","65-74","Ohio","39","2016","2016","Male","M",1925,504736,381.4
,"65-74 years","65-74","Ohio","39","2017","2017","Female","F",1021,596863,171.1
,"65-74 years","65-74","Ohio","39","2017","2017","Male","M",1978,523728,377.7
,"65-74 years","65-74","Ohio","39","2018","2018","Female","F",1032,611989,168.6
,"65-74 years","65-74","Ohio","39","2018","2018","Male","M",2225,538386,413.3
,"65-74 years","65-74","Ohio","39","2019","2019","Female","F",1069,632609,169.0
,"65-74 years","65-74","Ohio","39","2019","2019","Male","M",2134,556634,383.4
,"65-74 years","65-74","Ohio","39","2020","2020","Female","F",1129,656291,172.0
,"65-74 years","65-74","Ohio","39","2020","2020","Male","M",2397,576945,415.5
,"65-74 years","65-74","Oklahoma","40","1999","1999","Female","F",629,132390,475.1
,"65-74 years","65-74","Oklahoma","40","1999","1999","Male","M",1016,109473,928.1
,"65-74 years","65-74","Oklahoma","40","2000","2000","Female","F",547,132406,413.1
,"65-74 years","65-74","Oklahoma","40","2000","2000","Male","M",975,110093,885.6
,"65-74 years","65-74","Oklahoma","40","2001","2001","Female","F",522,131858,395.9
,"65-74 years","65-74","Oklahoma","40","2001","2001","Male","M",920,110732,830.8
,"65-74 years","65-74","Oklahoma","40","2002","2002","Female","F",560,131560,425.7
,"65-74 years","65-74","Oklahoma","40","2002","2002","Male","M",941,111095,847.0
,"65-74 years","65-74","Oklahoma","40","2003","2003","Female","F",543,131986,411.4
,"65-74 years","65-74","Oklahoma","40","2003","2003","Male","M",911,112159,812.2
,"65-74 years","65-74","Oklahoma","40","2004","2004","Female","F",457,133138,343.3
,"65-74 years","65-74","Oklahoma","40","2004","2004","Male","M",855,113618,752.5
,"65-74 years","65-74","Oklahoma","40","2005","2005","Female","F",465,134472,345.8
,"65-74 years","65-74","Oklahoma","40","2005","2005","Male","M",803,114930,698.7
,"65-74 years","65-74","Oklahoma","40","2006","2006","Female","F",432,137127,315.0
,"65-74 years","65-74","Oklahoma","40","2006","2006","Male","M",778,117825,660.3
,"65-74 years","65-74","Oklahoma","40","2007","2007","Female","F",428,139702,306.4
,"65-74 years","65-74","Oklahoma","40","2007","2007","Male","M",709,120523,588.3
,"65-74 years","65-74","Oklahoma","40","2008","2008","Female","F",413,143212,288.4
,"65-74 years","65-74","Oklahoma","40","2008","2008","Male","M",725,124583,581.9
,"65-74 years","65-74","Oklahoma","40","2009","2009","Female","F",374,147016,254.4
,"65-74 years","65-74","Oklahoma","40","2009","2009","Male","M",655,128774,508.6
,"65-74 years","65-74","Oklahoma","40","2010","2010","Female","F",412,149352,275.9
,"65-74 years","65-74","Oklahoma","40","2010","2010","Male","M",649,131115,495.0
,"65-74 years","65-74","Oklahoma","40","2011","2011","Female","F",406,152774,265.8
,"65-74 years","65-74","Oklahoma","40","2011","2011","Male","M",728,134530,541.1
,"65-74 years","65-74","Oklahoma","40","2012","2012","Female","F",446,160765,277.4
,"65-74 years","65-74","Oklahoma","40","2012","2012","Male","M",724,141681,511.0
,"65-74 years","65-74","Oklahoma","40","2013","2013","Female","F",442,166606,265.3
,"65-74 years","65-74","Oklahoma","40","2013","2013","Male","M",784,146913,533.6
,"65-74 years","65-74","Oklahoma","40","2014","2014","Female","F",420,171530,244.9
,"65-74 years","65-74","Oklahoma","40","2014","2014","Male","M",758,151168,501.4
,"65-74 years","65-74","Oklahoma","40","2015","2015","Female","F",448,176501,253.8
,"65-74 years","65-74","Oklahoma","40","2015","2015","Male","M",796,155676,511.3
,"65-74 years","65-74","Oklahoma","40","2016","2016","Female","F",426,181736,234.4
,"65-74 years","65-74","Oklahoma","40","2016","2016","Male","M",806,160154,503.3
,"65-74 years","65-74","Oklahoma","40","2017","2017","Female","F",439,186529,235.4
,"65-74 years","65-74","Oklahoma","40","2017","2017","Male","M",792,164202,482.3
,"65-74 years","65-74","Oklahoma","40","2018","2018","Female","F",405,190891,212.2
,"65-74 years","65-74","Oklahoma","40","2018","2018","Male","M",756,167755,450.7
,"65-74 years","65-74","Oklahoma","40","2019","2019","Female","F",438,195854,223.6
,"65-74 years","65-74","Oklahoma","40","2019","2019","Male","M",750,172196,435.6
,"65-74 years","65-74","Oklahoma","40","2020","2020","Female","F",415,202751,204.7
,"65-74 years","65-74","Oklahoma","40","2020","2020","Male","M",777,177796,437.0
,"65-74 years","65-74","Oregon","41","1999","1999","Female","F",294,118376,248.4
,"65-74 years","65-74","Oregon","41","1999","1999","Male","M",597,101726,586.9
,"65-74 years","65-74","Oregon","41","2000","2000","Female","F",256,117639,217.6
,"65-74 years","65-74","Oregon","41","2000","2000","Male","M",581,101703,571.3
,"65-74 years","65-74","Oregon","41","2001","2001","Female","F",273,117053,233.2
,"65-74 years","65-74","Oregon","41","2001","2001","Male","M",526,102448,513.4
,"65-74 years","65-74","Oregon","41","2002","2002","Female","F",289,117668,245.6
,"65-74 years","65-74","Oregon","41","2002","2002","Male","M",542,103625,523.0
,"65-74 years","65-74","Oregon","41","2003","2003","Female","F",232,119218,194.6
,"65-74 years","65-74","Oregon","41","2003","2003","Male","M",538,105473,510.1
,"65-74 years","65-74","Oregon","41","2004","2004","Female","F",222,121229,183.1
,"65-74 years","65-74","Oregon","41","2004","2004","Male","M",446,108161,412.3
,"65-74 years","65-74","Oregon","41","2005","2005","Female","F",227,123579,183.7
,"65-74 years","65-74","Oregon","41","2005","2005","Male","M",432,111748,386.6
,"65-74 years","65-74","Oregon","41","2006","2006","Female","F",217,127700,169.9
,"65-74 years","65-74","Oregon","41","2006","2006","Male","M",476,116242,409.5
,"65-74 years","65-74","Oregon","41","2007","2007","Female","F",188,132650,141.7
,"65-74 years","65-74","Oregon","41","2007","2007","Male","M",452,120976,373.6
,"65-74 years","65-74","Oregon","41","2008","2008","Female","F",181,139424,129.8
,"65-74 years","65-74","Oregon","41","2008","2008","Male","M",443,127738,346.8
,"65-74 years","65-74","Oregon","41","2009","2009","Female","F",189,146322,129.2
,"65-74 years","65-74","Oregon","41","2009","2009","Male","M",435,134419,323.6
,"65-74 years","65-74","Oregon","41","2010","2010","Female","F",184,150991,121.9
,"65-74 years","65-74","Oregon","41","2010","2010","Male","M",429,139050,308.5
,"65-74 years","65-74","Oregon","41","2011","2011","Female","F",179,158873,112.7
,"65-74 years","65-74","Oregon","41","2011","2011","Male","M",439,146392,299.9
,"65-74 years","65-74","Oregon","41","2012","2012","Female","F",151,172089,87.7
,"65-74 years","65-74","Oregon","41","2012","2012","Male","M",402,158668,253.4
,"65-74 years","65-74","Oregon","41","2013","2013","Female","F",194,183437,105.8
,"65-74 years","65-74","Oregon","41","2013","2013","Male","M",473,169566,278.9
,"65-74 years","65-74","Oregon","41","2014","2014","Female","F",178,194525,91.5
,"65-74 years","65-74","Oregon","41","2014","2014","Male","M",441,179483,245.7
,"65-74 years","65-74","Oregon","41","2015","2015","Female","F",190,206050,92.2
,"65-74 years","65-74","Oregon","41","2015","2015","Male","M",486,189056,257.1
,"65-74 years","65-74","Oregon","41","2016","2016","Female","F",180,216975,83.0
,"65-74 years","65-74","Oregon","41","2016","2016","Male","M",525,198672,264.3
,"65-74 years","65-74","Oregon","41","2017","2017","Female","F",216,225816,95.7
,"65-74 years","65-74","Oregon","41","2017","2017","Male","M",495,205907,240.4
,"65-74 years","65-74","Oregon","41","2018","2018","Female","F",163,235245,69.3
,"65-74 years","65-74","Oregon","41","2018","2018","Male","M",487,212947,228.7
,"65-74 years","65-74","Oregon","41","2019","2019","Female","F",203,244571,83.0
,"65-74 years","65-74","Oregon","41","2019","2019","Male","M",538,220027,244.5
,"65-74 years","65-74","Oregon","41","2020","2020","Female","F",186,252888,73.6
,"65-74 years","65-74","Oregon","41","2020","2020","Male","M",581,225664,257.5
,"65-74 years","65-74","Pennsylvania","42","1999","1999","Female","F",2043,548864,372.2
,"65-74 years","65-74","Pennsylvania","42","1999","1999","Male","M",3345,433220,772.1
,"65-74 years","65-74","Pennsylvania","42","2000","2000","Female","F",1857,539758,344.0
,"65-74 years","65-74","Pennsylvania","42","2000","2000","Male","M",3122,429514,726.9
,"65-74 years","65-74","Pennsylvania","42","2001","2001","Female","F",1672,525680,318.1
,"65-74 years","65-74","Pennsylvania","42","2001","2001","Male","M",2901,421876,687.6
,"65-74 years","65-74","Pennsylvania","42","2002","2002","Female","F",1639,515216,318.1
,"65-74 years","65-74","Pennsylvania","42","2002","2002","Male","M",2677,415767,643.9
,"65-74 years","65-74","Pennsylvania","42","2003","2003","Female","F",1460,506036,288.5
,"65-74 years","65-74","Pennsylvania","42","2003","2003","Male","M",2569,411575,624.2
,"65-74 years","65-74","Pennsylvania","42","2004","2004","Female","F",1353,499133,271.1
,"65-74 years","65-74","Pennsylvania","42","2004","2004","Male","M",2347,409229,573.5
,"65-74 years","65-74","Pennsylvania","42","2005","2005","Female","F",1297,492779,263.2
,"65-74 years","65-74","Pennsylvania","42","2005","2005","Male","M",2206,407849,540.9
,"65-74 years","65-74","Pennsylvania","42","2006","2006","Female","F",1166,491401,237.3
,"65-74 years","65-74","Pennsylvania","42","2006","2006","Male","M",2051,410100,500.1
,"65-74 years","65-74","Pennsylvania","42","2007","2007","Female","F",1038,496007,209.3
,"65-74 years","65-74","Pennsylvania","42","2007","2007","Male","M",1929,416314,463.4
,"65-74 years","65-74","Pennsylvania","42","2008","2008","Female","F",1061,510289,207.9
,"65-74 years","65-74","Pennsylvania","42","2008","2008","Male","M",1919,431247,445.0
,"65-74 years","65-74","Pennsylvania","42","2009","2009","Female","F",947,522663,181.2
,"65-74 years","65-74","Pennsylvania","42","2009","2009","Male","M",1924,443377,433.9
,"65-74 years","65-74","Pennsylvania","42","2010","2010","Female","F",1030,528698,194.8
,"65-74 years","65-74","Pennsylvania","42","2010","2010","Male","M",1884,450840,417.9
,"65-74 years","65-74","Pennsylvania","42","2011","2011","Female","F",962,538036,178.8
,"65-74 years","65-74","Pennsylvania","42","2011","2011","Male","M",1752,461900,379.3
,"65-74 years","65-74","Pennsylvania","42","2012","2012","Female","F",931,569822,163.4
,"65-74 years","65-74","Pennsylvania","42","2012","2012","Male","M",1891,493174,383.4
,"65-74 years","65-74","Pennsylvania","42","2013","2013","Female","F",962,593822,162.0
,"65-74 years","65-74","Pennsylvania","42","2013","2013","Male","M",1868,516679,361.5
,"65-74 years","65-74","Pennsylvania","42","2014","2014","Female","F",979,615354,159.1
,"65-74 years","65-74","Pennsylvania","42","2014","2014","Male","M",1998,537315,371.8
,"65-74 years","65-74","Pennsylvania","42","2015","2015","Female","F",1047,637707,164.2
,"65-74 years","65-74","Pennsylvania","42","2015","2015","Male","M",1986,558921,355.3
,"65-74 years","65-74","Pennsylvania","42","2016","2016","Female","F",1081,658411,164.2
,"65-74 years","65-74","Pennsylvania","42","2016","2016","Male","M",2072,578595,358.1
,"65-74 years","65-74","Pennsylvania","42","2017","2017","Female","F",1022,679516,150.4
,"65-74 years","65-74","Pennsylvania","42","2017","2017","Male","M",2128,599768,354.8
,"65-74 years","65-74","Pennsylvania","42","2018","2018","Female","F",1022,695329,147.0
,"65-74 years","65-74","Pennsylvania","42","2018","2018","Male","M",2286,615421,371.5
,"65-74 years","65-74","Pennsylvania","42","2019","2019","Female","F",1052,718132,146.5
,"65-74 years","65-74","Pennsylvania","42","2019","2019","Male","M",2223,635961,349.5
,"65-74 years","65-74","Pennsylvania","42","2020","2020","Female","F",1130,742941,152.1
,"65-74 years","65-74","Pennsylvania","42","2020","2020","Male","M",2452,658317,372.5
,"65-74 years","65-74","Rhode Island","44","1999","1999","Female","F",135,41993,321.5
,"65-74 years","65-74","Rhode Island","44","1999","1999","Male","M",277,33009,839.2
,"65-74 years","65-74","Rhode Island","44","2000","2000","Female","F",142,41133,345.2
,"65-74 years","65-74","Rhode Island","44","2000","2000","Male","M",261,32551,801.8
,"65-74 years","65-74","Rhode Island","44","2001","2001","Female","F",137,40006,342.4
,"65-74 years","65-74","Rhode Island","44","2001","2001","Male","M",229,31712,722.1
,"65-74 years","65-74","Rhode Island","44","2002","2002","Female","F",130,39017,333.2
,"65-74 years","65-74","Rhode Island","44","2002","2002","Male","M",241,31007,777.2
,"65-74 years","65-74","Rhode Island","44","2003","2003","Female","F",111,38190,290.7
,"65-74 years","65-74","Rhode Island","44","2003","2003","Male","M",199,30681,648.6
,"65-74 years","65-74","Rhode Island","44","2004","2004","Female","F",114,37638,302.9
,"65-74 years","65-74","Rhode Island","44","2004","2004","Male","M",201,30364,662.0
,"65-74 years","65-74","Rhode Island","44","2005","2005","Female","F",116,36903,314.3
,"65-74 years","65-74","Rhode Island","44","2005","2005","Male","M",188,30244,621.6
,"65-74 years","65-74","Rhode Island","44","2006","2006","Female","F",97,36734,264.1
,"65-74 years","65-74","Rhode Island","44","2006","2006","Male","M",145,30162,480.7
,"65-74 years","65-74","Rhode Island","44","2007","2007","Female","F",85,37189,228.6
,"65-74 years","65-74","Rhode Island","44","2007","2007","Male","M",159,30688,518.1
,"65-74 years","65-74","Rhode Island","44","2008","2008","Female","F",79,38352,206.0
,"65-74 years","65-74","Rhode Island","44","2008","2008","Male","M",172,32063,536.4
,"65-74 years","65-74","Rhode Island","44","2009","2009","Female","F",87,39433,220.6
,"65-74 years","65-74","Rhode Island","44","2009","2009","Male","M",129,33085,389.9
,"65-74 years","65-74","Rhode Island","44","2010","2010","Female","F",81,40075,202.1
,"65-74 years","65-74","Rhode Island","44","2010","2010","Male","M",147,33804,434.9
,"65-74 years","65-74","Rhode Island","44","2011","2011","Female","F",84,41227,203.7
,"65-74 years","65-74","Rhode Island","44","2011","2011","Male","M",117,35258,331.8
,"65-74 years","65-74","Rhode Island","44","2012","2012","Female","F",69,43941,157.0
,"65-74 years","65-74","Rhode Island","44","2012","2012","Male","M",155,38094,406.9
,"65-74 years","65-74","Rhode Island","44","2013","2013","Female","F",76,46083,164.9
,"65-74 years","65-74","Rhode Island","44","2013","2013","Male","M",127,40054,317.1
,"65-74 years","65-74","Rhode Island","44","2014","2014","Female","F",86,47837,179.8
,"65-74 years","65-74","Rhode Island","44","2014","2014","Male","M",138,41814,330.0
,"65-74 years","65-74","Rhode Island","44","2015","2015","Female","F",74,49666,149.0
,"65-74 years","65-74","Rhode Island","44","2015","2015","Male","M",151,43688,345.6
,"65-74 years","65-74","Rhode Island","44","2016","2016","Female","F",78,51409,151.7
,"65-74 years","65-74","Rhode Island","44","2016","2016","Male","M",141,45524,309.7
,"65-74 years","65-74","Rhode Island","44","2017","2017","Female","F",67,53289,125.7
,"65-74 years","65-74","Rhode Island","44","2017","2017","Male","M",177,47121,375.6
,"65-74 years","65-74","Rhode Island","44","2018","2018","Female","F",74,54472,135.8
,"65-74 years","65-74","Rhode Island","44","2018","2018","Male","M",191,48123,396.9
,"65-74 years","65-74","Rhode Island","44","2019","2019","Female","F",73,56460,129.3
,"65-74 years","65-74","Rhode Island","44","2019","2019","Male","M",157,49699,315.9
,"65-74 years","65-74","Rhode Island","44","2020","2020","Female","F",74,58804,125.8
,"65-74 years","65-74","Rhode Island","44","2020","2020","Male","M",164,51528,318.3
,"65-74 years","65-74","South Carolina","45","1999","1999","Female","F",575,149480,384.7
,"65-74 years","65-74","South Carolina","45","1999","1999","Male","M",962,119916,802.2
,"65-74 years","65-74","South Carolina","45","2000","2000","Female","F",519,149235,347.8
,"65-74 years","65-74","South Carolina","45","2000","2000","Male","M",902,120813,746.6
,"65-74 years","65-74","South Carolina","45","2001","2001","Female","F",465,150436,309.1
,"65-74 years","65-74","South Carolina","45","2001","2001","Male","M",843,123165,684.4
,"65-74 years","65-74","South Carolina","45","2002","2002","Female","F",460,151643,303.3
,"65-74 years","65-74","South Carolina","45","2002","2002","Male","M",805,125163,643.2
,"65-74 years","65-74","South Carolina","45","2003","2003","Female","F",471,153465,306.9
,"65-74 years","65-74","South Carolina","45","2003","2003","Male","M",727,127709,569.3
,"65-74 years","65-74","South Carolina","45","2004","2004","Female","F",434,156234,277.8
,"65-74 years","65-74","South Carolina","45","2004","2004","Male","M",710,131406,540.3
,"65-74 years","65-74","South Carolina","45","2005","2005","Female","F",405,160784,251.9
,"65-74 years","65-74","South Carolina","45","2005","2005","Male","M",722,136355,529.5
,"65-74 years","65-74","South Carolina","45","2006","2006","Female","F",354,168494,210.1
,"65-74 years","65-74","South Carolina","45","2006","2006","Male","M",693,143873,481.7
,"65-74 years","65-74","South Carolina","45","2007","2007","Female","F",370,174844,211.6
,"65-74 years","65-74","South Carolina","45","2007","2007","Male","M",679,150792,450.3
,"65-74 years","65-74","South Carolina","45","2008","2008","Female","F",359,183649,195.5
,"65-74 years","65-74","South Carolina","45","2008","2008","Male","M",681,159174,427.8
,"65-74 years","65-74","South Carolina","45","2009","2009","Female","F",331,191692,172.7
,"65-74 years","65-74","South Carolina","45","2009","2009","Male","M",680,167032,407.1
,"65-74 years","65-74","South Carolina","45","2010","2010","Female","F",368,196976,186.8
,"65-74 years","65-74","South Carolina","45","2010","2010","Male","M",710,172067,412.6
,"65-74 years","65-74","South Carolina","45","2011","2011","Female","F",354,206452,171.5
,"65-74 years","65-74","South Carolina","45","2011","2011","Male","M",653,180757,361.3
,"65-74 years","65-74","South Carolina","45","2012","2012","Female","F",361,222167,162.5
,"65-74 years","65-74","South Carolina","45","2012","2012","Male","M",699,194898,358.6
,"65-74 years","65-74","South Carolina","45","2013","2013","Female","F",384,234564,163.7
,"65-74 years","65-74","South Carolina","45","2013","2013","Male","M",771,206360,373.6
,"65-74 years","65-74","South Carolina","45","2014","2014","Female","F",362,248047,145.9
,"65-74 years","65-74","South Carolina","45","2014","2014","Male","M",802,218124,367.7
,"65-74 years","65-74","South Carolina","45","2015","2015","Female","F",380,260734,145.7
,"65-74 years","65-74","South Carolina","45","2015","2015","Male","M",807,228749,352.8
,"65-74 years","65-74","South Carolina","45","2016","2016","Female","F",429,274109,156.5
,"65-74 years","65-74","South Carolina","45","2016","2016","Male","M",858,239177,358.7
,"65-74 years","65-74","South Carolina","45","2017","2017","Female","F",397,286151,138.7
,"65-74 years","65-74","South Carolina","45","2017","2017","Male","M",911,247399,368.2
,"65-74 years","65-74","South Carolina","45","2018","2018","Female","F",388,295984,131.1
,"65-74 years","65-74","South Carolina","45","2018","2018","Male","M",896,253847,353.0
,"65-74 years","65-74","South Carolina","45","2019","2019","Female","F",354,308489,114.8
,"65-74 years","65-74","South Carolina","45","2019","2019","Male","M",769,262111,293.4
,"65-74 years","65-74","South Carolina","45","2020","2020","Female","F",454,321507,141.2
,"65-74 years","65-74","South Carolina","45","2020","2020","Male","M",897,271541,330.3
,"65-74 years","65-74","South Dakota","46","1999","1999","Female","F",79,28517,277.0
,"65-74 years","65-74","South Dakota","46","1999","1999","Male","M",162,24722,655.3
,"65-74 years","65-74","South Dakota","46","2000","2000","Female","F",74,28499,259.7
,"65-74 years","65-74","South Dakota","46","2000","2000","Male","M",181,24630,734.9
,"65-74 years","65-74","South Dakota","46","2001","2001","Female","F",72,28092,256.3
,"65-74 years","65-74","South Dakota","46","2001","2001","Male","M",161,24448,658.5
,"65-74 years","65-74","South Dakota","46","2002","2002","Female","F",67,27730,241.6
,"65-74 years","65-74","South Dakota","46","2002","2002","Male","M",132,24259,544.1
,"65-74 years","65-74","South Dakota","46","2003","2003","Female","F",60,27619,217.2
,"65-74 years","65-74","South Dakota","46","2003","2003","Male","M",138,24060,573.6
,"65-74 years","65-74","South Dakota","46","2004","2004","Female","F",45,27637,162.8
,"65-74 years","65-74","South Dakota","46","2004","2004","Male","M",150,24065,623.3
,"65-74 years","65-74","South Dakota","46","2005","2005","Female","F",62,27571,224.9
,"65-74 years","65-74","South Dakota","46","2005","2005","Male","M",118,24193,487.7
,"65-74 years","65-74","South Dakota","46","2006","2006","Female","F",57,27748,205.4
,"65-74 years","65-74","South Dakota","46","2006","2006","Male","M",113,24672,458.0
,"65-74 years","65-74","South Dakota","46","2007","2007","Female","F",55,28088,195.8
,"65-74 years","65-74","South Dakota","46","2007","2007","Male","M",112,25351,441.8
,"65-74 years","65-74","South Dakota","46","2008","2008","Female","F",56,28788,194.5
,"65-74 years","65-74","South Dakota","46","2008","2008","Male","M",127,26254,483.7
,"65-74 years","65-74","South Dakota","46","2009","2009","Female","F",52,29532,176.1
,"65-74 years","65-74","South Dakota","46","2009","2009","Male","M",110,27114,405.7
,"65-74 years","65-74","South Dakota","46","2010","2010","Female","F",61,29999,203.3
,"65-74 years","65-74","South Dakota","46","2010","2010","Male","M",94,27628,340.2
,"65-74 years","65-74","South Dakota","46","2011","2011","Female","F",49,30634,160.0
,"65-74 years","65-74","South Dakota","46","2011","2011","Male","M",136,28392,479.0
,"65-74 years","65-74","South Dakota","46","2012","2012","Female","F",60,32010,187.4
,"65-74 years","65-74","South Dakota","46","2012","2012","Male","M",125,30124,415.0
,"65-74 years","65-74","South Dakota","46","2013","2013","Female","F",48,33372,143.8
,"65-74 years","65-74","South Dakota","46","2013","2013","Male","M",135,32215,419.1
,"65-74 years","65-74","South Dakota","46","2014","2014","Female","F",61,35023,174.2
,"65-74 years","65-74","South Dakota","46","2014","2014","Male","M",117,34325,340.9
,"65-74 years","65-74","South Dakota","46","2015","2015","Female","F",62,36788,168.5
,"65-74 years","65-74","South Dakota","46","2015","2015","Male","M",127,36343,349.4
,"65-74 years","65-74","South Dakota","46","2016","2016","Female","F",64,38885,164.6
,"65-74 years","65-74","South Dakota","46","2016","2016","Male","M",157,38579,407.0
,"65-74 years","65-74","South Dakota","46","2017","2017","Female","F",60,40841,146.9
,"65-74 years","65-74","South Dakota","46","2017","2017","Male","M",157,40388,388.7
,"65-74 years","65-74","South Dakota","46","2018","2018","Female","F",61,42618,143.1
,"65-74 years","65-74","South Dakota","46","2018","2018","Male","M",151,42432,355.9
,"65-74 years","65-74","South Dakota","46","2019","2019","Female","F",64,44657,143.3
,"65-74 years","65-74","South Dakota","46","2019","2019","Male","M",181,44559,406.2
,"65-74 years","65-74","South Dakota","46","2020","2020","Female","F",64,47006,136.2
,"65-74 years","65-74","South Dakota","46","2020","2020","Male","M",184,47035,391.2
,"65-74 years","65-74","Tennessee","47","1999","1999","Female","F",937,211999,442.0
,"65-74 years","65-74","Tennessee","47","1999","1999","Male","M",1492,168714,884.3
,"65-74 years","65-74","Tennessee","47","2000","2000","Female","F",909,212378,428.0
,"65-74 years","65-74","Tennessee","47","2000","2000","Male","M",1480,170474,868.2
,"65-74 years","65-74","Tennessee","47","2001","2001","Female","F",786,213353,368.4
,"65-74 years","65-74","Tennessee","47","2001","2001","Male","M",1377,173553,793.4
,"65-74 years","65-74","Tennessee","47","2002","2002","Female","F",852,214247,397.7
,"65-74 years","65-74","Tennessee","47","2002","2002","Male","M",1415,175462,806.4
,"65-74 years","65-74","Tennessee","47","2003","2003","Female","F",822,216313,380.0
,"65-74 years","65-74","Tennessee","47","2003","2003","Male","M",1329,178952,742.7
,"65-74 years","65-74","Tennessee","47","2004","2004","Female","F",695,219379,316.8
,"65-74 years","65-74","Tennessee","47","2004","2004","Male","M",1239,182974,677.1
,"65-74 years","65-74","Tennessee","47","2005","2005","Female","F",724,223934,323.3
,"65-74 years","65-74","Tennessee","47","2005","2005","Male","M",1209,188029,643.0
,"65-74 years","65-74","Tennessee","47","2006","2006","Female","F",679,231129,293.8
,"65-74 years","65-74","Tennessee","47","2006","2006","Male","M",1243,195803,634.8
,"65-74 years","65-74","Tennessee","47","2007","2007","Female","F",706,237440,297.3
,"65-74 years","65-74","Tennessee","47","2007","2007","Male","M",1152,202967,567.6
,"65-74 years","65-74","Tennessee","47","2008","2008","Female","F",692,246817,280.4
,"65-74 years","65-74","Tennessee","47","2008","2008","Male","M",1261,213063,591.8
,"65-74 years","65-74","Tennessee","47","2009","2009","Female","F",666,254620,261.6
,"65-74 years","65-74","Tennessee","47","2009","2009","Male","M",1213,221462,547.7
,"65-74 years","65-74","Tennessee","47","2010","2010","Female","F",682,259823,262.5
,"65-74 years","65-74","Tennessee","47","2010","2010","Male","M",1221,227251,537.3
,"65-74 years","65-74","Tennessee","47","2011","2011","Female","F",662,267796,247.2
,"65-74 years","65-74","Tennessee","47","2011","2011","Male","M",1216,235205,517.0
,"65-74 years","65-74","Tennessee","47","2012","2012","Female","F",714,284545,250.9
,"65-74 years","65-74","Tennessee","47","2012","2012","Male","M",1312,251615,521.4
,"65-74 years","65-74","Tennessee","47","2013","2013","Female","F",694,297830,233.0
,"65-74 years","65-74","Tennessee","47","2013","2013","Male","M",1326,264093,502.1
,"65-74 years","65-74","Tennessee","47","2014","2014","Female","F",726,311118,233.4
,"65-74 years","65-74","Tennessee","47","2014","2014","Male","M",1389,275180,504.8
,"65-74 years","65-74","Tennessee","47","2015","2015","Female","F",732,322452,227.0
,"65-74 years","65-74","Tennessee","47","2015","2015","Male","M",1429,285240,501.0
,"65-74 years","65-74","Tennessee","47","2016","2016","Female","F",754,333917,225.8
,"65-74 years","65-74","Tennessee","47","2016","2016","Male","M",1494,294492,507.3
,"65-74 years","65-74","Tennessee","47","2017","2017","Female","F",737,344499,213.9
,"65-74 years","65-74","Tennessee","47","2017","2017","Male","M",1521,301650,504.2
,"65-74 years","65-74","Tennessee","47","2018","2018","Female","F",757,353704,214.0
,"65-74 years","65-74","Tennessee","47","2018","2018","Male","M",1531,307898,497.2
,"65-74 years","65-74","Tennessee","47","2019","2019","Female","F",750,365024,205.5
,"65-74 years","65-74","Tennessee","47","2019","2019","Male","M",1566,316372,495.0
,"65-74 years","65-74","Tennessee","47","2020","2020","Female","F",841,378540,222.2
,"65-74 years","65-74","Tennessee","47","2020","2020","Male","M",1696,326330,519.7
,"65-74 years","65-74","Texas","48","1999","1999","Female","F",2460,621211,396.0
,"65-74 years","65-74","Texas","48","1999","1999","Male","M",3964,512505,773.5
,"65-74 years","65-74","Texas","48","2000","2000","Female","F",2234,624126,357.9
,"65-74 years","65-74","Texas","48","2000","2000","Male","M",3912,518482,754.5
,"65-74 years","65-74","Texas","48","2001","2001","Female","F",2195,628964,349.0
,"65-74 years","65-74","Texas","48","2001","2001","Male","M",3768,527065,714.9
,"65-74 years","65-74","Texas","48","2002","2002","Female","F",2101,633486,331.7
,"65-74 years","65-74","Texas","48","2002","2002","Male","M",3648,533930,683.2
,"65-74 years","65-74","Texas","48","2003","2003","Female","F",2003,642387,311.8
,"65-74 years","65-74","Texas","48","2003","2003","Male","M",3441,543891,632.7
,"65-74 years","65-74","Texas","48","2004","2004","Female","F",1862,652120,285.5
,"65-74 years","65-74","Texas","48","2004","2004","Male","M",3114,555185,560.9
,"65-74 years","65-74","Texas","48","2005","2005","Female","F",1829,662386,276.1
,"65-74 years","65-74","Texas","48","2005","2005","Male","M",3092,567998,544.4
,"65-74 years","65-74","Texas","48","2006","2006","Female","F",1680,685443,245.1
,"65-74 years","65-74","Texas","48","2006","2006","Male","M",2894,588469,491.8
,"65-74 years","65-74","Texas","48","2007","2007","Female","F",1547,705110,219.4
,"65-74 years","65-74","Texas","48","2007","2007","Male","M",2806,609348,460.5
,"65-74 years","65-74","Texas","48","2008","2008","Female","F",1573,733835,214.4
,"65-74 years","65-74","Texas","48","2008","2008","Male","M",2888,638797,452.1
,"65-74 years","65-74","Texas","48","2009","2009","Female","F",1477,764335,193.2
,"65-74 years","65-74","Texas","48","2009","2009","Male","M",2865,667915,428.9
,"65-74 years","65-74","Texas","48","2010","2010","Female","F",1485,785122,189.1
,"65-74 years","65-74","Texas","48","2010","2010","Male","M",2778,687134,404.3
,"65-74 years","65-74","Texas","48","2011","2011","Female","F",1546,818398,188.9
,"65-74 years","65-74","Texas","48","2011","2011","Male","M",2940,720163,408.2
,"65-74 years","65-74","Texas","48","2012","2012","Female","F",1521,872738,174.3
,"65-74 years","65-74","Texas","48","2012","2012","Male","M",3042,771211,394.4
,"65-74 years","65-74","Texas","48","2013","2013","Female","F",1628,922023,176.6
,"65-74 years","65-74","Texas","48","2013","2013","Male","M",3205,815700,392.9
,"65-74 years","65-74","Texas","48","2014","2014","Female","F",1651,973507,169.6
,"65-74 years","65-74","Texas","48","2014","2014","Male","M",3359,859994,390.6
,"65-74 years","65-74","Texas","48","2015","2015","Female","F",1734,1022229,169.6
,"65-74 years","65-74","Texas","48","2015","2015","Male","M",3504,901067,388.9
,"65-74 years","65-74","Texas","48","2016","2016","Female","F",1803,1068617,168.7
,"65-74 years","65-74","Texas","48","2016","2016","Male","M",3669,939832,390.4
,"65-74 years","65-74","Texas","48","2017","2017","Female","F",1964,1112045,176.6
,"65-74 years","65-74","Texas","48","2017","2017","Male","M",3777,977191,386.5
,"65-74 years","65-74","Texas","48","2018","2018","Female","F",1897,1154813,164.3
,"65-74 years","65-74","Texas","48","2018","2018","Male","M",4062,1011716,401.5
,"65-74 years","65-74","Texas","48","2019","2019","Female","F",1896,1198057,158.3
,"65-74 years","65-74","Texas","48","2019","2019","Male","M",3846,1046971,367.3
,"65-74 years","65-74","Texas","48","2020","2020","Female","F",2168,1250181,173.4
,"65-74 years","65-74","Texas","48","2020","2020","Male","M",4381,1089731,402.0
,"65-74 years","65-74","Utah","49","1999","1999","Female","F",111,53503,207.5
,"65-74 years","65-74","Utah","49","1999","1999","Male","M",207,47223,438.3
,"65-74 years","65-74","Utah","49","2000","2000","Female","F",94,53832,174.6
,"65-74 years","65-74","Utah","49","2000","2000","Male","M",221,47716,463.2
,"65-74 years","65-74","Utah","49","2001","2001","Female","F",116,54636,212.3
,"65-74 years","65-74","Utah","49","2001","2001","Male","M",191,48549,393.4
,"65-74 years","65-74","Utah","49","2002","2002","Female","F",88,55426,158.8
,"65-74 years","65-74","Utah","49","2002","2002","Male","M",171,49484,345.6
,"65-74 years","65-74","Utah","49","2003","2003","Female","F",85,56701,149.9
,"65-74 years","65-74","Utah","49","2003","2003","Male","M",159,50637,314.0
,"65-74 years","65-74","Utah","49","2004","2004","Female","F",61,57960,105.2
,"65-74 years","65-74","Utah","49","2004","2004","Male","M",148,51872,285.3
,"65-74 years","65-74","Utah","49","2005","2005","Female","F",64,59925,106.8
,"65-74 years","65-74","Utah","49","2005","2005","Male","M",143,53827,265.7
,"65-74 years","65-74","Utah","49","2006","2006","Female","F",63,62371,101.0
,"65-74 years","65-74","Utah","49","2006","2006","Male","M",171,55945,305.7
,"65-74 years","65-74","Utah","49","2007","2007","Female","F",66,64208,102.8
,"65-74 years","65-74","Utah","49","2007","2007","Male","M",155,58052,267.0
,"65-74 years","65-74","Utah","49","2008","2008","Female","F",69,67297,102.5
,"65-74 years","65-74","Utah","49","2008","2008","Male","M",156,61015,255.7
,"65-74 years","65-74","Utah","49","2009","2009","Female","F",63,70527,89.3
,"65-74 years","65-74","Utah","49","2009","2009","Male","M",172,63720,269.9
,"65-74 years","65-74","Utah","49","2010","2010","Female","F",76,72588,104.7
,"65-74 years","65-74","Utah","49","2010","2010","Male","M",163,65636,248.3
,"65-74 years","65-74","Utah","49","2011","2011","Female","F",75,75696,99.1
,"65-74 years","65-74","Utah","49","2011","2011","Male","M",152,68622,221.5
,"65-74 years","65-74","Utah","49","2012","2012","Female","F",74,80734,91.7
,"65-74 years","65-74","Utah","49","2012","2012","Male","M",202,73526,274.7
,"65-74 years","65-74","Utah","49","2013","2013","Female","F",82,85361,96.1
,"65-74 years","65-74","Utah","49","2013","2013","Male","M",178,78083,228.0
,"65-74 years","65-74","Utah","49","2014","2014","Female","F",84,89873,93.5
,"65-74 years","65-74","Utah","49","2014","2014","Male","M",176,82527,213.3
,"65-74 years","65-74","Utah","49","2015","2015","Female","F",84,94507,88.9
,"65-74 years","65-74","Utah","49","2015","2015","Male","M",205,87055,235.5
,"65-74 years","65-74","Utah","49","2016","2016","Female","F",90,99495,90.5
,"65-74 years","65-74","Utah","49","2016","2016","Male","M",215,91707,234.4
,"65-74 years","65-74","Utah","49","2017","2017","Female","F",102,104962,97.2
,"65-74 years","65-74","Utah","49","2017","2017","Male","M",206,96299,213.9
,"65-74 years","65-74","Utah","49","2018","2018","Female","F",78,109473,71.3
,"65-74 years","65-74","Utah","49","2018","2018","Male","M",205,100398,204.2
,"65-74 years","65-74","Utah","49","2019","2019","Female","F",105,114222,91.9
,"65-74 years","65-74","Utah","49","2019","2019","Male","M",214,105244,203.3
,"65-74 years","65-74","Utah","49","2020","2020","Female","F",107,119523,89.5
,"65-74 years","65-74","Utah","49","2020","2020","Male","M",252,110529,228.0
,"65-74 years","65-74","Vermont","50","1999","1999","Female","F",61,21788,280.0
,"65-74 years","65-74","Vermont","50","1999","1999","Male","M",116,18607,623.4
,"65-74 years","65-74","Vermont","50","2000","2000","Female","F",57,21849,260.9
,"65-74 years","65-74","Vermont","50","2000","2000","Male","M",135,18834,716.8
,"65-74 years","65-74","Vermont","50","2001","2001","Female","F",57,21598,263.9
,"65-74 years","65-74","Vermont","50","2001","2001","Male","M",116,18942,612.4
,"65-74 years","65-74","Vermont","50","2002","2002","Female","F",66,21613,305.4
,"65-74 years","65-74","Vermont","50","2002","2002","Male","M",99,19021,520.5
,"65-74 years","65-74","Vermont","50","2003","2003","Female","F",53,21627,245.1
,"65-74 years","65-74","Vermont","50","2003","2003","Male","M",102,19141,532.9
,"65-74 years","65-74","Vermont","50","2004","2004","Female","F",46,21677,212.2
,"65-74 years","65-74","Vermont","50","2004","2004","Male","M",90,19464,462.4
,"65-74 years","65-74","Vermont","50","2005","2005","Female","F",48,21851,219.7
,"65-74 years","65-74","Vermont","50","2005","2005","Male","M",81,19771,409.7
,"65-74 years","65-74","Vermont","50","2006","2006","Female","F",43,22299,192.8
,"65-74 years","65-74","Vermont","50","2006","2006","Male","M",89,20305,438.3
,"65-74 years","65-74","Vermont","50","2007","2007","Female","F",43,22874,188.0
,"65-74 years","65-74","Vermont","50","2007","2007","Male","M",69,21010,328.4
,"65-74 years","65-74","Vermont","50","2008","2008","Female","F",42,23958,175.3
,"65-74 years","65-74","Vermont","50","2008","2008","Male","M",87,22284,390.4
,"65-74 years","65-74","Vermont","50","2009","2009","Female","F",45,24889,180.8
,"65-74 years","65-74","Vermont","50","2009","2009","Male","M",76,23251,326.9
,"65-74 years","65-74","Vermont","50","2010","2010","Female","F",35,25618,136.6
,"65-74 years","65-74","Vermont","50","2010","2010","Male","M",106,23920,443.1
,"65-74 years","65-74","Vermont","50","2011","2011","Female","F",47,26786,175.5
,"65-74 years","65-74","Vermont","50","2011","2011","Male","M",82,25103,326.7
,"65-74 years","65-74","Vermont","50","2012","2012","Female","F",43,28744,149.6
,"65-74 years","65-74","Vermont","50","2012","2012","Male","M",112,27070,413.7
,"65-74 years","65-74","Vermont","50","2013","2013","Female","F",45,30432,147.9
,"65-74 years","65-74","Vermont","50","2013","2013","Male","M",119,28843,412.6
,"65-74 years","65-74","Vermont","50","2014","2014","Female","F",50,31949,156.5
,"65-74 years","65-74","Vermont","50","2014","2014","Male","M",100,30368,329.3
,"65-74 years","65-74","Vermont","50","2015","2015","Female","F",53,33472,158.3
,"65-74 years","65-74","Vermont","50","2015","2015","Male","M",136,31755,428.3
,"65-74 years","65-74","Vermont","50","2016","2016","Female","F",50,34805,143.7
,"65-74 years","65-74","Vermont","50","2016","2016","Male","M",121,32871,368.1
,"65-74 years","65-74","Vermont","50","2017","2017","Female","F",42,36381,115.4
,"65-74 years","65-74","Vermont","50","2017","2017","Male","M",133,34285,387.9
,"65-74 years","65-74","Vermont","50","2018","2018","Female","F",45,37743,119.2
,"65-74 years","65-74","Vermont","50","2018","2018","Male","M",138,35150,392.6
,"65-74 years","65-74","Vermont","50","2019","2019","Female","F",60,38979,153.9
,"65-74 years","65-74","Vermont","50","2019","2019","Male","M",146,36227,403.0
,"65-74 years","65-74","Vermont","50","2020","2020","Female","F",67,40097,167.1
,"65-74 years","65-74","Vermont","50","2020","2020","Male","M",160,37516,426.5
,"65-74 years","65-74","Virginia","51","1999","1999","Female","F",777,238587,325.7
,"65-74 years","65-74","Virginia","51","1999","1999","Male","M",1310,193861,675.7
,"65-74 years","65-74","Virginia","51","2000","2000","Female","F",746,237662,313.9
,"65-74 years","65-74","Virginia","51","2000","2000","Male","M",1283,194794,658.6
,"65-74 years","65-74","Virginia","51","2001","2001","Female","F",718,238671,300.8
,"65-74 years","65-74","Virginia","51","2001","2001","Male","M",1141,198385,575.1
,"65-74 years","65-74","Virginia","51","2002","2002","Female","F",640,239639,267.1
,"65-74 years","65-74","Virginia","51","2002","2002","Male","M",1141,201573,566.0
,"65-74 years","65-74","Virginia","51","2003","2003","Female","F",637,242131,263.1
,"65-74 years","65-74","Virginia","51","2003","2003","Male","M",1067,205193,520.0
,"65-74 years","65-74","Virginia","51","2004","2004","Female","F",577,245105,235.4
,"65-74 years","65-74","Virginia","51","2004","2004","Male","M",1052,209307,502.6
,"65-74 years","65-74","Virginia","51","2005","2005","Female","F",569,249893,227.7
,"65-74 years","65-74","Virginia","51","2005","2005","Male","M",993,214575,462.8
,"65-74 years","65-74","Virginia","51","2006","2006","Female","F",511,255363,200.1
,"65-74 years","65-74","Virginia","51","2006","2006","Male","M",939,220008,426.8
,"65-74 years","65-74","Virginia","51","2007","2007","Female","F",481,262710,183.1
,"65-74 years","65-74","Virginia","51","2007","2007","Male","M",934,227502,410.5
,"65-74 years","65-74","Virginia","51","2008","2008","Female","F",483,274963,175.7
,"65-74 years","65-74","Virginia","51","2008","2008","Male","M",893,239365,373.1
,"65-74 years","65-74","Virginia","51","2009","2009","Female","F",444,286122,155.2
,"65-74 years","65-74","Virginia","51","2009","2009","Male","M",911,249336,365.4
,"65-74 years","65-74","Virginia","51","2010","2010","Female","F",458,293349,156.1
,"65-74 years","65-74","Virginia","51","2010","2010","Male","M",960,256455,374.3
,"65-74 years","65-74","Virginia","51","2011","2011","Female","F",478,305190,156.6
,"65-74 years","65-74","Virginia","51","2011","2011","Male","M",853,268105,318.2
,"65-74 years","65-74","Virginia","51","2012","2012","Female","F",456,327611,139.2
,"65-74 years","65-74","Virginia","51","2012","2012","Male","M",923,288251,320.2
,"65-74 years","65-74","Virginia","51","2013","2013","Female","F",476,345077,137.9
,"65-74 years","65-74","Virginia","51","2013","2013","Male","M",974,303390,321.0
,"65-74 years","65-74","Virginia","51","2014","2014","Female","F",491,361838,135.7
,"65-74 years","65-74","Virginia","51","2014","2014","Male","M",981,317044,309.4
,"65-74 years","65-74","Virginia","51","2015","2015","Female","F",519,377423,137.5
,"65-74 years","65-74","Virginia","51","2015","2015","Male","M",1044,330280,316.1
,"65-74 years","65-74","Virginia","51","2016","2016","Female","F",507,392283,129.2
,"65-74 years","65-74","Virginia","51","2016","2016","Male","M",1024,342241,299.2
,"65-74 years","65-74","Virginia","51","2017","2017","Female","F",548,406157,134.9
,"65-74 years","65-74","Virginia","51","2017","2017","Male","M",1121,353361,317.2
,"65-74 years","65-74","Virginia","51","2018","2018","Female","F",518,417101,124.2
,"65-74 years","65-74","Virginia","51","2018","2018","Male","M",1114,361937,307.8
,"65-74 years","65-74","Virginia","51","2019","2019","Female","F",511,429939,118.9
,"65-74 years","65-74","Virginia","51","2019","2019","Male","M",1082,372352,290.6
,"65-74 years","65-74","Virginia","51","2020","2020","Female","F",558,443742,125.7
,"65-74 years","65-74","Virginia","51","2020","2020","Male","M",1196,383824,311.6
,"65-74 years","65-74","Washington","53","1999","1999","Female","F",535,180586,296.3
,"65-74 years","65-74","Washington","53","1999","1999","Male","M",1025,155983,657.1
,"65-74 years","65-74","Washington","53","2000","2000","Female","F",516,180244,286.3
,"65-74 years","65-74","Washington","53","2000","2000","Male","M",1027,156922,654.5
,"65-74 years","65-74","Washington","53","2001","2001","Female","F",471,179837,261.9
,"65-74 years","65-74","Washington","53","2001","2001","Male","M",988,158396,623.8
,"65-74 years","65-74","Washington","53","2002","2002","Female","F",440,180740,243.4
,"65-74 years","65-74","Washington","53","2002","2002","Male","M",912,160719,567.5
,"65-74 years","65-74","Washington","53","2003","2003","Female","F",399,183154,217.8
,"65-74 years","65-74","Washington","53","2003","2003","Male","M",879,164298,535.0
,"65-74 years","65-74","Washington","53","2004","2004","Female","F",431,186506,231.1
,"65-74 years","65-74","Washington","53","2004","2004","Male","M",750,168605,444.8
,"65-74 years","65-74","Washington","53","2005","2005","Female","F",389,191037,203.6
,"65-74 years","65-74","Washington","53","2005","2005","Male","M",826,174097,474.4
,"65-74 years","65-74","Washington","53","2006","2006","Female","F",367,197762,185.6
,"65-74 years","65-74","Washington","53","2006","2006","Male","M",772,181065,426.4
,"65-74 years","65-74","Washington","53","2007","2007","Female","F",345,205202,168.1
,"65-74 years","65-74","Washington","53","2007","2007","Male","M",752,188923,398.0
,"65-74 years","65-74","Washington","53","2008","2008","Female","F",369,216136,170.7
,"65-74 years","65-74","Washington","53","2008","2008","Male","M",782,200342,390.3
,"65-74 years","65-74","Washington","53","2009","2009","Female","F",383,228553,167.6
,"65-74 years","65-74","Washington","53","2009","2009","Male","M",803,211813,379.1
,"65-74 years","65-74","Washington","53","2010","2010","Female","F",327,237396,137.7
,"65-74 years","65-74","Washington","53","2010","2010","Male","M",745,219824,338.9
,"65-74 years","65-74","Washington","53","2011","2011","Female","F",364,251525,144.7
,"65-74 years","65-74","Washington","53","2011","2011","Male","M",802,232867,344.4
,"65-74 years","65-74","Washington","53","2012","2012","Female","F",349,271468,128.6
,"65-74 years","65-74","Washington","53","2012","2012","Male","M",805,251251,320.4
,"65-74 years","65-74","Washington","53","2013","2013","Female","F",357,290361,123.0
,"65-74 years","65-74","Washington","53","2013","2013","Male","M",780,267544,291.5
,"65-74 years","65-74","Washington","53","2014","2014","Female","F",357,307490,116.1
,"65-74 years","65-74","Washington","53","2014","2014","Male","M",881,282829,311.5
,"65-74 years","65-74","Washington","53","2015","2015","Female","F",378,324896,116.3
,"65-74 years","65-74","Washington","53","2015","2015","Male","M",847,298408,283.8
,"65-74 years","65-74","Washington","53","2016","2016","Female","F",367,343325,106.9
,"65-74 years","65-74","Washington","53","2016","2016","Male","M",964,313182,307.8
,"65-74 years","65-74","Washington","53","2017","2017","Female","F",388,357398,108.6
,"65-74 years","65-74","Washington","53","2017","2017","Male","M",1055,324365,325.3
,"65-74 years","65-74","Washington","53","2018","2018","Female","F",416,372307,111.7
,"65-74 years","65-74","Washington","53","2018","2018","Male","M",1040,336501,309.1
,"65-74 years","65-74","Washington","53","2019","2019","Female","F",435,387277,112.3
,"65-74 years","65-74","Washington","53","2019","2019","Male","M",1060,348247,304.4
,"65-74 years","65-74","Washington","53","2020","2020","Female","F",463,400347,115.6
,"65-74 years","65-74","Washington","53","2020","2020","Male","M",1122,358158,313.3
,"65-74 years","65-74","West Virginia","54","1999","1999","Female","F",379,82901,457.2
,"65-74 years","65-74","West Virginia","54","1999","1999","Male","M",564,66570,847.2
,"65-74 years","65-74","West Virginia","54","2000","2000","Female","F",341,82055,415.6
,"65-74 years","65-74","West Virginia","54","2000","2000","Male","M",599,66408,902.0
,"65-74 years","65-74","West Virginia","54","2001","2001","Female","F",310,81052,382.5
,"65-74 years","65-74","West Virginia","54","2001","2001","Male","M",470,66479,707.0
,"65-74 years","65-74","West Virginia","54","2002","2002","Female","F",300,80614,372.1
,"65-74 years","65-74","West Virginia","54","2002","2002","Male","M",474,66444,713.4
,"65-74 years","65-74","West Virginia","54","2003","2003","Female","F",283,80431,351.9
,"65-74 years","65-74","West Virginia","54","2003","2003","Male","M",501,67026,747.5
,"65-74 years","65-74","West Virginia","54","2004","2004","Female","F",233,80250,290.3
,"65-74 years","65-74","West Virginia","54","2004","2004","Male","M",452,67898,665.7
,"65-74 years","65-74","West Virginia","54","2005","2005","Female","F",220,79977,275.1
,"65-74 years","65-74","West Virginia","54","2005","2005","Male","M",409,68614,596.1
,"65-74 years","65-74","West Virginia","54","2006","2006","Female","F",246,80483,305.7
,"65-74 years","65-74","West Virginia","54","2006","2006","Male","M",420,69995,600.0
,"65-74 years","65-74","West Virginia","54","2007","2007","Female","F",218,81605,267.1
,"65-74 years","65-74","West Virginia","54","2007","2007","Male","M",392,71893,545.3
,"65-74 years","65-74","West Virginia","54","2008","2008","Female","F",228,83524,273.0
,"65-74 years","65-74","West Virginia","54","2008","2008","Male","M",370,74549,496.3
,"65-74 years","65-74","West Virginia","54","2009","2009","Female","F",192,84995,225.9
,"65-74 years","65-74","West Virginia","54","2009","2009","Male","M",386,76718,503.1
,"65-74 years","65-74","West Virginia","54","2010","2010","Female","F",202,85624,235.9
,"65-74 years","65-74","West Virginia","54","2010","2010","Male","M",376,77896,482.7
,"65-74 years","65-74","West Virginia","54","2011","2011","Female","F",214,86891,246.3
,"65-74 years","65-74","West Virginia","54","2011","2011","Male","M",351,79682,440.5
,"65-74 years","65-74","West Virginia","54","2012","2012","Female","F",203,91655,221.5
,"65-74 years","65-74","West Virginia","54","2012","2012","Male","M",391,84659,461.9
,"65-74 years","65-74","West Virginia","54","2013","2013","Female","F",202,95078,212.5
,"65-74 years","65-74","West Virginia","54","2013","2013","Male","M",381,88268,431.6
,"65-74 years","65-74","West Virginia","54","2014","2014","Female","F",186,98945,188.0
,"65-74 years","65-74","West Virginia","54","2014","2014","Male","M",394,91819,429.1
,"65-74 years","65-74","West Virginia","54","2015","2015","Female","F",214,102249,209.3
,"65-74 years","65-74","West Virginia","54","2015","2015","Male","M",381,95115,400.6
,"65-74 years","65-74","West Virginia","54","2016","2016","Female","F",221,105381,209.7
,"65-74 years","65-74","West Virginia","54","2016","2016","Male","M",457,97646,468.0
,"65-74 years","65-74","West Virginia","54","2017","2017","Female","F",255,108259,235.5
,"65-74 years","65-74","West Virginia","54","2017","2017","Male","M",477,100275,475.7
,"65-74 years","65-74","West Virginia","54","2018","2018","Female","F",238,110766,214.9
,"65-74 years","65-74","West Virginia","54","2018","2018","Male","M",449,102071,439.9
,"65-74 years","65-74","West Virginia","54","2019","2019","Female","F",272,113196,240.3
,"65-74 years","65-74","West Virginia","54","2019","2019","Male","M",454,104127,436.0
,"65-74 years","65-74","West Virginia","54","2020","2020","Female","F",250,116238,215.1
,"65-74 years","65-74","West Virginia","54","2020","2020","Male","M",486,105938,458.8
,"65-74 years","65-74","Wisconsin","55","1999","1999","Female","F",570,192272,296.5
,"65-74 years","65-74","Wisconsin","55","1999","1999","Male","M",1206,164267,734.2
,"65-74 years","65-74","Wisconsin","55","2000","2000","Female","F",539,190926,282.3
,"65-74 years","65-74","Wisconsin","55","2000","2000","Male","M",1042,164381,633.9
,"65-74 years","65-74","Wisconsin","55","2001","2001","Female","F",514,189519,271.2
,"65-74 years","65-74","Wisconsin","55","2001","2001","Male","M",1007,163916,614.3
,"65-74 years","65-74","Wisconsin","55","2002","2002","Female","F",460,188453,244.1
,"65-74 years","65-74","Wisconsin","55","2002","2002","Male","M",933,163703,569.9
,"65-74 years","65-74","Wisconsin","55","2003","2003","Female","F",419,188087,222.8
,"65-74 years","65-74","Wisconsin","55","2003","2003","Male","M",915,164602,555.9
,"65-74 years","65-74","Wisconsin","55","2004","2004","Female","F",386,188555,204.7
,"65-74 years","65-74","Wisconsin","55","2004","2004","Male","M",813,166065,489.6
,"65-74 years","65-74","Wisconsin","55","2005","2005","Female","F",363,188801,192.3
,"65-74 years","65-74","Wisconsin","55","2005","2005","Male","M",788,167237,471.2
,"65-74 years","65-74","Wisconsin","55","2006","2006","Female","F",335,190298,176.0
,"65-74 years","65-74","Wisconsin","55","2006","2006","Male","M",743,169243,439.0
,"65-74 years","65-74","Wisconsin","55","2007","2007","Female","F",292,194078,150.5
,"65-74 years","65-74","Wisconsin","55","2007","2007","Male","M",711,173316,410.2
,"65-74 years","65-74","Wisconsin","55","2008","2008","Female","F",359,200849,178.7
,"65-74 years","65-74","Wisconsin","55","2008","2008","Male","M",716,179957,397.9
,"65-74 years","65-74","Wisconsin","55","2009","2009","Female","F",351,206582,169.9
,"65-74 years","65-74","Wisconsin","55","2009","2009","Male","M",728,186156,391.1
,"65-74 years","65-74","Wisconsin","55","2010","2010","Female","F",361,210261,171.7
,"65-74 years","65-74","Wisconsin","55","2010","2010","Male","M",711,190235,373.7
,"65-74 years","65-74","Wisconsin","55","2011","2011","Female","F",313,215590,145.2
,"65-74 years","65-74","Wisconsin","55","2011","2011","Male","M",744,196369,378.9
,"65-74 years","65-74","Wisconsin","55","2012","2012","Female","F",326,229497,142.0
,"65-74 years","65-74","Wisconsin","55","2012","2012","Male","M",730,210664,346.5
,"65-74 years","65-74","Wisconsin","55","2013","2013","Female","F",337,240448,140.2
,"65-74 years","65-74","Wisconsin","55","2013","2013","Male","M",811,222183,365.0
,"65-74 years","65-74","Wisconsin","55","2014","2014","Female","F",351,251177,139.7
,"65-74 years","65-74","Wisconsin","55","2014","2014","Male","M",832,233055,357.0
,"65-74 years","65-74","Wisconsin","55","2015","2015","Female","F",349,262707,132.8
,"65-74 years","65-74","Wisconsin","55","2015","2015","Male","M",814,244959,332.3
,"65-74 years","65-74","Wisconsin","55","2016","2016","Female","F",338,274005,123.4
,"65-74 years","65-74","Wisconsin","55","2016","2016","Male","M",800,256666,311.7
,"65-74 years","65-74","Wisconsin","55","2017","2017","Female","F",356,284619,125.1
,"65-74 years","65-74","Wisconsin","55","2017","2017","Male","M",926,267790,345.8
,"65-74 years","65-74","Wisconsin","55","2018","2018","Female","F",398,294201,135.3
,"65-74 years","65-74","Wisconsin","55","2018","2018","Male","M",906,277422,326.6
,"65-74 years","65-74","Wisconsin","55","2019","2019","Female","F",383,306271,125.1
,"65-74 years","65-74","Wisconsin","55","2019","2019","Male","M",961,288477,333.1
,"65-74 years","65-74","Wisconsin","55","2020","2020","Female","F",412,319437,129.0
,"65-74 years","65-74","Wisconsin","55","2020","2020","Male","M",1057,300987,351.2
,"65-74 years","65-74","Wyoming","56","1999","1999","Female","F",53,16237,326.4
,"65-74 years","65-74","Wyoming","56","1999","1999","Male","M",82,14867,551.6
,"65-74 years","65-74","Wyoming","56","2000","2000","Female","F",43,16324,263.4
,"65-74 years","65-74","Wyoming","56","2000","2000","Male","M",97,15019,645.8
,"65-74 years","65-74","Wyoming","56","2001","2001","Female","F",35,16489,212.3
,"65-74 years","65-74","Wyoming","56","2001","2001","Male","M",65,15150,429.0
,"65-74 years","65-74","Wyoming","56","2002","2002","Female","F",30,16709,179.5
,"65-74 years","65-74","Wyoming","56","2002","2002","Male","M",87,15321,567.8
,"65-74 years","65-74","Wyoming","56","2003","2003","Female","F",38,16872,225.2
,"65-74 years","65-74","Wyoming","56","2003","2003","Male","M",77,15621,492.9
,"65-74 years","65-74","Wyoming","56","2004","2004","Female","F",43,16931,254.0
,"65-74 years","65-74","Wyoming","56","2004","2004","Male","M",84,15942,526.9
,"65-74 years","65-74","Wyoming","56","2005","2005","Female","F",46,17159,268.1
,"65-74 years","65-74","Wyoming","56","2005","2005","Male","M",70,16273,430.2
,"65-74 years","65-74","Wyoming","56","2006","2006","Female","F",41,17487,234.5
,"65-74 years","65-74","Wyoming","56","2006","2006","Male","M",77,16804,458.2
,"65-74 years","65-74","Wyoming","56","2007","2007","Female","F",33,17959,183.8
,"65-74 years","65-74","Wyoming","56","2007","2007","Male","M",74,17408,425.1
,"65-74 years","65-74","Wyoming","56","2008","2008","Female","F",33,18689,176.6
,"65-74 years","65-74","Wyoming","56","2008","2008","Male","M",71,18277,388.5
,"65-74 years","65-74","Wyoming","56","2009","2009","Female","F",41,19336,212.0
,"65-74 years","65-74","Wyoming","56","2009","2009","Male","M",72,19221,374.6
,"65-74 years","65-74","Wyoming","56","2010","2010","Female","F",41,19887,206.2
,"65-74 years","65-74","Wyoming","56","2010","2010","Male","M",68,19681,345.5
,"65-74 years","65-74","Wyoming","56","2011","2011","Female","F",27,20509,131.6
,"65-74 years","65-74","Wyoming","56","2011","2011","Male","M",84,20569,408.4
,"65-74 years","65-74","Wyoming","56","2012","2012","Female","F",35,21797,160.6
,"65-74 years","65-74","Wyoming","56","2012","2012","Male","M",101,21717,465.1
,"65-74 years","65-74","Wyoming","56","2013","2013","Female","F",25,22932,109.0
,"65-74 years","65-74","Wyoming","56","2013","2013","Male","M",75,22882,327.8
,"65-74 years","65-74","Wyoming","56","2014","2014","Female","F",36,24087,149.5
,"65-74 years","65-74","Wyoming","56","2014","2014","Male","M",73,24295,300.5
,"65-74 years","65-74","Wyoming","56","2015","2015","Female","F",42,25176,166.8
,"65-74 years","65-74","Wyoming","56","2015","2015","Male","M",93,25626,362.9
,"65-74 years","65-74","Wyoming","56","2016","2016","Female","F",43,26442,162.6
,"65-74 years","65-74","Wyoming","56","2016","2016","Male","M",98,26798,365.7
,"65-74 years","65-74","Wyoming","56","2017","2017","Female","F",32,27711,115.5
,"65-74 years","65-74","Wyoming","56","2017","2017","Male","M",91,28233,322.3
,"65-74 years","65-74","Wyoming","56","2018","2018","Female","F",38,28793,132.0
,"65-74 years","65-74","Wyoming","56","2018","2018","Male","M",103,29375,350.6
,"65-74 years","65-74","Wyoming","56","2019","2019","Female","F",43,29971,143.5
,"65-74 years","65-74","Wyoming","56","2019","2019","Male","M",101,30619,329.9
,"65-74 years","65-74","Wyoming","56","2020","2020","Female","F",51,31617,161.3
,"65-74 years","65-74","Wyoming","56","2020","2020","Male","M",128,32197,397.6
,"75-84 years","75-84","Alabama","01","1999","1999","Female","F",1126,121921,923.5
,"75-84 years","75-84","Alabama","01","1999","1999","Male","M",1153,72852,1582.7
,"75-84 years","75-84","Alabama","01","2000","2000","Female","F",1157,122260,946.3
,"75-84 years","75-84","Alabama","01","2000","2000","Male","M",1168,73489,1589.4
,"75-84 years","75-84","Alabama","01","2001","2001","Female","F",1022,123531,827.3
,"75-84 years","75-84","Alabama","01","2001","2001","Male","M",1033,75102,1375.5
,"75-84 years","75-84","Alabama","01","2002","2002","Female","F",991,124188,798.0
,"75-84 years","75-84","Alabama","01","2002","2002","Male","M",1045,76534,1365.4
,"75-84 years","75-84","Alabama","01","2003","2003","Female","F",971,125846,771.6
,"75-84 years","75-84","Alabama","01","2003","2003","Male","M",1052,77992,1348.9
,"75-84 years","75-84","Alabama","01","2004","2004","Female","F",929,125857,738.1
,"75-84 years","75-84","Alabama","01","2004","2004","Male","M",1026,78755,1302.8
,"75-84 years","75-84","Alabama","01","2005","2005","Female","F",926,125891,735.6
,"75-84 years","75-84","Alabama","01","2005","2005","Male","M",909,79794,1139.2
,"75-84 years","75-84","Alabama","01","2006","2006","Female","F",885,126510,699.5
,"75-84 years","75-84","Alabama","01","2006","2006","Male","M",873,81244,1074.5
,"75-84 years","75-84","Alabama","01","2007","2007","Female","F",762,126043,604.6
,"75-84 years","75-84","Alabama","01","2007","2007","Male","M",802,82498,972.1
,"75-84 years","75-84","Alabama","01","2008","2008","Female","F",762,126235,603.6
,"75-84 years","75-84","Alabama","01","2008","2008","Male","M",817,83881,974.0
,"75-84 years","75-84","Alabama","01","2009","2009","Female","F",665,125293,530.8
,"75-84 years","75-84","Alabama","01","2009","2009","Male","M",778,84669,918.9
,"75-84 years","75-84","Alabama","01","2010","2010","Female","F",670,125996,531.8
,"75-84 years","75-84","Alabama","01","2010","2010","Male","M",784,85611,915.8
,"75-84 years","75-84","Alabama","01","2011","2011","Female","F",607,126926,478.2
,"75-84 years","75-84","Alabama","01","2011","2011","Male","M",805,87737,917.5
,"75-84 years","75-84","Alabama","01","2012","2012","Female","F",622,127441,488.1
,"75-84 years","75-84","Alabama","01","2012","2012","Male","M",765,89264,857.0
,"75-84 years","75-84","Alabama","01","2013","2013","Female","F",588,128948,456.0
,"75-84 years","75-84","Alabama","01","2013","2013","Male","M",768,91538,839.0
,"75-84 years","75-84","Alabama","01","2014","2014","Female","F",552,131005,421.4
,"75-84 years","75-84","Alabama","01","2014","2014","Male","M",739,93932,786.7
,"75-84 years","75-84","Alabama","01","2015","2015","Female","F",567,132637,427.5
,"75-84 years","75-84","Alabama","01","2015","2015","Male","M",723,95813,754.6
,"75-84 years","75-84","Alabama","01","2016","2016","Female","F",542,134843,401.9
,"75-84 years","75-84","Alabama","01","2016","2016","Male","M",714,98286,726.5
,"75-84 years","75-84","Alabama","01","2017","2017","Female","F",511,137417,371.9
,"75-84 years","75-84","Alabama","01","2017","2017","Male","M",742,100843,735.8
,"75-84 years","75-84","Alabama","01","2018","2018","Female","F",561,143316,391.4
,"75-84 years","75-84","Alabama","01","2018","2018","Male","M",778,105992,734.0
,"75-84 years","75-84","Alabama","01","2019","2019","Female","F",501,147551,339.5
,"75-84 years","75-84","Alabama","01","2019","2019","Male","M",735,109296,672.5
,"75-84 years","75-84","Alabama","01","2020","2020","Female","F",606,151147,400.9
,"75-84 years","75-84","Alabama","01","2020","2020","Male","M",778,112521,691.4
,"75-84 years","75-84","Alaska","02","1999","1999","Female","F",52,5656,919.4
,"75-84 years","75-84","Alaska","02","1999","1999","Male","M",53,4396,1205.6
,"75-84 years","75-84","Alaska","02","2000","2000","Female","F",56,5970,938.0
,"75-84 years","75-84","Alaska","02","2000","2000","Male","M",62,4588,1351.4
,"75-84 years","75-84","Alaska","02","2001","2001","Female","F",41,6348,645.9
,"75-84 years","75-84","Alaska","02","2001","2001","Male","M",59,4890,1206.5
,"75-84 years","75-84","Alaska","02","2002","2002","Female","F",35,6628,528.1
,"75-84 years","75-84","Alaska","02","2002","2002","Male","M",60,5140,1167.3
,"75-84 years","75-84","Alaska","02","2003","2003","Female","F",56,6820,821.1
,"75-84 years","75-84","Alaska","02","2003","2003","Male","M",66,5394,1223.6
,"75-84 years","75-84","Alaska","02","2004","2004","Female","F",37,7127,519.2
,"75-84 years","75-84","Alaska","02","2004","2004","Male","M",50,5754,869.0
,"75-84 years","75-84","Alaska","02","2005","2005","Female","F",36,7440,483.9
,"75-84 years","75-84","Alaska","02","2005","2005","Male","M",65,6067,1071.4
,"75-84 years","75-84","Alaska","02","2006","2006","Female","F",45,7494,600.5
,"75-84 years","75-84","Alaska","02","2006","2006","Male","M",66,6246,1056.7
,"75-84 years","75-84","Alaska","02","2007","2007","Female","F",32,7556,423.5
,"75-84 years","75-84","Alaska","02","2007","2007","Male","M",56,6342,883.0
,"75-84 years","75-84","Alaska","02","2008","2008","Female","F",31,7808,397.0
,"75-84 years","75-84","Alaska","02","2008","2008","Male","M",59,6431,917.4
,"75-84 years","75-84","Alaska","02","2009","2009","Female","F",45,7985,563.6
,"75-84 years","75-84","Alaska","02","2009","2009","Male","M",50,6627,754.5
,"75-84 years","75-84","Alaska","02","2010","2010","Female","F",20,8107,246.7
,"75-84 years","75-84","Alaska","02","2010","2010","Male","M",43,6770,635.2
,"75-84 years","75-84","Alaska","02","2011","2011","Female","F",32,8350,383.2
,"75-84 years","75-84","Alaska","02","2011","2011","Male","M",48,7067,679.2
,"75-84 years","75-84","Alaska","02","2012","2012","Female","F",31,8667,357.7
,"75-84 years","75-84","Alaska","02","2012","2012","Male","M",40,7457,536.4
,"75-84 years","75-84","Alaska","02","2013","2013","Female","F",22,8776,250.7
,"75-84 years","75-84","Alaska","02","2013","2013","Male","M",57,7814,729.5
,"75-84 years","75-84","Alaska","02","2014","2014","Female","F",38,8888,427.5
,"75-84 years","75-84","Alaska","02","2014","2014","Male","M",56,7988,701.1
,"75-84 years","75-84","Alaska","02","2015","2015","Female","F",35,9243,378.7
,"75-84 years","75-84","Alaska","02","2015","2015","Male","M",73,8302,879.3
,"75-84 years","75-84","Alaska","02","2016","2016","Female","F",30,9616,312.0
,"75-84 years","75-84","Alaska","02","2016","2016","Male","M",55,8783,626.2
,"75-84 years","75-84","Alaska","02","2017","2017","Female","F",32,10503,304.7
,"75-84 years","75-84","Alaska","02","2017","2017","Male","M",56,9619,582.2
,"75-84 years","75-84","Alaska","02","2018","2018","Female","F",38,11149,340.8
,"75-84 years","75-84","Alaska","02","2018","2018","Male","M",66,10454,631.3
,"75-84 years","75-84","Alaska","02","2019","2019","Female","F",38,11906,319.2
,"75-84 years","75-84","Alaska","02","2019","2019","Male","M",60,11201,535.7
,"75-84 years","75-84","Alaska","02","2020","2020","Female","F",29,12489,232.2
,"75-84 years","75-84","Alaska","02","2020","2020","Male","M",75,11890,630.8
,"75-84 years","75-84","Arizona","04","1999","1999","Female","F",1263,131213,962.6
,"75-84 years","75-84","Arizona","04","1999","1999","Male","M",1528,99885,1529.8
,"75-84 years","75-84","Arizona","04","2000","2000","Female","F",1192,133923,890.1
,"75-84 years","75-84","Arizona","04","2000","2000","Male","M",1463,101550,1440.7
,"75-84 years","75-84","Arizona","04","2001","2001","Female","F",1129,137709,819.8
,"75-84 years","75-84","Arizona","04","2001","2001","Male","M",1452,105618,1374.8
,"75-84 years","75-84","Arizona","04","2002","2002","Female","F",1155,140419,822.5
,"75-84 years","75-84","Arizona","04","2002","2002","Male","M",1478,107779,1371.3
,"75-84 years","75-84","Arizona","04","2003","2003","Female","F",1199,142054,844.0
,"75-84 years","75-84","Arizona","04","2003","2003","Male","M",1499,110615,1355.2
,"75-84 years","75-84","Arizona","04","2004","2004","Female","F",1059,143977,735.5
,"75-84 years","75-84","Arizona","04","2004","2004","Male","M",1395,113555,1228.5
,"75-84 years","75-84","Arizona","04","2005","2005","Female","F",1161,147976,784.6
,"75-84 years","75-84","Arizona","04","2005","2005","Male","M",1418,117556,1206.2
,"75-84 years","75-84","Arizona","04","2006","2006","Female","F",1068,149563,714.1
,"75-84 years","75-84","Arizona","04","2006","2006","Male","M",1297,119949,1081.3
,"75-84 years","75-84","Arizona","04","2007","2007","Female","F",960,150224,639.0
,"75-84 years","75-84","Arizona","04","2007","2007","Male","M",1249,121948,1024.2
,"75-84 years","75-84","Arizona","04","2008","2008","Female","F",903,150987,598.1
,"75-84 years","75-84","Arizona","04","2008","2008","Male","M",1309,124360,1052.6
,"75-84 years","75-84","Arizona","04","2009","2009","Female","F",899,151749,592.4
,"75-84 years","75-84","Arizona","04","2009","2009","Male","M",1197,125664,952.5
,"75-84 years","75-84","Arizona","04","2010","2010","Female","F",802,152809,524.8
,"75-84 years","75-84","Arizona","04","2010","2010","Male","M",1144,127730,895.6
,"75-84 years","75-84","Arizona","04","2011","2011","Female","F",799,156655,510.0
,"75-84 years","75-84","Arizona","04","2011","2011","Male","M",1237,133360,927.6
,"75-84 years","75-84","Arizona","04","2012","2012","Female","F",792,160433,493.7
,"75-84 years","75-84","Arizona","04","2012","2012","Male","M",1170,138086,847.3
,"75-84 years","75-84","Arizona","04","2013","2013","Female","F",742,165381,448.7
,"75-84 years","75-84","Arizona","04","2013","2013","Male","M",1181,144161,819.2
,"75-84 years","75-84","Arizona","04","2014","2014","Female","F",687,172201,399.0
,"75-84 years","75-84","Arizona","04","2014","2014","Male","M",1116,150758,740.3
,"75-84 years","75-84","Arizona","04","2015","2015","Female","F",711,179415,396.3
,"75-84 years","75-84","Arizona","04","2015","2015","Male","M",1173,156836,747.9
,"75-84 years","75-84","Arizona","04","2016","2016","Female","F",786,187597,419.0
,"75-84 years","75-84","Arizona","04","2016","2016","Male","M",1207,163673,737.4
,"75-84 years","75-84","Arizona","04","2017","2017","Female","F",778,194092,400.8
,"75-84 years","75-84","Arizona","04","2017","2017","Male","M",1322,169518,779.9
,"75-84 years","75-84","Arizona","04","2018","2018","Female","F",737,208008,354.3
,"75-84 years","75-84","Arizona","04","2018","2018","Male","M",1312,181805,721.7
,"75-84 years","75-84","Arizona","04","2019","2019","Female","F",791,220061,359.4
,"75-84 years","75-84","Arizona","04","2019","2019","Male","M",1304,191136,682.2
,"75-84 years","75-84","Arizona","04","2020","2020","Female","F",907,232794,389.6
,"75-84 years","75-84","Arizona","04","2020","2020","Male","M",1458,202178,721.1
,"75-84 years","75-84","Arkansas","05","1999","1999","Female","F",822,78259,1050.4
,"75-84 years","75-84","Arkansas","05","1999","1999","Male","M",911,50539,1802.6
,"75-84 years","75-84","Arkansas","05","2000","2000","Female","F",823,78230,1052.0
,"75-84 years","75-84","Arkansas","05","2000","2000","Male","M",865,50963,1697.3
,"75-84 years","75-84","Arkansas","05","2001","2001","Female","F",808,78439,1030.1
,"75-84 years","75-84","Arkansas","05","2001","2001","Male","M",897,51405,1745.0
,"75-84 years","75-84","Arkansas","05","2002","2002","Female","F",816,78554,1038.8
,"75-84 years","75-84","Arkansas","05","2002","2002","Male","M",874,52189,1674.7
,"75-84 years","75-84","Arkansas","05","2003","2003","Female","F",733,78473,934.1
,"75-84 years","75-84","Arkansas","05","2003","2003","Male","M",867,52545,1650.0
,"75-84 years","75-84","Arkansas","05","2004","2004","Female","F",717,78096,918.1
,"75-84 years","75-84","Arkansas","05","2004","2004","Male","M",777,52865,1469.8
,"75-84 years","75-84","Arkansas","05","2005","2005","Female","F",705,77861,905.5
,"75-84 years","75-84","Arkansas","05","2005","2005","Male","M",772,53433,1444.8
,"75-84 years","75-84","Arkansas","05","2006","2006","Female","F",686,77922,880.4
,"75-84 years","75-84","Arkansas","05","2006","2006","Male","M",720,54099,1330.9
,"75-84 years","75-84","Arkansas","05","2007","2007","Female","F",627,77596,808.0
,"75-84 years","75-84","Arkansas","05","2007","2007","Male","M",703,54730,1284.5
,"75-84 years","75-84","Arkansas","05","2008","2008","Female","F",596,77810,766.0
,"75-84 years","75-84","Arkansas","05","2008","2008","Male","M",688,55052,1249.7
,"75-84 years","75-84","Arkansas","05","2009","2009","Female","F",570,77316,737.2
,"75-84 years","75-84","Arkansas","05","2009","2009","Male","M",678,55825,1214.5
,"75-84 years","75-84","Arkansas","05","2010","2010","Female","F",524,77657,674.8
,"75-84 years","75-84","Arkansas","05","2010","2010","Male","M",682,56320,1210.9
,"75-84 years","75-84","Arkansas","05","2011","2011","Female","F",489,78156,625.7
,"75-84 years","75-84","Arkansas","05","2011","2011","Male","M",607,57628,1053.3
,"75-84 years","75-84","Arkansas","05","2012","2012","Female","F",496,77619,639.0
,"75-84 years","75-84","Arkansas","05","2012","2012","Male","M",643,58281,1103.3
,"75-84 years","75-84","Arkansas","05","2013","2013","Female","F",478,78543,608.6
,"75-84 years","75-84","Arkansas","05","2013","2013","Male","M",609,59910,1016.5
,"75-84 years","75-84","Arkansas","05","2014","2014","Female","F",457,79505,574.8
,"75-84 years","75-84","Arkansas","05","2014","2014","Male","M",652,61423,1061.5
,"75-84 years","75-84","Arkansas","05","2015","2015","Female","F",525,80842,649.4
,"75-84 years","75-84","Arkansas","05","2015","2015","Male","M",657,62916,1044.2
,"75-84 years","75-84","Arkansas","05","2016","2016","Female","F",529,82249,643.2
,"75-84 years","75-84","Arkansas","05","2016","2016","Male","M",715,64225,1113.3
,"75-84 years","75-84","Arkansas","05","2017","2017","Female","F",522,84369,618.7
,"75-84 years","75-84","Arkansas","05","2017","2017","Male","M",725,66384,1092.1
,"75-84 years","75-84","Arkansas","05","2018","2018","Female","F",543,87831,618.2
,"75-84 years","75-84","Arkansas","05","2018","2018","Male","M",753,68968,1091.8
,"75-84 years","75-84","Arkansas","05","2019","2019","Female","F",497,90236,550.8
,"75-84 years","75-84","Arkansas","05","2019","2019","Male","M",748,70905,1054.9
,"75-84 years","75-84","Arkansas","05","2020","2020","Female","F",516,92229,559.5
,"75-84 years","75-84","Arkansas","05","2020","2020","Male","M",750,72483,1034.7
,"75-84 years","75-84","California","06","1999","1999","Female","F",8743,742128,1178.1
,"75-84 years","75-84","California","06","1999","1999","Male","M",9633,517511,1861.4
,"75-84 years","75-84","California","06","2000","2000","Female","F",8078,757189,1066.8
,"75-84 years","75-84","California","06","2000","2000","Male","M",9107,524989,1734.7
,"75-84 years","75-84","California","06","2001","2001","Female","F",8146,776780,1048.7
,"75-84 years","75-84","California","06","2001","2001","Male","M",9117,539762,1689.1
,"75-84 years","75-84","California","06","2002","2002","Female","F",8004,788729,1014.8
,"75-84 years","75-84","California","06","2002","2002","Male","M",8902,549464,1620.1
,"75-84 years","75-84","California","06","2003","2003","Female","F",7709,797361,966.8
,"75-84 years","75-84","California","06","2003","2003","Male","M",8540,557352,1532.2
,"75-84 years","75-84","California","06","2004","2004","Female","F",7160,800298,894.7
,"75-84 years","75-84","California","06","2004","2004","Male","M",7883,561706,1403.4
,"75-84 years","75-84","California","06","2005","2005","Female","F",6792,804001,844.8
,"75-84 years","75-84","California","06","2005","2005","Male","M",7736,569520,1358.3
,"75-84 years","75-84","California","06","2006","2006","Female","F",6266,797474,785.7
,"75-84 years","75-84","California","06","2006","2006","Male","M",7551,569224,1326.5
,"75-84 years","75-84","California","06","2007","2007","Female","F",5786,793074,729.6
,"75-84 years","75-84","California","06","2007","2007","Male","M",6447,570709,1129.6
,"75-84 years","75-84","California","06","2008","2008","Female","F",5538,789702,701.3
,"75-84 years","75-84","California","06","2008","2008","Male","M",6319,573407,1102.0
,"75-84 years","75-84","California","06","2009","2009","Female","F",4988,787114,633.7
,"75-84 years","75-84","California","06","2009","2009","Male","M",5880,576306,1020.3
,"75-84 years","75-84","California","06","2010","2010","Female","F",4679,787634,594.1
,"75-84 years","75-84","California","06","2010","2010","Male","M",5758,582576,988.4
,"75-84 years","75-84","California","06","2011","2011","Female","F",4471,792640,564.1
,"75-84 years","75-84","California","06","2011","2011","Male","M",5726,595284,961.9
,"75-84 years","75-84","California","06","2012","2012","Female","F",4254,800427,531.5
,"75-84 years","75-84","California","06","2012","2012","Male","M",5552,606258,915.8
,"75-84 years","75-84","California","06","2013","2013","Female","F",4221,813098,519.1
,"75-84 years","75-84","California","06","2013","2013","Male","M",5480,621182,882.2
,"75-84 years","75-84","California","06","2014","2014","Female","F",3756,831603,451.7
,"75-84 years","75-84","California","06","2014","2014","Male","M",5274,638434,826.1
,"75-84 years","75-84","California","06","2015","2015","Female","F",3919,848746,461.7
,"75-84 years","75-84","California","06","2015","2015","Male","M",5387,654828,822.7
,"75-84 years","75-84","California","06","2016","2016","Female","F",3711,865987,428.5
,"75-84 years","75-84","California","06","2016","2016","Male","M",5242,669313,783.2
,"75-84 years","75-84","California","06","2017","2017","Female","F",3679,888341,414.1
,"75-84 years","75-84","California","06","2017","2017","Male","M",5345,688424,776.4
,"75-84 years","75-84","California","06","2018","2018","Female","F",3622,922023,392.8
,"75-84 years","75-84","California","06","2018","2018","Male","M",5310,718003,739.6
,"75-84 years","75-84","California","06","2019","2019","Female","F",3512,956230,367.3
,"75-84 years","75-84","California","06","2019","2019","Male","M",5330,745369,715.1
,"75-84 years","75-84","California","06","2020","2020","Female","F",3821,983099,388.7
,"75-84 years","75-84","California","06","2020","2020","Male","M",5739,767150,748.1
,"75-84 years","75-84","Colorado","08","1999","1999","Female","F",610,82732,737.3
,"75-84 years","75-84","Colorado","08","1999","1999","Male","M",792,56371,1405.0
,"75-84 years","75-84","Colorado","08","2000","2000","Female","F",537,84082,638.7
,"75-84 years","75-84","Colorado","08","2000","2000","Male","M",724,57465,1259.9
,"75-84 years","75-84","Colorado","08","2001","2001","Female","F",648,86743,747.0
,"75-84 years","75-84","Colorado","08","2001","2001","Male","M",718,59622,1204.3
,"75-84 years","75-84","Colorado","08","2002","2002","Female","F",589,88630,664.6
,"75-84 years","75-84","Colorado","08","2002","2002","Male","M",747,60794,1228.7
,"75-84 years","75-84","Colorado","08","2003","2003","Female","F",590,89848,656.7
,"75-84 years","75-84","Colorado","08","2003","2003","Male","M",753,62252,1209.6
,"75-84 years","75-84","Colorado","08","2004","2004","Female","F",549,91298,601.3
,"75-84 years","75-84","Colorado","08","2004","2004","Male","M",739,63672,1160.6
,"75-84 years","75-84","Colorado","08","2005","2005","Female","F",522,92449,564.6
,"75-84 years","75-84","Colorado","08","2005","2005","Male","M",710,65056,1091.4
,"75-84 years","75-84","Colorado","08","2006","2006","Female","F",489,94493,517.5
,"75-84 years","75-84","Colorado","08","2006","2006","Male","M",591,67257,878.7
,"75-84 years","75-84","Colorado","08","2007","2007","Female","F",504,95110,529.9
,"75-84 years","75-84","Colorado","08","2007","2007","Male","M",603,68798,876.5
,"75-84 years","75-84","Colorado","08","2008","2008","Female","F",449,95492,470.2
,"75-84 years","75-84","Colorado","08","2008","2008","Male","M",598,70276,850.9
,"75-84 years","75-84","Colorado","08","2009","2009","Female","F",363,95905,378.5
,"75-84 years","75-84","Colorado","08","2009","2009","Male","M",565,71584,789.3
,"75-84 years","75-84","Colorado","08","2010","2010","Female","F",403,96823,416.2
,"75-84 years","75-84","Colorado","08","2010","2010","Male","M",584,73229,797.5
,"75-84 years","75-84","Colorado","08","2011","2011","Female","F",373,98344,379.3
,"75-84 years","75-84","Colorado","08","2011","2011","Male","M",581,75790,766.6
,"75-84 years","75-84","Colorado","08","2012","2012","Female","F",330,100047,329.8
,"75-84 years","75-84","Colorado","08","2012","2012","Male","M",545,78364,695.5
,"75-84 years","75-84","Colorado","08","2013","2013","Female","F",363,102177,355.3
,"75-84 years","75-84","Colorado","08","2013","2013","Male","M",489,80790,605.3
,"75-84 years","75-84","Colorado","08","2014","2014","Female","F",358,104668,342.0
,"75-84 years","75-84","Colorado","08","2014","2014","Male","M",584,83771,697.1
,"75-84 years","75-84","Colorado","08","2015","2015","Female","F",340,107527,316.2
,"75-84 years","75-84","Colorado","08","2015","2015","Male","M",566,86421,654.9
,"75-84 years","75-84","Colorado","08","2016","2016","Female","F",329,110606,297.5
,"75-84 years","75-84","Colorado","08","2016","2016","Male","M",544,89367,608.7
,"75-84 years","75-84","Colorado","08","2017","2017","Female","F",299,114117,262.0
,"75-84 years","75-84","Colorado","08","2017","2017","Male","M",549,92437,593.9
,"75-84 years","75-84","Colorado","08","2018","2018","Female","F",346,120617,286.9
,"75-84 years","75-84","Colorado","08","2018","2018","Male","M",546,98450,554.6
,"75-84 years","75-84","Colorado","08","2019","2019","Female","F",363,126520,286.9
,"75-84 years","75-84","Colorado","08","2019","2019","Male","M",595,103840,573.0
,"75-84 years","75-84","Colorado","08","2020","2020","Female","F",322,132526,243.0
,"75-84 years","75-84","Colorado","08","2020","2020","Male","M",589,109208,539.3
,"75-84 years","75-84","Connecticut","09","1999","1999","Female","F",1018,105808,962.1
,"75-84 years","75-84","Connecticut","09","1999","1999","Male","M",1085,67390,1610.0
,"75-84 years","75-84","Connecticut","09","2000","2000","Female","F",978,106277,920.2
,"75-84 years","75-84","Connecticut","09","2000","2000","Male","M",1053,68068,1547.0
,"75-84 years","75-84","Connecticut","09","2001","2001","Female","F",870,107171,811.8
,"75-84 years","75-84","Connecticut","09","2001","2001","Male","M",959,69078,1388.3
,"75-84 years","75-84","Connecticut","09","2002","2002","Female","F",884,107577,821.7
,"75-84 years","75-84","Connecticut","09","2002","2002","Male","M",933,69754,1337.6
,"75-84 years","75-84","Connecticut","09","2003","2003","Female","F",797,107568,740.9
,"75-84 years","75-84","Connecticut","09","2003","2003","Male","M",845,70514,1198.3
,"75-84 years","75-84","Connecticut","09","2004","2004","Female","F",728,107022,680.2
,"75-84 years","75-84","Connecticut","09","2004","2004","Male","M",811,70805,1145.4
,"75-84 years","75-84","Connecticut","09","2005","2005","Female","F",700,106129,659.6
,"75-84 years","75-84","Connecticut","09","2005","2005","Male","M",756,70894,1066.4
,"75-84 years","75-84","Connecticut","09","2006","2006","Female","F",634,104602,606.1
,"75-84 years","75-84","Connecticut","09","2006","2006","Male","M",698,70631,988.2
,"75-84 years","75-84","Connecticut","09","2007","2007","Female","F",562,102813,546.6
,"75-84 years","75-84","Connecticut","09","2007","2007","Male","M",674,70252,959.4
,"75-84 years","75-84","Connecticut","09","2008","2008","Female","F",529,101278,522.3
,"75-84 years","75-84","Connecticut","09","2008","2008","Male","M",644,69423,927.6
,"75-84 years","75-84","Connecticut","09","2009","2009","Female","F",494,99367,497.1
,"75-84 years","75-84","Connecticut","09","2009","2009","Male","M",565,68596,823.7
,"75-84 years","75-84","Connecticut","09","2010","2010","Female","F",436,98440,442.9
,"75-84 years","75-84","Connecticut","09","2010","2010","Male","M",539,68277,789.4
,"75-84 years","75-84","Connecticut","09","2011","2011","Female","F",412,96530,426.8
,"75-84 years","75-84","Connecticut","09","2011","2011","Male","M",566,68260,829.2
,"75-84 years","75-84","Connecticut","09","2012","2012","Female","F",438,95109,460.5
,"75-84 years","75-84","Connecticut","09","2012","2012","Male","M",519,67818,765.3
,"75-84 years","75-84","Connecticut","09","2013","2013","Female","F",337,94000,358.5
,"75-84 years","75-84","Connecticut","09","2013","2013","Male","M",471,67498,697.8
,"75-84 years","75-84","Connecticut","09","2014","2014","Female","F",356,93520,380.7
,"75-84 years","75-84","Connecticut","09","2014","2014","Male","M",471,67701,695.7
,"75-84 years","75-84","Connecticut","09","2015","2015","Female","F",344,93589,367.6
,"75-84 years","75-84","Connecticut","09","2015","2015","Male","M",473,68363,691.9
,"75-84 years","75-84","Connecticut","09","2016","2016","Female","F",367,94207,389.6
,"75-84 years","75-84","Connecticut","09","2016","2016","Male","M",493,69300,711.4
,"75-84 years","75-84","Connecticut","09","2017","2017","Female","F",358,98301,364.2
,"75-84 years","75-84","Connecticut","09","2017","2017","Male","M",483,73191,659.9
,"75-84 years","75-84","Connecticut","09","2018","2018","Female","F",410,102499,400.0
,"75-84 years","75-84","Connecticut","09","2018","2018","Male","M",476,77181,616.7
,"75-84 years","75-84","Connecticut","09","2019","2019","Female","F",356,105687,336.8
,"75-84 years","75-84","Connecticut","09","2019","2019","Male","M",511,80408,635.5
,"75-84 years","75-84","Connecticut","09","2020","2020","Female","F",345,108697,317.4
,"75-84 years","75-84","Connecticut","09","2020","2020","Male","M",485,82961,584.6
,"75-84 years","75-84","Delaware","10","1999","1999","Female","F",262,20550,1274.9
,"75-84 years","75-84","Delaware","10","1999","1999","Male","M",257,13600,1889.7
,"75-84 years","75-84","Delaware","10","2000","2000","Female","F",198,20865,949.0
,"75-84 years","75-84","Delaware","10","2000","2000","Male","M",273,13897,1964.5
,"75-84 years","75-84","Delaware","10","2001","2001","Female","F",228,21318,1069.5
,"75-84 years","75-84","Delaware","10","2001","2001","Male","M",258,14437,1787.1
,"75-84 years","75-84","Delaware","10","2002","2002","Female","F",235,21775,1079.2
,"75-84 years","75-84","Delaware","10","2002","2002","Male","M",219,14828,1476.9
,"75-84 years","75-84","Delaware","10","2003","2003","Female","F",203,22070,919.8
,"75-84 years","75-84","Delaware","10","2003","2003","Male","M",240,15113,1588.0
,"75-84 years","75-84","Delaware","10","2004","2004","Female","F",203,22269,911.6
,"75-84 years","75-84","Delaware","10","2004","2004","Male","M",232,15635,1483.9
,"75-84 years","75-84","Delaware","10","2005","2005","Female","F",216,22527,958.8
,"75-84 years","75-84","Delaware","10","2005","2005","Male","M",229,16023,1429.2
,"75-84 years","75-84","Delaware","10","2006","2006","Female","F",183,23027,794.7
,"75-84 years","75-84","Delaware","10","2006","2006","Male","M",196,16715,1172.6
,"75-84 years","75-84","Delaware","10","2007","2007","Female","F",151,23183,651.3
,"75-84 years","75-84","Delaware","10","2007","2007","Male","M",211,17091,1234.6
,"75-84 years","75-84","Delaware","10","2008","2008","Female","F",144,23389,615.7
,"75-84 years","75-84","Delaware","10","2008","2008","Male","M",193,17557,1099.3
,"75-84 years","75-84","Delaware","10","2009","2009","Female","F",148,23181,638.5
,"75-84 years","75-84","Delaware","10","2009","2009","Male","M",159,17615,902.6
,"75-84 years","75-84","Delaware","10","2010","2010","Female","F",130,23247,559.2
,"75-84 years","75-84","Delaware","10","2010","2010","Male","M",151,17833,846.7
,"75-84 years","75-84","Delaware","10","2011","2011","Female","F",155,23604,656.7
,"75-84 years","75-84","Delaware","10","2011","2011","Male","M",195,18316,1064.6
,"75-84 years","75-84","Delaware","10","2012","2012","Female","F",132,23889,552.6
,"75-84 years","75-84","Delaware","10","2012","2012","Male","M",166,18723,886.6
,"75-84 years","75-84","Delaware","10","2013","2013","Female","F",127,24598,516.3
,"75-84 years","75-84","Delaware","10","2013","2013","Male","M",180,19343,930.6
,"75-84 years","75-84","Delaware","10","2014","2014","Female","F",143,25124,569.2
,"75-84 years","75-84","Delaware","10","2014","2014","Male","M",171,19977,856.0
,"75-84 years","75-84","Delaware","10","2015","2015","Female","F",141,25832,545.8
,"75-84 years","75-84","Delaware","10","2015","2015","Male","M",187,20564,909.4
,"75-84 years","75-84","Delaware","10","2016","2016","Female","F",120,26747,448.6
,"75-84 years","75-84","Delaware","10","2016","2016","Male","M",203,21155,959.6
,"75-84 years","75-84","Delaware","10","2017","2017","Female","F",91,27729,328.2
,"75-84 years","75-84","Delaware","10","2017","2017","Male","M",163,22336,729.8
,"75-84 years","75-84","Delaware","10","2018","2018","Female","F",121,29309,412.8
,"75-84 years","75-84","Delaware","10","2018","2018","Male","M",190,23746,800.1
,"75-84 years","75-84","Delaware","10","2019","2019","Female","F",87,30853,282.0
,"75-84 years","75-84","Delaware","10","2019","2019","Male","M",200,24941,801.9
,"75-84 years","75-84","Delaware","10","2020","2020","Female","F",115,32278,356.3
,"75-84 years","75-84","Delaware","10","2020","2020","Male","M",194,26250,739.0
,"75-84 years","75-84","District of Columbia","11","1999","1999","Female","F",178,15918,1118.2
,"75-84 years","75-84","District of Columbia","11","1999","1999","Male","M",166,8912,1862.7
,"75-84 years","75-84","District of Columbia","11","2000","2000","Female","F",163,15987,1019.6
,"75-84 years","75-84","District of Columbia","11","2000","2000","Male","M",177,9017,1963.0
,"75-84 years","75-84","District of Columbia","11","2001","2001","Female","F",215,16014,1342.6
,"75-84 years","75-84","District of Columbia","11","2001","2001","Male","M",177,9018,1962.7
,"75-84 years","75-84","District of Columbia","11","2002","2002","Female","F",196,16007,1224.5
,"75-84 years","75-84","District of Columbia","11","2002","2002","Male","M",175,8992,1946.2
,"75-84 years","75-84","District of Columbia","11","2003","2003","Female","F",150,15770,951.2
,"75-84 years","75-84","District of Columbia","11","2003","2003","Male","M",182,8960,2031.2
,"75-84 years","75-84","District of Columbia","11","2004","2004","Female","F",166,15582,1065.3
,"75-84 years","75-84","District of Columbia","11","2004","2004","Male","M",136,8888,1530.2
,"75-84 years","75-84","District of Columbia","11","2005","2005","Female","F",175,15223,1149.6
,"75-84 years","75-84","District of Columbia","11","2005","2005","Male","M",155,8762,1769.0
,"75-84 years","75-84","District of Columbia","11","2006","2006","Female","F",166,14573,1139.1
,"75-84 years","75-84","District of Columbia","11","2006","2006","Male","M",163,8620,1891.0
,"75-84 years","75-84","District of Columbia","11","2007","2007","Female","F",135,14084,958.5
,"75-84 years","75-84","District of Columbia","11","2007","2007","Male","M",136,8417,1615.8
,"75-84 years","75-84","District of Columbia","11","2008","2008","Female","F",121,13547,893.2
,"75-84 years","75-84","District of Columbia","11","2008","2008","Male","M",130,8339,1558.9
,"75-84 years","75-84","District of Columbia","11","2009","2009","Female","F",112,13303,841.9
,"75-84 years","75-84","District of Columbia","11","2009","2009","Male","M",120,8288,1447.9
,"75-84 years","75-84","District of Columbia","11","2010","2010","Female","F",113,13227,854.3
,"75-84 years","75-84","District of Columbia","11","2010","2010","Male","M",120,8298,1446.1
,"75-84 years","75-84","District of Columbia","11","2011","2011","Female","F",103,13192,780.8
,"75-84 years","75-84","District of Columbia","11","2011","2011","Male","M",93,8298,1120.8
,"75-84 years","75-84","District of Columbia","11","2012","2012","Female","F",107,13006,822.7
,"75-84 years","75-84","District of Columbia","11","2012","2012","Male","M",112,8182,1368.9
,"75-84 years","75-84","District of Columbia","11","2013","2013","Female","F",79,12911,611.9
,"75-84 years","75-84","District of Columbia","11","2013","2013","Male","M",102,8300,1228.9
,"75-84 years","75-84","District of Columbia","11","2014","2014","Female","F",82,12771,642.1
,"75-84 years","75-84","District of Columbia","11","2014","2014","Male","M",85,8342,1018.9
,"75-84 years","75-84","District of Columbia","11","2015","2015","Female","F",71,12903,550.3
,"75-84 years","75-84","District of Columbia","11","2015","2015","Male","M",89,8517,1045.0
,"75-84 years","75-84","District of Columbia","11","2016","2016","Female","F",87,13080,665.1
,"75-84 years","75-84","District of Columbia","11","2016","2016","Male","M",91,8682,1048.1
,"75-84 years","75-84","District of Columbia","11","2017","2017","Female","F",78,13988,557.6
,"75-84 years","75-84","District of Columbia","11","2017","2017","Male","M",95,9394,1011.3
,"75-84 years","75-84","District of Columbia","11","2018","2018","Female","F",77,14398,534.8
,"75-84 years","75-84","District of Columbia","11","2018","2018","Male","M",78,9648,808.5
,"75-84 years","75-84","District of Columbia","11","2019","2019","Female","F",82,14881,551.0
,"75-84 years","75-84","District of Columbia","11","2019","2019","Male","M",68,10001,679.9
,"75-84 years","75-84","District of Columbia","11","2020","2020","Female","F",79,15573,507.3
,"75-84 years","75-84","District of Columbia","11","2020","2020","Male","M",99,10413,950.7
,"75-84 years","75-84","Florida","12","1999","1999","Female","F",6113,581362,1051.5
,"75-84 years","75-84","Florida","12","1999","1999","Male","M",7295,430968,1692.7
,"75-84 years","75-84","Florida","12","2000","2000","Female","F",6042,588204,1027.2
,"75-84 years","75-84","Florida","12","2000","2000","Male","M",7039,435930,1614.7
,"75-84 years","75-84","Florida","12","2001","2001","Female","F",6081,596972,1018.6
,"75-84 years","75-84","Florida","12","2001","2001","Male","M",7019,445788,1574.5
,"75-84 years","75-84","Florida","12","2002","2002","Female","F",5637,604749,932.1
,"75-84 years","75-84","Florida","12","2002","2002","Male","M",6863,453817,1512.3
,"75-84 years","75-84","Florida","12","2003","2003","Female","F",5398,610116,884.7
,"75-84 years","75-84","Florida","12","2003","2003","Male","M",6470,461011,1403.4
,"75-84 years","75-84","Florida","12","2004","2004","Female","F",5077,617241,822.5
,"75-84 years","75-84","Florida","12","2004","2004","Male","M",6342,468901,1352.5
,"75-84 years","75-84","Florida","12","2005","2005","Female","F",4763,620805,767.2
,"75-84 years","75-84","Florida","12","2005","2005","Male","M",6036,476218,1267.5
,"75-84 years","75-84","Florida","12","2006","2006","Female","F",4542,616224,737.1
,"75-84 years","75-84","Florida","12","2006","2006","Male","M",5683,476167,1193.5
,"75-84 years","75-84","Florida","12","2007","2007","Female","F",3911,613714,637.3
,"75-84 years","75-84","Florida","12","2007","2007","Male","M",5091,478389,1064.2
,"75-84 years","75-84","Florida","12","2008","2008","Female","F",3715,614554,604.5
,"75-84 years","75-84","Florida","12","2008","2008","Male","M",4865,482127,1009.1
,"75-84 years","75-84","Florida","12","2009","2009","Female","F",3439,610821,563.0
,"75-84 years","75-84","Florida","12","2009","2009","Male","M",4714,483119,975.7
,"75-84 years","75-84","Florida","12","2010","2010","Female","F",3346,611525,547.2
,"75-84 years","75-84","Florida","12","2010","2010","Male","M",4712,486012,969.5
,"75-84 years","75-84","Florida","12","2011","2011","Female","F",3194,618332,516.6
,"75-84 years","75-84","Florida","12","2011","2011","Male","M",4474,496040,901.9
,"75-84 years","75-84","Florida","12","2012","2012","Female","F",3061,625181,489.6
,"75-84 years","75-84","Florida","12","2012","2012","Male","M",4421,506996,872.0
,"75-84 years","75-84","Florida","12","2013","2013","Female","F",3042,636122,478.2
,"75-84 years","75-84","Florida","12","2013","2013","Male","M",4314,519851,829.9
,"75-84 years","75-84","Florida","12","2014","2014","Female","F",3037,651744,466.0
,"75-84 years","75-84","Florida","12","2014","2014","Male","M",4428,534808,828.0
,"75-84 years","75-84","Florida","12","2015","2015","Female","F",2956,670003,441.2
,"75-84 years","75-84","Florida","12","2015","2015","Male","M",4509,550987,818.3
,"75-84 years","75-84","Florida","12","2016","2016","Female","F",2981,691733,430.9
,"75-84 years","75-84","Florida","12","2016","2016","Male","M",4438,569621,779.1
,"75-84 years","75-84","Florida","12","2017","2017","Female","F",2938,720216,407.9
,"75-84 years","75-84","Florida","12","2017","2017","Male","M",4568,596351,766.0
,"75-84 years","75-84","Florida","12","2018","2018","Female","F",2961,758332,390.5
,"75-84 years","75-84","Florida","12","2018","2018","Male","M",4596,630418,729.0
,"75-84 years","75-84","Florida","12","2019","2019","Female","F",3022,792273,381.4
,"75-84 years","75-84","Florida","12","2019","2019","Male","M",4642,658241,705.2
,"75-84 years","75-84","Florida","12","2020","2020","Female","F",3164,821488,385.2
,"75-84 years","75-84","Florida","12","2020","2020","Male","M",5040,680721,740.4
,"75-84 years","75-84","Georgia","13","1999","1999","Female","F",1580,165821,952.8
,"75-84 years","75-84","Georgia","13","1999","1999","Male","M",1504,95324,1577.8
,"75-84 years","75-84","Georgia","13","2000","2000","Female","F",1529,165567,923.5
,"75-84 years","75-84","Georgia","13","2000","2000","Male","M",1589,96156,1652.5
,"75-84 years","75-84","Georgia","13","2001","2001","Female","F",1440,169112,851.5
,"75-84 years","75-84","Georgia","13","2001","2001","Male","M",1456,99336,1465.7
,"75-84 years","75-84","Georgia","13","2002","2002","Female","F",1499,171178,875.7
,"75-84 years","75-84","Georgia","13","2002","2002","Male","M",1563,101697,1536.9
,"75-84 years","75-84","Georgia","13","2003","2003","Female","F",1374,173054,794.0
,"75-84 years","75-84","Georgia","13","2003","2003","Male","M",1499,104205,1438.5
,"75-84 years","75-84","Georgia","13","2004","2004","Female","F",1270,174421,728.1
,"75-84 years","75-84","Georgia","13","2004","2004","Male","M",1296,106264,1219.6
,"75-84 years","75-84","Georgia","13","2005","2005","Female","F",1208,175997,686.4
,"75-84 years","75-84","Georgia","13","2005","2005","Male","M",1255,109409,1147.1
,"75-84 years","75-84","Georgia","13","2006","2006","Female","F",1095,179195,611.1
,"75-84 years","75-84","Georgia","13","2006","2006","Male","M",1196,113783,1051.1
,"75-84 years","75-84","Georgia","13","2007","2007","Female","F",942,181015,520.4
,"75-84 years","75-84","Georgia","13","2007","2007","Male","M",1115,117177,951.6
,"75-84 years","75-84","Georgia","13","2008","2008","Female","F",953,182608,521.9
,"75-84 years","75-84","Georgia","13","2008","2008","Male","M",987,119968,822.7
,"75-84 years","75-84","Georgia","13","2009","2009","Female","F",932,184178,506.0
,"75-84 years","75-84","Georgia","13","2009","2009","Male","M",1037,122972,843.3
,"75-84 years","75-84","Georgia","13","2010","2010","Female","F",852,186127,457.8
,"75-84 years","75-84","Georgia","13","2010","2010","Male","M",1078,125656,857.9
,"75-84 years","75-84","Georgia","13","2011","2011","Female","F",838,190201,440.6
,"75-84 years","75-84","Georgia","13","2011","2011","Male","M",1060,131001,809.2
,"75-84 years","75-84","Georgia","13","2012","2012","Female","F",854,193589,441.1
,"75-84 years","75-84","Georgia","13","2012","2012","Male","M",979,135692,721.5
,"75-84 years","75-84","Georgia","13","2013","2013","Female","F",791,197754,400.0
,"75-84 years","75-84","Georgia","13","2013","2013","Male","M",1087,141124,770.2
,"75-84 years","75-84","Georgia","13","2014","2014","Female","F",773,204061,378.8
,"75-84 years","75-84","Georgia","13","2014","2014","Male","M",1057,147221,718.0
,"75-84 years","75-84","Georgia","13","2015","2015","Female","F",798,210554,379.0
,"75-84 years","75-84","Georgia","13","2015","2015","Male","M",1002,153436,653.0
,"75-84 years","75-84","Georgia","13","2016","2016","Female","F",743,217237,342.0
,"75-84 years","75-84","Georgia","13","2016","2016","Male","M",1015,159965,634.5
,"75-84 years","75-84","Georgia","13","2017","2017","Female","F",758,226221,335.1
,"75-84 years","75-84","Georgia","13","2017","2017","Male","M",1071,168113,637.1
,"75-84 years","75-84","Georgia","13","2018","2018","Female","F",726,239047,303.7
,"75-84 years","75-84","Georgia","13","2018","2018","Male","M",1186,179310,661.4
,"75-84 years","75-84","Georgia","13","2019","2019","Female","F",802,250876,319.7
,"75-84 years","75-84","Georgia","13","2019","2019","Male","M",1135,189008,600.5
,"75-84 years","75-84","Georgia","13","2020","2020","Female","F",792,261912,302.4
,"75-84 years","75-84","Georgia","13","2020","2020","Male","M",1222,197902,617.5
,"75-84 years","75-84","Hawaii","15","1999","1999","Female","F",190,31085,611.2
,"75-84 years","75-84","Hawaii","15","1999","1999","Male","M",261,24989,1044.5
,"75-84 years","75-84","Hawaii","15","2000","2000","Female","F",193,32129,600.7
,"75-84 years","75-84","Hawaii","15","2000","2000","Male","M",253,25646,986.5
,"75-84 years","75-84","Hawaii","15","2001","2001","Female","F",156,33389,467.2
,"75-84 years","75-84","Hawaii","15","2001","2001","Male","M",246,26416,931.3
,"75-84 years","75-84","Hawaii","15","2002","2002","Female","F",162,34512,469.4
,"75-84 years","75-84","Hawaii","15","2002","2002","Male","M",272,27023,1006.5
,"75-84 years","75-84","Hawaii","15","2003","2003","Female","F",170,35529,478.5
,"75-84 years","75-84","Hawaii","15","2003","2003","Male","M",266,27413,970.3
,"75-84 years","75-84","Hawaii","15","2004","2004","Female","F",179,36546,489.8
,"75-84 years","75-84","Hawaii","15","2004","2004","Male","M",241,27537,875.2
,"75-84 years","75-84","Hawaii","15","2005","2005","Female","F",165,37396,441.2
,"75-84 years","75-84","Hawaii","15","2005","2005","Male","M",220,27821,790.8
,"75-84 years","75-84","Hawaii","15","2006","2006","Female","F",133,37797,351.9
,"75-84 years","75-84","Hawaii","15","2006","2006","Male","M",253,27688,913.8
,"75-84 years","75-84","Hawaii","15","2007","2007","Female","F",108,37884,285.1
,"75-84 years","75-84","Hawaii","15","2007","2007","Male","M",211,27361,771.2
,"75-84 years","75-84","Hawaii","15","2008","2008","Female","F",148,38101,388.4
,"75-84 years","75-84","Hawaii","15","2008","2008","Male","M",232,27090,856.4
,"75-84 years","75-84","Hawaii","15","2009","2009","Female","F",123,37785,325.5
,"75-84 years","75-84","Hawaii","15","2009","2009","Male","M",230,27019,851.3
,"75-84 years","75-84","Hawaii","15","2010","2010","Female","F",115,37533,306.4
,"75-84 years","75-84","Hawaii","15","2010","2010","Male","M",210,26844,782.3
,"75-84 years","75-84","Hawaii","15","2011","2011","Female","F",124,37539,330.3
,"75-84 years","75-84","Hawaii","15","2011","2011","Male","M",172,26865,640.2
,"75-84 years","75-84","Hawaii","15","2012","2012","Female","F",117,37215,314.4
,"75-84 years","75-84","Hawaii","15","2012","2012","Male","M",173,26816,645.1
,"75-84 years","75-84","Hawaii","15","2013","2013","Female","F",108,36829,293.2
,"75-84 years","75-84","Hawaii","15","2013","2013","Male","M",168,26903,624.5
,"75-84 years","75-84","Hawaii","15","2014","2014","Female","F",101,37015,272.9
,"75-84 years","75-84","Hawaii","15","2014","2014","Male","M",186,27551,675.1
,"75-84 years","75-84","Hawaii","15","2015","2015","Female","F",107,37211,287.5
,"75-84 years","75-84","Hawaii","15","2015","2015","Male","M",193,28128,686.1
,"75-84 years","75-84","Hawaii","15","2016","2016","Female","F",106,37236,284.7
,"75-84 years","75-84","Hawaii","15","2016","2016","Male","M",202,28764,702.3
,"75-84 years","75-84","Hawaii","15","2017","2017","Female","F",101,38060,265.4
,"75-84 years","75-84","Hawaii","15","2017","2017","Male","M",189,30223,625.4
,"75-84 years","75-84","Hawaii","15","2018","2018","Female","F",114,39241,290.5
,"75-84 years","75-84","Hawaii","15","2018","2018","Male","M",194,31749,611.0
,"75-84 years","75-84","Hawaii","15","2019","2019","Female","F",108,41243,261.9
,"75-84 years","75-84","Hawaii","15","2019","2019","Male","M",185,33445,553.1
,"75-84 years","75-84","Hawaii","15","2020","2020","Female","F",102,42937,237.6
,"75-84 years","75-84","Hawaii","15","2020","2020","Male","M",204,35291,578.1
,"75-84 years","75-84","Idaho","16","1999","1999","Female","F",243,29716,817.7
,"75-84 years","75-84","Idaho","16","1999","1999","Male","M",360,21536,1671.6
,"75-84 years","75-84","Idaho","16","2000","2000","Female","F",234,29939,781.6
,"75-84 years","75-84","Idaho","16","2000","2000","Male","M",329,21950,1498.9
,"75-84 years","75-84","Idaho","16","2001","2001","Female","F",204,30457,669.8
,"75-84 years","75-84","Idaho","16","2001","2001","Male","M",320,22505,1421.9
,"75-84 years","75-84","Idaho","16","2002","2002","Female","F",201,30842,651.7
,"75-84 years","75-84","Idaho","16","2002","2002","Male","M",286,22977,1244.7
,"75-84 years","75-84","Idaho","16","2003","2003","Female","F",203,31109,652.5
,"75-84 years","75-84","Idaho","16","2003","2003","Male","M",303,23413,1294.2
,"75-84 years","75-84","Idaho","16","2004","2004","Female","F",210,31415,668.5
,"75-84 years","75-84","Idaho","16","2004","2004","Male","M",275,23933,1149.0
,"75-84 years","75-84","Idaho","16","2005","2005","Female","F",181,31691,571.1
,"75-84 years","75-84","Idaho","16","2005","2005","Male","M",303,24595,1232.0
,"75-84 years","75-84","Idaho","16","2006","2006","Female","F",176,32235,546.0
,"75-84 years","75-84","Idaho","16","2006","2006","Male","M",287,24932,1151.1
,"75-84 years","75-84","Idaho","16","2007","2007","Female","F",163,32346,503.9
,"75-84 years","75-84","Idaho","16","2007","2007","Male","M",235,25345,927.2
,"75-84 years","75-84","Idaho","16","2008","2008","Female","F",172,32371,531.3
,"75-84 years","75-84","Idaho","16","2008","2008","Male","M",232,25909,895.4
,"75-84 years","75-84","Idaho","16","2009","2009","Female","F",143,32564,439.1
,"75-84 years","75-84","Idaho","16","2009","2009","Male","M",237,26455,895.9
,"75-84 years","75-84","Idaho","16","2010","2010","Female","F",140,32859,426.1
,"75-84 years","75-84","Idaho","16","2010","2010","Male","M",244,27033,902.6
,"75-84 years","75-84","Idaho","16","2011","2011","Female","F",135,33268,405.8
,"75-84 years","75-84","Idaho","16","2011","2011","Male","M",255,27975,911.5
,"75-84 years","75-84","Idaho","16","2012","2012","Female","F",130,33847,384.1
,"75-84 years","75-84","Idaho","16","2012","2012","Male","M",217,28778,754.0
,"75-84 years","75-84","Idaho","16","2013","2013","Female","F",132,34827,379.0
,"75-84 years","75-84","Idaho","16","2013","2013","Male","M",207,29966,690.8
,"75-84 years","75-84","Idaho","16","2014","2014","Female","F",126,35987,350.1
,"75-84 years","75-84","Idaho","16","2014","2014","Male","M",258,31347,823.0
,"75-84 years","75-84","Idaho","16","2015","2015","Female","F",139,37059,375.1
,"75-84 years","75-84","Idaho","16","2015","2015","Male","M",263,32757,802.9
,"75-84 years","75-84","Idaho","16","2016","2016","Female","F",145,38530,376.3
,"75-84 years","75-84","Idaho","16","2016","2016","Male","M",295,34284,860.5
,"75-84 years","75-84","Idaho","16","2017","2017","Female","F",146,39792,366.9
,"75-84 years","75-84","Idaho","16","2017","2017","Male","M",282,35650,791.0
,"75-84 years","75-84","Idaho","16","2018","2018","Female","F",120,42506,282.3
,"75-84 years","75-84","Idaho","16","2018","2018","Male","M",291,38116,763.5
,"75-84 years","75-84","Idaho","16","2019","2019","Female","F",130,44943,289.3
,"75-84 years","75-84","Idaho","16","2019","2019","Male","M",267,40087,666.1
,"75-84 years","75-84","Idaho","16","2020","2020","Female","F",145,47339,306.3
,"75-84 years","75-84","Idaho","16","2020","2020","Male","M",301,42299,711.6
,"75-84 years","75-84","Illinois","17","1999","1999","Female","F",3689,329633,1119.1
,"75-84 years","75-84","Illinois","17","1999","1999","Male","M",4026,203735,1976.1
,"75-84 years","75-84","Illinois","17","2000","2000","Female","F",3568,330842,1078.5
,"75-84 years","75-84","Illinois","17","2000","2000","Male","M",3717,204905,1814.0
,"75-84 years","75-84","Illinois","17","2001","2001","Female","F",3509,332390,1055.7
,"75-84 years","75-84","Illinois","17","2001","2001","Male","M",3447,208716,1651.5
,"75-84 years","75-84","Illinois","17","2002","2002","Female","F",3251,332544,977.6
,"75-84 years","75-84","Illinois","17","2002","2002","Male","M",3371,211157,1596.4
,"75-84 years","75-84","Illinois","17","2003","2003","Female","F",3082,332434,927.1
,"75-84 years","75-84","Illinois","17","2003","2003","Male","M",3270,213571,1531.1
,"75-84 years","75-84","Illinois","17","2004","2004","Female","F",2689,330812,812.8
,"75-84 years","75-84","Illinois","17","2004","2004","Male","M",3002,215232,1394.8
,"75-84 years","75-84","Illinois","17","2005","2005","Female","F",2499,329769,757.8
,"75-84 years","75-84","Illinois","17","2005","2005","Male","M",2900,217148,1335.5
,"75-84 years","75-84","Illinois","17","2006","2006","Female","F",2463,326439,754.5
,"75-84 years","75-84","Illinois","17","2006","2006","Male","M",2705,216942,1246.9
,"75-84 years","75-84","Illinois","17","2007","2007","Female","F",2192,322175,680.4
,"75-84 years","75-84","Illinois","17","2007","2007","Male","M",2448,216546,1130.5
,"75-84 years","75-84","Illinois","17","2008","2008","Female","F",2120,317254,668.2
,"75-84 years","75-84","Illinois","17","2008","2008","Male","M",2360,215174,1096.8
,"75-84 years","75-84","Illinois","17","2009","2009","Female","F",1927,311821,618.0
,"75-84 years","75-84","Illinois","17","2009","2009","Male","M",2164,213774,1012.3
,"75-84 years","75-84","Illinois","17","2010","2010","Female","F",1750,310041,564.4
,"75-84 years","75-84","Illinois","17","2010","2010","Male","M",2169,214725,1010.1
,"75-84 years","75-84","Illinois","17","2011","2011","Female","F",1694,308380,549.3
,"75-84 years","75-84","Illinois","17","2011","2011","Male","M",2135,216527,986.0
,"75-84 years","75-84","Illinois","17","2012","2012","Female","F",1621,306152,529.5
,"75-84 years","75-84","Illinois","17","2012","2012","Male","M",2083,216948,960.1
,"75-84 years","75-84","Illinois","17","2013","2013","Female","F",1539,306465,502.2
,"75-84 years","75-84","Illinois","17","2013","2013","Male","M",1933,219690,879.9
,"75-84 years","75-84","Illinois","17","2014","2014","Female","F",1454,307921,472.2
,"75-84 years","75-84","Illinois","17","2014","2014","Male","M",1882,222438,846.1
,"75-84 years","75-84","Illinois","17","2015","2015","Female","F",1337,308445,433.5
,"75-84 years","75-84","Illinois","17","2015","2015","Male","M",1874,224286,835.5
,"75-84 years","75-84","Illinois","17","2016","2016","Female","F",1369,311049,440.1
,"75-84 years","75-84","Illinois","17","2016","2016","Male","M",1814,227889,796.0
,"75-84 years","75-84","Illinois","17","2017","2017","Female","F",1300,323926,401.3
,"75-84 years","75-84","Illinois","17","2017","2017","Male","M",1819,238586,762.4
,"75-84 years","75-84","Illinois","17","2018","2018","Female","F",1307,335386,389.7
,"75-84 years","75-84","Illinois","17","2018","2018","Male","M",1804,248648,725.5
,"75-84 years","75-84","Illinois","17","2019","2019","Female","F",1251,343966,363.7
,"75-84 years","75-84","Illinois","17","2019","2019","Male","M",1889,256264,737.1
,"75-84 years","75-84","Illinois","17","2020","2020","Female","F",1321,349283,378.2
,"75-84 years","75-84","Illinois","17","2020","2020","Male","M",1948,261354,745.3
,"75-84 years","75-84","Indiana","18","1999","1999","Female","F",1800,163352,1101.9
,"75-84 years","75-84","Indiana","18","1999","1999","Male","M",1848,100207,1844.2
,"75-84 years","75-84","Indiana","18","2000","2000","Female","F",1719,164223,1046.7
,"75-84 years","75-84","Indiana","18","2000","2000","Male","M",1800,101657,1770.7
,"75-84 years","75-84","Indiana","18","2001","2001","Female","F",1547,165751,933.3
,"75-84 years","75-84","Indiana","18","2001","2001","Male","M",1758,103971,1690.9
,"75-84 years","75-84","Indiana","18","2002","2002","Female","F",1585,167013,949.0
,"75-84 years","75-84","Indiana","18","2002","2002","Male","M",1663,106156,1566.6
,"75-84 years","75-84","Indiana","18","2003","2003","Female","F",1499,168179,891.3
,"75-84 years","75-84","Indiana","18","2003","2003","Male","M",1642,108196,1517.6
,"75-84 years","75-84","Indiana","18","2004","2004","Female","F",1408,168135,837.4
,"75-84 years","75-84","Indiana","18","2004","2004","Male","M",1526,109416,1394.7
,"75-84 years","75-84","Indiana","18","2005","2005","Female","F",1240,168142,737.5
,"75-84 years","75-84","Indiana","18","2005","2005","Male","M",1497,110824,1350.8
,"75-84 years","75-84","Indiana","18","2006","2006","Female","F",1224,167583,730.4
,"75-84 years","75-84","Indiana","18","2006","2006","Male","M",1488,111590,1333.5
,"75-84 years","75-84","Indiana","18","2007","2007","Female","F",1157,166243,696.0
,"75-84 years","75-84","Indiana","18","2007","2007","Male","M",1296,111908,1158.1
,"75-84 years","75-84","Indiana","18","2008","2008","Female","F",1047,164963,634.7
,"75-84 years","75-84","Indiana","18","2008","2008","Male","M",1369,112142,1220.8
,"75-84 years","75-84","Indiana","18","2009","2009","Female","F",1060,162334,653.0
,"75-84 years","75-84","Indiana","18","2009","2009","Male","M",1218,111802,1089.4
,"75-84 years","75-84","Indiana","18","2010","2010","Female","F",971,161436,601.5
,"75-84 years","75-84","Indiana","18","2010","2010","Male","M",1197,112065,1068.1
,"75-84 years","75-84","Indiana","18","2011","2011","Female","F",898,160416,559.8
,"75-84 years","75-84","Indiana","18","2011","2011","Male","M",1158,113104,1023.8
,"75-84 years","75-84","Indiana","18","2012","2012","Female","F",894,159661,559.9
,"75-84 years","75-84","Indiana","18","2012","2012","Male","M",1188,114006,1042.1
,"75-84 years","75-84","Indiana","18","2013","2013","Female","F",850,159699,532.3
,"75-84 years","75-84","Indiana","18","2013","2013","Male","M",1192,115978,1027.8
,"75-84 years","75-84","Indiana","18","2014","2014","Female","F",784,160893,487.3
,"75-84 years","75-84","Indiana","18","2014","2014","Male","M",1088,118017,921.9
,"75-84 years","75-84","Indiana","18","2015","2015","Female","F",769,161899,475.0
,"75-84 years","75-84","Indiana","18","2015","2015","Male","M",1104,119726,922.1
,"75-84 years","75-84","Indiana","18","2016","2016","Female","F",752,164331,457.6
,"75-84 years","75-84","Indiana","18","2016","2016","Male","M",1162,122385,949.5
,"75-84 years","75-84","Indiana","18","2017","2017","Female","F",767,169222,453.3
,"75-84 years","75-84","Indiana","18","2017","2017","Male","M",1171,126664,924.5
,"75-84 years","75-84","Indiana","18","2018","2018","Female","F",819,175931,465.5
,"75-84 years","75-84","Indiana","18","2018","2018","Male","M",1166,132699,878.7
,"75-84 years","75-84","Indiana","18","2019","2019","Female","F",764,181168,421.7
,"75-84 years","75-84","Indiana","18","2019","2019","Male","M",1191,136769,870.8
,"75-84 years","75-84","Indiana","18","2020","2020","Female","F",749,184607,405.7
,"75-84 years","75-84","Indiana","18","2020","2020","Male","M",1198,140605,852.0
,"75-84 years","75-84","Iowa","19","1999","1999","Female","F",1049,96820,1083.5
,"75-84 years","75-84","Iowa","19","1999","1999","Male","M",1165,62126,1875.2
,"75-84 years","75-84","Iowa","19","2000","2000","Female","F",949,96527,983.1
,"75-84 years","75-84","Iowa","19","2000","2000","Male","M",1155,62633,1844.1
,"75-84 years","75-84","Iowa","19","2001","2001","Female","F",922,96640,954.1
,"75-84 years","75-84","Iowa","19","2001","2001","Male","M",1056,63685,1658.2
,"75-84 years","75-84","Iowa","19","2002","2002","Female","F",876,96216,910.5
,"75-84 years","75-84","Iowa","19","2002","2002","Male","M",1063,64446,1649.4
,"75-84 years","75-84","Iowa","19","2003","2003","Female","F",820,95977,854.4
,"75-84 years","75-84","Iowa","19","2003","2003","Male","M",985,65005,1515.3
,"75-84 years","75-84","Iowa","19","2004","2004","Female","F",705,95422,738.8
,"75-84 years","75-84","Iowa","19","2004","2004","Male","M",962,65464,1469.5
,"75-84 years","75-84","Iowa","19","2005","2005","Female","F",752,94701,794.1
,"75-84 years","75-84","Iowa","19","2005","2005","Male","M",932,65271,1427.9
,"75-84 years","75-84","Iowa","19","2006","2006","Female","F",715,93834,762.0
,"75-84 years","75-84","Iowa","19","2006","2006","Male","M",843,65367,1289.6
,"75-84 years","75-84","Iowa","19","2007","2007","Female","F",632,92975,679.8
,"75-84 years","75-84","Iowa","19","2007","2007","Male","M",819,65169,1256.7
,"75-84 years","75-84","Iowa","19","2008","2008","Female","F",639,91738,696.5
,"75-84 years","75-84","Iowa","19","2008","2008","Male","M",765,64899,1178.8
,"75-84 years","75-84","Iowa","19","2009","2009","Female","F",601,90215,666.2
,"75-84 years","75-84","Iowa","19","2009","2009","Male","M",765,64177,1192.0
,"75-84 years","75-84","Iowa","19","2010","2010","Female","F",525,89430,587.1
,"75-84 years","75-84","Iowa","19","2010","2010","Male","M",717,64144,1117.8
,"75-84 years","75-84","Iowa","19","2011","2011","Female","F",504,88445,569.8
,"75-84 years","75-84","Iowa","19","2011","2011","Male","M",648,64285,1008.0
,"75-84 years","75-84","Iowa","19","2012","2012","Female","F",499,87818,568.2
,"75-84 years","75-84","Iowa","19","2012","2012","Male","M",666,64571,1031.4
,"75-84 years","75-84","Iowa","19","2013","2013","Female","F",504,87337,577.1
,"75-84 years","75-84","Iowa","19","2013","2013","Male","M",636,64772,981.9
,"75-84 years","75-84","Iowa","19","2014","2014","Female","F",422,87224,483.8
,"75-84 years","75-84","Iowa","19","2014","2014","Male","M",615,65475,939.3
,"75-84 years","75-84","Iowa","19","2015","2015","Female","F",425,87044,488.3
,"75-84 years","75-84","Iowa","19","2015","2015","Male","M",644,66191,972.9
,"75-84 years","75-84","Iowa","19","2016","2016","Female","F",375,87506,428.5
,"75-84 years","75-84","Iowa","19","2016","2016","Male","M",622,66963,928.9
,"75-84 years","75-84","Iowa","19","2017","2017","Female","F",391,87557,446.6
,"75-84 years","75-84","Iowa","19","2017","2017","Male","M",628,67652,928.3
,"75-84 years","75-84","Iowa","19","2018","2018","Female","F",399,89801,444.3
,"75-84 years","75-84","Iowa","19","2018","2018","Male","M",636,70065,907.7
,"75-84 years","75-84","Iowa","19","2019","2019","Female","F",425,91244,465.8
,"75-84 years","75-84","Iowa","19","2019","2019","Male","M",653,71589,912.2
,"75-84 years","75-84","Iowa","19","2020","2020","Female","F",400,91939,435.1
,"75-84 years","75-84","Iowa","19","2020","2020","Male","M",635,72753,872.8
,"75-84 years","75-84","Kansas","20","1999","1999","Female","F",680,77537,877.0
,"75-84 years","75-84","Kansas","20","1999","1999","Male","M",789,50391,1565.8
,"75-84 years","75-84","Kansas","20","2000","2000","Female","F",628,77590,809.4
,"75-84 years","75-84","Kansas","20","2000","2000","Male","M",784,50953,1538.7
,"75-84 years","75-84","Kansas","20","2001","2001","Female","F",641,77718,824.8
,"75-84 years","75-84","Kansas","20","2001","2001","Male","M",747,51928,1438.5
,"75-84 years","75-84","Kansas","20","2002","2002","Female","F",592,77521,763.7
,"75-84 years","75-84","Kansas","20","2002","2002","Male","M",723,52663,1372.9
,"75-84 years","75-84","Kansas","20","2003","2003","Female","F",549,77319,710.0
,"75-84 years","75-84","Kansas","20","2003","2003","Male","M",657,53280,1233.1
,"75-84 years","75-84","Kansas","20","2004","2004","Female","F",488,77017,633.6
,"75-84 years","75-84","Kansas","20","2004","2004","Male","M",631,53837,1172.1
,"75-84 years","75-84","Kansas","20","2005","2005","Female","F",462,76612,603.0
,"75-84 years","75-84","Kansas","20","2005","2005","Male","M",599,54010,1109.1
,"75-84 years","75-84","Kansas","20","2006","2006","Female","F",445,76067,585.0
,"75-84 years","75-84","Kansas","20","2006","2006","Male","M",594,54046,1099.1
,"75-84 years","75-84","Kansas","20","2007","2007","Female","F",403,75258,535.5
,"75-84 years","75-84","Kansas","20","2007","2007","Male","M",552,53792,1026.2
,"75-84 years","75-84","Kansas","20","2008","2008","Female","F",385,74434,517.2
,"75-84 years","75-84","Kansas","20","2008","2008","Male","M",550,53595,1026.2
,"75-84 years","75-84","Kansas","20","2009","2009","Female","F",377,73465,513.2
,"75-84 years","75-84","Kansas","20","2009","2009","Male","M",481,53072,906.3
,"75-84 years","75-84","Kansas","20","2010","2010","Female","F",355,73178,485.1
,"75-84 years","75-84","Kansas","20","2010","2010","Male","M",465,53231,873.6
,"75-84 years","75-84","Kansas","20","2011","2011","Female","F",312,72474,430.5
,"75-84 years","75-84","Kansas","20","2011","2011","Male","M",431,53521,805.3
,"75-84 years","75-84","Kansas","20","2012","2012","Female","F",290,71749,404.2
,"75-84 years","75-84","Kansas","20","2012","2012","Male","M",447,53522,835.2
,"75-84 years","75-84","Kansas","20","2013","2013","Female","F",296,71750,412.5
,"75-84 years","75-84","Kansas","20","2013","2013","Male","M",452,53778,840.5
,"75-84 years","75-84","Kansas","20","2014","2014","Female","F",284,71784,395.6
,"75-84 years","75-84","Kansas","20","2014","2014","Male","M",424,54265,781.4
,"75-84 years","75-84","Kansas","20","2015","2015","Female","F",290,71754,404.2
,"75-84 years","75-84","Kansas","20","2015","2015","Male","M",416,54763,759.6
,"75-84 years","75-84","Kansas","20","2016","2016","Female","F",318,72051,441.4
,"75-84 years","75-84","Kansas","20","2016","2016","Male","M",461,55142,836.0
,"75-84 years","75-84","Kansas","20","2017","2017","Female","F",299,73049,409.3
,"75-84 years","75-84","Kansas","20","2017","2017","Male","M",472,56515,835.2
,"75-84 years","75-84","Kansas","20","2018","2018","Female","F",312,75157,415.1
,"75-84 years","75-84","Kansas","20","2018","2018","Male","M",483,58691,823.0
,"75-84 years","75-84","Kansas","20","2019","2019","Female","F",381,77067,494.4
,"75-84 years","75-84","Kansas","20","2019","2019","Male","M",576,60506,952.0
,"75-84 years","75-84","Kansas","20","2020","2020","Female","F",348,78523,443.2
,"75-84 years","75-84","Kansas","20","2020","2020","Male","M",540,61848,873.1
,"75-84 years","75-84","Kentucky","21","1999","1999","Female","F",1282,106276,1206.3
,"75-84 years","75-84","Kentucky","21","1999","1999","Male","M",1249,64509,1936.2
,"75-84 years","75-84","Kentucky","21","2000","2000","Female","F",1161,107112,1083.9
,"75-84 years","75-84","Kentucky","21","2000","2000","Male","M",1171,65477,1788.4
,"75-84 years","75-84","Kentucky","21","2001","2001","Female","F",1162,107188,1084.1
,"75-84 years","75-84","Kentucky","21","2001","2001","Male","M",1178,66948,1759.6
,"75-84 years","75-84","Kentucky","21","2002","2002","Female","F",1170,108173,1081.6
,"75-84 years","75-84","Kentucky","21","2002","2002","Male","M",1126,68040,1654.9
,"75-84 years","75-84","Kentucky","21","2003","2003","Female","F",1066,108800,979.8
,"75-84 years","75-84","Kentucky","21","2003","2003","Male","M",1130,69497,1626.0
,"75-84 years","75-84","Kentucky","21","2004","2004","Female","F",970,108662,892.7
,"75-84 years","75-84","Kentucky","21","2004","2004","Male","M",1012,70195,1441.7
,"75-84 years","75-84","Kentucky","21","2005","2005","Female","F",970,109705,884.2
,"75-84 years","75-84","Kentucky","21","2005","2005","Male","M",1036,71775,1443.4
,"75-84 years","75-84","Kentucky","21","2006","2006","Female","F",887,109867,807.3
,"75-84 years","75-84","Kentucky","21","2006","2006","Male","M",964,72844,1323.4
,"75-84 years","75-84","Kentucky","21","2007","2007","Female","F",795,109428,726.5
,"75-84 years","75-84","Kentucky","21","2007","2007","Male","M",899,73417,1224.5
,"75-84 years","75-84","Kentucky","21","2008","2008","Female","F",804,109008,737.6
,"75-84 years","75-84","Kentucky","21","2008","2008","Male","M",868,73896,1174.6
,"75-84 years","75-84","Kentucky","21","2009","2009","Female","F",712,108490,656.3
,"75-84 years","75-84","Kentucky","21","2009","2009","Male","M",837,74379,1125.3
,"75-84 years","75-84","Kentucky","21","2010","2010","Female","F",675,108506,622.1
,"75-84 years","75-84","Kentucky","21","2010","2010","Male","M",844,75199,1122.4
,"75-84 years","75-84","Kentucky","21","2011","2011","Female","F",594,108907,545.4
,"75-84 years","75-84","Kentucky","21","2011","2011","Male","M",832,76925,1081.6
,"75-84 years","75-84","Kentucky","21","2012","2012","Female","F",604,108649,555.9
,"75-84 years","75-84","Kentucky","21","2012","2012","Male","M",805,77735,1035.6
,"75-84 years","75-84","Kentucky","21","2013","2013","Female","F",631,109859,574.4
,"75-84 years","75-84","Kentucky","21","2013","2013","Male","M",813,79580,1021.6
,"75-84 years","75-84","Kentucky","21","2014","2014","Female","F",529,111299,475.3
,"75-84 years","75-84","Kentucky","21","2014","2014","Male","M",775,81933,945.9
,"75-84 years","75-84","Kentucky","21","2015","2015","Female","F",548,112688,486.3
,"75-84 years","75-84","Kentucky","21","2015","2015","Male","M",742,83850,884.9
,"75-84 years","75-84","Kentucky","21","2016","2016","Female","F",538,114990,467.9
,"75-84 years","75-84","Kentucky","21","2016","2016","Male","M",743,85951,864.4
,"75-84 years","75-84","Kentucky","21","2017","2017","Female","F",562,117693,477.5
,"75-84 years","75-84","Kentucky","21","2017","2017","Male","M",743,88650,838.1
,"75-84 years","75-84","Kentucky","21","2018","2018","Female","F",518,122143,424.1
,"75-84 years","75-84","Kentucky","21","2018","2018","Male","M",826,92660,891.4
,"75-84 years","75-84","Kentucky","21","2019","2019","Female","F",539,125224,430.4
,"75-84 years","75-84","Kentucky","21","2019","2019","Male","M",824,95596,862.0
,"75-84 years","75-84","Kentucky","21","2020","2020","Female","F",600,128022,468.7
,"75-84 years","75-84","Kentucky","21","2020","2020","Male","M",896,98009,914.2
,"75-84 years","75-84","Louisiana","22","1999","1999","Female","F",1165,106797,1090.9
,"75-84 years","75-84","Louisiana","22","1999","1999","Male","M",1159,66127,1752.7
,"75-84 years","75-84","Louisiana","22","2000","2000","Female","F",1089,108161,1006.8
,"75-84 years","75-84","Louisiana","22","2000","2000","Male","M",1149,67167,1710.7
,"75-84 years","75-84","Louisiana","22","2001","2001","Female","F",1078,109727,982.4
,"75-84 years","75-84","Louisiana","22","2001","2001","Male","M",1184,69118,1713.0
,"75-84 years","75-84","Louisiana","22","2002","2002","Female","F",1030,111330,925.2
,"75-84 years","75-84","Louisiana","22","2002","2002","Male","M",1085,70690,1534.9
,"75-84 years","75-84","Louisiana","22","2003","2003","Female","F",1034,112264,921.0
,"75-84 years","75-84","Louisiana","22","2003","2003","Male","M",1095,72055,1519.7
,"75-84 years","75-84","Louisiana","22","2004","2004","Female","F",1007,112644,894.0
,"75-84 years","75-84","Louisiana","22","2004","2004","Male","M",982,73226,1341.1
,"75-84 years","75-84","Louisiana","22","2005","2005","Female","F",912,112589,810.0
,"75-84 years","75-84","Louisiana","22","2005","2005","Male","M",994,73849,1346.0
,"75-84 years","75-84","Louisiana","22","2006","2006","Female","F",715,106757,669.7
,"75-84 years","75-84","Louisiana","22","2006","2006","Male","M",875,70781,1236.2
,"75-84 years","75-84","Louisiana","22","2007","2007","Female","F",695,106995,649.6
,"75-84 years","75-84","Louisiana","22","2007","2007","Male","M",792,71460,1108.3
,"75-84 years","75-84","Louisiana","22","2008","2008","Female","F",699,107274,651.6
,"75-84 years","75-84","Louisiana","22","2008","2008","Male","M",842,72112,1167.6
,"75-84 years","75-84","Louisiana","22","2009","2009","Female","F",693,106932,648.1
,"75-84 years","75-84","Louisiana","22","2009","2009","Male","M",751,72388,1037.5
,"75-84 years","75-84","Louisiana","22","2010","2010","Female","F",679,107036,634.4
,"75-84 years","75-84","Louisiana","22","2010","2010","Male","M",767,73141,1048.7
,"75-84 years","75-84","Louisiana","22","2011","2011","Female","F",617,107560,573.6
,"75-84 years","75-84","Louisiana","22","2011","2011","Male","M",724,74462,972.3
,"75-84 years","75-84","Louisiana","22","2012","2012","Female","F",545,107462,507.2
,"75-84 years","75-84","Louisiana","22","2012","2012","Male","M",718,75347,952.9
,"75-84 years","75-84","Louisiana","22","2013","2013","Female","F",599,108235,553.4
,"75-84 years","75-84","Louisiana","22","2013","2013","Male","M",688,76807,895.8
,"75-84 years","75-84","Louisiana","22","2014","2014","Female","F",570,109387,521.1
,"75-84 years","75-84","Louisiana","22","2014","2014","Male","M",714,78349,911.3
,"75-84 years","75-84","Louisiana","22","2015","2015","Female","F",532,110923,479.6
,"75-84 years","75-84","Louisiana","22","2015","2015","Male","M",679,80221,846.4
,"75-84 years","75-84","Louisiana","22","2016","2016","Female","F",525,112929,464.9
,"75-84 years","75-84","Louisiana","22","2016","2016","Male","M",698,82144,849.7
,"75-84 years","75-84","Louisiana","22","2017","2017","Female","F",513,115915,442.6
,"75-84 years","75-84","Louisiana","22","2017","2017","Male","M",669,85121,785.9
,"75-84 years","75-84","Louisiana","22","2018","2018","Female","F",509,120382,422.8
,"75-84 years","75-84","Louisiana","22","2018","2018","Male","M",714,89055,801.8
,"75-84 years","75-84","Louisiana","22","2019","2019","Female","F",532,124225,428.3
,"75-84 years","75-84","Louisiana","22","2019","2019","Male","M",729,92206,790.6
,"75-84 years","75-84","Louisiana","22","2020","2020","Female","F",546,127154,429.4
,"75-84 years","75-84","Louisiana","22","2020","2020","Male","M",773,95047,813.3
,"75-84 years","75-84","Maine","23","1999","1999","Female","F",373,37946,983.0
,"75-84 years","75-84","Maine","23","1999","1999","Male","M",413,24878,1660.1
,"75-84 years","75-84","Maine","23","2000","2000","Female","F",372,38457,967.3
,"75-84 years","75-84","Maine","23","2000","2000","Male","M",413,25433,1623.9
,"75-84 years","75-84","Maine","23","2001","2001","Female","F",326,39022,835.4
,"75-84 years","75-84","Maine","23","2001","2001","Male","M",395,26072,1515.0
,"75-84 years","75-84","Maine","23","2002","2002","Female","F",332,39588,838.6
,"75-84 years","75-84","Maine","23","2002","2002","Male","M",378,26545,1424.0
,"75-84 years","75-84","Maine","23","2003","2003","Female","F",307,39891,769.6
,"75-84 years","75-84","Maine","23","2003","2003","Male","M",349,27163,1284.8
,"75-84 years","75-84","Maine","23","2004","2004","Female","F",267,40137,665.2
,"75-84 years","75-84","Maine","23","2004","2004","Male","M",319,27583,1156.5
,"75-84 years","75-84","Maine","23","2005","2005","Female","F",269,40207,669.0
,"75-84 years","75-84","Maine","23","2005","2005","Male","M",322,27922,1153.2
,"75-84 years","75-84","Maine","23","2006","2006","Female","F",236,40465,583.2
,"75-84 years","75-84","Maine","23","2006","2006","Male","M",312,28331,1101.3
,"75-84 years","75-84","Maine","23","2007","2007","Female","F",215,40640,529.0
,"75-84 years","75-84","Maine","23","2007","2007","Male","M",281,28767,976.8
,"75-84 years","75-84","Maine","23","2008","2008","Female","F",220,40386,544.7
,"75-84 years","75-84","Maine","23","2008","2008","Male","M",266,29055,915.5
,"75-84 years","75-84","Maine","23","2009","2009","Female","F",196,40065,489.2
,"75-84 years","75-84","Maine","23","2009","2009","Male","M",302,29161,1035.6
,"75-84 years","75-84","Maine","23","2010","2010","Female","F",196,39830,492.1
,"75-84 years","75-84","Maine","23","2010","2010","Male","M",242,29463,821.4
,"75-84 years","75-84","Maine","23","2011","2011","Female","F",165,39649,416.2
,"75-84 years","75-84","Maine","23","2011","2011","Male","M",245,30055,815.2
,"75-84 years","75-84","Maine","23","2012","2012","Female","F",173,39680,436.0
,"75-84 years","75-84","Maine","23","2012","2012","Male","M",253,30532,828.6
,"75-84 years","75-84","Maine","23","2013","2013","Female","F",180,39674,453.7
,"75-84 years","75-84","Maine","23","2013","2013","Male","M",271,30877,877.7
,"75-84 years","75-84","Maine","23","2014","2014","Female","F",186,39986,465.2
,"75-84 years","75-84","Maine","23","2014","2014","Male","M",245,31424,779.7
,"75-84 years","75-84","Maine","23","2015","2015","Female","F",134,40268,332.8
,"75-84 years","75-84","Maine","23","2015","2015","Male","M",261,31830,820.0
,"75-84 years","75-84","Maine","23","2016","2016","Female","F",131,40597,322.7
,"75-84 years","75-84","Maine","23","2016","2016","Male","M",236,32465,726.9
,"75-84 years","75-84","Maine","23","2017","2017","Female","F",150,41556,361.0
,"75-84 years","75-84","Maine","23","2017","2017","Male","M",234,33410,700.4
,"75-84 years","75-84","Maine","23","2018","2018","Female","F",167,43826,381.1
,"75-84 years","75-84","Maine","23","2018","2018","Male","M",272,35387,768.6
,"75-84 years","75-84","Maine","23","2019","2019","Female","F",174,45411,383.2
,"75-84 years","75-84","Maine","23","2019","2019","Male","M",287,36975,776.2
,"75-84 years","75-84","Maine","23","2020","2020","Female","F",149,46465,320.7
,"75-84 years","75-84","Maine","23","2020","2020","Male","M",296,38318,772.5
,"75-84 years","75-84","Maryland","24","1999","1999","Female","F",1478,127760,1156.9
,"75-84 years","75-84","Maryland","24","1999","1999","Male","M",1359,80138,1695.8
,"75-84 years","75-84","Maryland","24","2000","2000","Female","F",1392,129428,1075.5
,"75-84 years","75-84","Maryland","24","2000","2000","Male","M",1425,81692,1744.4
,"75-84 years","75-84","Maryland","24","2001","2001","Female","F",1431,132382,1081.0
,"75-84 years","75-84","Maryland","24","2001","2001","Male","M",1480,84290,1755.8
,"75-84 years","75-84","Maryland","24","2002","2002","Female","F",1384,134200,1031.3
,"75-84 years","75-84","Maryland","24","2002","2002","Male","M",1410,86044,1638.7
,"75-84 years","75-84","Maryland","24","2003","2003","Female","F",1357,135820,999.1
,"75-84 years","75-84","Maryland","24","2003","2003","Male","M",1373,87344,1571.9
,"75-84 years","75-84","Maryland","24","2004","2004","Female","F",1170,136799,855.3
,"75-84 years","75-84","Maryland","24","2004","2004","Male","M",1298,88526,1466.2
,"75-84 years","75-84","Maryland","24","2005","2005","Female","F",1226,136611,897.4
,"75-84 years","75-84","Maryland","24","2005","2005","Male","M",1249,89262,1399.3
,"75-84 years","75-84","Maryland","24","2006","2006","Female","F",1137,135448,839.4
,"75-84 years","75-84","Maryland","24","2006","2006","Male","M",1152,89626,1285.3
,"75-84 years","75-84","Maryland","24","2007","2007","Female","F",1073,134105,800.1
,"75-84 years","75-84","Maryland","24","2007","2007","Male","M",1109,89973,1232.6
,"75-84 years","75-84","Maryland","24","2008","2008","Female","F",945,133007,710.5
,"75-84 years","75-84","Maryland","24","2008","2008","Male","M",1108,90674,1222.0
,"75-84 years","75-84","Maryland","24","2009","2009","Female","F",965,132184,730.0
,"75-84 years","75-84","Maryland","24","2009","2009","Male","M",957,90833,1053.6
,"75-84 years","75-84","Maryland","24","2010","2010","Female","F",955,131674,725.3
,"75-84 years","75-84","Maryland","24","2010","2010","Male","M",994,91485,1086.5
,"75-84 years","75-84","Maryland","24","2011","2011","Female","F",814,131704,618.1
,"75-84 years","75-84","Maryland","24","2011","2011","Male","M",933,93157,1001.5
,"75-84 years","75-84","Maryland","24","2012","2012","Female","F",804,131601,610.9
,"75-84 years","75-84","Maryland","24","2012","2012","Male","M",926,94249,982.5
,"75-84 years","75-84","Maryland","24","2013","2013","Female","F",784,133106,589.0
,"75-84 years","75-84","Maryland","24","2013","2013","Male","M",893,96337,927.0
,"75-84 years","75-84","Maryland","24","2014","2014","Female","F",680,135230,502.8
,"75-84 years","75-84","Maryland","24","2014","2014","Male","M",911,98681,923.2
,"75-84 years","75-84","Maryland","24","2015","2015","Female","F",714,137718,518.5
,"75-84 years","75-84","Maryland","24","2015","2015","Male","M",915,100843,907.4
,"75-84 years","75-84","Maryland","24","2016","2016","Female","F",640,141526,452.2
,"75-84 years","75-84","Maryland","24","2016","2016","Male","M",898,103631,866.5
,"75-84 years","75-84","Maryland","24","2017","2017","Female","F",744,146369,508.3
,"75-84 years","75-84","Maryland","24","2017","2017","Male","M",867,108229,801.1
,"75-84 years","75-84","Maryland","24","2018","2018","Female","F",711,153390,463.5
,"75-84 years","75-84","Maryland","24","2018","2018","Male","M",916,113891,804.3
,"75-84 years","75-84","Maryland","24","2019","2019","Female","F",701,159859,438.5
,"75-84 years","75-84","Maryland","24","2019","2019","Male","M",910,118562,767.5
,"75-84 years","75-84","Maryland","24","2020","2020","Female","F",738,165672,445.5
,"75-84 years","75-84","Maryland","24","2020","2020","Male","M",1044,122640,851.3
,"75-84 years","75-84","Massachusetts","25","1999","1999","Female","F",1620,194289,833.8
,"75-84 years","75-84","Massachusetts","25","1999","1999","Male","M",1834,118356,1549.6
,"75-84 years","75-84","Massachusetts","25","2000","2000","Female","F",1586,195347,811.9
,"75-84 years","75-84","Massachusetts","25","2000","2000","Male","M",1760,120293,1463.1
,"75-84 years","75-84","Massachusetts","25","2001","2001","Female","F",1573,196010,802.5
,"75-84 years","75-84","Massachusetts","25","2001","2001","Male","M",1746,122121,1429.7
,"75-84 years","75-84","Massachusetts","25","2002","2002","Female","F",1497,196464,762.0
,"75-84 years","75-84","Massachusetts","25","2002","2002","Male","M",1591,124064,1282.4
,"75-84 years","75-84","Massachusetts","25","2003","2003","Female","F",1401,195482,716.7
,"75-84 years","75-84","Massachusetts","25","2003","2003","Male","M",1635,124524,1313.0
,"75-84 years","75-84","Massachusetts","25","2004","2004","Female","F",1308,193894,674.6
,"75-84 years","75-84","Massachusetts","25","2004","2004","Male","M",1439,125235,1149.0
,"75-84 years","75-84","Massachusetts","25","2005","2005","Female","F",1091,192067,568.0
,"75-84 years","75-84","Massachusetts","25","2005","2005","Male","M",1322,125265,1055.4
,"75-84 years","75-84","Massachusetts","25","2006","2006","Female","F",1078,189281,569.5
,"75-84 years","75-84","Massachusetts","25","2006","2006","Male","M",1286,124693,1031.3
,"75-84 years","75-84","Massachusetts","25","2007","2007","Female","F",1077,186845,576.4
,"75-84 years","75-84","Massachusetts","25","2007","2007","Male","M",1250,124566,1003.5
,"75-84 years","75-84","Massachusetts","25","2008","2008","Female","F",1009,183908,548.6
,"75-84 years","75-84","Massachusetts","25","2008","2008","Male","M",1262,123895,1018.6
,"75-84 years","75-84","Massachusetts","25","2009","2009","Female","F",941,179926,523.0
,"75-84 years","75-84","Massachusetts","25","2009","2009","Male","M",1215,122718,990.1
,"75-84 years","75-84","Massachusetts","25","2010","2010","Female","F",780,178583,436.8
,"75-84 years","75-84","Massachusetts","25","2010","2010","Male","M",1050,122482,857.3
,"75-84 years","75-84","Massachusetts","25","2011","2011","Female","F",759,175740,431.9
,"75-84 years","75-84","Massachusetts","25","2011","2011","Male","M",1035,122583,844.3
,"75-84 years","75-84","Massachusetts","25","2012","2012","Female","F",706,174373,404.9
,"75-84 years","75-84","Massachusetts","25","2012","2012","Male","M",967,122622,788.6
,"75-84 years","75-84","Massachusetts","25","2013","2013","Female","F",668,173065,386.0
,"75-84 years","75-84","Massachusetts","25","2013","2013","Male","M",982,122908,799.0
,"75-84 years","75-84","Massachusetts","25","2014","2014","Female","F",621,172496,360.0
,"75-84 years","75-84","Massachusetts","25","2014","2014","Male","M",885,123751,715.1
,"75-84 years","75-84","Massachusetts","25","2015","2015","Female","F",619,172747,358.3
,"75-84 years","75-84","Massachusetts","25","2015","2015","Male","M",875,125317,698.2
,"75-84 years","75-84","Massachusetts","25","2016","2016","Female","F",650,174911,371.6
,"75-84 years","75-84","Massachusetts","25","2016","2016","Male","M",863,127716,675.7
,"75-84 years","75-84","Massachusetts","25","2017","2017","Female","F",550,179527,306.4
,"75-84 years","75-84","Massachusetts","25","2017","2017","Male","M",858,131881,650.6
,"75-84 years","75-84","Massachusetts","25","2018","2018","Female","F",546,187067,291.9
,"75-84 years","75-84","Massachusetts","25","2018","2018","Male","M",874,138352,631.7
,"75-84 years","75-84","Massachusetts","25","2019","2019","Female","F",529,193346,273.6
,"75-84 years","75-84","Massachusetts","25","2019","2019","Male","M",832,143158,581.2
,"75-84 years","75-84","Massachusetts","25","2020","2020","Female","F",523,198529,263.4
,"75-84 years","75-84","Massachusetts","25","2020","2020","Male","M",853,147662,577.7
,"75-84 years","75-84","Michigan","26","1999","1999","Female","F",3233,262240,1232.8
,"75-84 years","75-84","Michigan","26","1999","1999","Male","M",3373,167079,2018.8
,"75-84 years","75-84","Michigan","26","2000","2000","Female","F",3268,264076,1237.5
,"75-84 years","75-84","Michigan","26","2000","2000","Male","M",3203,169602,1888.5
,"75-84 years","75-84","Michigan","26","2001","2001","Female","F",3113,267681,1163.0
,"75-84 years","75-84","Michigan","26","2001","2001","Male","M",3279,174377,1880.4
,"75-84 years","75-84","Michigan","26","2002","2002","Female","F",3061,269933,1134.0
,"75-84 years","75-84","Michigan","26","2002","2002","Male","M",3303,178404,1851.4
,"75-84 years","75-84","Michigan","26","2003","2003","Female","F",2832,271158,1044.4
,"75-84 years","75-84","Michigan","26","2003","2003","Male","M",3087,181806,1698.0
,"75-84 years","75-84","Michigan","26","2004","2004","Female","F",2496,271532,919.2
,"75-84 years","75-84","Michigan","26","2004","2004","Male","M",2852,184112,1549.1
,"75-84 years","75-84","Michigan","26","2005","2005","Female","F",2518,270997,929.2
,"75-84 years","75-84","Michigan","26","2005","2005","Male","M",2787,186125,1497.4
,"75-84 years","75-84","Michigan","26","2006","2006","Female","F",2392,269818,886.5
,"75-84 years","75-84","Michigan","26","2006","2006","Male","M",2616,187460,1395.5
,"75-84 years","75-84","Michigan","26","2007","2007","Female","F",2211,268037,824.9
,"75-84 years","75-84","Michigan","26","2007","2007","Male","M",2545,187454,1357.7
,"75-84 years","75-84","Michigan","26","2008","2008","Female","F",2190,265153,825.9
,"75-84 years","75-84","Michigan","26","2008","2008","Male","M",2425,186815,1298.1
,"75-84 years","75-84","Michigan","26","2009","2009","Female","F",1891,260960,724.6
,"75-84 years","75-84","Michigan","26","2009","2009","Male","M",2294,184911,1240.6
,"75-84 years","75-84","Michigan","26","2010","2010","Female","F",1821,259385,702.0
,"75-84 years","75-84","Michigan","26","2010","2010","Male","M",2203,185555,1187.2
,"75-84 years","75-84","Michigan","26","2011","2011","Female","F",1758,257438,682.9
,"75-84 years","75-84","Michigan","26","2011","2011","Male","M",2159,186909,1155.1
,"75-84 years","75-84","Michigan","26","2012","2012","Female","F",1709,255939,667.7
,"75-84 years","75-84","Michigan","26","2012","2012","Male","M",2156,187007,1152.9
,"75-84 years","75-84","Michigan","26","2013","2013","Female","F",1610,254822,631.8
,"75-84 years","75-84","Michigan","26","2013","2013","Male","M",2143,188698,1135.7
,"75-84 years","75-84","Michigan","26","2014","2014","Female","F",1638,255831,640.3
,"75-84 years","75-84","Michigan","26","2014","2014","Male","M",2129,191655,1110.9
,"75-84 years","75-84","Michigan","26","2015","2015","Female","F",1512,256321,589.9
,"75-84 years","75-84","Michigan","26","2015","2015","Male","M",1990,194298,1024.2
,"75-84 years","75-84","Michigan","26","2016","2016","Female","F",1442,259113,556.5
,"75-84 years","75-84","Michigan","26","2016","2016","Male","M",1908,198418,961.6
,"75-84 years","75-84","Michigan","26","2017","2017","Female","F",1452,267013,543.8
,"75-84 years","75-84","Michigan","26","2017","2017","Male","M",2012,207207,971.0
,"75-84 years","75-84","Michigan","26","2018","2018","Female","F",1429,279162,511.9
,"75-84 years","75-84","Michigan","26","2018","2018","Male","M",2103,218754,961.4
,"75-84 years","75-84","Michigan","26","2019","2019","Female","F",1449,287964,503.2
,"75-84 years","75-84","Michigan","26","2019","2019","Male","M",2172,226721,958.0
,"75-84 years","75-84","Michigan","26","2020","2020","Female","F",1588,293726,540.6
,"75-84 years","75-84","Michigan","26","2020","2020","Male","M",2237,232240,963.2
,"75-84 years","75-84","Minnesota","27","1999","1999","Female","F",887,127770,694.2
,"75-84 years","75-84","Minnesota","27","1999","1999","Male","M",1131,84277,1342.0
,"75-84 years","75-84","Minnesota","27","2000","2000","Female","F",755,127654,591.4
,"75-84 years","75-84","Minnesota","27","2000","2000","Male","M",1105,85186,1297.2
,"75-84 years","75-84","Minnesota","27","2001","2001","Female","F",742,128459,577.6
,"75-84 years","75-84","Minnesota","27","2001","2001","Male","M",1030,87147,1181.9
,"75-84 years","75-84","Minnesota","27","2002","2002","Female","F",730,129321,564.5
,"75-84 years","75-84","Minnesota","27","2002","2002","Male","M",996,88520,1125.2
,"75-84 years","75-84","Minnesota","27","2003","2003","Female","F",596,129597,459.9
,"75-84 years","75-84","Minnesota","27","2003","2003","Male","M",915,89821,1018.7
,"75-84 years","75-84","Minnesota","27","2004","2004","Female","F",597,129596,460.7
,"75-84 years","75-84","Minnesota","27","2004","2004","Male","M",862,90722,950.2
,"75-84 years","75-84","Minnesota","27","2005","2005","Female","F",573,129176,443.6
,"75-84 years","75-84","Minnesota","27","2005","2005","Male","M",817,91789,890.1
,"75-84 years","75-84","Minnesota","27","2006","2006","Female","F",487,128985,377.6
,"75-84 years","75-84","Minnesota","27","2006","2006","Male","M",760,92697,819.9
,"75-84 years","75-84","Minnesota","27","2007","2007","Female","F",450,128662,349.8
,"75-84 years","75-84","Minnesota","27","2007","2007","Male","M",679,93691,724.7
,"75-84 years","75-84","Minnesota","27","2008","2008","Female","F",414,128021,323.4
,"75-84 years","75-84","Minnesota","27","2008","2008","Male","M",705,94091,749.3
,"75-84 years","75-84","Minnesota","27","2009","2009","Female","F",332,126976,261.5
,"75-84 years","75-84","Minnesota","27","2009","2009","Male","M",686,94695,724.4
,"75-84 years","75-84","Minnesota","27","2010","2010","Female","F",370,126701,292.0
,"75-84 years","75-84","Minnesota","27","2010","2010","Male","M",649,95329,680.8
,"75-84 years","75-84","Minnesota","27","2011","2011","Female","F",358,126992,281.9
,"75-84 years","75-84","Minnesota","27","2011","2011","Male","M",616,96762,636.6
,"75-84 years","75-84","Minnesota","27","2012","2012","Female","F",375,127590,293.9
,"75-84 years","75-84","Minnesota","27","2012","2012","Male","M",680,97833,695.1
,"75-84 years","75-84","Minnesota","27","2013","2013","Female","F",323,128420,251.5
,"75-84 years","75-84","Minnesota","27","2013","2013","Male","M",661,99710,662.9
,"75-84 years","75-84","Minnesota","27","2014","2014","Female","F",321,129889,247.1
,"75-84 years","75-84","Minnesota","27","2014","2014","Male","M",605,101900,593.7
,"75-84 years","75-84","Minnesota","27","2015","2015","Female","F",299,131559,227.3
,"75-84 years","75-84","Minnesota","27","2015","2015","Male","M",599,103970,576.1
,"75-84 years","75-84","Minnesota","27","2016","2016","Female","F",317,134149,236.3
,"75-84 years","75-84","Minnesota","27","2016","2016","Male","M",578,106467,542.9
,"75-84 years","75-84","Minnesota","27","2017","2017","Female","F",329,136975,240.2
,"75-84 years","75-84","Minnesota","27","2017","2017","Male","M",676,109559,617.0
,"75-84 years","75-84","Minnesota","27","2018","2018","Female","F",332,142760,232.6
,"75-84 years","75-84","Minnesota","27","2018","2018","Male","M",687,115178,596.5
,"75-84 years","75-84","Minnesota","27","2019","2019","Female","F",330,147354,224.0
,"75-84 years","75-84","Minnesota","27","2019","2019","Male","M",645,119359,540.4
,"75-84 years","75-84","Minnesota","27","2020","2020","Female","F",369,150932,244.5
,"75-84 years","75-84","Minnesota","27","2020","2020","Male","M",730,122954,593.7
,"75-84 years","75-84","Mississippi","28","1999","1999","Female","F",870,72305,1203.2
,"75-84 years","75-84","Mississippi","28","1999","1999","Male","M",799,42341,1887.1
,"75-84 years","75-84","Mississippi","28","2000","2000","Female","F",839,72341,1159.8
,"75-84 years","75-84","Mississippi","28","2000","2000","Male","M",770,42581,1808.3
,"75-84 years","75-84","Mississippi","28","2001","2001","Female","F",798,72656,1098.3
,"75-84 years","75-84","Mississippi","28","2001","2001","Male","M",734,43398,1691.3
,"75-84 years","75-84","Mississippi","28","2002","2002","Female","F",815,73256,1112.5
,"75-84 years","75-84","Mississippi","28","2002","2002","Male","M",738,44560,1656.2
,"75-84 years","75-84","Mississippi","28","2003","2003","Female","F",706,73706,957.9
,"75-84 years","75-84","Mississippi","28","2003","2003","Male","M",686,45358,1512.4
,"75-84 years","75-84","Mississippi","28","2004","2004","Female","F",620,73974,838.1
,"75-84 years","75-84","Mississippi","28","2004","2004","Male","M",673,46010,1462.7
,"75-84 years","75-84","Mississippi","28","2005","2005","Female","F",632,73967,854.4
,"75-84 years","75-84","Mississippi","28","2005","2005","Male","M",688,46524,1478.8
,"75-84 years","75-84","Mississippi","28","2006","2006","Female","F",555,73579,754.3
,"75-84 years","75-84","Mississippi","28","2006","2006","Male","M",579,46675,1240.5
,"75-84 years","75-84","Mississippi","28","2007","2007","Female","F",506,73462,688.8
,"75-84 years","75-84","Mississippi","28","2007","2007","Male","M",527,47105,1118.8
,"75-84 years","75-84","Mississippi","28","2008","2008","Female","F",519,73988,701.5
,"75-84 years","75-84","Mississippi","28","2008","2008","Male","M",558,47587,1172.6
,"75-84 years","75-84","Mississippi","28","2009","2009","Female","F",458,72995,627.4
,"75-84 years","75-84","Mississippi","28","2009","2009","Male","M",528,47734,1106.1
,"75-84 years","75-84","Mississippi","28","2010","2010","Female","F",434,73300,592.1
,"75-84 years","75-84","Mississippi","28","2010","2010","Male","M",519,48279,1075.0
,"75-84 years","75-84","Mississippi","28","2011","2011","Female","F",441,73792,597.6
,"75-84 years","75-84","Mississippi","28","2011","2011","Male","M",511,49665,1028.9
,"75-84 years","75-84","Mississippi","28","2012","2012","Female","F",424,74084,572.3
,"75-84 years","75-84","Mississippi","28","2012","2012","Male","M",488,50551,965.4
,"75-84 years","75-84","Mississippi","28","2013","2013","Female","F",384,74813,513.3
,"75-84 years","75-84","Mississippi","28","2013","2013","Male","M",508,52060,975.8
,"75-84 years","75-84","Mississippi","28","2014","2014","Female","F",346,75910,455.8
,"75-84 years","75-84","Mississippi","28","2014","2014","Male","M",503,53403,941.9
,"75-84 years","75-84","Mississippi","28","2015","2015","Female","F",364,76857,473.6
,"75-84 years","75-84","Mississippi","28","2015","2015","Male","M",544,54526,997.7
,"75-84 years","75-84","Mississippi","28","2016","2016","Female","F",401,78112,513.4
,"75-84 years","75-84","Mississippi","28","2016","2016","Male","M",491,55814,879.7
,"75-84 years","75-84","Mississippi","28","2017","2017","Female","F",359,79025,454.3
,"75-84 years","75-84","Mississippi","28","2017","2017","Male","M",472,57043,827.4
,"75-84 years","75-84","Mississippi","28","2018","2018","Female","F",343,81825,419.2
,"75-84 years","75-84","Mississippi","28","2018","2018","Male","M",528,59724,884.1
,"75-84 years","75-84","Mississippi","28","2019","2019","Female","F",372,83784,444.0
,"75-84 years","75-84","Mississippi","28","2019","2019","Male","M",542,61656,879.1
,"75-84 years","75-84","Mississippi","28","2020","2020","Female","F",487,85518,569.5
,"75-84 years","75-84","Mississippi","28","2020","2020","Male","M",574,62913,912.4
,"75-84 years","75-84","Missouri","29","1999","1999","Female","F",1987,161287,1232.0
,"75-84 years","75-84","Missouri","29","1999","1999","Male","M",2101,101295,2074.1
,"75-84 years","75-84","Missouri","29","2000","2000","Female","F",1824,161377,1130.3
,"75-84 years","75-84","Missouri","29","2000","2000","Male","M",1929,102205,1887.4
,"75-84 years","75-84","Missouri","29","2001","2001","Female","F",1752,162605,1077.5
,"75-84 years","75-84","Missouri","29","2001","2001","Male","M",1917,104733,1830.4
,"75-84 years","75-84","Missouri","29","2002","2002","Female","F",1641,163377,1004.4
,"75-84 years","75-84","Missouri","29","2002","2002","Male","M",1859,106775,1741.0
,"75-84 years","75-84","Missouri","29","2003","2003","Female","F",1705,163962,1039.9
,"75-84 years","75-84","Missouri","29","2003","2003","Male","M",1780,108755,1636.7
,"75-84 years","75-84","Missouri","29","2004","2004","Female","F",1542,163285,944.4
,"75-84 years","75-84","Missouri","29","2004","2004","Male","M",1687,110139,1531.7
,"75-84 years","75-84","Missouri","29","2005","2005","Female","F",1406,162982,862.7
,"75-84 years","75-84","Missouri","29","2005","2005","Male","M",1558,111206,1401.0
,"75-84 years","75-84","Missouri","29","2006","2006","Female","F",1351,162662,830.6
,"75-84 years","75-84","Missouri","29","2006","2006","Male","M",1507,112178,1343.4
,"75-84 years","75-84","Missouri","29","2007","2007","Female","F",1263,161327,782.9
,"75-84 years","75-84","Missouri","29","2007","2007","Male","M",1481,112705,1314.0
,"75-84 years","75-84","Missouri","29","2008","2008","Female","F",1235,160524,769.4
,"75-84 years","75-84","Missouri","29","2008","2008","Male","M",1464,113263,1292.6
,"75-84 years","75-84","Missouri","29","2009","2009","Female","F",1157,159442,725.7
,"75-84 years","75-84","Missouri","29","2009","2009","Male","M",1348,113717,1185.4
,"75-84 years","75-84","Missouri","29","2010","2010","Female","F",1052,159339,660.2
,"75-84 years","75-84","Missouri","29","2010","2010","Male","M",1272,114686,1109.1
,"75-84 years","75-84","Missouri","29","2011","2011","Female","F",1043,159300,654.7
,"75-84 years","75-84","Missouri","29","2011","2011","Male","M",1247,116449,1070.9
,"75-84 years","75-84","Missouri","29","2012","2012","Female","F",1012,158594,638.1
,"75-84 years","75-84","Missouri","29","2012","2012","Male","M",1246,117013,1064.8
,"75-84 years","75-84","Missouri","29","2013","2013","Female","F",913,159122,573.8
,"75-84 years","75-84","Missouri","29","2013","2013","Male","M",1212,119096,1017.7
,"75-84 years","75-84","Missouri","29","2014","2014","Female","F",877,160618,546.0
,"75-84 years","75-84","Missouri","29","2014","2014","Male","M",1196,121099,987.6
,"75-84 years","75-84","Missouri","29","2015","2015","Female","F",896,162025,553.0
,"75-84 years","75-84","Missouri","29","2015","2015","Male","M",1198,123205,972.4
,"75-84 years","75-84","Missouri","29","2016","2016","Female","F",840,164215,511.5
,"75-84 years","75-84","Missouri","29","2016","2016","Male","M",1121,125536,893.0
,"75-84 years","75-84","Missouri","29","2017","2017","Female","F",782,168227,464.8
,"75-84 years","75-84","Missouri","29","2017","2017","Male","M",1123,129474,867.4
,"75-84 years","75-84","Missouri","29","2018","2018","Female","F",813,174445,466.0
,"75-84 years","75-84","Missouri","29","2018","2018","Male","M",1182,135058,875.2
,"75-84 years","75-84","Missouri","29","2019","2019","Female","F",743,179201,414.6
,"75-84 years","75-84","Missouri","29","2019","2019","Male","M",1192,139140,856.7
,"75-84 years","75-84","Missouri","29","2020","2020","Female","F",828,182921,452.7
,"75-84 years","75-84","Missouri","29","2020","2020","Male","M",1210,142452,849.4
,"75-84 years","75-84","Montana","30","1999","1999","Female","F",184,24781,742.5
,"75-84 years","75-84","Montana","30","1999","1999","Male","M",227,17936,1265.6
,"75-84 years","75-84","Montana","30","2000","2000","Female","F",168,24888,675.0
,"75-84 years","75-84","Montana","30","2000","2000","Male","M",265,18205,1455.6
,"75-84 years","75-84","Montana","30","2001","2001","Female","F",141,24965,564.8
,"75-84 years","75-84","Montana","30","2001","2001","Male","M",222,18543,1197.2
,"75-84 years","75-84","Montana","30","2002","2002","Female","F",141,25007,563.8
,"75-84 years","75-84","Montana","30","2002","2002","Male","M",211,18676,1129.8
,"75-84 years","75-84","Montana","30","2003","2003","Female","F",134,25076,534.4
,"75-84 years","75-84","Montana","30","2003","2003","Male","M",237,18980,1248.7
,"75-84 years","75-84","Montana","30","2004","2004","Female","F",131,25201,519.8
,"75-84 years","75-84","Montana","30","2004","2004","Male","M",199,19308,1030.7
,"75-84 years","75-84","Montana","30","2005","2005","Female","F",113,25310,446.5
,"75-84 years","75-84","Montana","30","2005","2005","Male","M",190,19685,965.2
,"75-84 years","75-84","Montana","30","2006","2006","Female","F",134,25451,526.5
,"75-84 years","75-84","Montana","30","2006","2006","Male","M",180,20044,898.0
,"75-84 years","75-84","Montana","30","2007","2007","Female","F",123,25452,483.3
,"75-84 years","75-84","Montana","30","2007","2007","Male","M",179,20175,887.2
,"75-84 years","75-84","Montana","30","2008","2008","Female","F",120,25327,473.8
,"75-84 years","75-84","Montana","30","2008","2008","Male","M",184,20371,903.2
,"75-84 years","75-84","Montana","30","2009","2009","Female","F",119,25109,473.9
,"75-84 years","75-84","Montana","30","2009","2009","Male","M",149,20553,725.0
,"75-84 years","75-84","Montana","30","2010","2010","Female","F",93,25211,368.9
,"75-84 years","75-84","Montana","30","2010","2010","Male","M",168,20768,808.9
,"75-84 years","75-84","Montana","30","2011","2011","Female","F",116,25362,457.4
,"75-84 years","75-84","Montana","30","2011","2011","Male","M",191,21235,899.5
,"75-84 years","75-84","Montana","30","2012","2012","Female","F",94,25638,366.6
,"75-84 years","75-84","Montana","30","2012","2012","Male","M",185,21828,847.5
,"75-84 years","75-84","Montana","30","2013","2013","Female","F",77,26038,295.7
,"75-84 years","75-84","Montana","30","2013","2013","Male","M",170,22316,761.8
,"75-84 years","75-84","Montana","30","2014","2014","Female","F",99,26442,374.4
,"75-84 years","75-84","Montana","30","2014","2014","Male","M",185,22993,804.6
,"75-84 years","75-84","Montana","30","2015","2015","Female","F",96,26797,358.2
,"75-84 years","75-84","Montana","30","2015","2015","Male","M",189,23728,796.5
,"75-84 years","75-84","Montana","30","2016","2016","Female","F",99,27490,360.1
,"75-84 years","75-84","Montana","30","2016","2016","Male","M",200,24648,811.4
,"75-84 years","75-84","Montana","30","2017","2017","Female","F",98,27949,350.6
,"75-84 years","75-84","Montana","30","2017","2017","Male","M",197,25393,775.8
,"75-84 years","75-84","Montana","30","2018","2018","Female","F",120,29558,406.0
,"75-84 years","75-84","Montana","30","2018","2018","Male","M",235,27066,868.2
,"75-84 years","75-84","Montana","30","2019","2019","Female","F",129,30760,419.4
,"75-84 years","75-84","Montana","30","2019","2019","Male","M",206,28191,730.7
,"75-84 years","75-84","Montana","30","2020","2020","Female","F",91,31580,288.2
,"75-84 years","75-84","Montana","30","2020","2020","Male","M",260,29166,891.4
,"75-84 years","75-84","Nebraska","31","1999","1999","Female","F",402,49616,810.2
,"75-84 years","75-84","Nebraska","31","1999","1999","Male","M",461,32640,1412.4
,"75-84 years","75-84","Nebraska","31","2000","2000","Female","F",349,49540,704.5
,"75-84 years","75-84","Nebraska","31","2000","2000","Male","M",435,33003,1318.1
,"75-84 years","75-84","Nebraska","31","2001","2001","Female","F",326,49740,655.4
,"75-84 years","75-84","Nebraska","31","2001","2001","Male","M",418,33785,1237.2
,"75-84 years","75-84","Nebraska","31","2002","2002","Female","F",287,49837,575.9
,"75-84 years","75-84","Nebraska","31","2002","2002","Male","M",431,34234,1259.0
,"75-84 years","75-84","Nebraska","31","2003","2003","Female","F",279,49661,561.8
,"75-84 years","75-84","Nebraska","31","2003","2003","Male","M",404,34604,1167.5
,"75-84 years","75-84","Nebraska","31","2004","2004","Female","F",300,49872,601.5
,"75-84 years","75-84","Nebraska","31","2004","2004","Male","M",365,34927,1045.0
,"75-84 years","75-84","Nebraska","31","2005","2005","Female","F",242,49821,485.7
,"75-84 years","75-84","Nebraska","31","2005","2005","Male","M",347,35285,983.4
,"75-84 years","75-84","Nebraska","31","2006","2006","Female","F",228,49892,457.0
,"75-84 years","75-84","Nebraska","31","2006","2006","Male","M",316,35541,889.1
,"75-84 years","75-84","Nebraska","31","2007","2007","Female","F",195,49593,393.2
,"75-84 years","75-84","Nebraska","31","2007","2007","Male","M",334,35556,939.4
,"75-84 years","75-84","Nebraska","31","2008","2008","Female","F",195,49383,394.9
,"75-84 years","75-84","Nebraska","31","2008","2008","Male","M",313,35529,881.0
,"75-84 years","75-84","Nebraska","31","2009","2009","Female","F",199,48852,407.4
,"75-84 years","75-84","Nebraska","31","2009","2009","Male","M",283,35311,801.4
,"75-84 years","75-84","Nebraska","31","2010","2010","Female","F",198,48794,405.8
,"75-84 years","75-84","Nebraska","31","2010","2010","Male","M",250,35449,705.2
,"75-84 years","75-84","Nebraska","31","2011","2011","Female","F",181,48284,374.9
,"75-84 years","75-84","Nebraska","31","2011","2011","Male","M",245,35490,690.3
,"75-84 years","75-84","Nebraska","31","2012","2012","Female","F",165,47998,343.8
,"75-84 years","75-84","Nebraska","31","2012","2012","Male","M",264,35641,740.7
,"75-84 years","75-84","Nebraska","31","2013","2013","Female","F",162,47694,339.7
,"75-84 years","75-84","Nebraska","31","2013","2013","Male","M",281,35896,782.8
,"75-84 years","75-84","Nebraska","31","2014","2014","Female","F",164,47700,343.8
,"75-84 years","75-84","Nebraska","31","2014","2014","Male","M",248,36093,687.1
,"75-84 years","75-84","Nebraska","31","2015","2015","Female","F",184,47649,386.2
,"75-84 years","75-84","Nebraska","31","2015","2015","Male","M",283,36357,778.4
,"75-84 years","75-84","Nebraska","31","2016","2016","Female","F",154,47868,321.7
,"75-84 years","75-84","Nebraska","31","2016","2016","Male","M",274,36493,750.8
,"75-84 years","75-84","Nebraska","31","2017","2017","Female","F",158,48175,328.0
,"75-84 years","75-84","Nebraska","31","2017","2017","Male","M",269,37222,722.7
,"75-84 years","75-84","Nebraska","31","2018","2018","Female","F",132,49397,267.2
,"75-84 years","75-84","Nebraska","31","2018","2018","Male","M",243,38664,628.5
,"75-84 years","75-84","Nebraska","31","2019","2019","Female","F",156,50562,308.5
,"75-84 years","75-84","Nebraska","31","2019","2019","Male","M",268,39930,671.2
,"75-84 years","75-84","Nebraska","31","2020","2020","Female","F",145,51101,283.8
,"75-84 years","75-84","Nebraska","31","2020","2020","Male","M",270,40691,663.5
,"75-84 years","75-84","Nevada","32","1999","1999","Female","F",378,37914,997.0
,"75-84 years","75-84","Nevada","32","1999","1999","Male","M",486,30067,1616.4
,"75-84 years","75-84","Nevada","32","2000","2000","Female","F",335,39006,858.8
,"75-84 years","75-84","Nevada","32","2000","2000","Male","M",450,31159,1444.2
,"75-84 years","75-84","Nevada","32","2001","2001","Female","F",375,41767,897.8
,"75-84 years","75-84","Nevada","32","2001","2001","Male","M",497,33477,1484.6
,"75-84 years","75-84","Nevada","32","2002","2002","Female","F",352,43724,805.0
,"75-84 years","75-84","Nevada","32","2002","2002","Male","M",459,35203,1303.9
,"75-84 years","75-84","Nevada","32","2003","2003","Female","F",355,45549,779.4
,"75-84 years","75-84","Nevada","32","2003","2003","Male","M",458,36940,1239.8
,"75-84 years","75-84","Nevada","32","2004","2004","Female","F",325,46884,693.2
,"75-84 years","75-84","Nevada","32","2004","2004","Male","M",487,38757,1256.5
,"75-84 years","75-84","Nevada","32","2005","2005","Female","F",335,48026,697.5
,"75-84 years","75-84","Nevada","32","2005","2005","Male","M",461,40038,1151.4
,"75-84 years","75-84","Nevada","32","2006","2006","Female","F",306,49023,624.2
,"75-84 years","75-84","Nevada","32","2006","2006","Male","M",435,40817,1065.7
,"75-84 years","75-84","Nevada","32","2007","2007","Female","F",267,49336,541.2
,"75-84 years","75-84","Nevada","32","2007","2007","Male","M",444,41776,1062.8
,"75-84 years","75-84","Nevada","32","2008","2008","Female","F",275,49962,550.4
,"75-84 years","75-84","Nevada","32","2008","2008","Male","M",404,42723,945.6
,"75-84 years","75-84","Nevada","32","2009","2009","Female","F",253,50749,498.5
,"75-84 years","75-84","Nevada","32","2009","2009","Male","M",390,43783,890.8
,"75-84 years","75-84","Nevada","32","2010","2010","Female","F",275,51529,533.7
,"75-84 years","75-84","Nevada","32","2010","2010","Male","M",417,44862,929.5
,"75-84 years","75-84","Nevada","32","2011","2011","Female","F",270,52798,511.4
,"75-84 years","75-84","Nevada","32","2011","2011","Male","M",425,46732,909.4
,"75-84 years","75-84","Nevada","32","2012","2012","Female","F",264,54586,483.6
,"75-84 years","75-84","Nevada","32","2012","2012","Male","M",441,48623,907.0
,"75-84 years","75-84","Nevada","32","2013","2013","Female","F",277,56939,486.5
,"75-84 years","75-84","Nevada","32","2013","2013","Male","M",444,50726,875.3
,"75-84 years","75-84","Nevada","32","2014","2014","Female","F",312,59618,523.3
,"75-84 years","75-84","Nevada","32","2014","2014","Male","M",502,53502,938.3
,"75-84 years","75-84","Nevada","32","2015","2015","Female","F",313,62131,503.8
,"75-84 years","75-84","Nevada","32","2015","2015","Male","M",516,56228,917.7
,"75-84 years","75-84","Nevada","32","2016","2016","Female","F",345,65227,528.9
,"75-84 years","75-84","Nevada","32","2016","2016","Male","M",658,58780,1119.4
,"75-84 years","75-84","Nevada","32","2017","2017","Female","F",378,68715,550.1
,"75-84 years","75-84","Nevada","32","2017","2017","Male","M",621,62485,993.8
,"75-84 years","75-84","Nevada","32","2018","2018","Female","F",360,73160,492.1
,"75-84 years","75-84","Nevada","32","2018","2018","Male","M",605,66407,911.0
,"75-84 years","75-84","Nevada","32","2019","2019","Female","F",392,77657,504.8
,"75-84 years","75-84","Nevada","32","2019","2019","Male","M",676,70136,963.8
,"75-84 years","75-84","Nevada","32","2020","2020","Female","F",380,82428,461.0
,"75-84 years","75-84","Nevada","32","2020","2020","Male","M",659,73862,892.2
,"75-84 years","75-84","New Hampshire","33","1999","1999","Female","F",317,30607,1035.7
,"75-84 years","75-84","New Hampshire","33","1999","1999","Male","M",332,20130,1649.3
,"75-84 years","75-84","New Hampshire","33","2000","2000","Female","F",338,30892,1094.1
,"75-84 years","75-84","New Hampshire","33","2000","2000","Male","M",323,20520,1574.1
,"75-84 years","75-84","New Hampshire","33","2001","2001","Female","F",321,31273,1026.4
,"75-84 years","75-84","New Hampshire","33","2001","2001","Male","M",348,20919,1663.6
,"75-84 years","75-84","New Hampshire","33","2002","2002","Female","F",313,31788,984.6
,"75-84 years","75-84","New Hampshire","33","2002","2002","Male","M",361,21380,1688.5
,"75-84 years","75-84","New Hampshire","33","2003","2003","Female","F",293,32213,909.6
,"75-84 years","75-84","New Hampshire","33","2003","2003","Male","M",315,21757,1447.8
,"75-84 years","75-84","New Hampshire","33","2004","2004","Female","F",280,32573,859.6
,"75-84 years","75-84","New Hampshire","33","2004","2004","Male","M",320,22324,1433.4
,"75-84 years","75-84","New Hampshire","33","2005","2005","Female","F",236,32733,721.0
,"75-84 years","75-84","New Hampshire","33","2005","2005","Male","M",252,22677,1111.3
,"75-84 years","75-84","New Hampshire","33","2006","2006","Female","F",238,32797,725.7
,"75-84 years","75-84","New Hampshire","33","2006","2006","Male","M",251,23084,1087.3
,"75-84 years","75-84","New Hampshire","33","2007","2007","Female","F",216,32858,657.4
,"75-84 years","75-84","New Hampshire","33","2007","2007","Male","M",265,23545,1125.5
,"75-84 years","75-84","New Hampshire","33","2008","2008","Female","F",153,32790,466.6
,"75-84 years","75-84","New Hampshire","33","2008","2008","Male","M",270,23906,1129.4
,"75-84 years","75-84","New Hampshire","33","2009","2009","Female","F",165,32499,507.7
,"75-84 years","75-84","New Hampshire","33","2009","2009","Male","M",228,24199,942.2
,"75-84 years","75-84","New Hampshire","33","2010","2010","Female","F",155,32376,478.7
,"75-84 years","75-84","New Hampshire","33","2010","2010","Male","M",209,24369,857.6
,"75-84 years","75-84","New Hampshire","33","2011","2011","Female","F",136,32518,418.2
,"75-84 years","75-84","New Hampshire","33","2011","2011","Male","M",232,24914,931.2
,"75-84 years","75-84","New Hampshire","33","2012","2012","Female","F",134,32398,413.6
,"75-84 years","75-84","New Hampshire","33","2012","2012","Male","M",230,25252,910.8
,"75-84 years","75-84","New Hampshire","33","2013","2013","Female","F",156,32873,474.6
,"75-84 years","75-84","New Hampshire","33","2013","2013","Male","M",208,25720,808.7
,"75-84 years","75-84","New Hampshire","33","2014","2014","Female","F",158,33033,478.3
,"75-84 years","75-84","New Hampshire","33","2014","2014","Male","M",211,26290,802.6
,"75-84 years","75-84","New Hampshire","33","2015","2015","Female","F",129,33450,385.7
,"75-84 years","75-84","New Hampshire","33","2015","2015","Male","M",223,26990,826.2
,"75-84 years","75-84","New Hampshire","33","2016","2016","Female","F",148,34149,433.4
,"75-84 years","75-84","New Hampshire","33","2016","2016","Male","M",209,27671,755.3
,"75-84 years","75-84","New Hampshire","33","2017","2017","Female","F",123,35377,347.7
,"75-84 years","75-84","New Hampshire","33","2017","2017","Male","M",224,28955,773.6
,"75-84 years","75-84","New Hampshire","33","2018","2018","Female","F",129,37376,345.1
,"75-84 years","75-84","New Hampshire","33","2018","2018","Male","M",221,30848,716.4
,"75-84 years","75-84","New Hampshire","33","2019","2019","Female","F",123,38770,317.3
,"75-84 years","75-84","New Hampshire","33","2019","2019","Male","M",207,32184,643.2
,"75-84 years","75-84","New Hampshire","33","2020","2020","Female","F",108,40177,268.8
,"75-84 years","75-84","New Hampshire","33","2020","2020","Male","M",202,33445,604.0
,"75-84 years","75-84","New Jersey","34","1999","1999","Female","F",3007,245740,1223.7
,"75-84 years","75-84","New Jersey","34","1999","1999","Male","M",3033,151937,1996.2
,"75-84 years","75-84","New Jersey","34","2000","2000","Female","F",2806,248617,1128.6
,"75-84 years","75-84","New Jersey","34","2000","2000","Male","M",2940,153851,1910.9
,"75-84 years","75-84","New Jersey","34","2001","2001","Female","F",2772,251039,1104.2
,"75-84 years","75-84","New Jersey","34","2001","2001","Male","M",2815,157099,1791.9
,"75-84 years","75-84","New Jersey","34","2002","2002","Female","F",2597,252333,1029.2
,"75-84 years","75-84","New Jersey","34","2002","2002","Male","M",2716,159678,1700.9
,"75-84 years","75-84","New Jersey","34","2003","2003","Female","F",2573,252610,1018.6
,"75-84 years","75-84","New Jersey","34","2003","2003","Male","M",2566,161044,1593.4
,"75-84 years","75-84","New Jersey","34","2004","2004","Female","F",2413,252267,956.5
,"75-84 years","75-84","New Jersey","34","2004","2004","Male","M",2489,162433,1532.3
,"75-84 years","75-84","New Jersey","34","2005","2005","Female","F",2257,250153,902.2
,"75-84 years","75-84","New Jersey","34","2005","2005","Male","M",2322,162853,1425.8
,"75-84 years","75-84","New Jersey","34","2006","2006","Female","F",2064,247246,834.8
,"75-84 years","75-84","New Jersey","34","2006","2006","Male","M",2144,162581,1318.7
,"75-84 years","75-84","New Jersey","34","2007","2007","Female","F",1760,244974,718.4
,"75-84 years","75-84","New Jersey","34","2007","2007","Male","M",2101,162001,1296.9
,"75-84 years","75-84","New Jersey","34","2008","2008","Female","F",1719,241250,712.5
,"75-84 years","75-84","New Jersey","34","2008","2008","Male","M",1965,161509,1216.7
,"75-84 years","75-84","New Jersey","34","2009","2009","Female","F",1629,237586,685.6
,"75-84 years","75-84","New Jersey","34","2009","2009","Male","M",1854,160082,1158.2
,"75-84 years","75-84","New Jersey","34","2010","2010","Female","F",1484,235121,631.2
,"75-84 years","75-84","New Jersey","34","2010","2010","Male","M",1788,159827,1118.7
,"75-84 years","75-84","New Jersey","34","2011","2011","Female","F",1425,232151,613.8
,"75-84 years","75-84","New Jersey","34","2011","2011","Male","M",1704,159852,1066.0
,"75-84 years","75-84","New Jersey","34","2012","2012","Female","F",1321,230333,573.5
,"75-84 years","75-84","New Jersey","34","2012","2012","Male","M",1543,159953,964.7
,"75-84 years","75-84","New Jersey","34","2013","2013","Female","F",1210,229270,527.8
,"75-84 years","75-84","New Jersey","34","2013","2013","Male","M",1607,160776,999.5
,"75-84 years","75-84","New Jersey","34","2014","2014","Female","F",1167,229137,509.3
,"75-84 years","75-84","New Jersey","34","2014","2014","Male","M",1487,162315,916.1
,"75-84 years","75-84","New Jersey","34","2015","2015","Female","F",1128,229690,491.1
,"75-84 years","75-84","New Jersey","34","2015","2015","Male","M",1439,163489,880.2
,"75-84 years","75-84","New Jersey","34","2016","2016","Female","F",1031,231490,445.4
,"75-84 years","75-84","New Jersey","34","2016","2016","Male","M",1447,165777,872.9
,"75-84 years","75-84","New Jersey","34","2017","2017","Female","F",1040,239539,434.2
,"75-84 years","75-84","New Jersey","34","2017","2017","Male","M",1440,172552,834.5
,"75-84 years","75-84","New Jersey","34","2018","2018","Female","F",1024,246734,415.0
,"75-84 years","75-84","New Jersey","34","2018","2018","Male","M",1355,179402,755.3
,"75-84 years","75-84","New Jersey","34","2019","2019","Female","F",991,254106,390.0
,"75-84 years","75-84","New Jersey","34","2019","2019","Male","M",1352,185459,729.0
,"75-84 years","75-84","New Jersey","34","2020","2020","Female","F",1074,259279,414.2
,"75-84 years","75-84","New Jersey","34","2020","2020","Male","M",1457,189971,767.0
,"75-84 years","75-84","New Mexico","35","1999","1999","Female","F",375,39846,941.1
,"75-84 years","75-84","New Mexico","35","1999","1999","Male","M",434,29645,1464.0
,"75-84 years","75-84","New Mexico","35","2000","2000","Female","F",341,40816,835.5
,"75-84 years","75-84","New Mexico","35","2000","2000","Male","M",403,30358,1327.5
,"75-84 years","75-84","New Mexico","35","2001","2001","Female","F",338,42196,801.0
,"75-84 years","75-84","New Mexico","35","2001","2001","Male","M",459,31355,1463.9
,"75-84 years","75-84","New Mexico","35","2002","2002","Female","F",326,43128,755.9
,"75-84 years","75-84","New Mexico","35","2002","2002","Male","M",408,32149,1269.1
,"75-84 years","75-84","New Mexico","35","2003","2003","Female","F",313,44123,709.4
,"75-84 years","75-84","New Mexico","35","2003","2003","Male","M",401,32968,1216.3
,"75-84 years","75-84","New Mexico","35","2004","2004","Female","F",260,44706,581.6
,"75-84 years","75-84","New Mexico","35","2004","2004","Male","M",404,33683,1199.4
,"75-84 years","75-84","New Mexico","35","2005","2005","Female","F",338,45573,741.7
,"75-84 years","75-84","New Mexico","35","2005","2005","Male","M",401,34758,1153.7
,"75-84 years","75-84","New Mexico","35","2006","2006","Female","F",281,46492,604.4
,"75-84 years","75-84","New Mexico","35","2006","2006","Male","M",375,35535,1055.3
,"75-84 years","75-84","New Mexico","35","2007","2007","Female","F",266,46888,567.3
,"75-84 years","75-84","New Mexico","35","2007","2007","Male","M",352,36414,966.7
,"75-84 years","75-84","New Mexico","35","2008","2008","Female","F",267,47275,564.8
,"75-84 years","75-84","New Mexico","35","2008","2008","Male","M",310,37047,836.8
,"75-84 years","75-84","New Mexico","35","2009","2009","Female","F",248,47601,521.0
,"75-84 years","75-84","New Mexico","35","2009","2009","Male","M",332,37682,881.1
,"75-84 years","75-84","New Mexico","35","2010","2010","Female","F",259,48081,538.7
,"75-84 years","75-84","New Mexico","35","2010","2010","Male","M",353,38387,919.6
,"75-84 years","75-84","New Mexico","35","2011","2011","Female","F",240,48901,490.8
,"75-84 years","75-84","New Mexico","35","2011","2011","Male","M",358,39537,905.5
,"75-84 years","75-84","New Mexico","35","2012","2012","Female","F",239,49583,482.0
,"75-84 years","75-84","New Mexico","35","2012","2012","Male","M",356,40374,881.8
,"75-84 years","75-84","New Mexico","35","2013","2013","Female","F",246,50693,485.3
,"75-84 years","75-84","New Mexico","35","2013","2013","Male","M",341,41455,822.6
,"75-84 years","75-84","New Mexico","35","2014","2014","Female","F",238,52050,457.3
,"75-84 years","75-84","New Mexico","35","2014","2014","Male","M",361,42592,847.6
,"75-84 years","75-84","New Mexico","35","2015","2015","Female","F",231,52959,436.2
,"75-84 years","75-84","New Mexico","35","2015","2015","Male","M",341,43582,782.4
,"75-84 years","75-84","New Mexico","35","2016","2016","Female","F",238,54597,435.9
,"75-84 years","75-84","New Mexico","35","2016","2016","Male","M",377,44935,839.0
,"75-84 years","75-84","New Mexico","35","2017","2017","Female","F",246,55650,442.0
,"75-84 years","75-84","New Mexico","35","2017","2017","Male","M",422,46164,914.1
,"75-84 years","75-84","New Mexico","35","2018","2018","Female","F",246,58430,421.0
,"75-84 years","75-84","New Mexico","35","2018","2018","Male","M",399,48704,819.2
,"75-84 years","75-84","New Mexico","35","2019","2019","Female","F",301,60973,493.7
,"75-84 years","75-84","New Mexico","35","2019","2019","Male","M",470,50741,926.3
,"75-84 years","75-84","New Mexico","35","2020","2020","Female","F",304,63048,482.2
,"75-84 years","75-84","New Mexico","35","2020","2020","Male","M",468,52818,886.1
,"75-84 years","75-84","New York","36","1999","1999","Female","F",7886,524588,1503.3
,"75-84 years","75-84","New York","36","1999","1999","Male","M",7276,324665,2241.1
,"75-84 years","75-84","New York","36","2000","2000","Female","F",7457,533004,1399.1
,"75-84 years","75-84","New York","36","2000","2000","Male","M",7278,327814,2220.2
,"75-84 years","75-84","New York","36","2001","2001","Female","F",7446,541388,1375.4
,"75-84 years","75-84","New York","36","2001","2001","Male","M",7003,336577,2080.7
,"75-84 years","75-84","New York","36","2002","2002","Female","F",7116,546277,1302.6
,"75-84 years","75-84","New York","36","2002","2002","Male","M",6969,343519,2028.7
,"75-84 years","75-84","New York","36","2003","2003","Female","F",6928,547715,1264.9
,"75-84 years","75-84","New York","36","2003","2003","Male","M",6985,348398,2004.9
,"75-84 years","75-84","New York","36","2004","2004","Female","F",6638,549374,1208.3
,"75-84 years","75-84","New York","36","2004","2004","Male","M",6317,352481,1792.2
,"75-84 years","75-84","New York","36","2005","2005","Female","F",6412,545944,1174.5
,"75-84 years","75-84","New York","36","2005","2005","Male","M",6078,354554,1714.3
,"75-84 years","75-84","New York","36","2006","2006","Female","F",5853,538881,1086.1
,"75-84 years","75-84","New York","36","2006","2006","Male","M",5781,353841,1633.8
,"75-84 years","75-84","New York","36","2007","2007","Female","F",5468,534333,1023.3
,"75-84 years","75-84","New York","36","2007","2007","Male","M",5736,354008,1620.3
,"75-84 years","75-84","New York","36","2008","2008","Female","F",5266,527235,998.8
,"75-84 years","75-84","New York","36","2008","2008","Male","M",5372,352086,1525.8
,"75-84 years","75-84","New York","36","2009","2009","Female","F",4751,519125,915.2
,"75-84 years","75-84","New York","36","2009","2009","Male","M",5015,350336,1431.5
,"75-84 years","75-84","New York","36","2010","2010","Female","F",4212,515425,817.2
,"75-84 years","75-84","New York","36","2010","2010","Male","M",4605,351042,1311.8
,"75-84 years","75-84","New York","36","2011","2011","Female","F",4097,511042,801.7
,"75-84 years","75-84","New York","36","2011","2011","Male","M",4376,351806,1243.9
,"75-84 years","75-84","New York","36","2012","2012","Female","F",3682,508847,723.6
,"75-84 years","75-84","New York","36","2012","2012","Male","M",4143,353283,1172.7
,"75-84 years","75-84","New York","36","2013","2013","Female","F",3581,507917,705.0
,"75-84 years","75-84","New York","36","2013","2013","Male","M",4186,356152,1175.3
,"75-84 years","75-84","New York","36","2014","2014","Female","F",3355,507984,660.5
,"75-84 years","75-84","New York","36","2014","2014","Male","M",3967,359031,1104.9
,"75-84 years","75-84","New York","36","2015","2015","Female","F",3336,508822,655.6
,"75-84 years","75-84","New York","36","2015","2015","Male","M",4057,361974,1120.8
,"75-84 years","75-84","New York","36","2016","2016","Female","F",3294,513913,641.0
,"75-84 years","75-84","New York","36","2016","2016","Male","M",3919,367156,1067.4
,"75-84 years","75-84","New York","36","2017","2017","Female","F",3213,536242,599.2
,"75-84 years","75-84","New York","36","2017","2017","Male","M",3986,384660,1036.2
,"75-84 years","75-84","New York","36","2018","2018","Female","F",3302,550988,599.3
,"75-84 years","75-84","New York","36","2018","2018","Male","M",4118,397107,1037.0
,"75-84 years","75-84","New York","36","2019","2019","Female","F",3206,566795,565.6
,"75-84 years","75-84","New York","36","2019","2019","Male","M",4035,409428,985.5
,"75-84 years","75-84","New York","36","2020","2020","Female","F",3657,577688,633.0
,"75-84 years","75-84","New York","36","2020","2020","Male","M",4641,418640,1108.6
,"75-84 years","75-84","North Carolina","37","1999","1999","Female","F",2181,204263,1067.7
,"75-84 years","75-84","North Carolina","37","1999","1999","Male","M",2212,121999,1813.1
,"75-84 years","75-84","North Carolina","37","2000","2000","Female","F",2227,205638,1083.0
,"75-84 years","75-84","North Carolina","37","2000","2000","Male","M",2221,124172,1788.6
,"75-84 years","75-84","North Carolina","37","2001","2001","Female","F",1990,209476,950.0
,"75-84 years","75-84","North Carolina","37","2001","2001","Male","M",2071,128556,1611.0
,"75-84 years","75-84","North Carolina","37","2002","2002","Female","F",1894,213187,888.4
,"75-84 years","75-84","North Carolina","37","2002","2002","Male","M",2066,132621,1557.8
,"75-84 years","75-84","North Carolina","37","2003","2003","Female","F",1903,216535,878.8
,"75-84 years","75-84","North Carolina","37","2003","2003","Male","M",2004,136162,1471.8
,"75-84 years","75-84","North Carolina","37","2004","2004","Female","F",1684,219141,768.5
,"75-84 years","75-84","North Carolina","37","2004","2004","Male","M",1922,139460,1378.2
,"75-84 years","75-84","North Carolina","37","2005","2005","Female","F",1678,221006,759.3
,"75-84 years","75-84","North Carolina","37","2005","2005","Male","M",1831,142707,1283.0
,"75-84 years","75-84","North Carolina","37","2006","2006","Female","F",1433,224475,638.4
,"75-84 years","75-84","North Carolina","37","2006","2006","Male","M",1738,146838,1183.6
,"75-84 years","75-84","North Carolina","37","2007","2007","Female","F",1457,226094,644.4
,"75-84 years","75-84","North Carolina","37","2007","2007","Male","M",1689,149721,1128.1
,"75-84 years","75-84","North Carolina","37","2008","2008","Female","F",1454,228563,636.1
,"75-84 years","75-84","North Carolina","37","2008","2008","Male","M",1651,153275,1077.1
,"75-84 years","75-84","North Carolina","37","2009","2009","Female","F",1296,228483,567.2
,"75-84 years","75-84","North Carolina","37","2009","2009","Male","M",1584,155567,1018.2
,"75-84 years","75-84","North Carolina","37","2010","2010","Female","F",1231,230497,534.1
,"75-84 years","75-84","North Carolina","37","2010","2010","Male","M",1572,158554,991.5
,"75-84 years","75-84","North Carolina","37","2011","2011","Female","F",1195,234423,509.8
,"75-84 years","75-84","North Carolina","37","2011","2011","Male","M",1601,163980,976.3
,"75-84 years","75-84","North Carolina","37","2012","2012","Female","F",1177,237896,494.8
,"75-84 years","75-84","North Carolina","37","2012","2012","Male","M",1494,167980,889.4
,"75-84 years","75-84","North Carolina","37","2013","2013","Female","F",1139,241897,470.9
,"75-84 years","75-84","North Carolina","37","2013","2013","Male","M",1538,172768,890.2
,"75-84 years","75-84","North Carolina","37","2014","2014","Female","F",1020,246619,413.6
,"75-84 years","75-84","North Carolina","37","2014","2014","Male","M",1470,178578,823.2
,"75-84 years","75-84","North Carolina","37","2015","2015","Female","F",1111,252071,440.7
,"75-84 years","75-84","North Carolina","37","2015","2015","Male","M",1590,184283,862.8
,"75-84 years","75-84","North Carolina","37","2016","2016","Female","F",1010,258883,390.1
,"75-84 years","75-84","North Carolina","37","2016","2016","Male","M",1445,190959,756.7
,"75-84 years","75-84","North Carolina","37","2017","2017","Female","F",1010,267654,377.4
,"75-84 years","75-84","North Carolina","37","2017","2017","Male","M",1508,199365,756.4
,"75-84 years","75-84","North Carolina","37","2018","2018","Female","F",1067,281004,379.7
,"75-84 years","75-84","North Carolina","37","2018","2018","Male","M",1506,212054,710.2
,"75-84 years","75-84","North Carolina","37","2019","2019","Female","F",1023,292600,349.6
,"75-84 years","75-84","North Carolina","37","2019","2019","Male","M",1559,222592,700.4
,"75-84 years","75-84","North Carolina","37","2020","2020","Female","F",1053,303889,346.5
,"75-84 years","75-84","North Carolina","37","2020","2020","Male","M",1598,231930,689.0
,"75-84 years","75-84","North Dakota","38","1999","1999","Female","F",162,19887,814.6
,"75-84 years","75-84","North Dakota","38","1999","1999","Male","M",235,13864,1695.0
,"75-84 years","75-84","North Dakota","38","2000","2000","Female","F",172,19871,865.6
,"75-84 years","75-84","North Dakota","38","2000","2000","Male","M",246,13980,1759.7
,"75-84 years","75-84","North Dakota","38","2001","2001","Female","F",141,19856,710.1
,"75-84 years","75-84","North Dakota","38","2001","2001","Male","M",245,14176,1728.3
,"75-84 years","75-84","North Dakota","38","2002","2002","Female","F",128,19678,650.5
,"75-84 years","75-84","North Dakota","38","2002","2002","Male","M",219,14323,1529.0
,"75-84 years","75-84","North Dakota","38","2003","2003","Female","F",152,19628,774.4
,"75-84 years","75-84","North Dakota","38","2003","2003","Male","M",245,14401,1701.3
,"75-84 years","75-84","North Dakota","38","2004","2004","Female","F",136,19877,684.2
,"75-84 years","75-84","North Dakota","38","2004","2004","Male","M",172,14616,1176.8
,"75-84 years","75-84","North Dakota","38","2005","2005","Female","F",139,19871,699.5
,"75-84 years","75-84","North Dakota","38","2005","2005","Male","M",216,14689,1470.5
,"75-84 years","75-84","North Dakota","38","2006","2006","Female","F",120,19761,607.3
,"75-84 years","75-84","North Dakota","38","2006","2006","Male","M",176,14604,1205.1
,"75-84 years","75-84","North Dakota","38","2007","2007","Female","F",113,19717,573.1
,"75-84 years","75-84","North Dakota","38","2007","2007","Male","M",161,14494,1110.8
,"75-84 years","75-84","North Dakota","38","2008","2008","Female","F",116,19599,591.9
,"75-84 years","75-84","North Dakota","38","2008","2008","Male","M",151,14638,1031.6
,"75-84 years","75-84","North Dakota","38","2009","2009","Female","F",95,19532,486.4
,"75-84 years","75-84","North Dakota","38","2009","2009","Male","M",166,14404,1152.5
,"75-84 years","75-84","North Dakota","38","2010","2010","Female","F",82,19477,421.0
,"75-84 years","75-84","North Dakota","38","2010","2010","Male","M",178,14439,1232.8
,"75-84 years","75-84","North Dakota","38","2011","2011","Female","F",66,19279,342.3
,"75-84 years","75-84","North Dakota","38","2011","2011","Male","M",132,14275,924.7
,"75-84 years","75-84","North Dakota","38","2012","2012","Female","F",90,19098,471.3
,"75-84 years","75-84","North Dakota","38","2012","2012","Male","M",117,14270,819.9
,"75-84 years","75-84","North Dakota","38","2013","2013","Female","F",82,18930,433.2
,"75-84 years","75-84","North Dakota","38","2013","2013","Male","M",129,14220,907.2
,"75-84 years","75-84","North Dakota","38","2014","2014","Female","F",72,18674,385.6
,"75-84 years","75-84","North Dakota","38","2014","2014","Male","M",109,14156,770.0
,"75-84 years","75-84","North Dakota","38","2015","2015","Female","F",74,18502,400.0
,"75-84 years","75-84","North Dakota","38","2015","2015","Male","M",111,14097,787.4
,"75-84 years","75-84","North Dakota","38","2016","2016","Female","F",70,18397,380.5
,"75-84 years","75-84","North Dakota","38","2016","2016","Male","M",103,14245,723.1
,"75-84 years","75-84","North Dakota","38","2017","2017","Female","F",73,18378,397.2
,"75-84 years","75-84","North Dakota","38","2017","2017","Male","M",105,14431,727.6
,"75-84 years","75-84","North Dakota","38","2018","2018","Female","F",69,18636,370.3
,"75-84 years","75-84","North Dakota","38","2018","2018","Male","M",117,14983,780.9
,"75-84 years","75-84","North Dakota","38","2019","2019","Female","F",70,18908,370.2
,"75-84 years","75-84","North Dakota","38","2019","2019","Male","M",116,15460,750.3
,"75-84 years","75-84","North Dakota","38","2020","2020","Female","F",60,19113,313.9
,"75-84 years","75-84","North Dakota","38","2020","2020","Male","M",124,15737,788.0
,"75-84 years","75-84","Ohio","39","1999","1999","Female","F",3917,330885,1183.8
,"75-84 years","75-84","Ohio","39","1999","1999","Male","M",4050,204831,1977.2
,"75-84 years","75-84","Ohio","39","2000","2000","Female","F",3892,333132,1168.3
,"75-84 years","75-84","Ohio","39","2000","2000","Male","M",3868,207577,1863.4
,"75-84 years","75-84","Ohio","39","2001","2001","Female","F",3744,336181,1113.7
,"75-84 years","75-84","Ohio","39","2001","2001","Male","M",3913,212436,1842.0
,"75-84 years","75-84","Ohio","39","2002","2002","Female","F",3468,338456,1024.7
,"75-84 years","75-84","Ohio","39","2002","2002","Male","M",3691,217054,1700.5
,"75-84 years","75-84","Ohio","39","2003","2003","Female","F",3341,339842,983.1
,"75-84 years","75-84","Ohio","39","2003","2003","Male","M",3532,220104,1604.7
,"75-84 years","75-84","Ohio","39","2004","2004","Female","F",3034,338929,895.2
,"75-84 years","75-84","Ohio","39","2004","2004","Male","M",3407,221654,1537.1
,"75-84 years","75-84","Ohio","39","2005","2005","Female","F",3087,337894,913.6
,"75-84 years","75-84","Ohio","39","2005","2005","Male","M",3284,223148,1471.7
,"75-84 years","75-84","Ohio","39","2006","2006","Female","F",2864,335403,853.9
,"75-84 years","75-84","Ohio","39","2006","2006","Male","M",3237,224354,1442.8
,"75-84 years","75-84","Ohio","39","2007","2007","Female","F",2533,331945,763.1
,"75-84 years","75-84","Ohio","39","2007","2007","Male","M",2863,224277,1276.5
,"75-84 years","75-84","Ohio","39","2008","2008","Female","F",2397,327461,732.0
,"75-84 years","75-84","Ohio","39","2008","2008","Male","M",2974,223255,1332.1
,"75-84 years","75-84","Ohio","39","2009","2009","Female","F",2171,320975,676.4
,"75-84 years","75-84","Ohio","39","2009","2009","Male","M",2679,221549,1209.2
,"75-84 years","75-84","Ohio","39","2010","2010","Female","F",1980,319196,620.3
,"75-84 years","75-84","Ohio","39","2010","2010","Male","M",2478,222156,1115.4
,"75-84 years","75-84","Ohio","39","2011","2011","Female","F",1990,316721,628.3
,"75-84 years","75-84","Ohio","39","2011","2011","Male","M",2458,223377,1100.4
,"75-84 years","75-84","Ohio","39","2012","2012","Female","F",1887,314444,600.1
,"75-84 years","75-84","Ohio","39","2012","2012","Male","M",2281,223295,1021.5
,"75-84 years","75-84","Ohio","39","2013","2013","Female","F",1729,313543,551.4
,"75-84 years","75-84","Ohio","39","2013","2013","Male","M",2281,225192,1012.9
,"75-84 years","75-84","Ohio","39","2014","2014","Female","F",1700,314414,540.7
,"75-84 years","75-84","Ohio","39","2014","2014","Male","M",2309,228068,1012.4
,"75-84 years","75-84","Ohio","39","2015","2015","Female","F",1736,314999,551.1
,"75-84 years","75-84","Ohio","39","2015","2015","Male","M",2255,230204,979.6
,"75-84 years","75-84","Ohio","39","2016","2016","Female","F",1575,318103,495.1
,"75-84 years","75-84","Ohio","39","2016","2016","Male","M",2097,233349,898.7
,"75-84 years","75-84","Ohio","39","2017","2017","Female","F",1551,325465,476.5
,"75-84 years","75-84","Ohio","39","2017","2017","Male","M",2292,240650,952.4
,"75-84 years","75-84","Ohio","39","2018","2018","Female","F",1559,337317,462.2
,"75-84 years","75-84","Ohio","39","2018","2018","Male","M",2206,250993,878.9
,"75-84 years","75-84","Ohio","39","2019","2019","Female","F",1530,344102,444.6
,"75-84 years","75-84","Ohio","39","2019","2019","Male","M",2253,256703,877.7
,"75-84 years","75-84","Ohio","39","2020","2020","Female","F",1633,347975,469.3
,"75-84 years","75-84","Ohio","39","2020","2020","Male","M",2301,260817,882.2
,"75-84 years","75-84","Oklahoma","40","1999","1999","Female","F",1207,93941,1284.8
,"75-84 years","75-84","Oklahoma","40","1999","1999","Male","M",1331,61206,2174.6
,"75-84 years","75-84","Oklahoma","40","2000","2000","Female","F",1276,94164,1355.1
,"75-84 years","75-84","Oklahoma","40","2000","2000","Male","M",1244,62112,2002.8
,"75-84 years","75-84","Oklahoma","40","2001","2001","Female","F",1208,94870,1273.3
,"75-84 years","75-84","Oklahoma","40","2001","2001","Male","M",1293,63603,2032.9
,"75-84 years","75-84","Oklahoma","40","2002","2002","Female","F",1252,95119,1316.2
,"75-84 years","75-84","Oklahoma","40","2002","2002","Male","M",1295,64576,2005.4
,"75-84 years","75-84","Oklahoma","40","2003","2003","Female","F",1181,95257,1239.8
,"75-84 years","75-84","Oklahoma","40","2003","2003","Male","M",1302,65220,1996.3
,"75-84 years","75-84","Oklahoma","40","2004","2004","Female","F",1049,95281,1101.0
,"75-84 years","75-84","Oklahoma","40","2004","2004","Male","M",1172,65921,1777.9
,"75-84 years","75-84","Oklahoma","40","2005","2005","Female","F",1027,94835,1082.9
,"75-84 years","75-84","Oklahoma","40","2005","2005","Male","M",1124,66785,1683.0
,"75-84 years","75-84","Oklahoma","40","2006","2006","Female","F",884,95182,928.7
,"75-84 years","75-84","Oklahoma","40","2006","2006","Male","M",1092,67635,1614.5
,"75-84 years","75-84","Oklahoma","40","2007","2007","Female","F",845,94807,891.3
,"75-84 years","75-84","Oklahoma","40","2007","2007","Male","M",954,67907,1404.9
,"75-84 years","75-84","Oklahoma","40","2008","2008","Female","F",860,94691,908.2
,"75-84 years","75-84","Oklahoma","40","2008","2008","Male","M",945,68139,1386.9
,"75-84 years","75-84","Oklahoma","40","2009","2009","Female","F",713,94275,756.3
,"75-84 years","75-84","Oklahoma","40","2009","2009","Male","M",861,68418,1258.4
,"75-84 years","75-84","Oklahoma","40","2010","2010","Female","F",689,94896,726.1
,"75-84 years","75-84","Oklahoma","40","2010","2010","Male","M",879,69439,1265.9
,"75-84 years","75-84","Oklahoma","40","2011","2011","Female","F",738,95282,774.5
,"75-84 years","75-84","Oklahoma","40","2011","2011","Male","M",943,70671,1334.4
,"75-84 years","75-84","Oklahoma","40","2012","2012","Female","F",703,95036,739.7
,"75-84 years","75-84","Oklahoma","40","2012","2012","Male","M",849,71205,1192.3
,"75-84 years","75-84","Oklahoma","40","2013","2013","Female","F",675,95849,704.2
,"75-84 years","75-84","Oklahoma","40","2013","2013","Male","M",905,72794,1243.2
,"75-84 years","75-84","Oklahoma","40","2014","2014","Female","F",686,97256,705.4
,"75-84 years","75-84","Oklahoma","40","2014","2014","Male","M",944,74485,1267.4
,"75-84 years","75-84","Oklahoma","40","2015","2015","Female","F",683,98619,692.6
,"75-84 years","75-84","Oklahoma","40","2015","2015","Male","M",881,76005,1159.1
,"75-84 years","75-84","Oklahoma","40","2016","2016","Female","F",661,100194,659.7
,"75-84 years","75-84","Oklahoma","40","2016","2016","Male","M",801,77484,1033.8
,"75-84 years","75-84","Oklahoma","40","2017","2017","Female","F",648,101760,636.8
,"75-84 years","75-84","Oklahoma","40","2017","2017","Male","M",846,78965,1071.4
,"75-84 years","75-84","Oklahoma","40","2018","2018","Female","F",570,105433,540.6
,"75-84 years","75-84","Oklahoma","40","2018","2018","Male","M",818,82278,994.2
,"75-84 years","75-84","Oklahoma","40","2019","2019","Female","F",601,108266,555.1
,"75-84 years","75-84","Oklahoma","40","2019","2019","Male","M",833,84653,984.0
,"75-84 years","75-84","Oklahoma","40","2020","2020","Female","F",571,111000,514.4
,"75-84 years","75-84","Oklahoma","40","2020","2020","Male","M",845,86625,975.5
,"75-84 years","75-84","Oregon","41","1999","1999","Female","F",728,94247,772.4
,"75-84 years","75-84","Oregon","41","1999","1999","Male","M",924,66016,1399.7
,"75-84 years","75-84","Oregon","41","2000","2000","Female","F",679,94873,715.7
,"75-84 years","75-84","Oregon","41","2000","2000","Male","M",905,66531,1360.3
,"75-84 years","75-84","Oregon","41","2001","2001","Female","F",647,95813,675.3
,"75-84 years","75-84","Oregon","41","2001","2001","Male","M",946,67891,1393.4
,"75-84 years","75-84","Oregon","41","2002","2002","Female","F",650,96788,671.6
,"75-84 years","75-84","Oregon","41","2002","2002","Male","M",898,69394,1294.1
,"75-84 years","75-84","Oregon","41","2003","2003","Female","F",593,97055,611.0
,"75-84 years","75-84","Oregon","41","2003","2003","Male","M",815,69975,1164.7
,"75-84 years","75-84","Oregon","41","2004","2004","Female","F",598,97452,613.6
,"75-84 years","75-84","Oregon","41","2004","2004","Male","M",794,70453,1127.0
,"75-84 years","75-84","Oregon","41","2005","2005","Female","F",515,97528,528.1
,"75-84 years","75-84","Oregon","41","2005","2005","Male","M",728,71092,1024.0
,"75-84 years","75-84","Oregon","41","2006","2006","Female","F",454,97198,467.1
,"75-84 years","75-84","Oregon","41","2006","2006","Male","M",720,71523,1006.7
,"75-84 years","75-84","Oregon","41","2007","2007","Female","F",407,96403,422.2
,"75-84 years","75-84","Oregon","41","2007","2007","Male","M",671,71666,936.3
,"75-84 years","75-84","Oregon","41","2008","2008","Female","F",394,95358,413.2
,"75-84 years","75-84","Oregon","41","2008","2008","Male","M",652,71545,911.3
,"75-84 years","75-84","Oregon","41","2009","2009","Female","F",383,94021,407.4
,"75-84 years","75-84","Oregon","41","2009","2009","Male","M",560,71642,781.7
,"75-84 years","75-84","Oregon","41","2010","2010","Female","F",362,93507,387.1
,"75-84 years","75-84","Oregon","41","2010","2010","Male","M",526,72113,729.4
,"75-84 years","75-84","Oregon","41","2011","2011","Female","F",333,93496,356.2
,"75-84 years","75-84","Oregon","41","2011","2011","Male","M",555,73303,757.1
,"75-84 years","75-84","Oregon","41","2012","2012","Female","F",288,94024,306.3
,"75-84 years","75-84","Oregon","41","2012","2012","Male","M",533,74705,713.5
,"75-84 years","75-84","Oregon","41","2013","2013","Female","F",316,95057,332.4
,"75-84 years","75-84","Oregon","41","2013","2013","Male","M",535,76513,699.2
,"75-84 years","75-84","Oregon","41","2014","2014","Female","F",292,97102,300.7
,"75-84 years","75-84","Oregon","41","2014","2014","Male","M",541,79237,682.8
,"75-84 years","75-84","Oregon","41","2015","2015","Female","F",280,99337,281.9
,"75-84 years","75-84","Oregon","41","2015","2015","Male","M",577,82104,702.8
,"75-84 years","75-84","Oregon","41","2016","2016","Female","F",273,102702,265.8
,"75-84 years","75-84","Oregon","41","2016","2016","Male","M",600,85275,703.6
,"75-84 years","75-84","Oregon","41","2017","2017","Female","F",284,105356,269.6
,"75-84 years","75-84","Oregon","41","2017","2017","Male","M",553,88303,626.3
,"75-84 years","75-84","Oregon","41","2018","2018","Female","F",304,112055,271.3
,"75-84 years","75-84","Oregon","41","2018","2018","Male","M",593,94419,628.1
,"75-84 years","75-84","Oregon","41","2019","2019","Female","F",299,117651,254.1
,"75-84 years","75-84","Oregon","41","2019","2019","Male","M",646,99293,650.6
,"75-84 years","75-84","Oregon","41","2020","2020","Female","F",308,122660,251.1
,"75-84 years","75-84","Oregon","41","2020","2020","Male","M",660,103818,635.7
,"75-84 years","75-84","Pennsylvania","42","1999","1999","Female","F",5093,437115,1165.1
,"75-84 years","75-84","Pennsylvania","42","1999","1999","Male","M",4995,269126,1856.0
,"75-84 years","75-84","Pennsylvania","42","2000","2000","Female","F",4917,439943,1117.6
,"75-84 years","75-84","Pennsylvania","42","2000","2000","Male","M",5040,272383,1850.3
,"75-84 years","75-84","Pennsylvania","42","2001","2001","Female","F",4633,442106,1047.9
,"75-84 years","75-84","Pennsylvania","42","2001","2001","Male","M",4786,277765,1723.0
,"75-84 years","75-84","Pennsylvania","42","2002","2002","Female","F",4387,443166,989.9
,"75-84 years","75-84","Pennsylvania","42","2002","2002","Male","M",4550,281893,1614.1
,"75-84 years","75-84","Pennsylvania","42","2003","2003","Female","F",4222,442864,953.3
,"75-84 years","75-84","Pennsylvania","42","2003","2003","Male","M",4458,284855,1565.0
,"75-84 years","75-84","Pennsylvania","42","2004","2004","Female","F",3851,439590,876.0
,"75-84 years","75-84","Pennsylvania","42","2004","2004","Male","M",4167,285700,1458.5
,"75-84 years","75-84","Pennsylvania","42","2005","2005","Female","F",3660,435637,840.1
,"75-84 years","75-84","Pennsylvania","42","2005","2005","Male","M",4070,286094,1422.6
,"75-84 years","75-84","Pennsylvania","42","2006","2006","Female","F",3188,431263,739.2
,"75-84 years","75-84","Pennsylvania","42","2006","2006","Male","M",3654,285121,1281.6
,"75-84 years","75-84","Pennsylvania","42","2007","2007","Female","F",2990,424408,704.5
,"75-84 years","75-84","Pennsylvania","42","2007","2007","Male","M",3457,283566,1219.1
,"75-84 years","75-84","Pennsylvania","42","2008","2008","Female","F",2892,415632,695.8
,"75-84 years","75-84","Pennsylvania","42","2008","2008","Male","M",3337,280777,1188.5
,"75-84 years","75-84","Pennsylvania","42","2009","2009","Female","F",2670,404612,659.9
,"75-84 years","75-84","Pennsylvania","42","2009","2009","Male","M",3219,276557,1164.0
,"75-84 years","75-84","Pennsylvania","42","2010","2010","Female","F",2396,399272,600.1
,"75-84 years","75-84","Pennsylvania","42","2010","2010","Male","M",2905,274821,1057.1
,"75-84 years","75-84","Pennsylvania","42","2011","2011","Female","F",2329,391703,594.6
,"75-84 years","75-84","Pennsylvania","42","2011","2011","Male","M",2893,273587,1057.4
,"75-84 years","75-84","Pennsylvania","42","2012","2012","Female","F",2210,385953,572.6
,"75-84 years","75-84","Pennsylvania","42","2012","2012","Male","M",2719,271860,1000.1
,"75-84 years","75-84","Pennsylvania","42","2013","2013","Female","F",2020,380101,531.4
,"75-84 years","75-84","Pennsylvania","42","2013","2013","Male","M",2754,271333,1015.0
,"75-84 years","75-84","Pennsylvania","42","2014","2014","Female","F",1974,378026,522.2
,"75-84 years","75-84","Pennsylvania","42","2014","2014","Male","M",2558,272597,938.4
,"75-84 years","75-84","Pennsylvania","42","2015","2015","Female","F",1866,375837,496.5
,"75-84 years","75-84","Pennsylvania","42","2015","2015","Male","M",2482,273495,907.5
,"75-84 years","75-84","Pennsylvania","42","2016","2016","Female","F",1778,375829,473.1
,"75-84 years","75-84","Pennsylvania","42","2016","2016","Male","M",2453,276418,887.4
,"75-84 years","75-84","Pennsylvania","42","2017","2017","Female","F",1777,382033,465.1
,"75-84 years","75-84","Pennsylvania","42","2017","2017","Male","M",2485,282941,878.3
,"75-84 years","75-84","Pennsylvania","42","2018","2018","Female","F",1717,395575,434.1
,"75-84 years","75-84","Pennsylvania","42","2018","2018","Male","M",2480,295062,840.5
,"75-84 years","75-84","Pennsylvania","42","2019","2019","Female","F",1763,404042,436.3
,"75-84 years","75-84","Pennsylvania","42","2019","2019","Male","M",2445,303115,806.6
,"75-84 years","75-84","Pennsylvania","42","2020","2020","Female","F",1695,409133,414.3
,"75-84 years","75-84","Pennsylvania","42","2020","2020","Male","M",2568,308656,832.0
,"75-84 years","75-84","Rhode Island","44","1999","1999","Female","F",414,35590,1163.2
,"75-84 years","75-84","Rhode Island","44","1999","1999","Male","M",408,21666,1883.1
,"75-84 years","75-84","Rhode Island","44","2000","2000","Female","F",446,35792,1246.1
,"75-84 years","75-84","Rhode Island","44","2000","2000","Male","M",422,22029,1915.7
,"75-84 years","75-84","Rhode Island","44","2001","2001","Female","F",417,35979,1159.0
,"75-84 years","75-84","Rhode Island","44","2001","2001","Male","M",432,22458,1923.6
,"75-84 years","75-84","Rhode Island","44","2002","2002","Female","F",408,36142,1128.9
,"75-84 years","75-84","Rhode Island","44","2002","2002","Male","M",408,22765,1792.2
,"75-84 years","75-84","Rhode Island","44","2003","2003","Female","F",434,35885,1209.4
,"75-84 years","75-84","Rhode Island","44","2003","2003","Male","M",389,22746,1710.2
,"75-84 years","75-84","Rhode Island","44","2004","2004","Female","F",358,35605,1005.5
,"75-84 years","75-84","Rhode Island","44","2004","2004","Male","M",383,22822,1678.2
,"75-84 years","75-84","Rhode Island","44","2005","2005","Female","F",361,35097,1028.6
,"75-84 years","75-84","Rhode Island","44","2005","2005","Male","M",347,22430,1547.0
,"75-84 years","75-84","Rhode Island","44","2006","2006","Female","F",291,34486,843.8
,"75-84 years","75-84","Rhode Island","44","2006","2006","Male","M",350,22178,1578.1
,"75-84 years","75-84","Rhode Island","44","2007","2007","Female","F",301,33416,900.8
,"75-84 years","75-84","Rhode Island","44","2007","2007","Male","M",291,21494,1353.9
,"75-84 years","75-84","Rhode Island","44","2008","2008","Female","F",263,32554,807.9
,"75-84 years","75-84","Rhode Island","44","2008","2008","Male","M",311,21050,1477.4
,"75-84 years","75-84","Rhode Island","44","2009","2009","Female","F",236,31535,748.4
,"75-84 years","75-84","Rhode Island","44","2009","2009","Male","M",244,20720,1177.6
,"75-84 years","75-84","Rhode Island","44","2010","2010","Female","F",215,30771,698.7
,"75-84 years","75-84","Rhode Island","44","2010","2010","Male","M",230,20481,1123.0
,"75-84 years","75-84","Rhode Island","44","2011","2011","Female","F",156,29953,520.8
,"75-84 years","75-84","Rhode Island","44","2011","2011","Male","M",235,20197,1163.5
,"75-84 years","75-84","Rhode Island","44","2012","2012","Female","F",184,29221,629.7
,"75-84 years","75-84","Rhode Island","44","2012","2012","Male","M",216,19809,1090.4
,"75-84 years","75-84","Rhode Island","44","2013","2013","Female","F",176,28632,614.7
,"75-84 years","75-84","Rhode Island","44","2013","2013","Male","M",223,19717,1131.0
,"75-84 years","75-84","Rhode Island","44","2014","2014","Female","F",163,28366,574.6
,"75-84 years","75-84","Rhode Island","44","2014","2014","Male","M",208,19821,1049.4
,"75-84 years","75-84","Rhode Island","44","2015","2015","Female","F",149,28148,529.3
,"75-84 years","75-84","Rhode Island","44","2015","2015","Male","M",196,20061,977.0
,"75-84 years","75-84","Rhode Island","44","2016","2016","Female","F",142,28338,501.1
,"75-84 years","75-84","Rhode Island","44","2016","2016","Male","M",197,20333,968.9
,"75-84 years","75-84","Rhode Island","44","2017","2017","Female","F",134,28758,466.0
,"75-84 years","75-84","Rhode Island","44","2017","2017","Male","M",177,20923,846.0
,"75-84 years","75-84","Rhode Island","44","2018","2018","Female","F",139,29816,466.2
,"75-84 years","75-84","Rhode Island","44","2018","2018","Male","M",192,21991,873.1
,"75-84 years","75-84","Rhode Island","44","2019","2019","Female","F",163,30655,531.7
,"75-84 years","75-84","Rhode Island","44","2019","2019","Male","M",206,22720,906.7
,"75-84 years","75-84","Rhode Island","44","2020","2020","Female","F",111,31536,352.0
,"75-84 years","75-84","Rhode Island","44","2020","2020","Male","M",157,23652,663.8
,"75-84 years","75-84","South Carolina","45","1999","1999","Female","F",1057,100399,1052.8
,"75-84 years","75-84","South Carolina","45","1999","1999","Male","M",1039,61421,1691.6
,"75-84 years","75-84","South Carolina","45","2000","2000","Female","F",1061,102231,1037.8
,"75-84 years","75-84","South Carolina","45","2000","2000","Male","M",1099,62785,1750.4
,"75-84 years","75-84","South Carolina","45","2001","2001","Female","F",1007,104266,965.8
,"75-84 years","75-84","South Carolina","45","2001","2001","Male","M",996,64657,1540.4
,"75-84 years","75-84","South Carolina","45","2002","2002","Female","F",907,105555,859.3
,"75-84 years","75-84","South Carolina","45","2002","2002","Male","M",1026,65905,1556.8
,"75-84 years","75-84","South Carolina","45","2003","2003","Female","F",869,106835,813.4
,"75-84 years","75-84","South Carolina","45","2003","2003","Male","M",1000,67469,1482.2
,"75-84 years","75-84","South Carolina","45","2004","2004","Female","F",770,107696,715.0
,"75-84 years","75-84","South Carolina","45","2004","2004","Male","M",895,69039,1296.4
,"75-84 years","75-84","South Carolina","45","2005","2005","Female","F",777,107979,719.6
,"75-84 years","75-84","South Carolina","45","2005","2005","Male","M",850,70726,1201.8
,"75-84 years","75-84","South Carolina","45","2006","2006","Female","F",658,109215,602.5
,"75-84 years","75-84","South Carolina","45","2006","2006","Male","M",862,73032,1180.3
,"75-84 years","75-84","South Carolina","45","2007","2007","Female","F",681,110017,619.0
,"75-84 years","75-84","South Carolina","45","2007","2007","Male","M",812,74250,1093.6
,"75-84 years","75-84","South Carolina","45","2008","2008","Female","F",603,111221,542.2
,"75-84 years","75-84","South Carolina","45","2008","2008","Male","M",779,76339,1020.4
,"75-84 years","75-84","South Carolina","45","2009","2009","Female","F",580,111259,521.3
,"75-84 years","75-84","South Carolina","45","2009","2009","Male","M",774,78015,992.1
,"75-84 years","75-84","South Carolina","45","2010","2010","Female","F",570,112110,508.4
,"75-84 years","75-84","South Carolina","45","2010","2010","Male","M",747,80004,933.7
,"75-84 years","75-84","South Carolina","45","2011","2011","Female","F",535,114323,468.0
,"75-84 years","75-84","South Carolina","45","2011","2011","Male","M",731,83425,876.2
,"75-84 years","75-84","South Carolina","45","2012","2012","Female","F",530,116469,455.1
,"75-84 years","75-84","South Carolina","45","2012","2012","Male","M",741,85822,863.4
,"75-84 years","75-84","South Carolina","45","2013","2013","Female","F",542,118840,456.1
,"75-84 years","75-84","South Carolina","45","2013","2013","Male","M",764,89278,855.8
,"75-84 years","75-84","South Carolina","45","2014","2014","Female","F",515,122191,421.5
,"75-84 years","75-84","South Carolina","45","2014","2014","Male","M",778,93119,835.5
,"75-84 years","75-84","South Carolina","45","2015","2015","Female","F",538,125955,427.1
,"75-84 years","75-84","South Carolina","45","2015","2015","Male","M",757,97101,779.6
,"75-84 years","75-84","South Carolina","45","2016","2016","Female","F",490,130868,374.4
,"75-84 years","75-84","South Carolina","45","2016","2016","Male","M",759,101930,744.6
,"75-84 years","75-84","South Carolina","45","2017","2017","Female","F",533,137094,388.8
,"75-84 years","75-84","South Carolina","45","2017","2017","Male","M",819,107560,761.4
,"75-84 years","75-84","South Carolina","45","2018","2018","Female","F",532,145733,365.1
,"75-84 years","75-84","South Carolina","45","2018","2018","Male","M",748,115376,648.3
,"75-84 years","75-84","South Carolina","45","2019","2019","Female","F",514,152896,336.2
,"75-84 years","75-84","South Carolina","45","2019","2019","Male","M",794,122117,650.2
,"75-84 years","75-84","South Carolina","45","2020","2020","Female","F",527,160516,328.3
,"75-84 years","75-84","South Carolina","45","2020","2020","Male","M",919,128517,715.1
,"75-84 years","75-84","South Dakota","46","1999","1999","Female","F",204,22692,899.0
,"75-84 years","75-84","South Dakota","46","1999","1999","Male","M",277,16000,1731.2
,"75-84 years","75-84","South Dakota","46","2000","2000","Female","F",188,22667,829.4
,"75-84 years","75-84","South Dakota","46","2000","2000","Male","M",257,16249,1581.6
,"75-84 years","75-84","South Dakota","46","2001","2001","Female","F",160,22820,701.1
,"75-84 years","75-84","South Dakota","46","2001","2001","Male","M",264,16502,1599.8
,"75-84 years","75-84","South Dakota","46","2002","2002","Female","F",177,22891,773.2
,"75-84 years","75-84","South Dakota","46","2002","2002","Male","M",231,16655,1387.0
,"75-84 years","75-84","South Dakota","46","2003","2003","Female","F",178,22833,779.6
,"75-84 years","75-84","South Dakota","46","2003","2003","Male","M",251,16882,1486.8
,"75-84 years","75-84","South Dakota","46","2004","2004","Female","F",155,22884,677.3
,"75-84 years","75-84","South Dakota","46","2004","2004","Male","M",208,17043,1220.4
,"75-84 years","75-84","South Dakota","46","2005","2005","Female","F",172,22910,750.8
,"75-84 years","75-84","South Dakota","46","2005","2005","Male","M",268,17078,1569.3
,"75-84 years","75-84","South Dakota","46","2006","2006","Female","F",164,23001,713.0
,"75-84 years","75-84","South Dakota","46","2006","2006","Male","M",238,17316,1374.5
,"75-84 years","75-84","South Dakota","46","2007","2007","Female","F",128,23049,555.3
,"75-84 years","75-84","South Dakota","46","2007","2007","Male","M",205,17327,1183.1
,"75-84 years","75-84","South Dakota","46","2008","2008","Female","F",111,23091,480.7
,"75-84 years","75-84","South Dakota","46","2008","2008","Male","M",202,17231,1172.3
,"75-84 years","75-84","South Dakota","46","2009","2009","Female","F",136,22870,594.7
,"75-84 years","75-84","South Dakota","46","2009","2009","Male","M",211,16896,1248.8
,"75-84 years","75-84","South Dakota","46","2010","2010","Female","F",110,22800,482.5
,"75-84 years","75-84","South Dakota","46","2010","2010","Male","M",193,16928,1140.1
,"75-84 years","75-84","South Dakota","46","2011","2011","Female","F",104,22575,460.7
,"75-84 years","75-84","South Dakota","46","2011","2011","Male","M",167,17187,971.7
,"75-84 years","75-84","South Dakota","46","2012","2012","Female","F",100,22584,442.8
,"75-84 years","75-84","South Dakota","46","2012","2012","Male","M",156,17294,902.0
,"75-84 years","75-84","South Dakota","46","2013","2013","Female","F",112,22672,494.0
,"75-84 years","75-84","South Dakota","46","2013","2013","Male","M",161,17284,931.5
,"75-84 years","75-84","South Dakota","46","2014","2014","Female","F",109,22525,483.9
,"75-84 years","75-84","South Dakota","46","2014","2014","Male","M",184,17479,1052.7
,"75-84 years","75-84","South Dakota","46","2015","2015","Female","F",110,22314,493.0
,"75-84 years","75-84","South Dakota","46","2015","2015","Male","M",166,17607,942.8
,"75-84 years","75-84","South Dakota","46","2016","2016","Female","F",100,22058,453.4
,"75-84 years","75-84","South Dakota","46","2016","2016","Male","M",165,17767,928.7
,"75-84 years","75-84","South Dakota","46","2017","2017","Female","F",98,21817,449.2
,"75-84 years","75-84","South Dakota","46","2017","2017","Male","M",143,17797,803.5
,"75-84 years","75-84","South Dakota","46","2018","2018","Female","F",107,22371,478.3
,"75-84 years","75-84","South Dakota","46","2018","2018","Male","M",180,18442,976.0
,"75-84 years","75-84","South Dakota","46","2019","2019","Female","F",93,22801,407.9
,"75-84 years","75-84","South Dakota","46","2019","2019","Male","M",187,18869,991.0
,"75-84 years","75-84","South Dakota","46","2020","2020","Female","F",92,23039,399.3
,"75-84 years","75-84","South Dakota","46","2020","2020","Male","M",190,19241,987.5
,"75-84 years","75-84","Tennessee","47","1999","1999","Female","F",1846,148766,1240.9
,"75-84 years","75-84","Tennessee","47","1999","1999","Male","M",1866,88428,2110.2
,"75-84 years","75-84","Tennessee","47","2000","2000","Female","F",1924,149429,1287.6
,"75-84 years","75-84","Tennessee","47","2000","2000","Male","M",1839,89565,2053.3
,"75-84 years","75-84","Tennessee","47","2001","2001","Female","F",1908,151304,1261.0
,"75-84 years","75-84","Tennessee","47","2001","2001","Male","M",1749,91783,1905.6
,"75-84 years","75-84","Tennessee","47","2002","2002","Female","F",1876,152193,1232.6
,"75-84 years","75-84","Tennessee","47","2002","2002","Male","M",1837,93615,1962.3
,"75-84 years","75-84","Tennessee","47","2003","2003","Female","F",1671,153558,1088.2
,"75-84 years","75-84","Tennessee","47","2003","2003","Male","M",1664,95763,1737.6
,"75-84 years","75-84","Tennessee","47","2004","2004","Female","F",1663,153572,1082.9
,"75-84 years","75-84","Tennessee","47","2004","2004","Male","M",1649,97292,1694.9
,"75-84 years","75-84","Tennessee","47","2005","2005","Female","F",1538,154561,995.1
,"75-84 years","75-84","Tennessee","47","2005","2005","Male","M",1602,99577,1608.8
,"75-84 years","75-84","Tennessee","47","2006","2006","Female","F",1422,156126,910.8
,"75-84 years","75-84","Tennessee","47","2006","2006","Male","M",1549,102052,1517.9
,"75-84 years","75-84","Tennessee","47","2007","2007","Female","F",1354,156129,867.2
,"75-84 years","75-84","Tennessee","47","2007","2007","Male","M",1498,104028,1440.0
,"75-84 years","75-84","Tennessee","47","2008","2008","Female","F",1393,156937,887.6
,"75-84 years","75-84","Tennessee","47","2008","2008","Male","M",1505,105907,1421.1
,"75-84 years","75-84","Tennessee","47","2009","2009","Female","F",1275,156716,813.6
,"75-84 years","75-84","Tennessee","47","2009","2009","Male","M",1426,107144,1330.9
,"75-84 years","75-84","Tennessee","47","2010","2010","Female","F",1198,157723,759.6
,"75-84 years","75-84","Tennessee","47","2010","2010","Male","M",1433,108748,1317.7
,"75-84 years","75-84","Tennessee","47","2011","2011","Female","F",1097,159965,685.8
,"75-84 years","75-84","Tennessee","47","2011","2011","Male","M",1361,112514,1209.6
,"75-84 years","75-84","Tennessee","47","2012","2012","Female","F",1124,161389,696.5
,"75-84 years","75-84","Tennessee","47","2012","2012","Male","M",1297,114569,1132.1
,"75-84 years","75-84","Tennessee","47","2013","2013","Female","F",1104,163497,675.2
,"75-84 years","75-84","Tennessee","47","2013","2013","Male","M",1325,118118,1121.8
,"75-84 years","75-84","Tennessee","47","2014","2014","Female","F",1070,166226,643.7
,"75-84 years","75-84","Tennessee","47","2014","2014","Male","M",1365,122036,1118.5
,"75-84 years","75-84","Tennessee","47","2015","2015","Female","F",1118,169433,659.8
,"75-84 years","75-84","Tennessee","47","2015","2015","Male","M",1370,125691,1090.0
,"75-84 years","75-84","Tennessee","47","2016","2016","Female","F",1015,173377,585.4
,"75-84 years","75-84","Tennessee","47","2016","2016","Male","M",1284,129559,991.1
,"75-84 years","75-84","Tennessee","47","2017","2017","Female","F",972,177913,546.3
,"75-84 years","75-84","Tennessee","47","2017","2017","Male","M",1398,134637,1038.3
,"75-84 years","75-84","Tennessee","47","2018","2018","Female","F",1010,185646,544.0
,"75-84 years","75-84","Tennessee","47","2018","2018","Male","M",1409,142387,989.6
,"75-84 years","75-84","Tennessee","47","2019","2019","Female","F",1022,192054,532.1
,"75-84 years","75-84","Tennessee","47","2019","2019","Male","M",1543,148174,1041.3
,"75-84 years","75-84","Tennessee","47","2020","2020","Female","F",1052,197881,531.6
,"75-84 years","75-84","Tennessee","47","2020","2020","Male","M",1593,153871,1035.3
,"75-84 years","75-84","Texas","48","1999","1999","Female","F",4799,412583,1163.2
,"75-84 years","75-84","Texas","48","1999","1999","Male","M",5080,270227,1879.9
,"75-84 years","75-84","Texas","48","2000","2000","Female","F",4741,416505,1138.3
,"75-84 years","75-84","Texas","48","2000","2000","Male","M",4939,275479,1792.9
,"75-84 years","75-84","Texas","48","2001","2001","Female","F",4560,426978,1068.0
,"75-84 years","75-84","Texas","48","2001","2001","Male","M",4874,285245,1708.7
,"75-84 years","75-84","Texas","48","2002","2002","Female","F",4617,434541,1062.5
,"75-84 years","75-84","Texas","48","2002","2002","Male","M",4771,292973,1628.5
,"75-84 years","75-84","Texas","48","2003","2003","Female","F",4217,441052,956.1
,"75-84 years","75-84","Texas","48","2003","2003","Male","M",4736,300011,1578.6
,"75-84 years","75-84","Texas","48","2004","2004","Female","F",4000,448300,892.3
,"75-84 years","75-84","Texas","48","2004","2004","Male","M",4370,307504,1421.1
,"75-84 years","75-84","Texas","48","2005","2005","Female","F",3936,456074,863.0
,"75-84 years","75-84","Texas","48","2005","2005","Male","M",4507,315476,1428.6
,"75-84 years","75-84","Texas","48","2006","2006","Female","F",3517,464276,757.5
,"75-84 years","75-84","Texas","48","2006","2006","Male","M",4053,324995,1247.1
,"75-84 years","75-84","Texas","48","2007","2007","Female","F",3331,467061,713.2
,"75-84 years","75-84","Texas","48","2007","2007","Male","M",3879,330172,1174.8
,"75-84 years","75-84","Texas","48","2008","2008","Female","F",3059,470208,650.6
,"75-84 years","75-84","Texas","48","2008","2008","Male","M",3733,335437,1112.9
,"75-84 years","75-84","Texas","48","2009","2009","Female","F",2952,472694,624.5
,"75-84 years","75-84","Texas","48","2009","2009","Male","M",3623,341034,1062.4
,"75-84 years","75-84","Texas","48","2010","2010","Female","F",2853,476892,598.2
,"75-84 years","75-84","Texas","48","2010","2010","Male","M",3555,347559,1022.8
,"75-84 years","75-84","Texas","48","2011","2011","Female","F",2668,485967,549.0
,"75-84 years","75-84","Texas","48","2011","2011","Male","M",3353,358697,934.8
,"75-84 years","75-84","Texas","48","2012","2012","Female","F",2547,492750,516.9
,"75-84 years","75-84","Texas","48","2012","2012","Male","M",3343,366964,911.0
,"75-84 years","75-84","Texas","48","2013","2013","Female","F",2531,502826,503.4
,"75-84 years","75-84","Texas","48","2013","2013","Male","M",3479,377726,921.0
,"75-84 years","75-84","Texas","48","2014","2014","Female","F",2528,514578,491.3
,"75-84 years","75-84","Texas","48","2014","2014","Male","M",3508,389500,900.6
,"75-84 years","75-84","Texas","48","2015","2015","Female","F",2510,525995,477.2
,"75-84 years","75-84","Texas","48","2015","2015","Male","M",3523,401438,877.6
,"75-84 years","75-84","Texas","48","2016","2016","Female","F",2443,542337,450.5
,"75-84 years","75-84","Texas","48","2016","2016","Male","M",3483,414664,840.0
,"75-84 years","75-84","Texas","48","2017","2017","Female","F",2423,558077,434.2
,"75-84 years","75-84","Texas","48","2017","2017","Male","M",3725,430008,866.3
,"75-84 years","75-84","Texas","48","2018","2018","Female","F",2559,582762,439.1
,"75-84 years","75-84","Texas","48","2018","2018","Male","M",3896,452530,860.9
,"75-84 years","75-84","Texas","48","2019","2019","Female","F",2497,608101,410.6
,"75-84 years","75-84","Texas","48","2019","2019","Male","M",3855,472641,815.6
,"75-84 years","75-84","Texas","48","2020","2020","Female","F",2823,628515,449.2
,"75-84 years","75-84","Texas","48","2020","2020","Male","M",4260,491326,867.0
,"75-84 years","75-84","Utah","49","1999","1999","Female","F",251,37973,661.0
,"75-84 years","75-84","Utah","49","1999","1999","Male","M",353,27788,1270.3
,"75-84 years","75-84","Utah","49","2000","2000","Female","F",244,38588,632.3
,"75-84 years","75-84","Utah","49","2000","2000","Male","M",335,28335,1182.3
,"75-84 years","75-84","Utah","49","2001","2001","Female","F",241,39395,611.8
,"75-84 years","75-84","Utah","49","2001","2001","Male","M",320,29403,1088.3
,"75-84 years","75-84","Utah","49","2002","2002","Female","F",241,40026,602.1
,"75-84 years","75-84","Utah","49","2002","2002","Male","M",335,30052,1114.7
,"75-84 years","75-84","Utah","49","2003","2003","Female","F",208,40214,517.2
,"75-84 years","75-84","Utah","49","2003","2003","Male","M",331,30446,1087.2
,"75-84 years","75-84","Utah","49","2004","2004","Female","F",209,40579,515.0
,"75-84 years","75-84","Utah","49","2004","2004","Male","M",285,31317,910.0
,"75-84 years","75-84","Utah","49","2005","2005","Female","F",187,41616,449.3
,"75-84 years","75-84","Utah","49","2005","2005","Male","M",283,32234,878.0
,"75-84 years","75-84","Utah","49","2006","2006","Female","F",157,42545,369.0
,"75-84 years","75-84","Utah","49","2006","2006","Male","M",280,33370,839.1
,"75-84 years","75-84","Utah","49","2007","2007","Female","F",193,42978,449.1
,"75-84 years","75-84","Utah","49","2007","2007","Male","M",238,33881,702.5
,"75-84 years","75-84","Utah","49","2008","2008","Female","F",152,43251,351.4
,"75-84 years","75-84","Utah","49","2008","2008","Male","M",233,34706,671.4
,"75-84 years","75-84","Utah","49","2009","2009","Female","F",153,43646,350.5
,"75-84 years","75-84","Utah","49","2009","2009","Male","M",234,35351,661.9
,"75-84 years","75-84","Utah","49","2010","2010","Female","F",184,44148,416.8
,"75-84 years","75-84","Utah","49","2010","2010","Male","M",269,36099,745.2
,"75-84 years","75-84","Utah","49","2011","2011","Female","F",145,45105,321.5
,"75-84 years","75-84","Utah","49","2011","2011","Male","M",265,37094,714.4
,"75-84 years","75-84","Utah","49","2012","2012","Female","F",135,45743,295.1
,"75-84 years","75-84","Utah","49","2012","2012","Male","M",257,37959,677.0
,"75-84 years","75-84","Utah","49","2013","2013","Female","F",148,46916,315.5
,"75-84 years","75-84","Utah","49","2013","2013","Male","M",260,39076,665.4
,"75-84 years","75-84","Utah","49","2014","2014","Female","F",157,47898,327.8
,"75-84 years","75-84","Utah","49","2014","2014","Male","M",269,40204,669.1
,"75-84 years","75-84","Utah","49","2015","2015","Female","F",174,49270,353.2
,"75-84 years","75-84","Utah","49","2015","2015","Male","M",252,41327,609.8
,"75-84 years","75-84","Utah","49","2016","2016","Female","F",140,50951,274.8
,"75-84 years","75-84","Utah","49","2016","2016","Male","M",262,42633,614.5
,"75-84 years","75-84","Utah","49","2017","2017","Female","F",155,52620,294.6
,"75-84 years","75-84","Utah","49","2017","2017","Male","M",261,44416,587.6
,"75-84 years","75-84","Utah","49","2018","2018","Female","F",160,55788,286.8
,"75-84 years","75-84","Utah","49","2018","2018","Male","M",275,47043,584.6
,"75-84 years","75-84","Utah","49","2019","2019","Female","F",159,58450,272.0
,"75-84 years","75-84","Utah","49","2019","2019","Male","M",280,49382,567.0
,"75-84 years","75-84","Utah","49","2020","2020","Female","F",194,60676,319.7
,"75-84 years","75-84","Utah","49","2020","2020","Male","M",289,51342,562.9
,"75-84 years","75-84","Vermont","50","1999","1999","Female","F",149,15960,933.6
,"75-84 years","75-84","Vermont","50","1999","1999","Male","M",168,10418,1612.6
,"75-84 years","75-84","Vermont","50","2000","2000","Female","F",176,16190,1087.1
,"75-84 years","75-84","Vermont","50","2000","2000","Male","M",172,10641,1616.4
,"75-84 years","75-84","Vermont","50","2001","2001","Female","F",160,16403,975.4
,"75-84 years","75-84","Vermont","50","2001","2001","Male","M",175,10969,1595.4
,"75-84 years","75-84","Vermont","50","2002","2002","Female","F",159,16565,959.9
,"75-84 years","75-84","Vermont","50","2002","2002","Male","M",195,11200,1741.1
,"75-84 years","75-84","Vermont","50","2003","2003","Female","F",149,16549,900.4
,"75-84 years","75-84","Vermont","50","2003","2003","Male","M",129,11494,1122.3
,"75-84 years","75-84","Vermont","50","2004","2004","Female","F",132,16736,788.7
,"75-84 years","75-84","Vermont","50","2004","2004","Male","M",146,11633,1255.1
,"75-84 years","75-84","Vermont","50","2005","2005","Female","F",119,16835,706.9
,"75-84 years","75-84","Vermont","50","2005","2005","Male","M",138,11782,1171.3
,"75-84 years","75-84","Vermont","50","2006","2006","Female","F",117,16936,690.8
,"75-84 years","75-84","Vermont","50","2006","2006","Male","M",146,11937,1223.1
,"75-84 years","75-84","Vermont","50","2007","2007","Female","F",112,16937,661.3
,"75-84 years","75-84","Vermont","50","2007","2007","Male","M",137,12124,1130.0
,"75-84 years","75-84","Vermont","50","2008","2008","Female","F",119,16709,712.2
,"75-84 years","75-84","Vermont","50","2008","2008","Male","M",139,12128,1146.1
,"75-84 years","75-84","Vermont","50","2009","2009","Female","F",83,16401,506.1
,"75-84 years","75-84","Vermont","50","2009","2009","Male","M",112,12212,917.1
,"75-84 years","75-84","Vermont","50","2010","2010","Female","F",80,16452,486.3
,"75-84 years","75-84","Vermont","50","2010","2010","Male","M",118,12291,960.1
,"75-84 years","75-84","Vermont","50","2011","2011","Female","F",88,16289,540.2
,"75-84 years","75-84","Vermont","50","2011","2011","Male","M",130,12607,1031.2
,"75-84 years","75-84","Vermont","50","2012","2012","Female","F",69,16347,422.1
,"75-84 years","75-84","Vermont","50","2012","2012","Male","M",126,12781,985.8
,"75-84 years","75-84","Vermont","50","2013","2013","Female","F",86,16409,524.1
,"75-84 years","75-84","Vermont","50","2013","2013","Male","M",115,12951,888.0
,"75-84 years","75-84","Vermont","50","2014","2014","Female","F",94,16559,567.7
,"75-84 years","75-84","Vermont","50","2014","2014","Male","M",117,13216,885.3
,"75-84 years","75-84","Vermont","50","2015","2015","Female","F",72,16800,428.6
,"75-84 years","75-84","Vermont","50","2015","2015","Male","M",110,13492,815.3
,"75-84 years","75-84","Vermont","50","2016","2016","Female","F",101,17100,590.6
,"75-84 years","75-84","Vermont","50","2016","2016","Male","M",136,13873,980.3
,"75-84 years","75-84","Vermont","50","2017","2017","Female","F",76,17480,434.8
,"75-84 years","75-84","Vermont","50","2017","2017","Male","M",118,14451,816.6
,"75-84 years","75-84","Vermont","50","2018","2018","Female","F",75,18475,406.0
,"75-84 years","75-84","Vermont","50","2018","2018","Male","M",143,15418,927.5
,"75-84 years","75-84","Vermont","50","2019","2019","Female","F",90,19206,468.6
,"75-84 years","75-84","Vermont","50","2019","2019","Male","M",139,16190,858.6
,"75-84 years","75-84","Vermont","50","2020","2020","Female","F",104,19859,523.7
,"75-84 years","75-84","Vermont","50","2020","2020","Male","M",159,16765,948.4
,"75-84 years","75-84","Virginia","51","1999","1999","Female","F",1536,165029,930.7
,"75-84 years","75-84","Virginia","51","1999","1999","Male","M",1671,102454,1631.0
,"75-84 years","75-84","Virginia","51","2000","2000","Female","F",1526,167818,909.3
,"75-84 years","75-84","Virginia","51","2000","2000","Male","M",1564,104793,1492.5
,"75-84 years","75-84","Virginia","51","2001","2001","Female","F",1485,171877,864.0
,"75-84 years","75-84","Virginia","51","2001","2001","Male","M",1531,108191,1415.1
,"75-84 years","75-84","Virginia","51","2002","2002","Female","F",1460,174477,836.8
,"75-84 years","75-84","Virginia","51","2002","2002","Male","M",1522,110759,1374.2
,"75-84 years","75-84","Virginia","51","2003","2003","Female","F",1352,176368,766.6
,"75-84 years","75-84","Virginia","51","2003","2003","Male","M",1479,113294,1305.5
,"75-84 years","75-84","Virginia","51","2004","2004","Female","F",1282,177480,722.3
,"75-84 years","75-84","Virginia","51","2004","2004","Male","M",1440,115224,1249.7
,"75-84 years","75-84","Virginia","51","2005","2005","Female","F",1240,179311,691.5
,"75-84 years","75-84","Virginia","51","2005","2005","Male","M",1371,118184,1160.1
,"75-84 years","75-84","Virginia","51","2006","2006","Female","F",1131,179740,629.2
,"75-84 years","75-84","Virginia","51","2006","2006","Male","M",1346,120173,1120.1
,"75-84 years","75-84","Virginia","51","2007","2007","Female","F",1099,178892,614.3
,"75-84 years","75-84","Virginia","51","2007","2007","Male","M",1274,121506,1048.5
,"75-84 years","75-84","Virginia","51","2008","2008","Female","F",1001,178807,559.8
,"75-84 years","75-84","Virginia","51","2008","2008","Male","M",1174,123431,951.1
,"75-84 years","75-84","Virginia","51","2009","2009","Female","F",911,177821,512.3
,"75-84 years","75-84","Virginia","51","2009","2009","Male","M",1179,124605,946.2
,"75-84 years","75-84","Virginia","51","2010","2010","Female","F",892,178309,500.3
,"75-84 years","75-84","Virginia","51","2010","2010","Male","M",1101,126421,870.9
,"75-84 years","75-84","Virginia","51","2011","2011","Female","F",849,179935,471.8
,"75-84 years","75-84","Virginia","51","2011","2011","Male","M",1125,129786,866.8
,"75-84 years","75-84","Virginia","51","2012","2012","Female","F",818,181469,450.8
,"75-84 years","75-84","Virginia","51","2012","2012","Male","M",1080,132954,812.3
,"75-84 years","75-84","Virginia","51","2013","2013","Female","F",767,184080,416.7
,"75-84 years","75-84","Virginia","51","2013","2013","Male","M",1062,137087,774.7
,"75-84 years","75-84","Virginia","51","2014","2014","Female","F",810,187917,431.0
,"75-84 years","75-84","Virginia","51","2014","2014","Male","M",1084,141247,767.4
,"75-84 years","75-84","Virginia","51","2015","2015","Female","F",768,192296,399.4
,"75-84 years","75-84","Virginia","51","2015","2015","Male","M",1084,145882,743.1
,"75-84 years","75-84","Virginia","51","2016","2016","Female","F",756,197873,382.1
,"75-84 years","75-84","Virginia","51","2016","2016","Male","M",1057,151020,699.9
,"75-84 years","75-84","Virginia","51","2017","2017","Female","F",684,205264,333.2
,"75-84 years","75-84","Virginia","51","2017","2017","Male","M",1069,158112,676.1
,"75-84 years","75-84","Virginia","51","2018","2018","Female","F",765,216564,353.2
,"75-84 years","75-84","Virginia","51","2018","2018","Male","M",1125,167907,670.0
,"75-84 years","75-84","Virginia","51","2019","2019","Female","F",772,226348,341.1
,"75-84 years","75-84","Virginia","51","2019","2019","Male","M",1180,175782,671.3
,"75-84 years","75-84","Virginia","51","2020","2020","Female","F",800,234508,341.1
,"75-84 years","75-84","Virginia","51","2020","2020","Male","M",1235,182334,677.3
,"75-84 years","75-84","Washington","53","1999","1999","Female","F",1294,140766,919.3
,"75-84 years","75-84","Washington","53","1999","1999","Male","M",1549,97787,1584.1
,"75-84 years","75-84","Washington","53","2000","2000","Female","F",1232,142051,867.3
,"75-84 years","75-84","Washington","53","2000","2000","Male","M",1532,98846,1549.9
,"75-84 years","75-84","Washington","53","2001","2001","Female","F",1282,144410,887.8
,"75-84 years","75-84","Washington","53","2001","2001","Male","M",1511,100559,1502.6
,"75-84 years","75-84","Washington","53","2002","2002","Female","F",1074,145604,737.6
,"75-84 years","75-84","Washington","53","2002","2002","Male","M",1481,101657,1456.9
,"75-84 years","75-84","Washington","53","2003","2003","Female","F",1105,145807,757.9
,"75-84 years","75-84","Washington","53","2003","2003","Male","M",1417,102402,1383.8
,"75-84 years","75-84","Washington","53","2004","2004","Female","F",1037,146085,709.9
,"75-84 years","75-84","Washington","53","2004","2004","Male","M",1354,103632,1306.5
,"75-84 years","75-84","Washington","53","2005","2005","Female","F",982,146018,672.5
,"75-84 years","75-84","Washington","53","2005","2005","Male","M",1374,104751,1311.7
,"75-84 years","75-84","Washington","53","2006","2006","Female","F",927,145867,635.5
,"75-84 years","75-84","Washington","53","2006","2006","Male","M",1191,106475,1118.6
,"75-84 years","75-84","Washington","53","2007","2007","Female","F",935,144820,645.6
,"75-84 years","75-84","Washington","53","2007","2007","Male","M",1160,107084,1083.3
,"75-84 years","75-84","Washington","53","2008","2008","Female","F",829,143587,577.4
,"75-84 years","75-84","Washington","53","2008","2008","Male","M",1116,107352,1039.6
,"75-84 years","75-84","Washington","53","2009","2009","Female","F",775,142935,542.2
,"75-84 years","75-84","Washington","53","2009","2009","Male","M",1050,108645,966.5
,"75-84 years","75-84","Washington","53","2010","2010","Female","F",692,143118,483.5
,"75-84 years","75-84","Washington","53","2010","2010","Male","M",1105,110068,1003.9
,"75-84 years","75-84","Washington","53","2011","2011","Female","F",649,144647,448.7
,"75-84 years","75-84","Washington","53","2011","2011","Male","M",1044,113228,922.0
,"75-84 years","75-84","Washington","53","2012","2012","Female","F",624,145546,428.7
,"75-84 years","75-84","Washington","53","2012","2012","Male","M",962,115554,832.5
,"75-84 years","75-84","Washington","53","2013","2013","Female","F",600,147853,405.8
,"75-84 years","75-84","Washington","53","2013","2013","Male","M",974,119149,817.5
,"75-84 years","75-84","Washington","53","2014","2014","Female","F",615,151029,407.2
,"75-84 years","75-84","Washington","53","2014","2014","Male","M",1010,122719,823.0
,"75-84 years","75-84","Washington","53","2015","2015","Female","F",593,154764,383.2
,"75-84 years","75-84","Washington","53","2015","2015","Male","M",950,126994,748.1
,"75-84 years","75-84","Washington","53","2016","2016","Female","F",529,159873,330.9
,"75-84 years","75-84","Washington","53","2016","2016","Male","M",1017,132194,769.3
,"75-84 years","75-84","Washington","53","2017","2017","Female","F",553,164731,335.7
,"75-84 years","75-84","Washington","53","2017","2017","Male","M",1037,137131,756.2
,"75-84 years","75-84","Washington","53","2018","2018","Female","F",592,175352,337.6
,"75-84 years","75-84","Washington","53","2018","2018","Male","M",1134,146689,773.1
,"75-84 years","75-84","Washington","53","2019","2019","Female","F",643,185101,347.4
,"75-84 years","75-84","Washington","53","2019","2019","Male","M",1072,154520,693.8
,"75-84 years","75-84","Washington","53","2020","2020","Female","F",645,192835,334.5
,"75-84 years","75-84","Washington","53","2020","2020","Male","M",1185,161153,735.3
,"75-84 years","75-84","West Virginia","54","1999","1999","Female","F",786,59111,1329.7
,"75-84 years","75-84","West Virginia","54","1999","1999","Male","M",808,36781,2196.8
,"75-84 years","75-84","West Virginia","54","2000","2000","Female","F",687,59398,1156.6
,"75-84 years","75-84","West Virginia","54","2000","2000","Male","M",685,37255,1838.7
,"75-84 years","75-84","West Virginia","54","2001","2001","Female","F",698,59598,1171.2
,"75-84 years","75-84","West Virginia","54","2001","2001","Male","M",751,38067,1972.8
,"75-84 years","75-84","West Virginia","54","2002","2002","Female","F",690,59816,1153.5
,"75-84 years","75-84","West Virginia","54","2002","2002","Male","M",701,39092,1793.2
,"75-84 years","75-84","West Virginia","54","2003","2003","Female","F",671,60091,1116.6
,"75-84 years","75-84","West Virginia","54","2003","2003","Male","M",752,40074,1876.5
,"75-84 years","75-84","West Virginia","54","2004","2004","Female","F",615,59900,1026.7
,"75-84 years","75-84","West Virginia","54","2004","2004","Male","M",647,40200,1609.5
,"75-84 years","75-84","West Virginia","54","2005","2005","Female","F",602,60030,1002.8
,"75-84 years","75-84","West Virginia","54","2005","2005","Male","M",620,40684,1523.9
,"75-84 years","75-84","West Virginia","54","2006","2006","Female","F",509,59857,850.4
,"75-84 years","75-84","West Virginia","54","2006","2006","Male","M",586,40925,1431.9
,"75-84 years","75-84","West Virginia","54","2007","2007","Female","F",490,59151,828.4
,"75-84 years","75-84","West Virginia","54","2007","2007","Male","M",556,40927,1358.5
,"75-84 years","75-84","West Virginia","54","2008","2008","Female","F",520,58888,883.0
,"75-84 years","75-84","West Virginia","54","2008","2008","Male","M",523,40628,1287.3
,"75-84 years","75-84","West Virginia","54","2009","2009","Female","F",480,57732,831.4
,"75-84 years","75-84","West Virginia","54","2009","2009","Male","M",495,40120,1233.8
,"75-84 years","75-84","West Virginia","54","2010","2010","Female","F",423,57609,734.3
,"75-84 years","75-84","West Virginia","54","2010","2010","Male","M",486,40354,1204.3
,"75-84 years","75-84","West Virginia","54","2011","2011","Female","F",380,56984,666.9
,"75-84 years","75-84","West Virginia","54","2011","2011","Male","M",468,40519,1155.0
,"75-84 years","75-84","West Virginia","54","2012","2012","Female","F",392,56855,689.5
,"75-84 years","75-84","West Virginia","54","2012","2012","Male","M",473,41047,1152.3
,"75-84 years","75-84","West Virginia","54","2013","2013","Female","F",354,56524,626.3
,"75-84 years","75-84","West Virginia","54","2013","2013","Male","M",423,41767,1012.8
,"75-84 years","75-84","West Virginia","54","2014","2014","Female","F",340,56509,601.7
,"75-84 years","75-84","West Virginia","54","2014","2014","Male","M",452,42604,1060.9
,"75-84 years","75-84","West Virginia","54","2015","2015","Female","F",344,56525,608.6
,"75-84 years","75-84","West Virginia","54","2015","2015","Male","M",417,43135,966.7
,"75-84 years","75-84","West Virginia","54","2016","2016","Female","F",370,57055,648.5
,"75-84 years","75-84","West Virginia","54","2016","2016","Male","M",426,44113,965.7
,"75-84 years","75-84","West Virginia","54","2017","2017","Female","F",380,57857,656.8
,"75-84 years","75-84","West Virginia","54","2017","2017","Male","M",479,45398,1055.1
,"75-84 years","75-84","West Virginia","54","2018","2018","Female","F",379,59513,636.8
,"75-84 years","75-84","West Virginia","54","2018","2018","Male","M",491,47628,1030.9
,"75-84 years","75-84","West Virginia","54","2019","2019","Female","F",372,60582,614.0
,"75-84 years","75-84","West Virginia","54","2019","2019","Male","M",493,48970,1006.7
,"75-84 years","75-84","West Virginia","54","2020","2020","Female","F",349,61122,571.0
,"75-84 years","75-84","West Virginia","54","2020","2020","Male","M",514,49961,1028.8
,"75-84 years","75-84","Wisconsin","55","1999","1999","Female","F",1414,151603,932.7
,"75-84 years","75-84","Wisconsin","55","1999","1999","Male","M",1703,98885,1722.2
,"75-84 years","75-84","Wisconsin","55","2000","2000","Female","F",1354,151743,892.3
,"75-84 years","75-84","Wisconsin","55","2000","2000","Male","M",1673,99878,1675.0
,"75-84 years","75-84","Wisconsin","55","2001","2001","Female","F",1245,152448,816.7
,"75-84 years","75-84","Wisconsin","55","2001","2001","Male","M",1555,101787,1527.7
,"75-84 years","75-84","Wisconsin","55","2002","2002","Female","F",1187,153660,772.5
,"75-84 years","75-84","Wisconsin","55","2002","2002","Male","M",1593,103567,1538.1
,"75-84 years","75-84","Wisconsin","55","2003","2003","Female","F",1093,154021,709.6
,"75-84 years","75-84","Wisconsin","55","2003","2003","Male","M",1420,105103,1351.1
,"75-84 years","75-84","Wisconsin","55","2004","2004","Female","F",986,153855,640.9
,"75-84 years","75-84","Wisconsin","55","2004","2004","Male","M",1439,106501,1351.2
,"75-84 years","75-84","Wisconsin","55","2005","2005","Female","F",963,154298,624.1
,"75-84 years","75-84","Wisconsin","55","2005","2005","Male","M",1305,108136,1206.8
,"75-84 years","75-84","Wisconsin","55","2006","2006","Female","F",902,153879,586.2
,"75-84 years","75-84","Wisconsin","55","2006","2006","Male","M",1219,109211,1116.2
,"75-84 years","75-84","Wisconsin","55","2007","2007","Female","F",806,152539,528.4
,"75-84 years","75-84","Wisconsin","55","2007","2007","Male","M",1126,109827,1025.2
,"75-84 years","75-84","Wisconsin","55","2008","2008","Female","F",836,151222,552.8
,"75-84 years","75-84","Wisconsin","55","2008","2008","Male","M",1132,109973,1029.3
,"75-84 years","75-84","Wisconsin","55","2009","2009","Female","F",719,149266,481.7
,"75-84 years","75-84","Wisconsin","55","2009","2009","Male","M",1013,109547,924.7
,"75-84 years","75-84","Wisconsin","55","2010","2010","Female","F",736,148583,495.3
,"75-84 years","75-84","Wisconsin","55","2010","2010","Male","M",1053,109730,959.6
,"75-84 years","75-84","Wisconsin","55","2011","2011","Female","F",688,147753,465.6
,"75-84 years","75-84","Wisconsin","55","2011","2011","Male","M",1076,110946,969.8
,"75-84 years","75-84","Wisconsin","55","2012","2012","Female","F",651,148000,439.9
,"75-84 years","75-84","Wisconsin","55","2012","2012","Male","M",985,112159,878.2
,"75-84 years","75-84","Wisconsin","55","2013","2013","Female","F",644,147979,435.2
,"75-84 years","75-84","Wisconsin","55","2013","2013","Male","M",1038,113342,915.8
,"75-84 years","75-84","Wisconsin","55","2014","2014","Female","F",658,148369,443.5
,"75-84 years","75-84","Wisconsin","55","2014","2014","Male","M",992,115171,861.3
,"75-84 years","75-84","Wisconsin","55","2015","2015","Female","F",585,148673,393.5
,"75-84 years","75-84","Wisconsin","55","2015","2015","Male","M",922,116538,791.2
,"75-84 years","75-84","Wisconsin","55","2016","2016","Female","F",602,149924,401.5
,"75-84 years","75-84","Wisconsin","55","2016","2016","Male","M",984,118539,830.1
,"75-84 years","75-84","Wisconsin","55","2017","2017","Female","F",560,152078,368.2
,"75-84 years","75-84","Wisconsin","55","2017","2017","Male","M",1032,121222,851.3
,"75-84 years","75-84","Wisconsin","55","2018","2018","Female","F",613,158017,387.9
,"75-84 years","75-84","Wisconsin","55","2018","2018","Male","M",1037,127197,815.3
,"75-84 years","75-84","Wisconsin","55","2019","2019","Female","F",603,162605,370.8
,"75-84 years","75-84","Wisconsin","55","2019","2019","Male","M",1066,131581,810.1
,"75-84 years","75-84","Wisconsin","55","2020","2020","Female","F",634,165704,382.6
,"75-84 years","75-84","Wisconsin","55","2020","2020","Male","M",1090,135138,806.6
,"75-84 years","75-84","Wyoming","56","1999","1999","Female","F",91,11115,818.7
,"75-84 years","75-84","Wyoming","56","1999","1999","Male","M",143,8067,1772.7
,"75-84 years","75-84","Wyoming","56","2000","2000","Female","F",79,11274,700.7
,"75-84 years","75-84","Wyoming","56","2000","2000","Male","M",129,8341,1546.6
,"75-84 years","75-84","Wyoming","56","2001","2001","Female","F",74,11373,650.7
,"75-84 years","75-84","Wyoming","56","2001","2001","Male","M",117,8601,1360.3
,"75-84 years","75-84","Wyoming","56","2002","2002","Female","F",77,11422,674.1
,"75-84 years","75-84","Wyoming","56","2002","2002","Male","M",142,8768,1619.5
,"75-84 years","75-84","Wyoming","56","2003","2003","Female","F",76,11609,654.7
,"75-84 years","75-84","Wyoming","56","2003","2003","Male","M",97,9035,1073.6
,"75-84 years","75-84","Wyoming","56","2004","2004","Female","F",80,11845,675.4
,"75-84 years","75-84","Wyoming","56","2004","2004","Male","M",112,9270,1208.2
,"75-84 years","75-84","Wyoming","56","2005","2005","Female","F",67,11864,564.7
,"75-84 years","75-84","Wyoming","56","2005","2005","Male","M",118,9426,1251.9
,"75-84 years","75-84","Wyoming","56","2006","2006","Female","F",55,11799,466.1
,"75-84 years","75-84","Wyoming","56","2006","2006","Male","M",101,9499,1063.3
,"75-84 years","75-84","Wyoming","56","2007","2007","Female","F",77,11900,647.1
,"75-84 years","75-84","Wyoming","56","2007","2007","Male","M",100,9612,1040.4
,"75-84 years","75-84","Wyoming","56","2008","2008","Female","F",54,11902,453.7
,"75-84 years","75-84","Wyoming","56","2008","2008","Male","M",72,9659,745.4
,"75-84 years","75-84","Wyoming","56","2009","2009","Female","F",55,11980,459.1
,"75-84 years","75-84","Wyoming","56","2009","2009","Male","M",71,9663,734.8
,"75-84 years","75-84","Wyoming","56","2010","2010","Female","F",58,12040,481.7
,"75-84 years","75-84","Wyoming","56","2010","2010","Male","M",81,9880,819.8
,"75-84 years","75-84","Wyoming","56","2011","2011","Female","F",48,12207,393.2
,"75-84 years","75-84","Wyoming","56","2011","2011","Male","M",99,10049,985.2
,"75-84 years","75-84","Wyoming","56","2012","2012","Female","F",58,12455,465.7
,"75-84 years","75-84","Wyoming","56","2012","2012","Male","M",96,10318,930.4
,"75-84 years","75-84","Wyoming","56","2013","2013","Female","F",62,12642,490.4
,"75-84 years","75-84","Wyoming","56","2013","2013","Male","M",94,10490,896.1
,"75-84 years","75-84","Wyoming","56","2014","2014","Female","F",44,12530,351.2
,"75-84 years","75-84","Wyoming","56","2014","2014","Male","M",87,10682,814.5
,"75-84 years","75-84","Wyoming","56","2015","2015","Female","F",76,12758,595.7
,"75-84 years","75-84","Wyoming","56","2015","2015","Male","M",101,10875,928.7
,"75-84 years","75-84","Wyoming","56","2016","2016","Female","F",49,12917,379.3
,"75-84 years","75-84","Wyoming","56","2016","2016","Male","M",90,11120,809.4
,"75-84 years","75-84","Wyoming","56","2017","2017","Female","F",63,13494,466.9
,"75-84 years","75-84","Wyoming","56","2017","2017","Male","M",93,11660,797.6
,"75-84 years","75-84","Wyoming","56","2018","2018","Female","F",58,14083,411.8
,"75-84 years","75-84","Wyoming","56","2018","2018","Male","M",97,12443,779.6
,"75-84 years","75-84","Wyoming","56","2019","2019","Female","F",38,14585,260.5
,"75-84 years","75-84","Wyoming","56","2019","2019","Male","M",101,13013,776.1
,"75-84 years","75-84","Wyoming","56","2020","2020","Female","F",55,15211,361.6
,"75-84 years","75-84","Wyoming","56","2020","2020","Male","M",103,13737,749.8
,"85+ years","85+","Alabama","01","1999","1999","Female","F",1453,48252,3011.3
,"85+ years","85+","Alabama","01","1999","1999","Male","M",614,17701,3468.7
,"85+ years","85+","Alabama","01","2000","2000","Female","F",1409,49319,2856.9
,"85+ years","85+","Alabama","01","2000","2000","Male","M",657,17982,3653.7
,"85+ years","85+","Alabama","01","2001","2001","Female","F",1396,48883,2855.8
,"85+ years","85+","Alabama","01","2001","2001","Male","M",626,18053,3467.6
,"85+ years","85+","Alabama","01","2002","2002","Female","F",1382,48380,2856.6
,"85+ years","85+","Alabama","01","2002","2002","Male","M",598,18044,3314.1
,"85+ years","85+","Alabama","01","2003","2003","Female","F",1238,47525,2604.9
,"85+ years","85+","Alabama","01","2003","2003","Male","M",612,18042,3392.1
,"85+ years","85+","Alabama","01","2004","2004","Female","F",1179,47191,2498.4
,"85+ years","85+","Alabama","01","2004","2004","Male","M",552,18312,3014.4
,"85+ years","85+","Alabama","01","2005","2005","Female","F",1105,48224,2291.4
,"85+ years","85+","Alabama","01","2005","2005","Male","M",567,19166,2958.4
,"85+ years","85+","Alabama","01","2006","2006","Female","F",1137,49256,2308.3
,"85+ years","85+","Alabama","01","2006","2006","Male","M",562,20022,2806.9
,"85+ years","85+","Alabama","01","2007","2007","Female","F",1021,50174,2034.9
,"85+ years","85+","Alabama","01","2007","2007","Male","M",511,20744,2463.4
,"85+ years","85+","Alabama","01","2008","2008","Female","F",1029,51183,2010.4
,"85+ years","85+","Alabama","01","2008","2008","Male","M",584,21411,2727.6
,"85+ years","85+","Alabama","01","2009","2009","Female","F",1001,52158,1919.2
,"85+ years","85+","Alabama","01","2009","2009","Male","M",608,22166,2742.9
,"85+ years","85+","Alabama","01","2010","2010","Female","F",996,52825,1885.5
,"85+ years","85+","Alabama","01","2010","2010","Male","M",546,22859,2388.6
,"85+ years","85+","Alabama","01","2011","2011","Female","F",1013,53998,1876.0
,"85+ years","85+","Alabama","01","2011","2011","Male","M",552,23745,2324.7
,"85+ years","85+","Alabama","01","2012","2012","Female","F",917,55261,1659.4
,"85+ years","85+","Alabama","01","2012","2012","Male","M",540,24843,2173.7
,"85+ years","85+","Alabama","01","2013","2013","Female","F",863,56120,1537.8
,"85+ years","85+","Alabama","01","2013","2013","Male","M",568,25856,2196.8
,"85+ years","85+","Alabama","01","2014","2014","Female","F",858,56867,1508.8
,"85+ years","85+","Alabama","01","2014","2014","Male","M",569,26700,2131.1
,"85+ years","85+","Alabama","01","2015","2015","Female","F",790,57861,1365.3
,"85+ years","85+","Alabama","01","2015","2015","Male","M",599,27578,2172.0
,"85+ years","85+","Alabama","01","2016","2016","Female","F",800,58484,1367.9
,"85+ years","85+","Alabama","01","2016","2016","Male","M",560,28269,1981.0
,"85+ years","85+","Alabama","01","2017","2017","Female","F",754,59027,1277.4
,"85+ years","85+","Alabama","01","2017","2017","Male","M",540,29152,1852.4
,"85+ years","85+","Alabama","01","2018","2018","Female","F",722,59732,1208.7
,"85+ years","85+","Alabama","01","2018","2018","Male","M",549,30133,1821.9
,"85+ years","85+","Alabama","01","2019","2019","Female","F",751,60221,1247.1
,"85+ years","85+","Alabama","01","2019","2019","Male","M",563,31322,1797.5
,"85+ years","85+","Alabama","01","2020","2020","Female","F",752,60932,1234.2
,"85+ years","85+","Alabama","01","2020","2020","Male","M",606,31927,1898.1
,"85+ years","85+","Alaska","02","1999","1999","Female","F",22,1627,1352.2
,"85+ years","85+","Alaska","02","1999","1999","Male","M",17,834,Unreliable
,"85+ years","85+","Alaska","02","2000","2000","Female","F",37,1731,2137.5
,"85+ years","85+","Alaska","02","2000","2000","Male","M",24,903,2657.8
,"85+ years","85+","Alaska","02","2001","2001","Female","F",31,1900,1631.6
,"85+ years","85+","Alaska","02","2001","2001","Male","M",30,939,3194.9
,"85+ years","85+","Alaska","02","2002","2002","Female","F",35,2003,1747.4
,"85+ years","85+","Alaska","02","2002","2002","Male","M",28,982,2851.3
,"85+ years","85+","Alaska","02","2003","2003","Female","F",34,2119,1604.5
,"85+ years","85+","Alaska","02","2003","2003","Male","M",32,1045,3062.2
,"85+ years","85+","Alaska","02","2004","2004","Female","F",33,2198,1501.4
,"85+ years","85+","Alaska","02","2004","2004","Male","M",19,1120,Unreliable
,"85+ years","85+","Alaska","02","2005","2005","Female","F",33,2395,1377.9
,"85+ years","85+","Alaska","02","2005","2005","Male","M",26,1218,2134.6
,"85+ years","85+","Alaska","02","2006","2006","Female","F",27,2587,1043.7
,"85+ years","85+","Alaska","02","2006","2006","Male","M",25,1283,1948.6
,"85+ years","85+","Alaska","02","2007","2007","Female","F",48,2660,1804.5
,"85+ years","85+","Alaska","02","2007","2007","Male","M",20,1345,1487.0
,"85+ years","85+","Alaska","02","2008","2008","Female","F",38,2803,1355.7
,"85+ years","85+","Alaska","02","2008","2008","Male","M",31,1482,2091.8
,"85+ years","85+","Alaska","02","2009","2009","Female","F",39,2922,1334.7
,"85+ years","85+","Alaska","02","2009","2009","Male","M",38,1586,2396.0
,"85+ years","85+","Alaska","02","2010","2010","Female","F",48,3051,1573.3
,"85+ years","85+","Alaska","02","2010","2010","Male","M",48,1660,2891.6
,"85+ years","85+","Alaska","02","2011","2011","Female","F",31,3283,944.3
,"85+ years","85+","Alaska","02","2011","2011","Male","M",39,1811,2153.5
,"85+ years","85+","Alaska","02","2012","2012","Female","F",33,3467,951.8
,"85+ years","85+","Alaska","02","2012","2012","Male","M",38,1906,1993.7
,"85+ years","85+","Alaska","02","2013","2013","Female","F",38,3687,1030.6
,"85+ years","85+","Alaska","02","2013","2013","Male","M",35,2002,1748.3
,"85+ years","85+","Alaska","02","2014","2014","Female","F",39,3770,1034.5
,"85+ years","85+","Alaska","02","2014","2014","Male","M",47,2161,2174.9
,"85+ years","85+","Alaska","02","2015","2015","Female","F",34,3821,889.8
,"85+ years","85+","Alaska","02","2015","2015","Male","M",46,2316,1986.2
,"85+ years","85+","Alaska","02","2016","2016","Female","F",33,4003,824.4
,"85+ years","85+","Alaska","02","2016","2016","Male","M",47,2417,1944.6
,"85+ years","85+","Alaska","02","2017","2017","Female","F",39,4021,969.9
,"85+ years","85+","Alaska","02","2017","2017","Male","M",43,2533,1697.6
,"85+ years","85+","Alaska","02","2018","2018","Female","F",33,4259,774.8
,"85+ years","85+","Alaska","02","2018","2018","Male","M",35,2594,1349.3
,"85+ years","85+","Alaska","02","2019","2019","Female","F",34,4440,765.8
,"85+ years","85+","Alaska","02","2019","2019","Male","M",33,2741,1203.9
,"85+ years","85+","Alaska","02","2020","2020","Female","F",52,4486,1159.2
,"85+ years","85+","Alaska","02","2020","2020","Male","M",57,2853,1997.9
,"85+ years","85+","Arizona","04","1999","1999","Female","F",1577,44045,3580.4
,"85+ years","85+","Arizona","04","1999","1999","Male","M",935,22155,4220.3
,"85+ years","85+","Arizona","04","2000","2000","Female","F",1525,45497,3351.9
,"85+ years","85+","Arizona","04","2000","2000","Male","M",974,23028,4229.6
,"85+ years","85+","Arizona","04","2001","2001","Female","F",1483,46950,3158.7
,"85+ years","85+","Arizona","04","2001","2001","Male","M",933,24044,3880.4
,"85+ years","85+","Arizona","04","2002","2002","Female","F",1586,47727,3323.1
,"85+ years","85+","Arizona","04","2002","2002","Male","M",1039,24878,4176.4
,"85+ years","85+","Arizona","04","2003","2003","Female","F",1653,49553,3335.8
,"85+ years","85+","Arizona","04","2003","2003","Male","M",1043,26151,3988.4
,"85+ years","85+","Arizona","04","2004","2004","Female","F",1612,51046,3157.9
,"85+ years","85+","Arizona","04","2004","2004","Male","M",1036,27151,3815.7
,"85+ years","85+","Arizona","04","2005","2005","Female","F",1597,53100,3007.5
,"85+ years","85+","Arizona","04","2005","2005","Male","M",1129,29084,3881.9
,"85+ years","85+","Arizona","04","2006","2006","Female","F",1605,55696,2881.7
,"85+ years","85+","Arizona","04","2006","2006","Male","M",1065,31091,3425.4
,"85+ years","85+","Arizona","04","2007","2007","Female","F",1488,58354,2550.0
,"85+ years","85+","Arizona","04","2007","2007","Male","M",1018,32856,3098.4
,"85+ years","85+","Arizona","04","2008","2008","Female","F",1533,60524,2532.9
,"85+ years","85+","Arizona","04","2008","2008","Male","M",1109,34307,3232.6
,"85+ years","85+","Arizona","04","2009","2009","Female","F",1499,63534,2359.4
,"85+ years","85+","Arizona","04","2009","2009","Male","M",1138,36317,3133.5
,"85+ years","85+","Arizona","04","2010","2010","Female","F",1467,65662,2234.2
,"85+ years","85+","Arizona","04","2010","2010","Male","M",1116,37738,2957.2
,"85+ years","85+","Arizona","04","2011","2011","Female","F",1563,69379,2252.8
,"85+ years","85+","Arizona","04","2011","2011","Male","M",1219,40861,2983.3
,"85+ years","85+","Arizona","04","2012","2012","Female","F",1474,71719,2055.2
,"85+ years","85+","Arizona","04","2012","2012","Male","M",1205,42706,2821.6
,"85+ years","85+","Arizona","04","2013","2013","Female","F",1488,73863,2014.5
,"85+ years","85+","Arizona","04","2013","2013","Male","M",1197,45347,2639.6
,"85+ years","85+","Arizona","04","2014","2014","Female","F",1448,76558,1891.4
,"85+ years","85+","Arizona","04","2014","2014","Male","M",1205,48214,2499.3
,"85+ years","85+","Arizona","04","2015","2015","Female","F",1394,79265,1758.7
,"85+ years","85+","Arizona","04","2015","2015","Male","M",1260,51524,2445.5
,"85+ years","85+","Arizona","04","2016","2016","Female","F",1424,82369,1728.8
,"85+ years","85+","Arizona","04","2016","2016","Male","M",1334,54465,2449.3
,"85+ years","85+","Arizona","04","2017","2017","Female","F",1410,81277,1734.8
,"85+ years","85+","Arizona","04","2017","2017","Male","M",1319,55450,2378.7
,"85+ years","85+","Arizona","04","2018","2018","Female","F",1325,84094,1575.6
,"85+ years","85+","Arizona","04","2018","2018","Male","M",1307,58181,2246.4
,"85+ years","85+","Arizona","04","2019","2019","Female","F",1368,85133,1606.9
,"85+ years","85+","Arizona","04","2019","2019","Male","M",1317,60604,2173.1
,"85+ years","85+","Arizona","04","2020","2020","Female","F",1489,88175,1688.7
,"85+ years","85+","Arizona","04","2020","2020","Male","M",1438,63923,2249.6
,"85+ years","85+","Arkansas","05","1999","1999","Female","F",1084,32564,3328.8
,"85+ years","85+","Arkansas","05","1999","1999","Male","M",557,13298,4188.6
,"85+ years","85+","Arkansas","05","2000","2000","Female","F",1044,32931,3170.3
,"85+ years","85+","Arkansas","05","2000","2000","Male","M",569,13561,4195.9
,"85+ years","85+","Arkansas","05","2001","2001","Female","F",1122,32910,3409.3
,"85+ years","85+","Arkansas","05","2001","2001","Male","M",510,13557,3761.9
,"85+ years","85+","Arkansas","05","2002","2002","Female","F",1125,32732,3437.0
,"85+ years","85+","Arkansas","05","2002","2002","Male","M",656,13534,4847.1
,"85+ years","85+","Arkansas","05","2003","2003","Female","F",1148,32619,3519.4
,"85+ years","85+","Arkansas","05","2003","2003","Male","M",573,13653,4196.9
,"85+ years","85+","Arkansas","05","2004","2004","Female","F",1056,32551,3244.1
,"85+ years","85+","Arkansas","05","2004","2004","Male","M",570,13863,4111.7
,"85+ years","85+","Arkansas","05","2005","2005","Female","F",1121,32829,3414.7
,"85+ years","85+","Arkansas","05","2005","2005","Male","M",564,14299,3944.3
,"85+ years","85+","Arkansas","05","2006","2006","Female","F",1019,33569,3035.5
,"85+ years","85+","Arkansas","05","2006","2006","Male","M",539,14836,3633.1
,"85+ years","85+","Arkansas","05","2007","2007","Female","F",962,34105,2820.7
,"85+ years","85+","Arkansas","05","2007","2007","Male","M",519,15105,3435.9
,"85+ years","85+","Arkansas","05","2008","2008","Female","F",968,34435,2811.1
,"85+ years","85+","Arkansas","05","2008","2008","Male","M",552,15617,3534.6
,"85+ years","85+","Arkansas","05","2009","2009","Female","F",898,34574,2597.3
,"85+ years","85+","Arkansas","05","2009","2009","Male","M",519,16054,3232.8
,"85+ years","85+","Arkansas","05","2010","2010","Female","F",887,34868,2543.9
,"85+ years","85+","Arkansas","05","2010","2010","Male","M",539,16534,3259.9
,"85+ years","85+","Arkansas","05","2011","2011","Female","F",865,35637,2427.3
,"85+ years","85+","Arkansas","05","2011","2011","Male","M",509,17414,2922.9
,"85+ years","85+","Arkansas","05","2012","2012","Female","F",790,36025,2192.9
,"85+ years","85+","Arkansas","05","2012","2012","Male","M",494,17895,2760.5
,"85+ years","85+","Arkansas","05","2013","2013","Female","F",776,36212,2142.9
,"85+ years","85+","Arkansas","05","2013","2013","Male","M",441,18204,2422.5
,"85+ years","85+","Arkansas","05","2014","2014","Female","F",750,36315,2065.3
,"85+ years","85+","Arkansas","05","2014","2014","Male","M",476,18735,2540.7
,"85+ years","85+","Arkansas","05","2015","2015","Female","F",753,36688,2052.4
,"85+ years","85+","Arkansas","05","2015","2015","Male","M",530,19292,2747.3
,"85+ years","85+","Arkansas","05","2016","2016","Female","F",739,36945,2000.3
,"85+ years","85+","Arkansas","05","2016","2016","Male","M",520,19735,2634.9
,"85+ years","85+","Arkansas","05","2017","2017","Female","F",809,37738,2143.7
,"85+ years","85+","Arkansas","05","2017","2017","Male","M",554,20144,2750.2
,"85+ years","85+","Arkansas","05","2018","2018","Female","F",713,38043,1874.2
,"85+ years","85+","Arkansas","05","2018","2018","Male","M",583,20974,2779.6
,"85+ years","85+","Arkansas","05","2019","2019","Female","F",758,38354,1976.3
,"85+ years","85+","Arkansas","05","2019","2019","Male","M",594,21558,2755.4
,"85+ years","85+","Arkansas","05","2020","2020","Female","F",688,38942,1766.7
,"85+ years","85+","Arkansas","05","2020","2020","Male","M",543,22163,2450.0
,"85+ years","85+","California","06","1999","1999","Female","F",13575,283620,4786.3
,"85+ years","85+","California","06","1999","1999","Male","M",6883,129644,5309.2
,"85+ years","85+","California","06","2000","2000","Female","F",13200,291475,4528.7
,"85+ years","85+","California","06","2000","2000","Male","M",6847,134182,5102.8
,"85+ years","85+","California","06","2001","2001","Female","F",13185,297706,4428.9
,"85+ years","85+","California","06","2001","2001","Male","M",6926,139521,4964.1
,"85+ years","85+","California","06","2002","2002","Female","F",12712,302395,4203.8
,"85+ years","85+","California","06","2002","2002","Male","M",6945,144055,4821.1
,"85+ years","85+","California","06","2003","2003","Female","F",12387,310049,3995.2
,"85+ years","85+","California","06","2003","2003","Male","M",7003,150957,4639.1
,"85+ years","85+","California","06","2004","2004","Female","F",11579,314875,3677.3
,"85+ years","85+","California","06","2004","2004","Male","M",6749,156170,4321.6
,"85+ years","85+","California","06","2005","2005","Female","F",11300,327649,3448.8
,"85+ years","85+","California","06","2005","2005","Male","M",6859,165590,4142.2
,"85+ years","85+","California","06","2006","2006","Female","F",11206,338626,3309.3
,"85+ years","85+","California","06","2006","2006","Male","M",6994,174381,4010.8
,"85+ years","85+","California","06","2007","2007","Female","F",10485,352374,2975.5
,"85+ years","85+","California","06","2007","2007","Male","M",6731,185028,3637.8
,"85+ years","85+","California","06","2008","2008","Female","F",10233,365817,2797.3
,"85+ years","85+","California","06","2008","2008","Male","M",6709,195090,3438.9
,"85+ years","85+","California","06","2009","2009","Female","F",9721,380191,2556.9
,"85+ years","85+","California","06","2009","2009","Male","M",6725,204653,3286.1
,"85+ years","85+","California","06","2010","2010","Female","F",9597,390153,2459.8
,"85+ years","85+","California","06","2010","2010","Male","M",6727,210815,3190.9
,"85+ years","85+","California","06","2011","2011","Female","F",9730,410221,2371.9
,"85+ years","85+","California","06","2011","2011","Male","M",6994,223413,3130.5
,"85+ years","85+","California","06","2012","2012","Female","F",9473,422796,2240.6
,"85+ years","85+","California","06","2012","2012","Male","M",6927,231485,2992.4
,"85+ years","85+","California","06","2013","2013","Female","F",9360,430630,2173.6
,"85+ years","85+","California","06","2013","2013","Male","M",7120,237836,2993.7
,"85+ years","85+","California","06","2014","2014","Female","F",8491,440737,1926.5
,"85+ years","85+","California","06","2014","2014","Male","M",6540,247913,2638.0
,"85+ years","85+","California","06","2015","2015","Female","F",8678,451074,1923.9
,"85+ years","85+","California","06","2015","2015","Male","M",6842,256703,2665.3
,"85+ years","85+","California","06","2016","2016","Female","F",8215,458451,1791.9
,"85+ years","85+","California","06","2016","2016","Male","M",6685,263882,2533.3
,"85+ years","85+","California","06","2017","2017","Female","F",8356,462477,1806.8
,"85+ years","85+","California","06","2017","2017","Male","M",6677,270316,2470.1
,"85+ years","85+","California","06","2018","2018","Female","F",7823,468110,1671.2
,"85+ years","85+","California","06","2018","2018","Male","M",6532,275475,2371.2
,"85+ years","85+","California","06","2019","2019","Female","F",7332,469557,1561.5
,"85+ years","85+","California","06","2019","2019","Male","M",6369,280289,2272.3
,"85+ years","85+","California","06","2020","2020","Female","F",7530,472521,1593.6
,"85+ years","85+","California","06","2020","2020","Male","M",6536,283851,2302.6
,"85+ years","85+","Colorado","08","1999","1999","Female","F",969,33532,2889.8
,"85+ years","85+","Colorado","08","1999","1999","Male","M",446,13720,3250.7
,"85+ years","85+","Colorado","08","2000","2000","Female","F",868,34063,2548.2
,"85+ years","85+","Colorado","08","2000","2000","Male","M",466,14153,3292.6
,"85+ years","85+","Colorado","08","2001","2001","Female","F",881,34812,2530.7
,"85+ years","85+","Colorado","08","2001","2001","Male","M",464,14722,3151.7
,"85+ years","85+","Colorado","08","2002","2002","Female","F",838,35350,2370.6
,"85+ years","85+","Colorado","08","2002","2002","Male","M",523,15072,3470.0
,"85+ years","85+","Colorado","08","2003","2003","Female","F",927,36363,2549.3
,"85+ years","85+","Colorado","08","2003","2003","Male","M",521,15700,3318.5
,"85+ years","85+","Colorado","08","2004","2004","Female","F",875,37235,2349.9
,"85+ years","85+","Colorado","08","2004","2004","Male","M",518,16712,3099.6
,"85+ years","85+","Colorado","08","2005","2005","Female","F",826,38568,2141.7
,"85+ years","85+","Colorado","08","2005","2005","Male","M",550,17734,3101.4
,"85+ years","85+","Colorado","08","2006","2006","Female","F",821,40402,2032.1
,"85+ years","85+","Colorado","08","2006","2006","Male","M",530,18994,2790.4
,"85+ years","85+","Colorado","08","2007","2007","Female","F",769,42156,1824.2
,"85+ years","85+","Colorado","08","2007","2007","Male","M",548,20199,2713.0
,"85+ years","85+","Colorado","08","2008","2008","Female","F",809,43758,1848.8
,"85+ years","85+","Colorado","08","2008","2008","Male","M",555,21140,2625.4
,"85+ years","85+","Colorado","08","2009","2009","Female","F",741,45490,1628.9
,"85+ years","85+","Colorado","08","2009","2009","Male","M",526,22456,2342.4
,"85+ years","85+","Colorado","08","2010","2010","Female","F",722,46495,1552.9
,"85+ years","85+","Colorado","08","2010","2010","Male","M",513,23118,2219.1
,"85+ years","85+","Colorado","08","2011","2011","Female","F",689,49003,1406.0
,"85+ years","85+","Colorado","08","2011","2011","Male","M",532,24794,2145.7
,"85+ years","85+","Colorado","08","2012","2012","Female","F",725,50715,1429.6
,"85+ years","85+","Colorado","08","2012","2012","Male","M",563,25795,2182.6
,"85+ years","85+","Colorado","08","2013","2013","Female","F",732,52126,1404.3
,"85+ years","85+","Colorado","08","2013","2013","Male","M",583,27146,2147.6
,"85+ years","85+","Colorado","08","2014","2014","Female","F",710,53310,1331.8
,"85+ years","85+","Colorado","08","2014","2014","Male","M",588,28317,2076.5
,"85+ years","85+","Colorado","08","2015","2015","Female","F",707,54476,1297.8
,"85+ years","85+","Colorado","08","2015","2015","Male","M",632,29503,2142.2
,"85+ years","85+","Colorado","08","2016","2016","Female","F",690,55167,1250.7
,"85+ years","85+","Colorado","08","2016","2016","Male","M",659,30604,2153.3
,"85+ years","85+","Colorado","08","2017","2017","Female","F",595,54960,1082.6
,"85+ years","85+","Colorado","08","2017","2017","Male","M",602,31308,1922.8
,"85+ years","85+","Colorado","08","2018","2018","Female","F",621,55970,1109.5
,"85+ years","85+","Colorado","08","2018","2018","Male","M",658,32394,2031.2
,"85+ years","85+","Colorado","08","2019","2019","Female","F",692,56572,1223.2
,"85+ years","85+","Colorado","08","2019","2019","Male","M",615,33349,1844.1
,"85+ years","85+","Colorado","08","2020","2020","Female","F",661,57373,1152.1
,"85+ years","85+","Colorado","08","2020","2020","Male","M",606,33917,1786.7
,"85+ years","85+","Connecticut","09","1999","1999","Female","F",1723,45509,3786.1
,"85+ years","85+","Connecticut","09","1999","1999","Male","M",806,17312,4655.7
,"85+ years","85+","Connecticut","09","2000","2000","Female","F",1680,46341,3625.3
,"85+ years","85+","Connecticut","09","2000","2000","Male","M",758,17932,4227.1
,"85+ years","85+","Connecticut","09","2001","2001","Female","F",1597,47405,3368.8
,"85+ years","85+","Connecticut","09","2001","2001","Male","M",755,18775,4021.3
,"85+ years","85+","Connecticut","09","2002","2002","Female","F",1757,48647,3611.7
,"85+ years","85+","Connecticut","09","2002","2002","Male","M",767,19731,3887.3
,"85+ years","85+","Connecticut","09","2003","2003","Female","F",1687,50178,3362.0
,"85+ years","85+","Connecticut","09","2003","2003","Male","M",811,20764,3905.8
,"85+ years","85+","Connecticut","09","2004","2004","Female","F",1485,51003,2911.6
,"85+ years","85+","Connecticut","09","2004","2004","Male","M",798,21363,3735.4
,"85+ years","85+","Connecticut","09","2005","2005","Female","F",1464,52314,2798.5
,"85+ years","85+","Connecticut","09","2005","2005","Male","M",774,22380,3458.4
,"85+ years","85+","Connecticut","09","2006","2006","Female","F",1348,53615,2514.2
,"85+ years","85+","Connecticut","09","2006","2006","Male","M",728,23432,3106.9
,"85+ years","85+","Connecticut","09","2007","2007","Female","F",1275,54719,2330.1
,"85+ years","85+","Connecticut","09","2007","2007","Male","M",708,24368,2905.4
,"85+ years","85+","Connecticut","09","2008","2008","Female","F",1276,55965,2280.0
,"85+ years","85+","Connecticut","09","2008","2008","Male","M",762,25348,3006.2
,"85+ years","85+","Connecticut","09","2009","2009","Female","F",1178,57059,2064.5
,"85+ years","85+","Connecticut","09","2009","2009","Male","M",743,26236,2832.0
,"85+ years","85+","Connecticut","09","2010","2010","Female","F",1221,57950,2107.0
,"85+ years","85+","Connecticut","09","2010","2010","Male","M",728,26948,2701.5
,"85+ years","85+","Connecticut","09","2011","2011","Female","F",1225,59186,2069.7
,"85+ years","85+","Connecticut","09","2011","2011","Male","M",748,28013,2670.2
,"85+ years","85+","Connecticut","09","2012","2012","Female","F",1150,59560,1930.8
,"85+ years","85+","Connecticut","09","2012","2012","Male","M",748,28608,2614.7
,"85+ years","85+","Connecticut","09","2013","2013","Female","F",1092,60008,1819.8
,"85+ years","85+","Connecticut","09","2013","2013","Male","M",701,29362,2387.4
,"85+ years","85+","Connecticut","09","2014","2014","Female","F",1000,60092,1664.1
,"85+ years","85+","Connecticut","09","2014","2014","Male","M",735,29693,2475.3
,"85+ years","85+","Connecticut","09","2015","2015","Female","F",1047,60031,1744.1
,"85+ years","85+","Connecticut","09","2015","2015","Male","M",755,30093,2508.9
,"85+ years","85+","Connecticut","09","2016","2016","Female","F",984,59773,1646.2
,"85+ years","85+","Connecticut","09","2016","2016","Male","M",700,30155,2321.3
,"85+ years","85+","Connecticut","09","2017","2017","Female","F",995,61280,1623.7
,"85+ years","85+","Connecticut","09","2017","2017","Male","M",719,31375,2291.6
,"85+ years","85+","Connecticut","09","2018","2018","Female","F",942,60708,1551.7
,"85+ years","85+","Connecticut","09","2018","2018","Male","M",707,31163,2268.7
,"85+ years","85+","Connecticut","09","2019","2019","Female","F",937,59956,1562.8
,"85+ years","85+","Connecticut","09","2019","2019","Male","M",724,31374,2307.6
,"85+ years","85+","Connecticut","09","2020","2020","Female","F",837,59411,1408.8
,"85+ years","85+","Connecticut","09","2020","2020","Male","M",598,31163,1918.9
,"85+ years","85+","Delaware","10","1999","1999","Female","F",307,7392,4153.1
,"85+ years","85+","Delaware","10","1999","1999","Male","M",134,2847,4706.7
,"85+ years","85+","Delaware","10","2000","2000","Female","F",353,7599,4645.3
,"85+ years","85+","Delaware","10","2000","2000","Male","M",148,2950,5016.9
,"85+ years","85+","Delaware","10","2001","2001","Female","F",355,7759,4575.3
,"85+ years","85+","Delaware","10","2001","2001","Male","M",148,3106,4765.0
,"85+ years","85+","Delaware","10","2002","2002","Female","F",334,8013,4168.2
,"85+ years","85+","Delaware","10","2002","2002","Male","M",139,3316,4191.8
,"85+ years","85+","Delaware","10","2003","2003","Female","F",366,8214,4455.8
,"85+ years","85+","Delaware","10","2003","2003","Male","M",167,3567,4681.8
,"85+ years","85+","Delaware","10","2004","2004","Female","F",298,8519,3498.1
,"85+ years","85+","Delaware","10","2004","2004","Male","M",159,3709,4286.9
,"85+ years","85+","Delaware","10","2005","2005","Female","F",338,8949,3777.0
,"85+ years","85+","Delaware","10","2005","2005","Male","M",177,3905,4532.7
,"85+ years","85+","Delaware","10","2006","2006","Female","F",298,9216,3233.5
,"85+ years","85+","Delaware","10","2006","2006","Male","M",166,4090,4058.7
,"85+ years","85+","Delaware","10","2007","2007","Female","F",278,9609,2893.1
,"85+ years","85+","Delaware","10","2007","2007","Male","M",152,4375,3474.3
,"85+ years","85+","Delaware","10","2008","2008","Female","F",276,9985,2764.1
,"85+ years","85+","Delaware","10","2008","2008","Male","M",169,4611,3665.1
,"85+ years","85+","Delaware","10","2009","2009","Female","F",294,10346,2841.7
,"85+ years","85+","Delaware","10","2009","2009","Male","M",142,4849,2928.4
,"85+ years","85+","Delaware","10","2010","2010","Female","F",276,10630,2596.4
,"85+ years","85+","Delaware","10","2010","2010","Male","M",167,5114,3265.5
,"85+ years","85+","Delaware","10","2011","2011","Female","F",281,10834,2593.7
,"85+ years","85+","Delaware","10","2011","2011","Male","M",162,5398,3001.1
,"85+ years","85+","Delaware","10","2012","2012","Female","F",294,11190,2627.3
,"85+ years","85+","Delaware","10","2012","2012","Male","M",181,5630,3214.9
,"85+ years","85+","Delaware","10","2013","2013","Female","F",306,11483,2664.8
,"85+ years","85+","Delaware","10","2013","2013","Male","M",182,6001,3032.8
,"85+ years","85+","Delaware","10","2014","2014","Female","F",275,11677,2355.1
,"85+ years","85+","Delaware","10","2014","2014","Male","M",203,6274,3235.6
,"85+ years","85+","Delaware","10","2015","2015","Female","F",237,12032,1969.7
,"85+ years","85+","Delaware","10","2015","2015","Male","M",179,6620,2703.9
,"85+ years","85+","Delaware","10","2016","2016","Female","F",252,12244,2058.2
,"85+ years","85+","Delaware","10","2016","2016","Male","M",193,6843,2820.4
,"85+ years","85+","Delaware","10","2017","2017","Female","F",229,12352,1854.0
,"85+ years","85+","Delaware","10","2017","2017","Male","M",177,7164,2470.7
,"85+ years","85+","Delaware","10","2018","2018","Female","F",250,12518,1997.1
,"85+ years","85+","Delaware","10","2018","2018","Male","M",193,7319,2637.0
,"85+ years","85+","Delaware","10","2019","2019","Female","F",220,12656,1738.3
,"85+ years","85+","Delaware","10","2019","2019","Male","M",181,7598,2382.2
,"85+ years","85+","Delaware","10","2020","2020","Female","F",216,12887,1676.1
,"85+ years","85+","Delaware","10","2020","2020","Male","M",155,7717,2008.6
,"85+ years","85+","District of Columbia","11","1999","1999","Female","F",226,6405,3528.5
,"85+ years","85+","District of Columbia","11","1999","1999","Male","M",104,2357,4412.4
,"85+ years","85+","District of Columbia","11","2000","2000","Female","F",254,6552,3876.7
,"85+ years","85+","District of Columbia","11","2000","2000","Male","M",110,2423,4539.8
,"85+ years","85+","District of Columbia","11","2001","2001","Female","F",271,6486,4178.2
,"85+ years","85+","District of Columbia","11","2001","2001","Male","M",104,2383,4364.2
,"85+ years","85+","District of Columbia","11","2002","2002","Female","F",263,6409,4103.6
,"85+ years","85+","District of Columbia","11","2002","2002","Male","M",120,2430,4938.3
,"85+ years","85+","District of Columbia","11","2003","2003","Female","F",247,6315,3911.3
,"85+ years","85+","District of Columbia","11","2003","2003","Male","M",109,2426,4493.0
,"85+ years","85+","District of Columbia","11","2004","2004","Female","F",208,6345,3278.2
,"85+ years","85+","District of Columbia","11","2004","2004","Male","M",114,2470,4615.4
,"85+ years","85+","District of Columbia","11","2005","2005","Female","F",231,6452,3580.3
,"85+ years","85+","District of Columbia","11","2005","2005","Male","M",102,2623,3888.7
,"85+ years","85+","District of Columbia","11","2006","2006","Female","F",241,6494,3711.1
,"85+ years","85+","District of Columbia","11","2006","2006","Male","M",126,2680,4701.5
,"85+ years","85+","District of Columbia","11","2007","2007","Female","F",207,6688,3095.1
,"85+ years","85+","District of Columbia","11","2007","2007","Male","M",117,2791,4192.0
,"85+ years","85+","District of Columbia","11","2008","2008","Female","F",202,6870,2940.3
,"85+ years","85+","District of Columbia","11","2008","2008","Male","M",96,2885,3327.6
,"85+ years","85+","District of Columbia","11","2009","2009","Female","F",195,7023,2776.6
,"85+ years","85+","District of Columbia","11","2009","2009","Male","M",104,3016,3448.3
,"85+ years","85+","District of Columbia","11","2010","2010","Female","F",188,7198,2611.8
,"85+ years","85+","District of Columbia","11","2010","2010","Male","M",115,3117,3689.4
,"85+ years","85+","District of Columbia","11","2011","2011","Female","F",164,7463,2197.5
,"85+ years","85+","District of Columbia","11","2011","2011","Male","M",102,3153,3235.0
,"85+ years","85+","District of Columbia","11","2012","2012","Female","F",175,7660,2284.6
,"85+ years","85+","District of Columbia","11","2012","2012","Male","M",112,3343,3350.3
,"85+ years","85+","District of Columbia","11","2013","2013","Female","F",178,7756,2295.0
,"85+ years","85+","District of Columbia","11","2013","2013","Male","M",121,3439,3518.5
,"85+ years","85+","District of Columbia","11","2014","2014","Female","F",171,7715,2216.5
,"85+ years","85+","District of Columbia","11","2014","2014","Male","M",111,3488,3182.3
,"85+ years","85+","District of Columbia","11","2015","2015","Female","F",122,7858,1552.6
,"85+ years","85+","District of Columbia","11","2015","2015","Male","M",81,3589,2256.9
,"85+ years","85+","District of Columbia","11","2016","2016","Female","F",157,7807,2011.0
,"85+ years","85+","District of Columbia","11","2016","2016","Male","M",87,3563,2441.8
,"85+ years","85+","District of Columbia","11","2017","2017","Female","F",111,8139,1363.8
,"85+ years","85+","District of Columbia","11","2017","2017","Male","M",91,3994,2278.4
,"85+ years","85+","District of Columbia","11","2018","2018","Female","F",134,8147,1644.8
,"85+ years","85+","District of Columbia","11","2018","2018","Male","M",70,4006,1747.4
,"85+ years","85+","District of Columbia","11","2019","2019","Female","F",113,8138,1388.5
,"85+ years","85+","District of Columbia","11","2019","2019","Male","M",87,4104,2119.9
,"85+ years","85+","District of Columbia","11","2020","2020","Female","F",137,8106,1690.1
,"85+ years","85+","District of Columbia","11","2020","2020","Male","M",88,4184,2103.3
,"85+ years","85+","Florida","12","1999","1999","Female","F",10118,214270,4722.1
,"85+ years","85+","Florida","12","1999","1999","Male","M",5560,108641,5117.8
,"85+ years","85+","Florida","12","2000","2000","Female","F",9774,219127,4460.4
,"85+ years","85+","Florida","12","2000","2000","Male","M",5497,112160,4901.0
,"85+ years","85+","Florida","12","2001","2001","Female","F",9598,220967,4343.6
,"85+ years","85+","Florida","12","2001","2001","Male","M",5536,114276,4844.4
,"85+ years","85+","Florida","12","2002","2002","Female","F",8953,222139,4030.4
,"85+ years","85+","Florida","12","2002","2002","Male","M",5475,116885,4684.1
,"85+ years","85+","Florida","12","2003","2003","Female","F",8773,225650,3887.9
,"85+ years","85+","Florida","12","2003","2003","Male","M",5549,120451,4606.9
,"85+ years","85+","Florida","12","2004","2004","Female","F",8534,229120,3724.7
,"85+ years","85+","Florida","12","2004","2004","Male","M",5255,124101,4234.5
,"85+ years","85+","Florida","12","2005","2005","Female","F",8317,235399,3533.2
,"85+ years","85+","Florida","12","2005","2005","Male","M",5479,129047,4245.7
,"85+ years","85+","Florida","12","2006","2006","Female","F",7813,242340,3224.0
,"85+ years","85+","Florida","12","2006","2006","Male","M",5220,134426,3883.2
,"85+ years","85+","Florida","12","2007","2007","Female","F",7236,249981,2894.6
,"85+ years","85+","Florida","12","2007","2007","Male","M",4910,140644,3491.1
,"85+ years","85+","Florida","12","2008","2008","Female","F",7246,258660,2801.4
,"85+ years","85+","Florida","12","2008","2008","Male","M",4930,146721,3360.1
,"85+ years","85+","Florida","12","2009","2009","Female","F",6619,268776,2462.6
,"85+ years","85+","Florida","12","2009","2009","Male","M",4991,153311,3255.5
,"85+ years","85+","Florida","12","2010","2010","Female","F",6774,275812,2456.0
,"85+ years","85+","Florida","12","2010","2010","Male","M",5106,158313,3225.3
,"85+ years","85+","Florida","12","2011","2011","Female","F",6448,296467,2174.9
,"85+ years","85+","Florida","12","2011","2011","Male","M",4967,170924,2906.0
,"85+ years","85+","Florida","12","2012","2012","Female","F",6653,303902,2189.2
,"85+ years","85+","Florida","12","2012","2012","Male","M",5030,178851,2812.4
,"85+ years","85+","Florida","12","2013","2013","Female","F",6450,316707,2036.6
,"85+ years","85+","Florida","12","2013","2013","Male","M",5077,189012,2686.1
,"85+ years","85+","Florida","12","2014","2014","Female","F",6475,324507,1995.3
,"85+ years","85+","Florida","12","2014","2014","Male","M",5319,197784,2689.3
,"85+ years","85+","Florida","12","2015","2015","Female","F",6357,333187,1907.9
,"85+ years","85+","Florida","12","2015","2015","Male","M",5357,207089,2586.8
,"85+ years","85+","Florida","12","2016","2016","Female","F",6361,340872,1866.1
,"85+ years","85+","Florida","12","2016","2016","Male","M",5430,215107,2524.3
,"85+ years","85+","Florida","12","2017","2017","Female","F",6315,336142,1878.7
,"85+ years","85+","Florida","12","2017","2017","Male","M",5264,219410,2399.2
,"85+ years","85+","Florida","12","2018","2018","Female","F",6107,344134,1774.6
,"85+ years","85+","Florida","12","2018","2018","Male","M",5501,227285,2420.3
,"85+ years","85+","Florida","12","2019","2019","Female","F",6022,347183,1734.5
,"85+ years","85+","Florida","12","2019","2019","Male","M",5396,234271,2303.3
,"85+ years","85+","Florida","12","2020","2020","Female","F",6365,354150,1797.3
,"85+ years","85+","Florida","12","2020","2020","Male","M",5605,242159,2314.6
,"85+ years","85+","Georgia","13","1999","1999","Female","F",1878,64641,2905.3
,"85+ years","85+","Georgia","13","1999","1999","Male","M",809,21768,3716.5
,"85+ years","85+","Georgia","13","2000","2000","Female","F",1871,65469,2857.8
,"85+ years","85+","Georgia","13","2000","2000","Male","M",798,22388,3564.4
,"85+ years","85+","Georgia","13","2001","2001","Female","F",1912,65567,2916.1
,"85+ years","85+","Georgia","13","2001","2001","Male","M",796,22894,3476.9
,"85+ years","85+","Georgia","13","2002","2002","Female","F",1784,66183,2695.6
,"85+ years","85+","Georgia","13","2002","2002","Male","M",795,23427,3393.5
,"85+ years","85+","Georgia","13","2003","2003","Female","F",1622,66663,2433.1
,"85+ years","85+","Georgia","13","2003","2003","Male","M",825,24094,3424.1
,"85+ years","85+","Georgia","13","2004","2004","Female","F",1613,67550,2387.9
,"85+ years","85+","Georgia","13","2004","2004","Male","M",739,24871,2971.3
,"85+ years","85+","Georgia","13","2005","2005","Female","F",1555,69924,2223.8
,"85+ years","85+","Georgia","13","2005","2005","Male","M",797,26588,2997.6
,"85+ years","85+","Georgia","13","2006","2006","Female","F",1522,72865,2088.8
,"85+ years","85+","Georgia","13","2006","2006","Male","M",761,28243,2694.5
,"85+ years","85+","Georgia","13","2007","2007","Female","F",1441,74953,1922.5
,"85+ years","85+","Georgia","13","2007","2007","Male","M",783,29509,2653.4
,"85+ years","85+","Georgia","13","2008","2008","Female","F",1244,77012,1615.3
,"85+ years","85+","Georgia","13","2008","2008","Male","M",722,31028,2326.9
,"85+ years","85+","Georgia","13","2009","2009","Female","F",1256,79134,1587.2
,"85+ years","85+","Georgia","13","2009","2009","Male","M",742,32267,2299.6
,"85+ years","85+","Georgia","13","2010","2010","Female","F",1281,80512,1591.1
,"85+ years","85+","Georgia","13","2010","2010","Male","M",702,33311,2107.4
,"85+ years","85+","Georgia","13","2011","2011","Female","F",1237,83791,1476.3
,"85+ years","85+","Georgia","13","2011","2011","Male","M",737,35457,2078.6
,"85+ years","85+","Georgia","13","2012","2012","Female","F",1194,86241,1384.5
,"85+ years","85+","Georgia","13","2012","2012","Male","M",762,37242,2046.1
,"85+ years","85+","Georgia","13","2013","2013","Female","F",1188,88466,1342.9
,"85+ years","85+","Georgia","13","2013","2013","Male","M",797,39552,2015.1
,"85+ years","85+","Georgia","13","2014","2014","Female","F",1192,89771,1327.8
,"85+ years","85+","Georgia","13","2014","2014","Male","M",777,41423,1875.8
,"85+ years","85+","Georgia","13","2015","2015","Female","F",1154,92354,1249.5
,"85+ years","85+","Georgia","13","2015","2015","Male","M",804,43593,1844.3
,"85+ years","85+","Georgia","13","2016","2016","Female","F",1124,92992,1208.7
,"85+ years","85+","Georgia","13","2016","2016","Male","M",816,45143,1807.6
,"85+ years","85+","Georgia","13","2017","2017","Female","F",1064,95336,1116.1
,"85+ years","85+","Georgia","13","2017","2017","Male","M",837,47261,1771.0
,"85+ years","85+","Georgia","13","2018","2018","Female","F",1037,97183,1067.1
,"85+ years","85+","Georgia","13","2018","2018","Male","M",811,49450,1640.0
,"85+ years","85+","Georgia","13","2019","2019","Female","F",1102,99377,1108.9
,"85+ years","85+","Georgia","13","2019","2019","Male","M",839,51692,1623.1
,"85+ years","85+","Georgia","13","2020","2020","Female","F",1080,101704,1061.9
,"85+ years","85+","Georgia","13","2020","2020","Male","M",949,53885,1761.2
,"85+ years","85+","Hawaii","15","1999","1999","Female","F",201,9830,2044.8
,"85+ years","85+","Hawaii","15","1999","1999","Male","M",232,7078,3277.8
,"85+ years","85+","Hawaii","15","2000","2000","Female","F",194,10294,1884.6
,"85+ years","85+","Hawaii","15","2000","2000","Male","M",200,7270,2751.0
,"85+ years","85+","Hawaii","15","2001","2001","Female","F",194,11170,1736.8
,"85+ years","85+","Hawaii","15","2001","2001","Male","M",197,7571,2602.0
,"85+ years","85+","Hawaii","15","2002","2002","Female","F",193,11817,1633.2
,"85+ years","85+","Hawaii","15","2002","2002","Male","M",218,7775,2803.9
,"85+ years","85+","Hawaii","15","2003","2003","Female","F",198,12574,1574.7
,"85+ years","85+","Hawaii","15","2003","2003","Male","M",199,8003,2486.6
,"85+ years","85+","Hawaii","15","2004","2004","Female","F",208,13266,1567.9
,"85+ years","85+","Hawaii","15","2004","2004","Male","M",188,8323,2258.8
,"85+ years","85+","Hawaii","15","2005","2005","Female","F",194,14195,1366.7
,"85+ years","85+","Hawaii","15","2005","2005","Male","M",185,8758,2112.4
,"85+ years","85+","Hawaii","15","2006","2006","Female","F",200,14963,1336.6
,"85+ years","85+","Hawaii","15","2006","2006","Male","M",218,9179,2375.0
,"85+ years","85+","Hawaii","15","2007","2007","Female","F",214,15714,1361.8
,"85+ years","85+","Hawaii","15","2007","2007","Male","M",175,9687,1806.5
,"85+ years","85+","Hawaii","15","2008","2008","Female","F",197,16662,1182.3
,"85+ years","85+","Hawaii","15","2008","2008","Male","M",217,10230,2121.2
,"85+ years","85+","Hawaii","15","2009","2009","Female","F",200,17759,1126.2
,"85+ years","85+","Hawaii","15","2009","2009","Male","M",202,10750,1879.1
,"85+ years","85+","Hawaii","15","2010","2010","Female","F",202,18886,1069.6
,"85+ years","85+","Hawaii","15","2010","2010","Male","M",205,11352,1805.8
,"85+ years","85+","Hawaii","15","2011","2011","Female","F",209,20498,1019.6
,"85+ years","85+","Hawaii","15","2011","2011","Male","M",200,12200,1639.3
,"85+ years","85+","Hawaii","15","2012","2012","Female","F",213,21896,972.8
,"85+ years","85+","Hawaii","15","2012","2012","Male","M",207,12727,1626.5
,"85+ years","85+","Hawaii","15","2013","2013","Female","F",217,22617,959.5
,"85+ years","85+","Hawaii","15","2013","2013","Male","M",198,12671,1562.6
,"85+ years","85+","Hawaii","15","2014","2014","Female","F",237,23644,1002.4
,"85+ years","85+","Hawaii","15","2014","2014","Male","M",208,13247,1570.2
,"85+ years","85+","Hawaii","15","2015","2015","Female","F",259,24633,1051.4
,"85+ years","85+","Hawaii","15","2015","2015","Male","M",219,13670,1602.0
,"85+ years","85+","Hawaii","15","2016","2016","Female","F",215,25066,857.7
,"85+ years","85+","Hawaii","15","2016","2016","Male","M",221,13886,1591.5
,"85+ years","85+","Hawaii","15","2017","2017","Female","F",216,25949,832.4
,"85+ years","85+","Hawaii","15","2017","2017","Male","M",201,14392,1396.6
,"85+ years","85+","Hawaii","15","2018","2018","Female","F",285,26384,1080.2
,"85+ years","85+","Hawaii","15","2018","2018","Male","M",241,14660,1643.9
,"85+ years","85+","Hawaii","15","2019","2019","Female","F",234,26678,877.1
,"85+ years","85+","Hawaii","15","2019","2019","Male","M",220,14990,1467.6
,"85+ years","85+","Hawaii","15","2020","2020","Female","F",236,26897,877.4
,"85+ years","85+","Hawaii","15","2020","2020","Male","M",233,15249,1528.0
,"85+ years","85+","Idaho","16","1999","1999","Female","F",320,11730,2728.0
,"85+ years","85+","Idaho","16","1999","1999","Male","M",249,5814,4282.8
,"85+ years","85+","Idaho","16","2000","2000","Female","F",349,12076,2890.0
,"85+ years","85+","Idaho","16","2000","2000","Male","M",218,5981,3644.9
,"85+ years","85+","Idaho","16","2001","2001","Female","F",331,12396,2670.2
,"85+ years","85+","Idaho","16","2001","2001","Male","M",232,6171,3759.5
,"85+ years","85+","Idaho","16","2002","2002","Female","F",345,12647,2727.9
,"85+ years","85+","Idaho","16","2002","2002","Male","M",263,6372,4127.4
,"85+ years","85+","Idaho","16","2003","2003","Female","F",374,13025,2871.4
,"85+ years","85+","Idaho","16","2003","2003","Male","M",263,6741,3901.5
,"85+ years","85+","Idaho","16","2004","2004","Female","F",311,13293,2339.6
,"85+ years","85+","Idaho","16","2004","2004","Male","M",203,6919,2933.9
,"85+ years","85+","Idaho","16","2005","2005","Female","F",311,13792,2254.9
,"85+ years","85+","Idaho","16","2005","2005","Male","M",236,7280,3241.8
,"85+ years","85+","Idaho","16","2006","2006","Female","F",300,14286,2100.0
,"85+ years","85+","Idaho","16","2006","2006","Male","M",232,7815,2968.7
,"85+ years","85+","Idaho","16","2007","2007","Female","F",306,14871,2057.7
,"85+ years","85+","Idaho","16","2007","2007","Male","M",243,8141,2984.9
,"85+ years","85+","Idaho","16","2008","2008","Female","F",273,15371,1776.1
,"85+ years","85+","Idaho","16","2008","2008","Male","M",228,8313,2742.7
,"85+ years","85+","Idaho","16","2009","2009","Female","F",246,15841,1552.9
,"85+ years","85+","Idaho","16","2009","2009","Male","M",241,8730,2760.6
,"85+ years","85+","Idaho","16","2010","2010","Female","F",294,16234,1811.0
,"85+ years","85+","Idaho","16","2010","2010","Male","M",256,9008,2841.9
,"85+ years","85+","Idaho","16","2011","2011","Female","F",279,16779,1662.8
,"85+ years","85+","Idaho","16","2011","2011","Male","M",249,9405,2647.5
,"85+ years","85+","Idaho","16","2012","2012","Female","F",274,16937,1617.8
,"85+ years","85+","Idaho","16","2012","2012","Male","M",252,9673,2605.2
,"85+ years","85+","Idaho","16","2013","2013","Female","F",271,17166,1578.7
,"85+ years","85+","Idaho","16","2013","2013","Male","M",233,9972,2336.5
,"85+ years","85+","Idaho","16","2014","2014","Female","F",250,17152,1457.6
,"85+ years","85+","Idaho","16","2014","2014","Male","M",235,10197,2304.6
,"85+ years","85+","Idaho","16","2015","2015","Female","F",266,17442,1525.1
,"85+ years","85+","Idaho","16","2015","2015","Male","M",272,10492,2592.5
,"85+ years","85+","Idaho","16","2016","2016","Female","F",271,17670,1533.7
,"85+ years","85+","Idaho","16","2016","2016","Male","M",266,10765,2471.0
,"85+ years","85+","Idaho","16","2017","2017","Female","F",261,17605,1482.5
,"85+ years","85+","Idaho","16","2017","2017","Male","M",280,11002,2545.0
,"85+ years","85+","Idaho","16","2018","2018","Female","F",266,17913,1485.0
,"85+ years","85+","Idaho","16","2018","2018","Male","M",252,11506,2190.2
,"85+ years","85+","Idaho","16","2019","2019","Female","F",240,17977,1335.0
,"85+ years","85+","Idaho","16","2019","2019","Male","M",289,11797,2449.8
,"85+ years","85+","Idaho","16","2020","2020","Female","F",248,18269,1357.5
,"85+ years","85+","Idaho","16","2020","2020","Male","M",256,12145,2107.9
,"85+ years","85+","Illinois","17","1999","1999","Female","F",5757,136788,4208.7
,"85+ years","85+","Illinois","17","1999","1999","Male","M",2592,51612,5022.1
,"85+ years","85+","Illinois","17","2000","2000","Female","F",5488,139046,3946.9
,"85+ years","85+","Illinois","17","2000","2000","Male","M",2513,52985,4742.9
,"85+ years","85+","Illinois","17","2001","2001","Female","F",5290,140775,3757.8
,"85+ years","85+","Illinois","17","2001","2001","Male","M",2408,54348,4430.7
,"85+ years","85+","Illinois","17","2002","2002","Female","F",5118,141583,3614.8
,"85+ years","85+","Illinois","17","2002","2002","Male","M",2591,55307,4684.8
,"85+ years","85+","Illinois","17","2003","2003","Female","F",4974,143117,3475.5
,"85+ years","85+","Illinois","17","2003","2003","Male","M",2329,57126,4077.0
,"85+ years","85+","Illinois","17","2004","2004","Female","F",4584,144903,3163.5
,"85+ years","85+","Illinois","17","2004","2004","Male","M",2357,58744,4012.3
,"85+ years","85+","Illinois","17","2005","2005","Female","F",4616,147389,3131.8
,"85+ years","85+","Illinois","17","2005","2005","Male","M",2361,60657,3892.4
,"85+ years","85+","Illinois","17","2006","2006","Female","F",4267,150393,2837.2
,"85+ years","85+","Illinois","17","2006","2006","Male","M",2271,63179,3594.5
,"85+ years","85+","Illinois","17","2007","2007","Female","F",3882,154174,2517.9
,"85+ years","85+","Illinois","17","2007","2007","Male","M",2167,65752,3295.7
,"85+ years","85+","Illinois","17","2008","2008","Female","F",4014,156718,2561.3
,"85+ years","85+","Illinois","17","2008","2008","Male","M",2311,68380,3379.6
,"85+ years","85+","Illinois","17","2009","2009","Female","F",3658,159816,2288.9
,"85+ years","85+","Illinois","17","2009","2009","Male","M",2126,70994,2994.6
,"85+ years","85+","Illinois","17","2010","2010","Female","F",3665,162020,2262.1
,"85+ years","85+","Illinois","17","2010","2010","Male","M",2152,72892,2952.3
,"85+ years","85+","Illinois","17","2011","2011","Female","F",3453,166261,2076.9
,"85+ years","85+","Illinois","17","2011","2011","Male","M",2139,76652,2790.5
,"85+ years","85+","Illinois","17","2012","2012","Female","F",3326,168677,1971.8
,"85+ years","85+","Illinois","17","2012","2012","Male","M",2158,79161,2726.1
,"85+ years","85+","Illinois","17","2013","2013","Female","F",3223,170806,1886.9
,"85+ years","85+","Illinois","17","2013","2013","Male","M",2142,81901,2615.4
,"85+ years","85+","Illinois","17","2014","2014","Female","F",3025,172383,1754.8
,"85+ years","85+","Illinois","17","2014","2014","Male","M",2116,83669,2529.0
,"85+ years","85+","Illinois","17","2015","2015","Female","F",3027,173306,1746.6
,"85+ years","85+","Illinois","17","2015","2015","Male","M",2075,85411,2429.4
,"85+ years","85+","Illinois","17","2016","2016","Female","F",2848,173425,1642.2
,"85+ years","85+","Illinois","17","2016","2016","Male","M",2033,86058,2362.4
,"85+ years","85+","Illinois","17","2017","2017","Female","F",2758,176808,1559.9
,"85+ years","85+","Illinois","17","2017","2017","Male","M",2005,89089,2250.6
,"85+ years","85+","Illinois","17","2018","2018","Female","F",2613,176731,1478.5
,"85+ years","85+","Illinois","17","2018","2018","Male","M",1938,89943,2154.7
,"85+ years","85+","Illinois","17","2019","2019","Female","F",2371,175949,1347.5
,"85+ years","85+","Illinois","17","2019","2019","Male","M",1922,91020,2111.6
,"85+ years","85+","Illinois","17","2020","2020","Female","F",2540,174950,1451.8
,"85+ years","85+","Illinois","17","2020","2020","Male","M",1968,91906,2141.3
,"85+ years","85+","Indiana","18","1999","1999","Female","F",2520,65587,3842.2
,"85+ years","85+","Indiana","18","1999","1999","Male","M",1151,24687,4662.4
,"85+ years","85+","Indiana","18","2000","2000","Female","F",2396,66270,3615.5
,"85+ years","85+","Indiana","18","2000","2000","Male","M",1215,25288,4804.7
,"85+ years","85+","Indiana","18","2001","2001","Female","F",2357,67391,3497.5
,"85+ years","85+","Indiana","18","2001","2001","Male","M",1070,25956,4122.4
,"85+ years","85+","Indiana","18","2002","2002","Female","F",2238,67756,3303.0
,"85+ years","85+","Indiana","18","2002","2002","Male","M",1072,26453,4052.5
,"85+ years","85+","Indiana","18","2003","2003","Female","F",2184,68706,3178.8
,"85+ years","85+","Indiana","18","2003","2003","Male","M",1130,27216,4152.0
,"85+ years","85+","Indiana","18","2004","2004","Female","F",2019,69328,2912.2
,"85+ years","85+","Indiana","18","2004","2004","Male","M",1041,27888,3732.8
,"85+ years","85+","Indiana","18","2005","2005","Female","F",1994,70854,2814.2
,"85+ years","85+","Indiana","18","2005","2005","Male","M",1081,28837,3748.7
,"85+ years","85+","Indiana","18","2006","2006","Female","F",1936,72964,2653.4
,"85+ years","85+","Indiana","18","2006","2006","Male","M",1087,30356,3580.8
,"85+ years","85+","Indiana","18","2007","2007","Female","F",1785,74855,2384.6
,"85+ years","85+","Indiana","18","2007","2007","Male","M",979,31948,3064.4
,"85+ years","85+","Indiana","18","2008","2008","Female","F",1825,76570,2383.4
,"85+ years","85+","Indiana","18","2008","2008","Male","M",1091,33347,3271.7
,"85+ years","85+","Indiana","18","2009","2009","Female","F",1690,78517,2152.4
,"85+ years","85+","Indiana","18","2009","2009","Male","M",1015,34601,2933.4
,"85+ years","85+","Indiana","18","2010","2010","Female","F",1766,79625,2217.9
,"85+ years","85+","Indiana","18","2010","2010","Male","M",1026,35647,2878.2
,"85+ years","85+","Indiana","18","2011","2011","Female","F",1770,82024,2157.9
,"85+ years","85+","Indiana","18","2011","2011","Male","M",1076,37754,2850.0
,"85+ years","85+","Indiana","18","2012","2012","Female","F",1670,83113,2009.3
,"85+ years","85+","Indiana","18","2012","2012","Male","M",1159,38814,2986.0
,"85+ years","85+","Indiana","18","2013","2013","Female","F",1603,84535,1896.3
,"85+ years","85+","Indiana","18","2013","2013","Male","M",1160,40298,2878.6
,"85+ years","85+","Indiana","18","2014","2014","Female","F",1548,85122,1818.6
,"85+ years","85+","Indiana","18","2014","2014","Male","M",1138,41301,2755.4
,"85+ years","85+","Indiana","18","2015","2015","Female","F",1563,85694,1823.9
,"85+ years","85+","Indiana","18","2015","2015","Male","M",1056,42116,2507.4
,"85+ years","85+","Indiana","18","2016","2016","Female","F",1498,85835,1745.2
,"85+ years","85+","Indiana","18","2016","2016","Male","M",1144,42634,2683.3
,"85+ years","85+","Indiana","18","2017","2017","Female","F",1408,86563,1626.6
,"85+ years","85+","Indiana","18","2017","2017","Male","M",1158,43497,2662.3
,"85+ years","85+","Indiana","18","2018","2018","Female","F",1451,86840,1670.9
,"85+ years","85+","Indiana","18","2018","2018","Male","M",1107,43970,2517.6
,"85+ years","85+","Indiana","18","2019","2019","Female","F",1280,86294,1483.3
,"85+ years","85+","Indiana","18","2019","2019","Male","M",1067,44775,2383.0
,"85+ years","85+","Indiana","18","2020","2020","Female","F",1288,86142,1495.2
,"85+ years","85+","Indiana","18","2020","2020","Male","M",1094,45049,2428.5
,"85+ years","85+","Iowa","19","1999","1999","Female","F",1992,47006,4237.8
,"85+ years","85+","Iowa","19","1999","1999","Male","M",925,17776,5203.6
,"85+ years","85+","Iowa","19","2000","2000","Female","F",1895,47145,4019.5
,"85+ years","85+","Iowa","19","2000","2000","Male","M",907,17973,5046.5
,"85+ years","85+","Iowa","19","2001","2001","Female","F",1861,47626,3907.5
,"85+ years","85+","Iowa","19","2001","2001","Male","M",926,18434,5023.3
,"85+ years","85+","Iowa","19","2002","2002","Female","F",1870,47560,3931.9
,"85+ years","85+","Iowa","19","2002","2002","Male","M",878,18837,4661.0
,"85+ years","85+","Iowa","19","2003","2003","Female","F",1737,48033,3616.3
,"85+ years","85+","Iowa","19","2003","2003","Male","M",880,19344,4549.2
,"85+ years","85+","Iowa","19","2004","2004","Female","F",1539,48403,3179.6
,"85+ years","85+","Iowa","19","2004","2004","Male","M",823,19748,4167.5
,"85+ years","85+","Iowa","19","2005","2005","Female","F",1523,48899,3114.6
,"85+ years","85+","Iowa","19","2005","2005","Male","M",913,20224,4514.4
,"85+ years","85+","Iowa","19","2006","2006","Female","F",1479,49713,2975.1
,"85+ years","85+","Iowa","19","2006","2006","Male","M",872,20972,4157.9
,"85+ years","85+","Iowa","19","2007","2007","Female","F",1425,50395,2827.7
,"85+ years","85+","Iowa","19","2007","2007","Male","M",822,21673,3792.7
,"85+ years","85+","Iowa","19","2008","2008","Female","F",1590,50647,3139.4
,"85+ years","85+","Iowa","19","2008","2008","Male","M",890,22190,4010.8
,"85+ years","85+","Iowa","19","2009","2009","Female","F",1400,50755,2758.3
,"85+ years","85+","Iowa","19","2009","2009","Male","M",826,22781,3625.8
,"85+ years","85+","Iowa","19","2010","2010","Female","F",1329,51307,2590.3
,"85+ years","85+","Iowa","19","2010","2010","Male","M",874,23351,3742.9
,"85+ years","85+","Iowa","19","2011","2011","Female","F",1304,52299,2493.4
,"85+ years","85+","Iowa","19","2011","2011","Male","M",819,24359,3362.2
,"85+ years","85+","Iowa","19","2012","2012","Female","F",1248,52439,2379.9
,"85+ years","85+","Iowa","19","2012","2012","Male","M",864,24933,3465.3
,"85+ years","85+","Iowa","19","2013","2013","Female","F",1192,52767,2259.0
,"85+ years","85+","Iowa","19","2013","2013","Male","M",887,25728,3447.6
,"85+ years","85+","Iowa","19","2014","2014","Female","F",1093,52632,2076.7
,"85+ years","85+","Iowa","19","2014","2014","Male","M",850,26070,3260.5
,"85+ years","85+","Iowa","19","2015","2015","Female","F",1064,52972,2008.6
,"85+ years","85+","Iowa","19","2015","2015","Male","M",811,26214,3093.8
,"85+ years","85+","Iowa","19","2016","2016","Female","F",978,52355,1868.0
,"85+ years","85+","Iowa","19","2016","2016","Male","M",807,26345,3063.2
,"85+ years","85+","Iowa","19","2017","2017","Female","F",986,52738,1869.6
,"85+ years","85+","Iowa","19","2017","2017","Male","M",830,26599,3120.4
,"85+ years","85+","Iowa","19","2018","2018","Female","F",900,52325,1720.0
,"85+ years","85+","Iowa","19","2018","2018","Male","M",802,26766,2996.3
,"85+ years","85+","Iowa","19","2019","2019","Female","F",911,51738,1760.8
,"85+ years","85+","Iowa","19","2019","2019","Male","M",719,26936,2669.3
,"85+ years","85+","Iowa","19","2020","2020","Female","F",831,51265,1621.0
,"85+ years","85+","Iowa","19","2020","2020","Male","M",761,26830,2836.4
,"85+ years","85+","Kansas","20","1999","1999","Female","F",1123,36997,3035.4
,"85+ years","85+","Kansas","20","1999","1999","Male","M",592,14500,4082.8
,"85+ years","85+","Kansas","20","2000","2000","Female","F",1167,37158,3140.6
,"85+ years","85+","Kansas","20","2000","2000","Male","M",565,14612,3866.7
,"85+ years","85+","Kansas","20","2001","2001","Female","F",1088,37262,2919.9
,"85+ years","85+","Kansas","20","2001","2001","Male","M",566,14782,3829.0
,"85+ years","85+","Kansas","20","2002","2002","Female","F",1007,37115,2713.2
,"85+ years","85+","Kansas","20","2002","2002","Male","M",545,14912,3654.8
,"85+ years","85+","Kansas","20","2003","2003","Female","F",1021,37229,2742.5
,"85+ years","85+","Kansas","20","2003","2003","Male","M",557,15312,3637.7
,"85+ years","85+","Kansas","20","2004","2004","Female","F",870,37482,2321.1
,"85+ years","85+","Kansas","20","2004","2004","Male","M",526,15650,3361.0
,"85+ years","85+","Kansas","20","2005","2005","Female","F",900,37924,2373.2
,"85+ years","85+","Kansas","20","2005","2005","Male","M",585,16312,3586.3
,"85+ years","85+","Kansas","20","2006","2006","Female","F",822,38579,2130.7
,"85+ years","85+","Kansas","20","2006","2006","Male","M",485,17040,2846.2
,"85+ years","85+","Kansas","20","2007","2007","Female","F",805,39235,2051.7
,"85+ years","85+","Kansas","20","2007","2007","Male","M",473,17825,2653.6
,"85+ years","85+","Kansas","20","2008","2008","Female","F",760,39499,1924.1
,"85+ years","85+","Kansas","20","2008","2008","Male","M",500,18265,2737.5
,"85+ years","85+","Kansas","20","2009","2009","Female","F",665,39842,1669.1
,"85+ years","85+","Kansas","20","2009","2009","Male","M",499,18844,2648.1
,"85+ years","85+","Kansas","20","2010","2010","Female","F",677,39997,1692.6
,"85+ years","85+","Kansas","20","2010","2010","Male","M",547,19321,2831.1
,"85+ years","85+","Kansas","20","2011","2011","Female","F",698,41003,1702.3
,"85+ years","85+","Kansas","20","2011","2011","Male","M",502,20403,2460.4
,"85+ years","85+","Kansas","20","2012","2012","Female","F",640,41346,1547.9
,"85+ years","85+","Kansas","20","2012","2012","Male","M",506,20822,2430.1
,"85+ years","85+","Kansas","20","2013","2013","Female","F",619,41703,1484.3
,"85+ years","85+","Kansas","20","2013","2013","Male","M",516,21288,2423.9
,"85+ years","85+","Kansas","20","2014","2014","Female","F",592,41948,1411.3
,"85+ years","85+","Kansas","20","2014","2014","Male","M",515,21879,2353.9
,"85+ years","85+","Kansas","20","2015","2015","Female","F",639,42371,1508.1
,"85+ years","85+","Kansas","20","2015","2015","Male","M",532,22254,2390.6
,"85+ years","85+","Kansas","20","2016","2016","Female","F",594,42385,1401.4
,"85+ years","85+","Kansas","20","2016","2016","Male","M",513,22419,2288.2
,"85+ years","85+","Kansas","20","2017","2017","Female","F",662,42337,1563.6
,"85+ years","85+","Kansas","20","2017","2017","Male","M",581,22605,2570.2
,"85+ years","85+","Kansas","20","2018","2018","Female","F",673,42553,1581.6
,"85+ years","85+","Kansas","20","2018","2018","Male","M",538,22983,2340.9
,"85+ years","85+","Kansas","20","2019","2019","Female","F",639,42461,1504.9
,"85+ years","85+","Kansas","20","2019","2019","Male","M",626,23217,2696.3
,"85+ years","85+","Kansas","20","2020","2020","Female","F",685,42064,1628.5
,"85+ years","85+","Kansas","20","2020","2020","Male","M",641,23423,2736.6
,"85+ years","85+","Kentucky","21","1999","1999","Female","F",1659,41921,3957.4
,"85+ years","85+","Kentucky","21","1999","1999","Male","M",742,15593,4758.5
,"85+ years","85+","Kentucky","21","2000","2000","Female","F",1592,42555,3741.0
,"85+ years","85+","Kentucky","21","2000","2000","Male","M",720,15706,4584.2
,"85+ years","85+","Kentucky","21","2001","2001","Female","F",1541,42839,3597.2
,"85+ years","85+","Kentucky","21","2001","2001","Male","M",702,15832,4434.1
,"85+ years","85+","Kentucky","21","2002","2002","Female","F",1417,42406,3341.5
,"85+ years","85+","Kentucky","21","2002","2002","Male","M",689,15905,4332.0
,"85+ years","85+","Kentucky","21","2003","2003","Female","F",1431,42471,3369.4
,"85+ years","85+","Kentucky","21","2003","2003","Male","M",669,16099,4155.5
,"85+ years","85+","Kentucky","21","2004","2004","Female","F",1261,42781,2947.6
,"85+ years","85+","Kentucky","21","2004","2004","Male","M",644,16450,3914.9
,"85+ years","85+","Kentucky","21","2005","2005","Female","F",1336,43659,3060.1
,"85+ years","85+","Kentucky","21","2005","2005","Male","M",633,17187,3683.0
,"85+ years","85+","Kentucky","21","2006","2006","Female","F",1209,44914,2691.8
,"85+ years","85+","Kentucky","21","2006","2006","Male","M",614,18074,3397.1
,"85+ years","85+","Kentucky","21","2007","2007","Female","F",1158,45921,2521.7
,"85+ years","85+","Kentucky","21","2007","2007","Male","M",621,18826,3298.6
,"85+ years","85+","Kentucky","21","2008","2008","Female","F",1180,46865,2517.9
,"85+ years","85+","Kentucky","21","2008","2008","Male","M",660,19714,3347.9
,"85+ years","85+","Kentucky","21","2009","2009","Female","F",1098,47465,2313.3
,"85+ years","85+","Kentucky","21","2009","2009","Male","M",595,20490,2903.9
,"85+ years","85+","Kentucky","21","2010","2010","Female","F",927,48188,1923.7
,"85+ years","85+","Kentucky","21","2010","2010","Male","M",635,21020,3020.9
,"85+ years","85+","Kentucky","21","2011","2011","Female","F",977,49273,1982.8
,"85+ years","85+","Kentucky","21","2011","2011","Male","M",580,22200,2612.6
,"85+ years","85+","Kentucky","21","2012","2012","Female","F",975,50029,1948.9
,"85+ years","85+","Kentucky","21","2012","2012","Male","M",604,22942,2632.7
,"85+ years","85+","Kentucky","21","2013","2013","Female","F",936,50771,1843.6
,"85+ years","85+","Kentucky","21","2013","2013","Male","M",550,23914,2299.9
,"85+ years","85+","Kentucky","21","2014","2014","Female","F",796,51171,1555.6
,"85+ years","85+","Kentucky","21","2014","2014","Male","M",570,24724,2305.5
,"85+ years","85+","Kentucky","21","2015","2015","Female","F",750,52001,1442.3
,"85+ years","85+","Kentucky","21","2015","2015","Male","M",538,25360,2121.5
,"85+ years","85+","Kentucky","21","2016","2016","Female","F",774,52294,1480.1
,"85+ years","85+","Kentucky","21","2016","2016","Male","M",588,25795,2279.5
,"85+ years","85+","Kentucky","21","2017","2017","Female","F",687,53179,1291.9
,"85+ years","85+","Kentucky","21","2017","2017","Male","M",533,26434,2016.3
,"85+ years","85+","Kentucky","21","2018","2018","Female","F",712,53490,1331.1
,"85+ years","85+","Kentucky","21","2018","2018","Male","M",585,27128,2156.4
,"85+ years","85+","Kentucky","21","2019","2019","Female","F",682,53946,1264.2
,"85+ years","85+","Kentucky","21","2019","2019","Male","M",567,27922,2030.7
,"85+ years","85+","Kentucky","21","2020","2020","Female","F",689,53978,1276.4
,"85+ years","85+","Kentucky","21","2020","2020","Male","M",600,28464,2107.9
,"85+ years","85+","Louisiana","22","1999","1999","Female","F",1485,41394,3587.5
,"85+ years","85+","Louisiana","22","1999","1999","Male","M",722,15996,4513.6
,"85+ years","85+","Louisiana","22","2000","2000","Female","F",1384,42358,3267.4
,"85+ years","85+","Louisiana","22","2000","2000","Male","M",663,16318,4063.0
,"85+ years","85+","Louisiana","22","2001","2001","Female","F",1401,41943,3340.2
,"85+ years","85+","Louisiana","22","2001","2001","Male","M",651,16366,3977.8
,"85+ years","85+","Louisiana","22","2002","2002","Female","F",1252,41661,3005.2
,"85+ years","85+","Louisiana","22","2002","2002","Male","M",613,16448,3726.9
,"85+ years","85+","Louisiana","22","2003","2003","Female","F",1305,41832,3119.6
,"85+ years","85+","Louisiana","22","2003","2003","Male","M",632,16730,3777.6
,"85+ years","85+","Louisiana","22","2004","2004","Female","F",1123,41842,2683.9
,"85+ years","85+","Louisiana","22","2004","2004","Male","M",580,17068,3398.2
,"85+ years","85+","Louisiana","22","2005","2005","Female","F",1145,42879,2670.3
,"85+ years","85+","Louisiana","22","2005","2005","Male","M",640,17814,3592.7
,"85+ years","85+","Louisiana","22","2006","2006","Female","F",979,41109,2381.5
,"85+ years","85+","Louisiana","22","2006","2006","Male","M",494,17595,2807.6
,"85+ years","85+","Louisiana","22","2007","2007","Female","F",897,42242,2123.5
,"85+ years","85+","Louisiana","22","2007","2007","Male","M",522,18533,2816.6
,"85+ years","85+","Louisiana","22","2008","2008","Female","F",938,43157,2173.5
,"85+ years","85+","Louisiana","22","2008","2008","Male","M",548,19528,2806.2
,"85+ years","85+","Louisiana","22","2009","2009","Female","F",851,43879,1939.4
,"85+ years","85+","Louisiana","22","2009","2009","Male","M",551,20379,2703.8
,"85+ years","85+","Louisiana","22","2010","2010","Female","F",849,44789,1895.6
,"85+ years","85+","Louisiana","22","2010","2010","Male","M",524,20897,2507.5
,"85+ years","85+","Louisiana","22","2011","2011","Female","F",815,46348,1758.4
,"85+ years","85+","Louisiana","22","2011","2011","Male","M",528,22156,2383.1
,"85+ years","85+","Louisiana","22","2012","2012","Female","F",775,47536,1630.3
,"85+ years","85+","Louisiana","22","2012","2012","Male","M",521,23204,2245.3
,"85+ years","85+","Louisiana","22","2013","2013","Female","F",746,48825,1527.9
,"85+ years","85+","Louisiana","22","2013","2013","Male","M",546,24461,2232.1
,"85+ years","85+","Louisiana","22","2014","2014","Female","F",727,49410,1471.4
,"85+ years","85+","Louisiana","22","2014","2014","Male","M",543,25016,2170.6
,"85+ years","85+","Louisiana","22","2015","2015","Female","F",727,50161,1449.3
,"85+ years","85+","Louisiana","22","2015","2015","Male","M",510,25818,1975.4
,"85+ years","85+","Louisiana","22","2016","2016","Female","F",648,51083,1268.5
,"85+ years","85+","Louisiana","22","2016","2016","Male","M",532,26378,2016.8
,"85+ years","85+","Louisiana","22","2017","2017","Female","F",679,52588,1291.2
,"85+ years","85+","Louisiana","22","2017","2017","Male","M",544,27340,1989.8
,"85+ years","85+","Louisiana","22","2018","2018","Female","F",695,53023,1310.8
,"85+ years","85+","Louisiana","22","2018","2018","Male","M",543,28027,1937.4
,"85+ years","85+","Louisiana","22","2019","2019","Female","F",669,53371,1253.5
,"85+ years","85+","Louisiana","22","2019","2019","Male","M",554,28686,1931.3
,"85+ years","85+","Louisiana","22","2020","2020","Female","F",708,53979,1311.6
,"85+ years","85+","Louisiana","22","2020","2020","Male","M",606,29288,2069.1
,"85+ years","85+","Maine","23","1999","1999","Female","F",609,16656,3656.3
,"85+ years","85+","Maine","23","1999","1999","Male","M",265,6227,4255.7
,"85+ years","85+","Maine","23","2000","2000","Female","F",570,16879,3377.0
,"85+ years","85+","Maine","23","2000","2000","Male","M",280,6437,4349.9
,"85+ years","85+","Maine","23","2001","2001","Female","F",601,17140,3506.4
,"85+ years","85+","Maine","23","2001","2001","Male","M",257,6709,3830.7
,"85+ years","85+","Maine","23","2002","2002","Female","F",514,17224,2984.2
,"85+ years","85+","Maine","23","2002","2002","Male","M",282,6965,4048.8
,"85+ years","85+","Maine","23","2003","2003","Female","F",536,17377,3084.5
,"85+ years","85+","Maine","23","2003","2003","Male","M",270,7160,3770.9
,"85+ years","85+","Maine","23","2004","2004","Female","F",503,17513,2872.2
,"85+ years","85+","Maine","23","2004","2004","Male","M",246,7413,3318.5
,"85+ years","85+","Maine","23","2005","2005","Female","F",455,17746,2564.0
,"85+ years","85+","Maine","23","2005","2005","Male","M",264,7647,3452.3
,"85+ years","85+","Maine","23","2006","2006","Female","F",418,18285,2286.0
,"85+ years","85+","Maine","23","2006","2006","Male","M",233,8019,2905.6
,"85+ years","85+","Maine","23","2007","2007","Female","F",405,18715,2164.0
,"85+ years","85+","Maine","23","2007","2007","Male","M",259,8293,3123.1
,"85+ years","85+","Maine","23","2008","2008","Female","F",468,19157,2443.0
,"85+ years","85+","Maine","23","2008","2008","Male","M",250,8758,2854.5
,"85+ years","85+","Maine","23","2009","2009","Female","F",373,19386,1924.1
,"85+ years","85+","Maine","23","2009","2009","Male","M",255,9029,2824.2
,"85+ years","85+","Maine","23","2010","2010","Female","F",380,19797,1919.5
,"85+ years","85+","Maine","23","2010","2010","Male","M",252,9339,2698.4
,"85+ years","85+","Maine","23","2011","2011","Female","F",377,20099,1875.7
,"85+ years","85+","Maine","23","2011","2011","Male","M",240,9702,2473.7
,"85+ years","85+","Maine","23","2012","2012","Female","F",356,20389,1746.0
,"85+ years","85+","Maine","23","2012","2012","Male","M",238,10084,2360.2
,"85+ years","85+","Maine","23","2013","2013","Female","F",380,20706,1835.2
,"85+ years","85+","Maine","23","2013","2013","Male","M",300,10440,2873.6
,"85+ years","85+","Maine","23","2014","2014","Female","F",355,20859,1701.9
,"85+ years","85+","Maine","23","2014","2014","Male","M",272,10862,2504.1
,"85+ years","85+","Maine","23","2015","2015","Female","F",350,21011,1665.8
,"85+ years","85+","Maine","23","2015","2015","Male","M",293,11014,2660.3
,"85+ years","85+","Maine","23","2016","2016","Female","F",332,21128,1571.4
,"85+ years","85+","Maine","23","2016","2016","Male","M",262,11162,2347.2
,"85+ years","85+","Maine","23","2017","2017","Female","F",317,21343,1485.3
,"85+ years","85+","Maine","23","2017","2017","Male","M",256,11385,2248.6
,"85+ years","85+","Maine","23","2018","2018","Female","F",330,21666,1523.1
,"85+ years","85+","Maine","23","2018","2018","Male","M",304,11753,2586.6
,"85+ years","85+","Maine","23","2019","2019","Female","F",314,21778,1441.8
,"85+ years","85+","Maine","23","2019","2019","Male","M",312,12022,2595.2
,"85+ years","85+","Maine","23","2020","2020","Female","F",359,21474,1671.8
,"85+ years","85+","Maine","23","2020","2020","Male","M",290,12151,2386.6
,"85+ years","85+","Maryland","24","1999","1999","Female","F",1965,47443,4141.8
,"85+ years","85+","Maryland","24","1999","1999","Male","M",821,18110,4533.4
,"85+ years","85+","Maryland","24","2000","2000","Female","F",2055,48192,4264.2
,"85+ years","85+","Maryland","24","2000","2000","Male","M",915,18710,4890.4
,"85+ years","85+","Maryland","24","2001","2001","Female","F",2000,49459,4043.8
,"85+ years","85+","Maryland","24","2001","2001","Male","M",890,19645,4530.4
,"85+ years","85+","Maryland","24","2002","2002","Female","F",1995,50673,3937.0
,"85+ years","85+","Maryland","24","2002","2002","Male","M",969,20440,4740.7
,"85+ years","85+","Maryland","24","2003","2003","Female","F",2006,52190,3843.6
,"85+ years","85+","Maryland","24","2003","2003","Male","M",989,21505,4598.9
,"85+ years","85+","Maryland","24","2004","2004","Female","F",1783,53353,3341.9
,"85+ years","85+","Maryland","24","2004","2004","Male","M",895,22577,3964.2
,"85+ years","85+","Maryland","24","2005","2005","Female","F",1880,55789,3369.8
,"85+ years","85+","Maryland","24","2005","2005","Male","M",957,24090,3972.6
,"85+ years","85+","Maryland","24","2006","2006","Female","F",1767,58330,3029.3
,"85+ years","85+","Maryland","24","2006","2006","Male","M",912,25753,3541.3
,"85+ years","85+","Maryland","24","2007","2007","Female","F",1882,60552,3108.1
,"85+ years","85+","Maryland","24","2007","2007","Male","M",982,27155,3616.3
,"85+ years","85+","Maryland","24","2008","2008","Female","F",1802,62901,2864.8
,"85+ years","85+","Maryland","24","2008","2008","Male","M",1047,28453,3679.8
,"85+ years","85+","Maryland","24","2009","2009","Female","F",1752,65407,2678.6
,"85+ years","85+","Maryland","24","2009","2009","Male","M",1049,29856,3513.5
,"85+ years","85+","Maryland","24","2010","2010","Female","F",1725,67116,2570.2
,"85+ years","85+","Maryland","24","2010","2010","Male","M",924,31010,2979.7
,"85+ years","85+","Maryland","24","2011","2011","Female","F",1661,69712,2382.7
,"85+ years","85+","Maryland","24","2011","2011","Male","M",1016,32696,3107.4
,"85+ years","85+","Maryland","24","2012","2012","Female","F",1694,71689,2363.0
,"85+ years","85+","Maryland","24","2012","2012","Male","M",1064,34119,3118.5
,"85+ years","85+","Maryland","24","2013","2013","Female","F",1605,73559,2181.9
,"85+ years","85+","Maryland","24","2013","2013","Male","M",1052,35627,2952.8
,"85+ years","85+","Maryland","24","2014","2014","Female","F",1456,74567,1952.6
,"85+ years","85+","Maryland","24","2014","2014","Male","M",1034,36441,2837.5
,"85+ years","85+","Maryland","24","2015","2015","Female","F",1582,75598,2092.6
,"85+ years","85+","Maryland","24","2015","2015","Male","M",1014,37616,2695.7
,"85+ years","85+","Maryland","24","2016","2016","Female","F",1382,76384,1809.3
,"85+ years","85+","Maryland","24","2016","2016","Male","M",952,38547,2469.7
,"85+ years","85+","Maryland","24","2017","2017","Female","F",1482,76817,1929.3
,"85+ years","85+","Maryland","24","2017","2017","Male","M",1027,39681,2588.1
,"85+ years","85+","Maryland","24","2018","2018","Female","F",1372,77817,1763.1
,"85+ years","85+","Maryland","24","2018","2018","Male","M",995,40586,2451.6
,"85+ years","85+","Maryland","24","2019","2019","Female","F",1344,78183,1719.0
,"85+ years","85+","Maryland","24","2019","2019","Male","M",1031,41210,2501.8
,"85+ years","85+","Maryland","24","2020","2020","Female","F",1392,78537,1772.4
,"85+ years","85+","Maryland","24","2020","2020","Male","M",971,41994,2312.2
,"85+ years","85+","Massachusetts","25","1999","1999","Female","F",2710,84570,3204.4
,"85+ years","85+","Massachusetts","25","1999","1999","Male","M",1207,30087,4011.7
,"85+ years","85+","Massachusetts","25","2000","2000","Female","F",2660,85744,3102.3
,"85+ years","85+","Massachusetts","25","2000","2000","Male","M",1177,30948,3803.2
,"85+ years","85+","Massachusetts","25","2001","2001","Female","F",2590,86176,3005.5
,"85+ years","85+","Massachusetts","25","2001","2001","Male","M",1101,31998,3440.8
,"85+ years","85+","Massachusetts","25","2002","2002","Female","F",2538,86497,2934.2
,"85+ years","85+","Massachusetts","25","2002","2002","Male","M",1242,33004,3763.2
,"85+ years","85+","Massachusetts","25","2003","2003","Female","F",2478,88296,2806.5
,"85+ years","85+","Massachusetts","25","2003","2003","Male","M",1223,34496,3545.3
,"85+ years","85+","Massachusetts","25","2004","2004","Female","F",2248,89085,2523.4
,"85+ years","85+","Massachusetts","25","2004","2004","Male","M",1155,35634,3241.3
,"85+ years","85+","Massachusetts","25","2005","2005","Female","F",2245,90888,2470.1
,"85+ years","85+","Massachusetts","25","2005","2005","Male","M",1141,37138,3072.3
,"85+ years","85+","Massachusetts","25","2006","2006","Female","F",2286,92949,2459.4
,"85+ years","85+","Massachusetts","25","2006","2006","Male","M",1136,38739,2932.4
,"85+ years","85+","Massachusetts","25","2007","2007","Female","F",2154,95114,2264.7
,"85+ years","85+","Massachusetts","25","2007","2007","Male","M",1219,40626,3000.5
,"85+ years","85+","Massachusetts","25","2008","2008","Female","F",2183,97142,2247.2
,"85+ years","85+","Massachusetts","25","2008","2008","Male","M",1267,42170,3004.5
,"85+ years","85+","Massachusetts","25","2009","2009","Female","F",2015,99358,2028.0
,"85+ years","85+","Massachusetts","25","2009","2009","Male","M",1244,43813,2839.3
,"85+ years","85+","Massachusetts","25","2010","2010","Female","F",2037,100174,2033.5
,"85+ years","85+","Massachusetts","25","2010","2010","Male","M",1203,45025,2671.8
,"85+ years","85+","Massachusetts","25","2011","2011","Female","F",1791,102905,1740.4
,"85+ years","85+","Massachusetts","25","2011","2011","Male","M",1272,47174,2696.4
,"85+ years","85+","Massachusetts","25","2012","2012","Female","F",1801,104611,1721.6
,"85+ years","85+","Massachusetts","25","2012","2012","Male","M",1171,48502,2414.3
,"85+ years","85+","Massachusetts","25","2013","2013","Female","F",1741,105823,1645.2
,"85+ years","85+","Massachusetts","25","2013","2013","Male","M",1292,50058,2581.0
,"85+ years","85+","Massachusetts","25","2014","2014","Female","F",1692,106301,1591.7
,"85+ years","85+","Massachusetts","25","2014","2014","Male","M",1207,50893,2371.6
,"85+ years","85+","Massachusetts","25","2015","2015","Female","F",1691,106870,1582.3
,"85+ years","85+","Massachusetts","25","2015","2015","Male","M",1240,51688,2399.0
,"85+ years","85+","Massachusetts","25","2016","2016","Female","F",1538,106745,1440.8
,"85+ years","85+","Massachusetts","25","2016","2016","Male","M",1158,52061,2224.3
,"85+ years","85+","Massachusetts","25","2017","2017","Female","F",1410,107179,1315.6
,"85+ years","85+","Massachusetts","25","2017","2017","Male","M",1218,53311,2284.7
,"85+ years","85+","Massachusetts","25","2018","2018","Female","F",1405,106344,1321.2
,"85+ years","85+","Massachusetts","25","2018","2018","Male","M",1135,53508,2121.2
,"85+ years","85+","Massachusetts","25","2019","2019","Female","F",1257,105610,1190.2
,"85+ years","85+","Massachusetts","25","2019","2019","Male","M",1138,53913,2110.8
,"85+ years","85+","Massachusetts","25","2020","2020","Female","F",1195,104454,1144.0
,"85+ years","85+","Massachusetts","25","2020","2020","Male","M",1024,53916,1899.3
,"85+ years","85+","Michigan","26","1999","1999","Female","F",4436,100071,4432.9
,"85+ years","85+","Michigan","26","1999","1999","Male","M",2068,39713,5207.4
,"85+ years","85+","Michigan","26","2000","2000","Female","F",4559,101710,4482.4
,"85+ years","85+","Michigan","26","2000","2000","Male","M",2139,40750,5249.1
,"85+ years","85+","Michigan","26","2001","2001","Female","F",4530,104028,4354.6
,"85+ years","85+","Michigan","26","2001","2001","Male","M",2158,42288,5103.1
,"85+ years","85+","Michigan","26","2002","2002","Female","F",4273,105857,4036.6
,"85+ years","85+","Michigan","26","2002","2002","Male","M",2175,43512,4998.6
,"85+ years","85+","Michigan","26","2003","2003","Female","F",4135,108840,3799.2
,"85+ years","85+","Michigan","26","2003","2003","Male","M",2122,45301,4684.2
,"85+ years","85+","Michigan","26","2004","2004","Female","F",3975,110492,3597.5
,"85+ years","85+","Michigan","26","2004","2004","Male","M",2091,46915,4457.0
,"85+ years","85+","Michigan","26","2005","2005","Female","F",3944,113304,3480.9
,"85+ years","85+","Michigan","26","2005","2005","Male","M",2061,48726,4229.8
,"85+ years","85+","Michigan","26","2006","2006","Female","F",3744,117557,3184.8
,"85+ years","85+","Michigan","26","2006","2006","Male","M",2116,51462,4111.8
,"85+ years","85+","Michigan","26","2007","2007","Female","F",3726,121312,3071.4
,"85+ years","85+","Michigan","26","2007","2007","Male","M",2229,54201,4112.5
,"85+ years","85+","Michigan","26","2008","2008","Female","F",3910,124127,3150.0
,"85+ years","85+","Michigan","26","2008","2008","Male","M",2215,56522,3918.8
,"85+ years","85+","Michigan","26","2009","2009","Female","F",3571,127446,2802.0
,"85+ years","85+","Michigan","26","2009","2009","Male","M",2175,59280,3669.0
,"85+ years","85+","Michigan","26","2010","2010","Female","F",3618,130288,2776.9
,"85+ years","85+","Michigan","26","2010","2010","Male","M",2254,61593,3659.5
,"85+ years","85+","Michigan","26","2011","2011","Female","F",3528,134442,2624.2
,"85+ years","85+","Michigan","26","2011","2011","Male","M",2305,64813,3556.4
,"85+ years","85+","Michigan","26","2012","2012","Female","F",3497,136781,2556.6
,"85+ years","85+","Michigan","26","2012","2012","Male","M",2257,67133,3362.0
,"85+ years","85+","Michigan","26","2013","2013","Female","F",3450,138815,2485.3
,"85+ years","85+","Michigan","26","2013","2013","Male","M",2298,69819,3291.4
,"85+ years","85+","Michigan","26","2014","2014","Female","F",3347,139481,2399.6
,"85+ years","85+","Michigan","26","2014","2014","Male","M",2412,71340,3381.0
,"85+ years","85+","Michigan","26","2015","2015","Female","F",3208,140225,2287.8
,"85+ years","85+","Michigan","26","2015","2015","Male","M",2292,72687,3153.2
,"85+ years","85+","Michigan","26","2016","2016","Female","F",3182,140386,2266.6
,"85+ years","85+","Michigan","26","2016","2016","Male","M",2192,72903,3006.7
,"85+ years","85+","Michigan","26","2017","2017","Female","F",3103,139831,2219.1
,"85+ years","85+","Michigan","26","2017","2017","Male","M",2246,73927,3038.1
,"85+ years","85+","Michigan","26","2018","2018","Female","F",2998,139591,2147.7
,"85+ years","85+","Michigan","26","2018","2018","Male","M",2234,74395,3002.9
,"85+ years","85+","Michigan","26","2019","2019","Female","F",2795,138217,2022.2
,"85+ years","85+","Michigan","26","2019","2019","Male","M",2240,74919,2989.9
,"85+ years","85+","Michigan","26","2020","2020","Female","F",2805,136730,2051.5
,"85+ years","85+","Michigan","26","2020","2020","Male","M",2265,74983,3020.7
,"85+ years","85+","Minnesota","27","1999","1999","Female","F",1453,60953,2383.8
,"85+ years","85+","Minnesota","27","1999","1999","Male","M",853,23864,3574.4
,"85+ years","85+","Minnesota","27","2000","2000","Female","F",1409,61293,2298.8
,"85+ years","85+","Minnesota","27","2000","2000","Male","M",789,24308,3245.8
,"85+ years","85+","Minnesota","27","2001","2001","Female","F",1282,62574,2048.8
,"85+ years","85+","Minnesota","27","2001","2001","Male","M",828,25254,3278.7
,"85+ years","85+","Minnesota","27","2002","2002","Female","F",1366,63349,2156.3
,"85+ years","85+","Minnesota","27","2002","2002","Male","M",811,25989,3120.6
,"85+ years","85+","Minnesota","27","2003","2003","Female","F",1199,64635,1855.0
,"85+ years","85+","Minnesota","27","2003","2003","Male","M",804,26907,2988.1
,"85+ years","85+","Minnesota","27","2004","2004","Female","F",1206,65378,1844.7
,"85+ years","85+","Minnesota","27","2004","2004","Male","M",712,27673,2572.9
,"85+ years","85+","Minnesota","27","2005","2005","Female","F",1080,66164,1632.3
,"85+ years","85+","Minnesota","27","2005","2005","Male","M",788,28459,2768.9
,"85+ years","85+","Minnesota","27","2006","2006","Female","F",1030,67695,1521.5
,"85+ years","85+","Minnesota","27","2006","2006","Male","M",721,29990,2404.1
,"85+ years","85+","Minnesota","27","2007","2007","Female","F",1048,69209,1514.3
,"85+ years","85+","Minnesota","27","2007","2007","Male","M",756,31107,2430.3
,"85+ years","85+","Minnesota","27","2008","2008","Female","F",940,70564,1332.1
,"85+ years","85+","Minnesota","27","2008","2008","Male","M",717,32584,2200.5
,"85+ years","85+","Minnesota","27","2009","2009","Female","F",984,71408,1378.0
,"85+ years","85+","Minnesota","27","2009","2009","Male","M",731,33427,2186.9
,"85+ years","85+","Minnesota","27","2010","2010","Female","F",966,72357,1335.0
,"85+ years","85+","Minnesota","27","2010","2010","Male","M",723,34307,2107.4
,"85+ years","85+","Minnesota","27","2011","2011","Female","F",863,74391,1160.1
,"85+ years","85+","Minnesota","27","2011","2011","Male","M",745,36223,2056.7
,"85+ years","85+","Minnesota","27","2012","2012","Female","F",908,75251,1206.6
,"85+ years","85+","Minnesota","27","2012","2012","Male","M",749,37368,2004.4
,"85+ years","85+","Minnesota","27","2013","2013","Female","F",921,76340,1206.4
,"85+ years","85+","Minnesota","27","2013","2013","Male","M",819,38865,2107.3
,"85+ years","85+","Minnesota","27","2014","2014","Female","F",814,76931,1058.1
,"85+ years","85+","Minnesota","27","2014","2014","Male","M",775,39731,1950.6
,"85+ years","85+","Minnesota","27","2015","2015","Female","F",843,77560,1086.9
,"85+ years","85+","Minnesota","27","2015","2015","Male","M",783,40649,1926.2
,"85+ years","85+","Minnesota","27","2016","2016","Female","F",827,77904,1061.6
,"85+ years","85+","Minnesota","27","2016","2016","Male","M",814,41460,1963.3
,"85+ years","85+","Minnesota","27","2017","2017","Female","F",898,78396,1145.5
,"85+ years","85+","Minnesota","27","2017","2017","Male","M",825,42174,1956.2
,"85+ years","85+","Minnesota","27","2018","2018","Female","F",848,78748,1076.9
,"85+ years","85+","Minnesota","27","2018","2018","Male","M",875,42936,2037.9
,"85+ years","85+","Minnesota","27","2019","2019","Female","F",849,78603,1080.1
,"85+ years","85+","Minnesota","27","2019","2019","Male","M",889,44007,2020.1
,"85+ years","85+","Minnesota","27","2020","2020","Female","F",767,78514,976.9
,"85+ years","85+","Minnesota","27","2020","2020","Male","M",854,44233,1930.7
,"85+ years","85+","Mississippi","28","1999","1999","Female","F",1200,30630,3917.7
,"85+ years","85+","Mississippi","28","1999","1999","Male","M",487,11636,4185.3
,"85+ years","85+","Mississippi","28","2000","2000","Female","F",1146,31112,3683.5
,"85+ years","85+","Mississippi","28","2000","2000","Male","M",439,11779,3727.0
,"85+ years","85+","Mississippi","28","2001","2001","Female","F",1113,30431,3657.5
,"85+ years","85+","Mississippi","28","2001","2001","Male","M",480,11491,4177.2
,"85+ years","85+","Mississippi","28","2002","2002","Female","F",1016,29832,3405.7
,"85+ years","85+","Mississippi","28","2002","2002","Male","M",407,11250,3617.8
,"85+ years","85+","Mississippi","28","2003","2003","Female","F",884,29407,3006.1
,"85+ years","85+","Mississippi","28","2003","2003","Male","M",420,11124,3775.6
,"85+ years","85+","Mississippi","28","2004","2004","Female","F",814,29369,2771.6
,"85+ years","85+","Mississippi","28","2004","2004","Male","M",375,11183,3353.3
,"85+ years","85+","Mississippi","28","2005","2005","Female","F",880,29918,2941.4
,"85+ years","85+","Mississippi","28","2005","2005","Male","M",384,11562,3321.2
,"85+ years","85+","Mississippi","28","2006","2006","Female","F",827,30149,2743.0
,"85+ years","85+","Mississippi","28","2006","2006","Male","M",338,11572,2920.8
,"85+ years","85+","Mississippi","28","2007","2007","Female","F",739,30504,2422.6
,"85+ years","85+","Mississippi","28","2007","2007","Male","M",304,11887,2557.4
,"85+ years","85+","Mississippi","28","2008","2008","Female","F",764,30783,2481.9
,"85+ years","85+","Mississippi","28","2008","2008","Male","M",387,12267,3154.8
,"85+ years","85+","Mississippi","28","2009","2009","Female","F",674,31062,2169.9
,"85+ years","85+","Mississippi","28","2009","2009","Male","M",370,12617,2932.6
,"85+ years","85+","Mississippi","28","2010","2010","Female","F",625,31313,1996.0
,"85+ years","85+","Mississippi","28","2010","2010","Male","M",307,13046,2353.2
,"85+ years","85+","Mississippi","28","2011","2011","Female","F",603,31896,1890.5
,"85+ years","85+","Mississippi","28","2011","2011","Male","M",312,13542,2303.9
,"85+ years","85+","Mississippi","28","2012","2012","Female","F",587,32919,1783.2
,"85+ years","85+","Mississippi","28","2012","2012","Male","M",316,14310,2208.2
,"85+ years","85+","Mississippi","28","2013","2013","Female","F",552,33582,1643.7
,"85+ years","85+","Mississippi","28","2013","2013","Male","M",354,15223,2325.4
,"85+ years","85+","Mississippi","28","2014","2014","Female","F",485,34025,1425.4
,"85+ years","85+","Mississippi","28","2014","2014","Male","M",302,15610,1934.7
,"85+ years","85+","Mississippi","28","2015","2015","Female","F",502,34264,1465.1
,"85+ years","85+","Mississippi","28","2015","2015","Male","M",335,16032,2089.6
,"85+ years","85+","Mississippi","28","2016","2016","Female","F",514,34589,1486.0
,"85+ years","85+","Mississippi","28","2016","2016","Male","M",397,16375,2424.4
,"85+ years","85+","Mississippi","28","2017","2017","Female","F",476,34869,1365.1
,"85+ years","85+","Mississippi","28","2017","2017","Male","M",345,16592,2079.3
,"85+ years","85+","Mississippi","28","2018","2018","Female","F",444,35336,1256.5
,"85+ years","85+","Mississippi","28","2018","2018","Male","M",384,17005,2258.2
,"85+ years","85+","Mississippi","28","2019","2019","Female","F",501,35130,1426.1
,"85+ years","85+","Mississippi","28","2019","2019","Male","M",370,17168,2155.2
,"85+ years","85+","Mississippi","28","2020","2020","Female","F",503,35429,1419.7
,"85+ years","85+","Mississippi","28","2020","2020","Male","M",379,17886,2119.0
,"85+ years","85+","Missouri","29","1999","1999","Female","F",3260,71189,4579.4
,"85+ years","85+","Missouri","29","1999","1999","Male","M",1417,26530,5341.1
,"85+ years","85+","Missouri","29","2000","2000","Female","F",3125,71628,4362.8
,"85+ years","85+","Missouri","29","2000","2000","Male","M",1413,26943,5244.4
,"85+ years","85+","Missouri","29","2001","2001","Female","F",2925,71781,4074.9
,"85+ years","85+","Missouri","29","2001","2001","Male","M",1286,27363,4699.8
,"85+ years","85+","Missouri","29","2002","2002","Female","F",2882,71487,4031.5
,"85+ years","85+","Missouri","29","2002","2002","Male","M",1332,27577,4830.1
,"85+ years","85+","Missouri","29","2003","2003","Female","F",2762,71705,3851.9
,"85+ years","85+","Missouri","29","2003","2003","Male","M",1309,28097,4658.9
,"85+ years","85+","Missouri","29","2004","2004","Female","F",2516,71655,3511.3
,"85+ years","85+","Missouri","29","2004","2004","Male","M",1215,28552,4255.4
,"85+ years","85+","Missouri","29","2005","2005","Female","F",2503,72525,3451.2
,"85+ years","85+","Missouri","29","2005","2005","Male","M",1251,29583,4228.8
,"85+ years","85+","Missouri","29","2006","2006","Female","F",2455,73779,3327.5
,"85+ years","85+","Missouri","29","2006","2006","Male","M",1255,30906,4060.7
,"85+ years","85+","Missouri","29","2007","2007","Female","F",2331,74975,3109.0
,"85+ years","85+","Missouri","29","2007","2007","Male","M",1199,32313,3710.6
,"85+ years","85+","Missouri","29","2008","2008","Female","F",2359,75852,3110.0
,"85+ years","85+","Missouri","29","2008","2008","Male","M",1311,33483,3915.4
,"85+ years","85+","Missouri","29","2009","2009","Female","F",2066,76855,2688.2
,"85+ years","85+","Missouri","29","2009","2009","Male","M",1213,34759,3489.7
,"85+ years","85+","Missouri","29","2010","2010","Female","F",2104,77923,2700.1
,"85+ years","85+","Missouri","29","2010","2010","Male","M",1208,35856,3369.0
,"85+ years","85+","Missouri","29","2011","2011","Female","F",1887,79887,2362.1
,"85+ years","85+","Missouri","29","2011","2011","Male","M",1207,37712,3200.6
,"85+ years","85+","Missouri","29","2012","2012","Female","F",1870,81153,2304.3
,"85+ years","85+","Missouri","29","2012","2012","Male","M",1206,39132,3081.9
,"85+ years","85+","Missouri","29","2013","2013","Female","F",1719,82364,2087.1
,"85+ years","85+","Missouri","29","2013","2013","Male","M",1141,40488,2818.1
,"85+ years","85+","Missouri","29","2014","2014","Female","F",1612,83292,1935.4
,"85+ years","85+","Missouri","29","2014","2014","Male","M",1117,41713,2677.8
,"85+ years","85+","Missouri","29","2015","2015","Female","F",1640,84033,1951.6
,"85+ years","85+","Missouri","29","2015","2015","Male","M",1122,42697,2627.8
,"85+ years","85+","Missouri","29","2016","2016","Female","F",1524,84676,1799.8
,"85+ years","85+","Missouri","29","2016","2016","Male","M",1124,43621,2576.7
,"85+ years","85+","Missouri","29","2017","2017","Female","F",1482,85396,1735.4
,"85+ years","85+","Missouri","29","2017","2017","Male","M",1179,44604,2643.3
,"85+ years","85+","Missouri","29","2018","2018","Female","F",1478,86284,1712.9
,"85+ years","85+","Missouri","29","2018","2018","Male","M",1120,45600,2456.1
,"85+ years","85+","Missouri","29","2019","2019","Female","F",1335,86837,1537.4
,"85+ years","85+","Missouri","29","2019","2019","Male","M",1079,46694,2310.8
,"85+ years","85+","Missouri","29","2020","2020","Female","F",1409,86675,1625.6
,"85+ years","85+","Missouri","29","2020","2020","Male","M",1070,47278,2263.2
,"85+ years","85+","Montana","30","1999","1999","Female","F",212,10283,2061.7
,"85+ years","85+","Montana","30","1999","1999","Male","M",134,4718,2840.2
,"85+ years","85+","Montana","30","2000","2000","Female","F",202,10455,1932.1
,"85+ years","85+","Montana","30","2000","2000","Male","M",132,4882,2703.8
,"85+ years","85+","Montana","30","2001","2001","Female","F",222,10829,2050.1
,"85+ years","85+","Montana","30","2001","2001","Male","M",138,5037,2739.7
,"85+ years","85+","Montana","30","2002","2002","Female","F",207,10973,1886.4
,"85+ years","85+","Montana","30","2002","2002","Male","M",165,5249,3143.5
,"85+ years","85+","Montana","30","2003","2003","Female","F",212,11209,1891.3
,"85+ years","85+","Montana","30","2003","2003","Male","M",165,5391,3060.7
,"85+ years","85+","Montana","30","2004","2004","Female","F",198,11498,1722.0
,"85+ years","85+","Montana","30","2004","2004","Male","M",132,5627,2345.8
,"85+ years","85+","Montana","30","2005","2005","Female","F",203,11806,1719.5
,"85+ years","85+","Montana","30","2005","2005","Male","M",170,5850,2906.0
,"85+ years","85+","Montana","30","2006","2006","Female","F",198,12087,1638.1
,"85+ years","85+","Montana","30","2006","2006","Male","M",162,6117,2648.4
,"85+ years","85+","Montana","30","2007","2007","Female","F",164,12314,1331.8
,"85+ years","85+","Montana","30","2007","2007","Male","M",169,6506,2597.6
,"85+ years","85+","Montana","30","2008","2008","Female","F",192,12558,1528.9
,"85+ years","85+","Montana","30","2008","2008","Male","M",153,6628,2308.4
,"85+ years","85+","Montana","30","2009","2009","Female","F",186,12849,1447.6
,"85+ years","85+","Montana","30","2009","2009","Male","M",157,6816,2303.4
,"85+ years","85+","Montana","30","2010","2010","Female","F",163,13005,1253.4
,"85+ years","85+","Montana","30","2010","2010","Male","M",166,7016,2366.0
,"85+ years","85+","Montana","30","2011","2011","Female","F",148,13334,1109.9
,"85+ years","85+","Montana","30","2011","2011","Male","M",165,7401,2229.4
,"85+ years","85+","Montana","30","2012","2012","Female","F",166,13506,1229.1
,"85+ years","85+","Montana","30","2012","2012","Male","M",155,7575,2046.2
,"85+ years","85+","Montana","30","2013","2013","Female","F",191,13713,1392.8
,"85+ years","85+","Montana","30","2013","2013","Male","M",158,7849,2013.0
,"85+ years","85+","Montana","30","2014","2014","Female","F",170,13884,1224.4
,"85+ years","85+","Montana","30","2014","2014","Male","M",147,8101,1814.6
,"85+ years","85+","Montana","30","2015","2015","Female","F",172,14080,1221.6
,"85+ years","85+","Montana","30","2015","2015","Male","M",166,8345,1989.2
,"85+ years","85+","Montana","30","2016","2016","Female","F",178,14252,1248.9
,"85+ years","85+","Montana","30","2016","2016","Male","M",185,8523,2170.6
,"85+ years","85+","Montana","30","2017","2017","Female","F",178,13948,1276.2
,"85+ years","85+","Montana","30","2017","2017","Male","M",200,8436,2370.8
,"85+ years","85+","Montana","30","2018","2018","Female","F",185,14033,1318.3
,"85+ years","85+","Montana","30","2018","2018","Male","M",191,8662,2205.0
,"85+ years","85+","Montana","30","2019","2019","Female","F",184,13990,1315.2
,"85+ years","85+","Montana","30","2019","2019","Male","M",195,8865,2199.7
,"85+ years","85+","Montana","30","2020","2020","Female","F",170,13984,1215.7
,"85+ years","85+","Montana","30","2020","2020","Male","M",205,9088,2255.7
,"85+ years","85+","Nebraska","31","1999","1999","Female","F",679,24456,2776.4
,"85+ years","85+","Nebraska","31","1999","1999","Male","M",335,9399,3564.2
,"85+ years","85+","Nebraska","31","2000","2000","Female","F",691,24391,2833.0
,"85+ years","85+","Nebraska","31","2000","2000","Male","M",378,9562,3953.1
,"85+ years","85+","Nebraska","31","2001","2001","Female","F",703,24578,2860.3
,"85+ years","85+","Nebraska","31","2001","2001","Male","M",332,9805,3386.0
,"85+ years","85+","Nebraska","31","2002","2002","Female","F",649,24508,2648.1
,"85+ years","85+","Nebraska","31","2002","2002","Male","M",394,9964,3954.2
,"85+ years","85+","Nebraska","31","2003","2003","Female","F",611,24564,2487.4
,"85+ years","85+","Nebraska","31","2003","2003","Male","M",357,10195,3501.7
,"85+ years","85+","Nebraska","31","2004","2004","Female","F",538,24559,2190.6
,"85+ years","85+","Nebraska","31","2004","2004","Male","M",348,10291,3381.6
,"85+ years","85+","Nebraska","31","2005","2005","Female","F",549,24996,2196.4
,"85+ years","85+","Nebraska","31","2005","2005","Male","M",379,10588,3579.5
,"85+ years","85+","Nebraska","31","2006","2006","Female","F",503,25318,1986.7
,"85+ years","85+","Nebraska","31","2006","2006","Male","M",277,11000,2518.2
,"85+ years","85+","Nebraska","31","2007","2007","Female","F",545,25823,2110.5
,"85+ years","85+","Nebraska","31","2007","2007","Male","M",331,11539,2868.5
,"85+ years","85+","Nebraska","31","2008","2008","Female","F",511,25861,1975.9
,"85+ years","85+","Nebraska","31","2008","2008","Male","M",333,11899,2798.6
,"85+ years","85+","Nebraska","31","2009","2009","Female","F",454,26169,1734.9
,"85+ years","85+","Nebraska","31","2009","2009","Male","M",303,12493,2425.4
,"85+ years","85+","Nebraska","31","2010","2010","Female","F",466,26518,1757.3
,"85+ years","85+","Nebraska","31","2010","2010","Male","M",344,12790,2689.6
,"85+ years","85+","Nebraska","31","2011","2011","Female","F",441,27084,1628.3
,"85+ years","85+","Nebraska","31","2011","2011","Male","M",343,13434,2553.2
,"85+ years","85+","Nebraska","31","2012","2012","Female","F",414,27226,1520.6
,"85+ years","85+","Nebraska","31","2012","2012","Male","M",339,13724,2470.1
,"85+ years","85+","Nebraska","31","2013","2013","Female","F",429,27384,1566.6
,"85+ years","85+","Nebraska","31","2013","2013","Male","M",348,14071,2473.2
,"85+ years","85+","Nebraska","31","2014","2014","Female","F",383,27469,1394.3
,"85+ years","85+","Nebraska","31","2014","2014","Male","M",327,14383,2273.5
,"85+ years","85+","Nebraska","31","2015","2015","Female","F",371,27576,1345.4
,"85+ years","85+","Nebraska","31","2015","2015","Male","M",364,14648,2485.0
,"85+ years","85+","Nebraska","31","2016","2016","Female","F",399,27769,1436.9
,"85+ years","85+","Nebraska","31","2016","2016","Male","M",314,15053,2086.0
,"85+ years","85+","Nebraska","31","2017","2017","Female","F",432,27858,1550.7
,"85+ years","85+","Nebraska","31","2017","2017","Male","M",394,15138,2602.7
,"85+ years","85+","Nebraska","31","2018","2018","Female","F",408,27836,1465.7
,"85+ years","85+","Nebraska","31","2018","2018","Male","M",339,15242,2224.1
,"85+ years","85+","Nebraska","31","2019","2019","Female","F",359,27630,1299.3
,"85+ years","85+","Nebraska","31","2019","2019","Male","M",344,15428,2229.7
,"85+ years","85+","Nebraska","31","2020","2020","Female","F",365,27252,1339.4
,"85+ years","85+","Nebraska","31","2020","2020","Male","M",310,15378,2015.9
,"85+ years","85+","Nevada","32","1999","1999","Female","F",357,10972,3253.7
,"85+ years","85+","Nevada","32","1999","1999","Male","M",186,5362,3468.9
,"85+ years","85+","Nevada","32","2000","2000","Female","F",321,11345,2829.4
,"85+ years","85+","Nevada","32","2000","2000","Male","M",187,5644,3313.3
,"85+ years","85+","Nevada","32","2001","2001","Female","F",337,12223,2757.1
,"85+ years","85+","Nevada","32","2001","2001","Male","M",196,6171,3176.1
,"85+ years","85+","Nevada","32","2002","2002","Female","F",343,12748,2690.6
,"85+ years","85+","Nevada","32","2002","2002","Male","M",208,6595,3153.9
,"85+ years","85+","Nevada","32","2003","2003","Female","F",361,13560,2662.2
,"85+ years","85+","Nevada","32","2003","2003","Male","M",225,7016,3207.0
,"85+ years","85+","Nevada","32","2004","2004","Female","F",317,14233,2227.2
,"85+ years","85+","Nevada","32","2004","2004","Male","M",246,7437,3307.8
,"85+ years","85+","Nevada","32","2005","2005","Female","F",324,15047,2153.3
,"85+ years","85+","Nevada","32","2005","2005","Male","M",231,7991,2890.8
,"85+ years","85+","Nevada","32","2006","2006","Female","F",343,15805,2170.2
,"85+ years","85+","Nevada","32","2006","2006","Male","M",243,8612,2821.6
,"85+ years","85+","Nevada","32","2007","2007","Female","F",283,16817,1682.8
,"85+ years","85+","Nevada","32","2007","2007","Male","M",227,9348,2428.3
,"85+ years","85+","Nevada","32","2008","2008","Female","F",319,17620,1810.4
,"85+ years","85+","Nevada","32","2008","2008","Male","M",240,10009,2397.8
,"85+ years","85+","Nevada","32","2009","2009","Female","F",311,18543,1677.2
,"85+ years","85+","Nevada","32","2009","2009","Male","M",261,10486,2489.0
,"85+ years","85+","Nevada","32","2010","2010","Female","F",364,19170,1898.8
,"85+ years","85+","Nevada","32","2010","2010","Male","M",243,11017,2205.7
,"85+ years","85+","Nevada","32","2011","2011","Female","F",365,20780,1756.5
,"85+ years","85+","Nevada","32","2011","2011","Male","M",312,12211,2555.1
,"85+ years","85+","Nevada","32","2012","2012","Female","F",358,21890,1635.4
,"85+ years","85+","Nevada","32","2012","2012","Male","M",338,12854,2629.5
,"85+ years","85+","Nevada","32","2013","2013","Female","F",410,22661,1809.3
,"85+ years","85+","Nevada","32","2013","2013","Male","M",309,13691,2257.0
,"85+ years","85+","Nevada","32","2014","2014","Female","F",404,23226,1739.4
,"85+ years","85+","Nevada","32","2014","2014","Male","M",346,14538,2380.0
,"85+ years","85+","Nevada","32","2015","2015","Female","F",440,24170,1820.4
,"85+ years","85+","Nevada","32","2015","2015","Male","M",357,15478,2306.5
,"85+ years","85+","Nevada","32","2016","2016","Female","F",546,25080,2177.0
,"85+ years","85+","Nevada","32","2016","2016","Male","M",529,16457,3214.4
,"85+ years","85+","Nevada","32","2017","2017","Female","F",493,24564,2007.0
,"85+ years","85+","Nevada","32","2017","2017","Male","M",481,16964,2835.4
,"85+ years","85+","Nevada","32","2018","2018","Female","F",521,25481,2044.7
,"85+ years","85+","Nevada","32","2018","2018","Male","M",474,17881,2650.9
,"85+ years","85+","Nevada","32","2019","2019","Female","F",510,26168,1948.9
,"85+ years","85+","Nevada","32","2019","2019","Male","M",514,18648,2756.3
,"85+ years","85+","Nevada","32","2020","2020","Female","F",519,27219,1906.8
,"85+ years","85+","Nevada","32","2020","2020","Male","M",534,19695,2711.3
,"85+ years","85+","New Hampshire","33","1999","1999","Female","F",551,13004,4237.2
,"85+ years","85+","New Hampshire","33","1999","1999","Male","M",235,4869,4826.5
,"85+ years","85+","New Hampshire","33","2000","2000","Female","F",566,13182,4293.7
,"85+ years","85+","New Hampshire","33","2000","2000","Male","M",263,5049,5209.0
,"85+ years","85+","New Hampshire","33","2001","2001","Female","F",568,13402,4238.2
,"85+ years","85+","New Hampshire","33","2001","2001","Male","M",268,5285,5071.0
,"85+ years","85+","New Hampshire","33","2002","2002","Female","F",530,13579,3903.1
,"85+ years","85+","New Hampshire","33","2002","2002","Male","M",264,5473,4823.7
,"85+ years","85+","New Hampshire","33","2003","2003","Female","F",539,13872,3885.5
,"85+ years","85+","New Hampshire","33","2003","2003","Male","M",253,5683,4451.9
,"85+ years","85+","New Hampshire","33","2004","2004","Female","F",495,14381,3442.0
,"85+ years","85+","New Hampshire","33","2004","2004","Male","M",247,6060,4075.9
,"85+ years","85+","New Hampshire","33","2005","2005","Female","F",471,14793,3183.9
,"85+ years","85+","New Hampshire","33","2005","2005","Male","M",270,6404,4216.1
,"85+ years","85+","New Hampshire","33","2006","2006","Female","F",393,15444,2544.7
,"85+ years","85+","New Hampshire","33","2006","2006","Male","M",230,6898,3334.3
,"85+ years","85+","New Hampshire","33","2007","2007","Female","F",435,15961,2725.4
,"85+ years","85+","New Hampshire","33","2007","2007","Male","M",242,7209,3356.9
,"85+ years","85+","New Hampshire","33","2008","2008","Female","F",407,16249,2504.8
,"85+ years","85+","New Hampshire","33","2008","2008","Male","M",262,7529,3479.9
,"85+ years","85+","New Hampshire","33","2009","2009","Female","F",311,16393,1897.2
,"85+ years","85+","New Hampshire","33","2009","2009","Male","M",252,7776,3240.7
,"85+ years","85+","New Hampshire","33","2010","2010","Female","F",340,16710,2034.7
,"85+ years","85+","New Hampshire","33","2010","2010","Male","M",258,8051,3204.6
,"85+ years","85+","New Hampshire","33","2011","2011","Female","F",359,17242,2082.1
,"85+ years","85+","New Hampshire","33","2011","2011","Male","M",253,8414,3006.9
,"85+ years","85+","New Hampshire","33","2012","2012","Female","F",373,17715,2105.6
,"85+ years","85+","New Hampshire","33","2012","2012","Male","M",251,8699,2885.4
,"85+ years","85+","New Hampshire","33","2013","2013","Female","F",330,18314,1801.9
,"85+ years","85+","New Hampshire","33","2013","2013","Male","M",237,9150,2590.2
,"85+ years","85+","New Hampshire","33","2014","2014","Female","F",332,18483,1796.2
,"85+ years","85+","New Hampshire","33","2014","2014","Male","M",256,9392,2725.7
,"85+ years","85+","New Hampshire","33","2015","2015","Female","F",306,19111,1601.2
,"85+ years","85+","New Hampshire","33","2015","2015","Male","M",262,9833,2664.5
,"85+ years","85+","New Hampshire","33","2016","2016","Female","F",283,19214,1472.9
,"85+ years","85+","New Hampshire","33","2016","2016","Male","M",261,10102,2583.6
,"85+ years","85+","New Hampshire","33","2017","2017","Female","F",305,19587,1557.2
,"85+ years","85+","New Hampshire","33","2017","2017","Male","M",263,10467,2512.7
,"85+ years","85+","New Hampshire","33","2018","2018","Female","F",301,19865,1515.2
,"85+ years","85+","New Hampshire","33","2018","2018","Male","M",284,10623,2673.4
,"85+ years","85+","New Hampshire","33","2019","2019","Female","F",277,19502,1420.4
,"85+ years","85+","New Hampshire","33","2019","2019","Male","M",235,10739,2188.3
,"85+ years","85+","New Hampshire","33","2020","2020","Female","F",267,19666,1357.7
,"85+ years","85+","New Hampshire","33","2020","2020","Male","M",258,10914,2363.9
,"85+ years","85+","New Jersey","34","1999","1999","Female","F",4630,95208,4863.0
,"85+ years","85+","New Jersey","34","1999","1999","Male","M",1998,37495,5328.7
,"85+ years","85+","New Jersey","34","2000","2000","Female","F",4671,97267,4802.2
,"85+ years","85+","New Jersey","34","2000","2000","Male","M",2134,38732,5509.7
,"85+ years","85+","New Jersey","34","2001","2001","Female","F",4593,99029,4638.0
,"85+ years","85+","New Jersey","34","2001","2001","Male","M",2010,39928,5034.1
,"85+ years","85+","New Jersey","34","2002","2002","Female","F",4692,100590,4664.5
,"85+ years","85+","New Jersey","34","2002","2002","Male","M",2020,40892,4939.8
,"85+ years","85+","New Jersey","34","2003","2003","Female","F",4417,102556,4306.9
,"85+ years","85+","New Jersey","34","2003","2003","Male","M",2104,42523,4947.9
,"85+ years","85+","New Jersey","34","2004","2004","Female","F",4077,103288,3947.2
,"85+ years","85+","New Jersey","34","2004","2004","Male","M",1992,43552,4573.8
,"85+ years","85+","New Jersey","34","2005","2005","Female","F",4169,106367,3919.4
,"85+ years","85+","New Jersey","34","2005","2005","Male","M",2097,45523,4606.5
,"85+ years","85+","New Jersey","34","2006","2006","Female","F",3770,110288,3418.3
,"85+ years","85+","New Jersey","34","2006","2006","Male","M",1967,48111,4088.5
,"85+ years","85+","New Jersey","34","2007","2007","Female","F",3608,113373,3182.4
,"85+ years","85+","New Jersey","34","2007","2007","Male","M",1947,50362,3866.0
,"85+ years","85+","New Jersey","34","2008","2008","Female","F",3682,116543,3159.3
,"85+ years","85+","New Jersey","34","2008","2008","Male","M",2134,52324,4078.4
,"85+ years","85+","New Jersey","34","2009","2009","Female","F",3457,120511,2868.6
,"85+ years","85+","New Jersey","34","2009","2009","Male","M",2035,54622,3725.6
,"85+ years","85+","New Jersey","34","2010","2010","Female","F",3426,123274,2779.2
,"85+ years","85+","New Jersey","34","2010","2010","Male","M",2091,56337,3711.6
,"85+ years","85+","New Jersey","34","2011","2011","Female","F",3370,126483,2664.4
,"85+ years","85+","New Jersey","34","2011","2011","Male","M",1965,59138,3322.7
,"85+ years","85+","New Jersey","34","2012","2012","Female","F",3298,128184,2572.9
,"85+ years","85+","New Jersey","34","2012","2012","Male","M",2036,60935,3341.3
,"85+ years","85+","New Jersey","34","2013","2013","Female","F",3238,129679,2496.9
,"85+ years","85+","New Jersey","34","2013","2013","Male","M",2007,62589,3206.6
,"85+ years","85+","New Jersey","34","2014","2014","Female","F",3129,130822,2391.8
,"85+ years","85+","New Jersey","34","2014","2014","Male","M",1906,64138,2971.7
,"85+ years","85+","New Jersey","34","2015","2015","Female","F",3033,131571,2305.2
,"85+ years","85+","New Jersey","34","2015","2015","Male","M",2015,65439,3079.2
,"85+ years","85+","New Jersey","34","2016","2016","Female","F",2838,132513,2141.7
,"85+ years","85+","New Jersey","34","2016","2016","Male","M",1920,66213,2899.7
,"85+ years","85+","New Jersey","34","2017","2017","Female","F",2767,135837,2037.0
,"85+ years","85+","New Jersey","34","2017","2017","Male","M",1912,68231,2802.2
,"85+ years","85+","New Jersey","34","2018","2018","Female","F",2631,134100,1962.0
,"85+ years","85+","New Jersey","34","2018","2018","Male","M",1898,68193,2783.3
,"85+ years","85+","New Jersey","34","2019","2019","Female","F",2512,133819,1877.2
,"85+ years","85+","New Jersey","34","2019","2019","Male","M",1815,69285,2619.6
,"85+ years","85+","New Jersey","34","2020","2020","Female","F",2578,132189,1950.2
,"85+ years","85+","New Jersey","34","2020","2020","Male","M",1845,69180,2667.0
,"85+ years","85+","New Mexico","35","1999","1999","Female","F",510,15230,3348.7
,"85+ years","85+","New Mexico","35","1999","1999","Male","M",299,7307,4092.0
,"85+ years","85+","New Mexico","35","2000","2000","Female","F",477,15689,3040.3
,"85+ years","85+","New Mexico","35","2000","2000","Male","M",281,7617,3689.1
,"85+ years","85+","New Mexico","35","2001","2001","Female","F",553,16272,3398.5
,"85+ years","85+","New Mexico","35","2001","2001","Male","M",307,7952,3860.7
,"85+ years","85+","New Mexico","35","2002","2002","Female","F",487,16374,2974.2
,"85+ years","85+","New Mexico","35","2002","2002","Male","M",327,8113,4030.6
,"85+ years","85+","New Mexico","35","2003","2003","Female","F",546,16674,3274.6
,"85+ years","85+","New Mexico","35","2003","2003","Male","M",317,8363,3790.5
,"85+ years","85+","New Mexico","35","2004","2004","Female","F",524,16808,3117.6
,"85+ years","85+","New Mexico","35","2004","2004","Male","M",279,8604,3242.7
,"85+ years","85+","New Mexico","35","2005","2005","Female","F",461,17365,2654.8
,"85+ years","85+","New Mexico","35","2005","2005","Male","M",297,9072,3273.8
,"85+ years","85+","New Mexico","35","2006","2006","Female","F",485,17946,2702.6
,"85+ years","85+","New Mexico","35","2006","2006","Male","M",315,9611,3277.5
,"85+ years","85+","New Mexico","35","2007","2007","Female","F",448,18824,2379.9
,"85+ years","85+","New Mexico","35","2007","2007","Male","M",324,10085,3212.7
,"85+ years","85+","New Mexico","35","2008","2008","Female","F",473,19373,2441.5
,"85+ years","85+","New Mexico","35","2008","2008","Male","M",348,10544,3300.5
,"85+ years","85+","New Mexico","35","2009","2009","Female","F",400,20107,1989.4
,"85+ years","85+","New Mexico","35","2009","2009","Male","M",320,11033,2900.4
,"85+ years","85+","New Mexico","35","2010","2010","Female","F",474,20617,2299.1
,"85+ years","85+","New Mexico","35","2010","2010","Male","M",319,11376,2804.1
,"85+ years","85+","New Mexico","35","2011","2011","Female","F",445,21684,2052.2
,"85+ years","85+","New Mexico","35","2011","2011","Male","M",331,12105,2734.4
,"85+ years","85+","New Mexico","35","2012","2012","Female","F",467,22212,2102.5
,"85+ years","85+","New Mexico","35","2012","2012","Male","M",296,12665,2337.1
,"85+ years","85+","New Mexico","35","2013","2013","Female","F",459,22649,2026.6
,"85+ years","85+","New Mexico","35","2013","2013","Male","M",351,13368,2625.7
,"85+ years","85+","New Mexico","35","2014","2014","Female","F",436,23497,1855.6
,"85+ years","85+","New Mexico","35","2014","2014","Male","M",357,13876,2572.8
,"85+ years","85+","New Mexico","35","2015","2015","Female","F",395,24138,1636.4
,"85+ years","85+","New Mexico","35","2015","2015","Male","M",365,14564,2506.2
,"85+ years","85+","New Mexico","35","2016","2016","Female","F",443,24556,1804.0
,"85+ years","85+","New Mexico","35","2016","2016","Male","M",398,15040,2646.3
,"85+ years","85+","New Mexico","35","2017","2017","Female","F",468,24684,1896.0
,"85+ years","85+","New Mexico","35","2017","2017","Male","M",388,15307,2534.8
,"85+ years","85+","New Mexico","35","2018","2018","Female","F",494,25345,1949.1
,"85+ years","85+","New Mexico","35","2018","2018","Male","M",402,15826,2540.1
,"85+ years","85+","New Mexico","35","2019","2019","Female","F",525,25386,2068.1
,"85+ years","85+","New Mexico","35","2019","2019","Male","M",431,16023,2689.9
,"85+ years","85+","New Mexico","35","2020","2020","Female","F",486,25891,1877.1
,"85+ years","85+","New Mexico","35","2020","2020","Male","M",437,16408,2663.3
,"85+ years","85+","New York","36","1999","1999","Female","F",13124,219824,5970.2
,"85+ years","85+","New York","36","1999","1999","Male","M",5530,84791,6521.9
,"85+ years","85+","New York","36","2000","2000","Female","F",12915,224426,5754.7
,"85+ years","85+","New York","36","2000","2000","Male","M",5491,87062,6307.0
,"85+ years","85+","New York","36","2001","2001","Female","F",12903,228332,5651.0
,"85+ years","85+","New York","36","2001","2001","Male","M",5646,89392,6316.0
,"85+ years","85+","New York","36","2002","2002","Female","F",13209,230210,5737.8
,"85+ years","85+","New York","36","2002","2002","Male","M",5831,91687,6359.7
,"85+ years","85+","New York","36","2003","2003","Female","F",12958,233585,5547.4
,"85+ years","85+","New York","36","2003","2003","Male","M",5672,94675,5991.0
,"85+ years","85+","New York","36","2004","2004","Female","F",12202,234949,5193.5
,"85+ years","85+","New York","36","2004","2004","Male","M",5410,97197,5566.0
,"85+ years","85+","New York","36","2005","2005","Female","F",12219,240851,5073.3
,"85+ years","85+","New York","36","2005","2005","Male","M",5695,101848,5591.7
,"85+ years","85+","New York","36","2006","2006","Female","F",11660,246264,4734.8
,"85+ years","85+","New York","36","2006","2006","Male","M",5710,106293,5371.9
,"85+ years","85+","New York","36","2007","2007","Female","F",11264,252355,4463.6
,"85+ years","85+","New York","36","2007","2007","Male","M",5545,110711,5008.5
,"85+ years","85+","New York","36","2008","2008","Female","F",11358,257482,4411.2
,"85+ years","85+","New York","36","2008","2008","Male","M",5694,115334,4937.0
,"85+ years","85+","New York","36","2009","2009","Female","F",10555,263746,4002.0
,"85+ years","85+","New York","36","2009","2009","Male","M",5497,119599,4596.2
,"85+ years","85+","New York","36","2010","2010","Female","F",9997,268252,3726.7
,"85+ years","85+","New York","36","2010","2010","Male","M",5407,122622,4409.5
,"85+ years","85+","New York","36","2011","2011","Female","F",9823,275849,3561.0
,"85+ years","85+","New York","36","2011","2011","Male","M",5275,128770,4096.5
,"85+ years","85+","New York","36","2012","2012","Female","F",9490,281131,3375.7
,"85+ years","85+","New York","36","2012","2012","Male","M",5268,133254,3953.4
,"85+ years","85+","New York","36","2013","2013","Female","F",9139,285964,3195.9
,"85+ years","85+","New York","36","2013","2013","Male","M",5244,138326,3791.0
,"85+ years","85+","New York","36","2014","2014","Female","F",8884,287924,3085.5
,"85+ years","85+","New York","36","2014","2014","Male","M",5116,141258,3621.7
,"85+ years","85+","New York","36","2015","2015","Female","F",8870,289069,3068.5
,"85+ years","85+","New York","36","2015","2015","Male","M",5120,144402,3545.7
,"85+ years","85+","New York","36","2016","2016","Female","F",8362,291298,2870.6
,"85+ years","85+","New York","36","2016","2016","Male","M",5013,147102,3407.8
,"85+ years","85+","New York","36","2017","2017","Female","F",8395,302330,2776.8
,"85+ years","85+","New York","36","2017","2017","Male","M",5220,154013,3389.3
,"85+ years","85+","New York","36","2018","2018","Female","F",8229,301297,2731.2
,"85+ years","85+","New York","36","2018","2018","Male","M",5282,155022,3407.3
,"85+ years","85+","New York","36","2019","2019","Female","F",7996,301703,2650.3
,"85+ years","85+","New York","36","2019","2019","Male","M",5243,158298,3312.1
,"85+ years","85+","New York","36","2020","2020","Female","F",8658,301359,2873.0
,"85+ years","85+","New York","36","2020","2020","Male","M",5511,159160,3462.6
,"85+ years","85+","North Carolina","37","1999","1999","Female","F",2735,77056,3549.4
,"85+ years","85+","North Carolina","37","1999","1999","Male","M",1150,26504,4339.0
,"85+ years","85+","North Carolina","37","2000","2000","Female","F",2808,78093,3595.7
,"85+ years","85+","North Carolina","37","2000","2000","Male","M",1182,27368,4318.9
,"85+ years","85+","North Carolina","37","2001","2001","Female","F",2570,79468,3234.0
,"85+ years","85+","North Carolina","37","2001","2001","Male","M",1161,28205,4116.3
,"85+ years","85+","North Carolina","37","2002","2002","Female","F",2572,80669,3188.3
,"85+ years","85+","North Carolina","37","2002","2002","Male","M",1111,29027,3827.5
,"85+ years","85+","North Carolina","37","2003","2003","Female","F",2450,82558,2967.6
,"85+ years","85+","North Carolina","37","2003","2003","Male","M",1112,30428,3654.5
,"85+ years","85+","North Carolina","37","2004","2004","Female","F",2296,84010,2733.0
,"85+ years","85+","North Carolina","37","2004","2004","Male","M",1108,31805,3483.7
,"85+ years","85+","North Carolina","37","2005","2005","Female","F",2306,86342,2670.8
,"85+ years","85+","North Carolina","37","2005","2005","Male","M",1193,33409,3570.9
,"85+ years","85+","North Carolina","37","2006","2006","Female","F",2190,90495,2420.0
,"85+ years","85+","North Carolina","37","2006","2006","Male","M",1115,35991,3098.0
,"85+ years","85+","North Carolina","37","2007","2007","Female","F",2220,94172,2357.4
,"85+ years","85+","North Carolina","37","2007","2007","Male","M",1169,38115,3067.0
,"85+ years","85+","North Carolina","37","2008","2008","Female","F",2178,97135,2242.2
,"85+ years","85+","North Carolina","37","2008","2008","Male","M",1175,39886,2945.9
,"85+ years","85+","North Carolina","37","2009","2009","Female","F",2064,100721,2049.2
,"85+ years","85+","North Carolina","37","2009","2009","Male","M",1236,42374,2916.9
,"85+ years","85+","North Carolina","37","2010","2010","Female","F",1947,103205,1886.5
,"85+ years","85+","North Carolina","37","2010","2010","Male","M",1263,44256,2853.9
,"85+ years","85+","North Carolina","37","2011","2011","Female","F",1924,106651,1804.0
,"85+ years","85+","North Carolina","37","2011","2011","Male","M",1141,47082,2423.4
,"85+ years","85+","North Carolina","37","2012","2012","Female","F",1970,110120,1789.0
,"85+ years","85+","North Carolina","37","2012","2012","Male","M",1249,49752,2510.5
,"85+ years","85+","North Carolina","37","2013","2013","Female","F",1951,112875,1728.5
,"85+ years","85+","North Carolina","37","2013","2013","Male","M",1312,52676,2490.7
,"85+ years","85+","North Carolina","37","2014","2014","Female","F",1831,115384,1586.9
,"85+ years","85+","North Carolina","37","2014","2014","Male","M",1343,54998,2441.9
,"85+ years","85+","North Carolina","37","2015","2015","Female","F",1838,117789,1560.4
,"85+ years","85+","North Carolina","37","2015","2015","Male","M",1280,57255,2235.6
,"85+ years","85+","North Carolina","37","2016","2016","Female","F",1658,118983,1393.5
,"85+ years","85+","North Carolina","37","2016","2016","Male","M",1287,58827,2187.8
,"85+ years","85+","North Carolina","37","2017","2017","Female","F",1650,121042,1363.2
,"85+ years","85+","North Carolina","37","2017","2017","Male","M",1321,60903,2169.0
,"85+ years","85+","North Carolina","37","2018","2018","Female","F",1652,123009,1343.0
,"85+ years","85+","North Carolina","37","2018","2018","Male","M",1269,62740,2022.6
,"85+ years","85+","North Carolina","37","2019","2019","Female","F",1627,124626,1305.5
,"85+ years","85+","North Carolina","37","2019","2019","Male","M",1355,64768,2092.1
,"85+ years","85+","North Carolina","37","2020","2020","Female","F",1560,126693,1231.3
,"85+ years","85+","North Carolina","37","2020","2020","Male","M",1289,67548,1908.3
,"85+ years","85+","North Dakota","38","1999","1999","Female","F",296,10045,2946.7
,"85+ years","85+","North Dakota","38","1999","1999","Male","M",216,4513,4786.2
,"85+ years","85+","North Dakota","38","2000","2000","Female","F",310,10159,3051.5
,"85+ years","85+","North Dakota","38","2000","2000","Male","M",200,4567,4379.2
,"85+ years","85+","North Dakota","38","2001","2001","Female","F",353,10305,3425.5
,"85+ years","85+","North Dakota","38","2001","2001","Male","M",196,4619,4243.3
,"85+ years","85+","North Dakota","38","2002","2002","Female","F",327,10351,3159.1
,"85+ years","85+","North Dakota","38","2002","2002","Male","M",179,4701,3807.7
,"85+ years","85+","North Dakota","38","2003","2003","Female","F",322,10455,3079.9
,"85+ years","85+","North Dakota","38","2003","2003","Male","M",192,4751,4041.3
,"85+ years","85+","North Dakota","38","2004","2004","Female","F",261,10656,2449.3
,"85+ years","85+","North Dakota","38","2004","2004","Male","M",203,4866,4171.8
,"85+ years","85+","North Dakota","38","2005","2005","Female","F",305,10684,2854.7
,"85+ years","85+","North Dakota","38","2005","2005","Male","M",182,4850,3752.6
,"85+ years","85+","North Dakota","38","2006","2006","Female","F",299,10930,2735.6
,"85+ years","85+","North Dakota","38","2006","2006","Male","M",192,4963,3868.6
,"85+ years","85+","North Dakota","38","2007","2007","Female","F",277,10950,2529.7
,"85+ years","85+","North Dakota","38","2007","2007","Male","M",200,5117,3908.5
,"85+ years","85+","North Dakota","38","2008","2008","Female","F",269,11027,2439.5
,"85+ years","85+","North Dakota","38","2008","2008","Male","M",167,5182,3222.7
,"85+ years","85+","North Dakota","38","2009","2009","Female","F",252,11060,2278.5
,"85+ years","85+","North Dakota","38","2009","2009","Male","M",177,5302,3338.4
,"85+ years","85+","North Dakota","38","2010","2010","Female","F",247,11237,2198.1
,"85+ years","85+","North Dakota","38","2010","2010","Male","M",147,5451,2696.8
,"85+ years","85+","North Dakota","38","2011","2011","Female","F",224,11499,1948.0
,"85+ years","85+","North Dakota","38","2011","2011","Male","M",162,5717,2833.7
,"85+ years","85+","North Dakota","38","2012","2012","Female","F",218,11542,1888.8
,"85+ years","85+","North Dakota","38","2012","2012","Male","M",164,5788,2833.4
,"85+ years","85+","North Dakota","38","2013","2013","Female","F",224,11696,1915.2
,"85+ years","85+","North Dakota","38","2013","2013","Male","M",172,5984,2874.3
,"85+ years","85+","North Dakota","38","2014","2014","Female","F",212,11911,1779.9
,"85+ years","85+","North Dakota","38","2014","2014","Male","M",141,6048,2331.3
,"85+ years","85+","North Dakota","38","2015","2015","Female","F",185,11884,1556.7
,"85+ years","85+","North Dakota","38","2015","2015","Male","M",144,6202,2321.8
,"85+ years","85+","North Dakota","38","2016","2016","Female","F",160,11882,1346.6
,"85+ years","85+","North Dakota","38","2016","2016","Male","M",157,6265,2506.0
,"85+ years","85+","North Dakota","38","2017","2017","Female","F",167,12269,1361.2
,"85+ years","85+","North Dakota","38","2017","2017","Male","M",159,6380,2492.2
,"85+ years","85+","North Dakota","38","2018","2018","Female","F",175,12300,1422.8
,"85+ years","85+","North Dakota","38","2018","2018","Male","M",139,6496,2139.8
,"85+ years","85+","North Dakota","38","2019","2019","Female","F",172,12294,1399.1
,"85+ years","85+","North Dakota","38","2019","2019","Male","M",139,6519,2132.2
,"85+ years","85+","North Dakota","38","2020","2020","Female","F",146,12123,1204.3
,"85+ years","85+","North Dakota","38","2020","2020","Male","M",142,6510,2181.3
,"85+ years","85+","Ohio","39","1999","1999","Female","F",5355,126825,4222.4
,"85+ years","85+","Ohio","39","1999","1999","Male","M",2460,46982,5236.0
,"85+ years","85+","Ohio","39","2000","2000","Female","F",5339,128624,4150.9
,"85+ years","85+","Ohio","39","2000","2000","Male","M",2437,48172,5059.0
,"85+ years","85+","Ohio","39","2001","2001","Female","F",5134,130346,3938.7
,"85+ years","85+","Ohio","39","2001","2001","Male","M",2354,49695,4736.9
,"85+ years","85+","Ohio","39","2002","2002","Female","F",5070,131745,3848.3
,"85+ years","85+","Ohio","39","2002","2002","Male","M",2415,51240,4713.1
,"85+ years","85+","Ohio","39","2003","2003","Female","F",5042,134406,3751.3
,"85+ years","85+","Ohio","39","2003","2003","Male","M",2495,53634,4651.9
,"85+ years","85+","Ohio","39","2004","2004","Female","F",4616,135645,3403.0
,"85+ years","85+","Ohio","39","2004","2004","Male","M",2343,55533,4219.1
,"85+ years","85+","Ohio","39","2005","2005","Female","F",4655,138507,3360.8
,"85+ years","85+","Ohio","39","2005","2005","Male","M",2502,58019,4312.4
,"85+ years","85+","Ohio","39","2006","2006","Female","F",4532,143271,3163.2
,"85+ years","85+","Ohio","39","2006","2006","Male","M",2471,61197,4037.8
,"85+ years","85+","Ohio","39","2007","2007","Female","F",4404,147858,2978.5
,"85+ years","85+","Ohio","39","2007","2007","Male","M",2446,64402,3798.0
,"85+ years","85+","Ohio","39","2008","2008","Female","F",4209,151356,2780.9
,"85+ years","85+","Ohio","39","2008","2008","Male","M",2461,67296,3657.0
,"85+ years","85+","Ohio","39","2009","2009","Female","F",3856,155271,2483.4
,"85+ years","85+","Ohio","39","2009","2009","Male","M",2397,70247,3412.2
,"85+ years","85+","Ohio","39","2010","2010","Female","F",3919,158083,2479.1
,"85+ years","85+","Ohio","39","2010","2010","Male","M",2390,72346,3303.6
,"85+ years","85+","Ohio","39","2011","2011","Female","F",3889,162763,2389.4
,"85+ years","85+","Ohio","39","2011","2011","Male","M",2508,76311,3286.6
,"85+ years","85+","Ohio","39","2012","2012","Female","F",3712,164740,2253.2
,"85+ years","85+","Ohio","39","2012","2012","Male","M",2445,78773,3103.9
,"85+ years","85+","Ohio","39","2013","2013","Female","F",3618,166953,2167.1
,"85+ years","85+","Ohio","39","2013","2013","Male","M",2537,81547,3111.1
,"85+ years","85+","Ohio","39","2014","2014","Female","F",3475,167645,2072.8
,"85+ years","85+","Ohio","39","2014","2014","Male","M",2407,83284,2890.1
,"85+ years","85+","Ohio","39","2015","2015","Female","F",3404,168221,2023.5
,"85+ years","85+","Ohio","39","2015","2015","Male","M",2499,84799,2947.0
,"85+ years","85+","Ohio","39","2016","2016","Female","F",3004,168262,1785.3
,"85+ years","85+","Ohio","39","2016","2016","Male","M",2264,85885,2636.1
,"85+ years","85+","Ohio","39","2017","2017","Female","F",3049,169211,1801.9
,"85+ years","85+","Ohio","39","2017","2017","Male","M",2242,87219,2570.5
,"85+ years","85+","Ohio","39","2018","2018","Female","F",3114,168602,1847.0
,"85+ years","85+","Ohio","39","2018","2018","Male","M",2361,87735,2691.1
,"85+ years","85+","Ohio","39","2019","2019","Female","F",2958,167534,1765.6
,"85+ years","85+","Ohio","39","2019","2019","Male","M",2312,88738,2605.4
,"85+ years","85+","Ohio","39","2020","2020","Female","F",2949,166703,1769.0
,"85+ years","85+","Ohio","39","2020","2020","Male","M",2389,88907,2687.1
,"85+ years","85+","Oklahoma","40","1999","1999","Female","F",1918,41141,4662.0
,"85+ years","85+","Oklahoma","40","1999","1999","Male","M",854,15754,5420.8
,"85+ years","85+","Oklahoma","40","2000","2000","Female","F",1934,41269,4686.3
,"85+ years","85+","Oklahoma","40","2000","2000","Male","M",851,15906,5350.2
,"85+ years","85+","Oklahoma","40","2001","2001","Female","F",1837,40450,4541.4
,"85+ years","85+","Oklahoma","40","2001","2001","Male","M",842,15748,5346.7
,"85+ years","85+","Oklahoma","40","2002","2002","Female","F",1801,39689,4537.8
,"85+ years","85+","Oklahoma","40","2002","2002","Male","M",851,15746,5404.5
,"85+ years","85+","Oklahoma","40","2003","2003","Female","F",1829,39096,4678.2
,"85+ years","85+","Oklahoma","40","2003","2003","Male","M",879,16262,5405.2
,"85+ years","85+","Oklahoma","40","2004","2004","Female","F",1585,38674,4098.4
,"85+ years","85+","Oklahoma","40","2004","2004","Male","M",861,16461,5230.5
,"85+ years","85+","Oklahoma","40","2005","2005","Female","F",1584,38911,4070.8
,"85+ years","85+","Oklahoma","40","2005","2005","Male","M",819,16836,4864.6
,"85+ years","85+","Oklahoma","40","2006","2006","Female","F",1434,39597,3621.5
,"85+ years","85+","Oklahoma","40","2006","2006","Male","M",796,17681,4502.0
,"85+ years","85+","Oklahoma","40","2007","2007","Female","F",1357,39992,3393.2
,"85+ years","85+","Oklahoma","40","2007","2007","Male","M",745,18430,4042.3
,"85+ years","85+","Oklahoma","40","2008","2008","Female","F",1340,40537,3305.6
,"85+ years","85+","Oklahoma","40","2008","2008","Male","M",774,19073,4058.1
,"85+ years","85+","Oklahoma","40","2009","2009","Female","F",1162,41210,2819.7
,"85+ years","85+","Oklahoma","40","2009","2009","Male","M",701,19958,3512.4
,"85+ years","85+","Oklahoma","40","2010","2010","Female","F",1253,41486,3020.3
,"85+ years","85+","Oklahoma","40","2010","2010","Male","M",758,20426,3711.0
,"85+ years","85+","Oklahoma","40","2011","2011","Female","F",1206,42726,2822.6
,"85+ years","85+","Oklahoma","40","2011","2011","Male","M",868,21671,4005.4
,"85+ years","85+","Oklahoma","40","2012","2012","Female","F",1161,43222,2686.1
,"85+ years","85+","Oklahoma","40","2012","2012","Male","M",798,22338,3572.4
,"85+ years","85+","Oklahoma","40","2013","2013","Female","F",1211,43775,2766.4
,"85+ years","85+","Oklahoma","40","2013","2013","Male","M",799,23184,3446.3
,"85+ years","85+","Oklahoma","40","2014","2014","Female","F",1154,44186,2611.7
,"85+ years","85+","Oklahoma","40","2014","2014","Male","M",798,23906,3338.1
,"85+ years","85+","Oklahoma","40","2015","2015","Female","F",1197,44886,2666.8
,"85+ years","85+","Oklahoma","40","2015","2015","Male","M",805,24563,3277.3
,"85+ years","85+","Oklahoma","40","2016","2016","Female","F",1030,45373,2270.1
,"85+ years","85+","Oklahoma","40","2016","2016","Male","M",753,25197,2988.5
,"85+ years","85+","Oklahoma","40","2017","2017","Female","F",1072,45701,2345.7
,"85+ years","85+","Oklahoma","40","2017","2017","Male","M",809,25666,3152.0
,"85+ years","85+","Oklahoma","40","2018","2018","Female","F",974,46617,2089.4
,"85+ years","85+","Oklahoma","40","2018","2018","Male","M",730,26579,2746.5
,"85+ years","85+","Oklahoma","40","2019","2019","Female","F",947,46930,2017.9
,"85+ years","85+","Oklahoma","40","2019","2019","Male","M",717,27233,2632.8
,"85+ years","85+","Oklahoma","40","2020","2020","Female","F",920,47315,1944.4
,"85+ years","85+","Oklahoma","40","2020","2020","Male","M",798,27672,2883.8
,"85+ years","85+","Oregon","41","1999","1999","Female","F",1001,38550,2596.6
,"85+ years","85+","Oregon","41","1999","1999","Male","M",626,17635,3549.8
,"85+ years","85+","Oregon","41","2000","2000","Female","F",959,39188,2447.2
,"85+ years","85+","Oregon","41","2000","2000","Male","M",626,18243,3431.5
,"85+ years","85+","Oregon","41","2001","2001","Female","F",937,40274,2326.6
,"85+ years","85+","Oregon","41","2001","2001","Male","M",629,18954,3318.6
,"85+ years","85+","Oregon","41","2002","2002","Female","F",925,41168,2246.9
,"85+ years","85+","Oregon","41","2002","2002","Male","M",721,19332,3729.6
,"85+ years","85+","Oregon","41","2003","2003","Female","F",967,42126,2295.5
,"85+ years","85+","Oregon","41","2003","2003","Male","M",641,20296,3158.3
,"85+ years","85+","Oregon","41","2004","2004","Female","F",865,43118,2006.1
,"85+ years","85+","Oregon","41","2004","2004","Male","M",654,21041,3108.2
,"85+ years","85+","Oregon","41","2005","2005","Female","F",849,44194,1921.1
,"85+ years","85+","Oregon","41","2005","2005","Male","M",689,21941,3140.2
,"85+ years","85+","Oregon","41","2006","2006","Female","F",795,45820,1735.1
,"85+ years","85+","Oregon","41","2006","2006","Male","M",666,23237,2866.1
,"85+ years","85+","Oregon","41","2007","2007","Female","F",852,47392,1797.8
,"85+ years","85+","Oregon","41","2007","2007","Male","M",614,24215,2535.6
,"85+ years","85+","Oregon","41","2008","2008","Female","F",804,48768,1648.6
,"85+ years","85+","Oregon","41","2008","2008","Male","M",674,25211,2673.4
,"85+ years","85+","Oregon","41","2009","2009","Female","F",748,50301,1487.0
,"85+ years","85+","Oregon","41","2009","2009","Male","M",635,26035,2439.0
,"85+ years","85+","Oregon","41","2010","2010","Female","F",729,51201,1423.8
,"85+ years","85+","Oregon","41","2010","2010","Male","M",643,26671,2410.9
,"85+ years","85+","Oregon","41","2011","2011","Female","F",668,52814,1264.8
,"85+ years","85+","Oregon","41","2011","2011","Male","M",645,28183,2288.6
,"85+ years","85+","Oregon","41","2012","2012","Female","F",654,53284,1227.4
,"85+ years","85+","Oregon","41","2012","2012","Male","M",604,28849,2093.7
,"85+ years","85+","Oregon","41","2013","2013","Female","F",640,53484,1196.6
,"85+ years","85+","Oregon","41","2013","2013","Male","M",636,29338,2167.8
,"85+ years","85+","Oregon","41","2014","2014","Female","F",626,53701,1165.7
,"85+ years","85+","Oregon","41","2014","2014","Male","M",637,29839,2134.8
,"85+ years","85+","Oregon","41","2015","2015","Female","F",660,53944,1223.5
,"85+ years","85+","Oregon","41","2015","2015","Male","M",624,30385,2053.6
,"85+ years","85+","Oregon","41","2016","2016","Female","F",605,54365,1112.8
,"85+ years","85+","Oregon","41","2016","2016","Male","M",659,30889,2133.4
,"85+ years","85+","Oregon","41","2017","2017","Female","F",590,52869,1116.0
,"85+ years","85+","Oregon","41","2017","2017","Male","M",615,30566,2012.0
,"85+ years","85+","Oregon","41","2018","2018","Female","F",541,53013,1020.5
,"85+ years","85+","Oregon","41","2018","2018","Male","M",564,31012,1818.7
,"85+ years","85+","Oregon","41","2019","2019","Female","F",549,52741,1040.9
,"85+ years","85+","Oregon","41","2019","2019","Male","M",602,31797,1893.3
,"85+ years","85+","Oregon","41","2020","2020","Female","F",502,52332,959.3
,"85+ years","85+","Oregon","41","2020","2020","Male","M",641,32165,1992.8
,"85+ years","85+","Pennsylvania","42","1999","1999","Female","F",7236,168803,4286.7
,"85+ years","85+","Pennsylvania","42","1999","1999","Male","M",3178,63432,5010.1
,"85+ years","85+","Pennsylvania","42","2000","2000","Female","F",6998,171917,4070.6
,"85+ years","85+","Pennsylvania","42","2000","2000","Male","M",3100,65650,4722.0
,"85+ years","85+","Pennsylvania","42","2001","2001","Female","F",6825,174118,3919.8
,"85+ years","85+","Pennsylvania","42","2001","2001","Male","M",3189,67359,4734.3
,"85+ years","85+","Pennsylvania","42","2002","2002","Female","F",6882,176344,3902.6
,"85+ years","85+","Pennsylvania","42","2002","2002","Male","M",3193,69343,4604.6
,"85+ years","85+","Pennsylvania","42","2003","2003","Female","F",6650,180053,3693.4
,"85+ years","85+","Pennsylvania","42","2003","2003","Male","M",3237,72401,4470.9
,"85+ years","85+","Pennsylvania","42","2004","2004","Female","F",6348,182261,3482.9
,"85+ years","85+","Pennsylvania","42","2004","2004","Male","M",3136,74226,4224.9
,"85+ years","85+","Pennsylvania","42","2005","2005","Female","F",6123,186799,3277.9
,"85+ years","85+","Pennsylvania","42","2005","2005","Male","M",3136,77846,4028.5
,"85+ years","85+","Pennsylvania","42","2006","2006","Female","F",5553,192572,2883.6
,"85+ years","85+","Pennsylvania","42","2006","2006","Male","M",2967,82492,3596.7
,"85+ years","85+","Pennsylvania","42","2007","2007","Female","F",5360,198134,2705.2
,"85+ years","85+","Pennsylvania","42","2007","2007","Male","M",3102,86420,3589.4
,"85+ years","85+","Pennsylvania","42","2008","2008","Female","F",5606,202278,2771.4
,"85+ years","85+","Pennsylvania","42","2008","2008","Male","M",3162,89189,3545.3
,"85+ years","85+","Pennsylvania","42","2009","2009","Female","F",5212,206807,2520.2
,"85+ years","85+","Pennsylvania","42","2009","2009","Male","M",3126,92632,3374.6
,"85+ years","85+","Pennsylvania","42","2010","2010","Female","F",5086,210280,2418.7
,"85+ years","85+","Pennsylvania","42","2010","2010","Male","M",3107,95396,3256.9
,"85+ years","85+","Pennsylvania","42","2011","2011","Female","F",5128,216269,2371.1
,"85+ years","85+","Pennsylvania","42","2011","2011","Male","M",3216,100070,3213.8
,"85+ years","85+","Pennsylvania","42","2012","2012","Female","F",4863,218951,2221.0
,"85+ years","85+","Pennsylvania","42","2012","2012","Male","M",3206,103101,3109.6
,"85+ years","85+","Pennsylvania","42","2013","2013","Female","F",4867,222541,2187.0
,"85+ years","85+","Pennsylvania","42","2013","2013","Male","M",3170,106854,2966.7
,"85+ years","85+","Pennsylvania","42","2014","2014","Female","F",4450,222839,1997.0
,"85+ years","85+","Pennsylvania","42","2014","2014","Male","M",3122,108390,2880.3
,"85+ years","85+","Pennsylvania","42","2015","2015","Female","F",4355,223738,1946.5
,"85+ years","85+","Pennsylvania","42","2015","2015","Male","M",3148,110090,2859.5
,"85+ years","85+","Pennsylvania","42","2016","2016","Female","F",4320,223628,1931.8
,"85+ years","85+","Pennsylvania","42","2016","2016","Male","M",3006,110840,2712.0
,"85+ years","85+","Pennsylvania","42","2017","2017","Female","F",4163,223440,1863.1
,"85+ years","85+","Pennsylvania","42","2017","2017","Male","M",3057,111989,2729.7
,"85+ years","85+","Pennsylvania","42","2018","2018","Female","F",3975,221788,1792.3
,"85+ years","85+","Pennsylvania","42","2018","2018","Male","M",3004,112455,2671.3
,"85+ years","85+","Pennsylvania","42","2019","2019","Female","F",3556,219285,1621.6
,"85+ years","85+","Pennsylvania","42","2019","2019","Male","M",2853,112827,2528.7
,"85+ years","85+","Pennsylvania","42","2020","2020","Female","F",3685,216682,1700.6
,"85+ years","85+","Pennsylvania","42","2020","2020","Male","M",2786,111958,2488.4
,"85+ years","85+","Rhode Island","44","1999","1999","Female","F",754,15222,4953.4
,"85+ years","85+","Rhode Island","44","1999","1999","Male","M",326,5280,6174.2
,"85+ years","85+","Rhode Island","44","2000","2000","Female","F",783,15475,5059.8
,"85+ years","85+","Rhode Island","44","2000","2000","Male","M",337,5422,6215.4
,"85+ years","85+","Rhode Island","44","2001","2001","Female","F",779,15685,4966.5
,"85+ years","85+","Rhode Island","44","2001","2001","Male","M",300,5604,5353.3
,"85+ years","85+","Rhode Island","44","2002","2002","Female","F",794,16021,4956.0
,"85+ years","85+","Rhode Island","44","2002","2002","Male","M",306,5875,5208.5
,"85+ years","85+","Rhode Island","44","2003","2003","Female","F",784,16345,4796.6
,"85+ years","85+","Rhode Island","44","2003","2003","Male","M",336,6201,5418.5
,"85+ years","85+","Rhode Island","44","2004","2004","Female","F",764,16805,4546.3
,"85+ years","85+","Rhode Island","44","2004","2004","Male","M",343,6469,5302.2
,"85+ years","85+","Rhode Island","44","2005","2005","Female","F",814,16932,4807.5
,"85+ years","85+","Rhode Island","44","2005","2005","Male","M",344,6667,5159.7
,"85+ years","85+","Rhode Island","44","2006","2006","Female","F",701,17426,4022.7
,"85+ years","85+","Rhode Island","44","2006","2006","Male","M",340,7130,4768.6
,"85+ years","85+","Rhode Island","44","2007","2007","Female","F",732,17646,4148.2
,"85+ years","85+","Rhode Island","44","2007","2007","Male","M",345,7385,4671.6
,"85+ years","85+","Rhode Island","44","2008","2008","Female","F",646,17989,3591.1
,"85+ years","85+","Rhode Island","44","2008","2008","Male","M",341,7694,4432.0
,"85+ years","85+","Rhode Island","44","2009","2009","Female","F",587,18378,3194.0
,"85+ years","85+","Rhode Island","44","2009","2009","Male","M",323,7969,4053.2
,"85+ years","85+","Rhode Island","44","2010","2010","Female","F",533,18593,2866.7
,"85+ years","85+","Rhode Island","44","2010","2010","Male","M",278,8157,3408.1
,"85+ years","85+","Rhode Island","44","2011","2011","Female","F",573,18985,3018.2
,"85+ years","85+","Rhode Island","44","2011","2011","Male","M",299,8523,3508.2
,"85+ years","85+","Rhode Island","44","2012","2012","Female","F",532,18985,2802.2
,"85+ years","85+","Rhode Island","44","2012","2012","Male","M",310,8579,3613.5
,"85+ years","85+","Rhode Island","44","2013","2013","Female","F",501,19483,2571.5
,"85+ years","85+","Rhode Island","44","2013","2013","Male","M",290,8845,3278.7
,"85+ years","85+","Rhode Island","44","2014","2014","Female","F",445,19338,2301.2
,"85+ years","85+","Rhode Island","44","2014","2014","Male","M",321,8971,3578.2
,"85+ years","85+","Rhode Island","44","2015","2015","Female","F",475,19416,2446.4
,"85+ years","85+","Rhode Island","44","2015","2015","Male","M",304,8997,3378.9
,"85+ years","85+","Rhode Island","44","2016","2016","Female","F",451,19390,2325.9
,"85+ years","85+","Rhode Island","44","2016","2016","Male","M",284,8970,3166.1
,"85+ years","85+","Rhode Island","44","2017","2017","Female","F",447,19034,2348.4
,"85+ years","85+","Rhode Island","44","2017","2017","Male","M",304,8830,3442.8
,"85+ years","85+","Rhode Island","44","2018","2018","Female","F",415,18915,2194.0
,"85+ years","85+","Rhode Island","44","2018","2018","Male","M",304,8937,3401.6
,"85+ years","85+","Rhode Island","44","2019","2019","Female","F",455,18534,2454.9
,"85+ years","85+","Rhode Island","44","2019","2019","Male","M",299,8978,3330.4
,"85+ years","85+","Rhode Island","44","2020","2020","Female","F",385,18176,2118.2
,"85+ years","85+","Rhode Island","44","2020","2020","Male","M",301,8781,3427.9
,"85+ years","85+","South Carolina","45","1999","1999","Female","F",1117,36051,3098.4
,"85+ years","85+","South Carolina","45","1999","1999","Male","M",517,12602,4102.5
,"85+ years","85+","South Carolina","45","2000","2000","Female","F",1131,37133,3045.8
,"85+ years","85+","South Carolina","45","2000","2000","Male","M",518,13136,3943.4
,"85+ years","85+","South Carolina","45","2001","2001","Female","F",1030,37816,2723.7
,"85+ years","85+","South Carolina","45","2001","2001","Male","M",455,13595,3346.8
,"85+ years","85+","South Carolina","45","2002","2002","Female","F",1019,38249,2664.1
,"85+ years","85+","South Carolina","45","2002","2002","Male","M",501,13962,3588.3
,"85+ years","85+","South Carolina","45","2003","2003","Female","F",1002,38718,2587.9
,"85+ years","85+","South Carolina","45","2003","2003","Male","M",511,14588,3502.9
,"85+ years","85+","South Carolina","45","2004","2004","Female","F",875,39906,2192.7
,"85+ years","85+","South Carolina","45","2004","2004","Male","M",534,15252,3501.2
,"85+ years","85+","South Carolina","45","2005","2005","Female","F",862,41156,2094.5
,"85+ years","85+","South Carolina","45","2005","2005","Male","M",506,16157,3131.8
,"85+ years","85+","South Carolina","45","2006","2006","Female","F",802,43307,1851.9
,"85+ years","85+","South Carolina","45","2006","2006","Male","M",500,17249,2898.7
,"85+ years","85+","South Carolina","45","2007","2007","Female","F",844,45171,1868.5
,"85+ years","85+","South Carolina","45","2007","2007","Male","M",481,18520,2597.2
,"85+ years","85+","South Carolina","45","2008","2008","Female","F",877,46889,1870.4
,"85+ years","85+","South Carolina","45","2008","2008","Male","M",505,19706,2562.7
,"85+ years","85+","South Carolina","45","2009","2009","Female","F",797,48221,1652.8
,"85+ years","85+","South Carolina","45","2009","2009","Male","M",580,20713,2800.2
,"85+ years","85+","South Carolina","45","2010","2010","Female","F",820,49306,1663.1
,"85+ years","85+","South Carolina","45","2010","2010","Male","M",565,21411,2638.8
,"85+ years","85+","South Carolina","45","2011","2011","Female","F",828,51077,1621.1
,"85+ years","85+","South Carolina","45","2011","2011","Male","M",568,22527,2521.4
,"85+ years","85+","South Carolina","45","2012","2012","Female","F",825,52475,1572.2
,"85+ years","85+","South Carolina","45","2012","2012","Male","M",591,23628,2501.3
,"85+ years","85+","South Carolina","45","2013","2013","Female","F",807,53791,1500.3
,"85+ years","85+","South Carolina","45","2013","2013","Male","M",580,24935,2326.0
,"85+ years","85+","South Carolina","45","2014","2014","Female","F",797,54305,1467.6
,"85+ years","85+","South Carolina","45","2014","2014","Male","M",570,26079,2185.7
,"85+ years","85+","South Carolina","45","2015","2015","Female","F",763,55050,1386.0
,"85+ years","85+","South Carolina","45","2015","2015","Male","M",548,27206,2014.3
,"85+ years","85+","South Carolina","45","2016","2016","Female","F",683,55963,1220.4
,"85+ years","85+","South Carolina","45","2016","2016","Male","M",568,28185,2015.3
,"85+ years","85+","South Carolina","45","2017","2017","Female","F",713,56766,1256.0
,"85+ years","85+","South Carolina","45","2017","2017","Male","M",580,29607,1959.0
,"85+ years","85+","South Carolina","45","2018","2018","Female","F",706,57987,1217.5
,"85+ years","85+","South Carolina","45","2018","2018","Male","M",588,30988,1897.5
,"85+ years","85+","South Carolina","45","2019","2019","Female","F",696,58999,1179.7
,"85+ years","85+","South Carolina","45","2019","2019","Male","M",625,32411,1928.4
,"85+ years","85+","South Carolina","45","2020","2020","Female","F",695,60356,1151.5
,"85+ years","85+","South Carolina","45","2020","2020","Male","M",664,33938,1956.5
,"85+ years","85+","South Dakota","46","1999","1999","Female","F",391,11249,3475.9
,"85+ years","85+","South Dakota","46","1999","1999","Male","M",208,4601,4520.8
,"85+ years","85+","South Dakota","46","2000","2000","Female","F",421,11350,3709.3
,"85+ years","85+","South Dakota","46","2000","2000","Male","M",205,4736,4328.5
,"85+ years","85+","South Dakota","46","2001","2001","Female","F",373,11434,3262.2
,"85+ years","85+","South Dakota","46","2001","2001","Male","M",208,4829,4307.3
,"85+ years","85+","South Dakota","46","2002","2002","Female","F",373,11572,3223.3
,"85+ years","85+","South Dakota","46","2002","2002","Male","M",194,4904,3956.0
,"85+ years","85+","South Dakota","46","2003","2003","Female","F",386,11792,3273.4
,"85+ years","85+","South Dakota","46","2003","2003","Male","M",194,5045,3845.4
,"85+ years","85+","South Dakota","46","2004","2004","Female","F",364,11914,3055.2
,"85+ years","85+","South Dakota","46","2004","2004","Male","M",234,5211,4490.5
,"85+ years","85+","South Dakota","46","2005","2005","Female","F",354,12026,2943.6
,"85+ years","85+","South Dakota","46","2005","2005","Male","M",229,5426,4220.4
,"85+ years","85+","South Dakota","46","2006","2006","Female","F",376,12310,3054.4
,"85+ years","85+","South Dakota","46","2006","2006","Male","M",214,5546,3858.6
,"85+ years","85+","South Dakota","46","2007","2007","Female","F",320,12538,2552.2
,"85+ years","85+","South Dakota","46","2007","2007","Male","M",229,5696,4020.4
,"85+ years","85+","South Dakota","46","2008","2008","Female","F",326,12672,2572.6
,"85+ years","85+","South Dakota","46","2008","2008","Male","M",226,5839,3870.5
,"85+ years","85+","South Dakota","46","2009","2009","Female","F",346,12814,2700.2
,"85+ years","85+","South Dakota","46","2009","2009","Male","M",235,6117,3841.8
,"85+ years","85+","South Dakota","46","2010","2010","Female","F",321,12929,2482.8
,"85+ years","85+","South Dakota","46","2010","2010","Male","M",215,6297,3414.3
,"85+ years","85+","South Dakota","46","2011","2011","Female","F",342,13335,2564.7
,"85+ years","85+","South Dakota","46","2011","2011","Male","M",218,6530,3338.4
,"85+ years","85+","South Dakota","46","2012","2012","Female","F",326,13501,2414.6
,"85+ years","85+","South Dakota","46","2012","2012","Male","M",211,6670,3163.4
,"85+ years","85+","South Dakota","46","2013","2013","Female","F",272,13726,1981.6
,"85+ years","85+","South Dakota","46","2013","2013","Male","M",204,6894,2959.1
,"85+ years","85+","South Dakota","46","2014","2014","Female","F",242,13823,1750.7
,"85+ years","85+","South Dakota","46","2014","2014","Male","M",249,7048,3532.9
,"85+ years","85+","South Dakota","46","2015","2015","Female","F",292,14048,2078.6
,"85+ years","85+","South Dakota","46","2015","2015","Male","M",257,7320,3510.9
,"85+ years","85+","South Dakota","46","2016","2016","Female","F",237,14181,1671.3
,"85+ years","85+","South Dakota","46","2016","2016","Male","M",200,7335,2726.7
,"85+ years","85+","South Dakota","46","2017","2017","Female","F",230,13674,1682.0
,"85+ years","85+","South Dakota","46","2017","2017","Male","M",212,7107,2983.0
,"85+ years","85+","South Dakota","46","2018","2018","Female","F",247,13796,1790.4
,"85+ years","85+","South Dakota","46","2018","2018","Male","M",208,7195,2890.9
,"85+ years","85+","South Dakota","46","2019","2019","Female","F",252,13747,1833.1
,"85+ years","85+","South Dakota","46","2019","2019","Male","M",175,7238,2417.8
,"85+ years","85+","South Dakota","46","2020","2020","Female","F",212,13608,1557.9
,"85+ years","85+","South Dakota","46","2020","2020","Male","M",185,7248,2552.4
,"85+ years","85+","Tennessee","47","1999","1999","Female","F",2511,58916,4262.0
,"85+ years","85+","Tennessee","47","1999","1999","Male","M",1097,21451,5114.0
,"85+ years","85+","Tennessee","47","2000","2000","Female","F",2532,59622,4246.8
,"85+ years","85+","Tennessee","47","2000","2000","Male","M",1138,21843,5209.9
,"85+ years","85+","Tennessee","47","2001","2001","Female","F",2578,60060,4292.4
,"85+ years","85+","Tennessee","47","2001","2001","Male","M",1137,22288,5101.4
,"85+ years","85+","Tennessee","47","2002","2002","Female","F",2605,59731,4361.2
,"85+ years","85+","Tennessee","47","2002","2002","Male","M",1174,22289,5267.2
,"85+ years","85+","Tennessee","47","2003","2003","Female","F",2527,59757,4228.8
,"85+ years","85+","Tennessee","47","2003","2003","Male","M",1165,22562,5163.5
,"85+ years","85+","Tennessee","47","2004","2004","Female","F",2269,60291,3763.4
,"85+ years","85+","Tennessee","47","2004","2004","Male","M",1054,23177,4547.6
,"85+ years","85+","Tennessee","47","2005","2005","Female","F",2245,61645,3641.8
,"85+ years","85+","Tennessee","47","2005","2005","Male","M",1059,24110,4392.4
,"85+ years","85+","Tennessee","47","2006","2006","Female","F",2030,63865,3178.6
,"85+ years","85+","Tennessee","47","2006","2006","Male","M",1066,25385,4199.3
,"85+ years","85+","Tennessee","47","2007","2007","Female","F",2094,65565,3193.8
,"85+ years","85+","Tennessee","47","2007","2007","Male","M",1012,26613,3802.7
,"85+ years","85+","Tennessee","47","2008","2008","Female","F",2216,66570,3328.8
,"85+ years","85+","Tennessee","47","2008","2008","Male","M",1032,27702,3725.4
,"85+ years","85+","Tennessee","47","2009","2009","Female","F",2019,68449,2949.6
,"85+ years","85+","Tennessee","47","2009","2009","Male","M",1117,28953,3858.0
,"85+ years","85+","Tennessee","47","2010","2010","Female","F",2046,69881,2927.8
,"85+ years","85+","Tennessee","47","2010","2010","Male","M",1190,30036,3961.9
,"85+ years","85+","Tennessee","47","2011","2011","Female","F",1970,72266,2726.0
,"85+ years","85+","Tennessee","47","2011","2011","Male","M",1116,31905,3497.9
,"85+ years","85+","Tennessee","47","2012","2012","Female","F",1816,73264,2478.7
,"85+ years","85+","Tennessee","47","2012","2012","Male","M",1133,33125,3420.4
,"85+ years","85+","Tennessee","47","2013","2013","Female","F",1778,74347,2391.5
,"85+ years","85+","Tennessee","47","2013","2013","Male","M",1099,34491,3186.3
,"85+ years","85+","Tennessee","47","2014","2014","Female","F",1743,75293,2315.0
,"85+ years","85+","Tennessee","47","2014","2014","Male","M",1027,35847,2865.0
,"85+ years","85+","Tennessee","47","2015","2015","Female","F",1694,76570,2212.4
,"85+ years","85+","Tennessee","47","2015","2015","Male","M",1098,37166,2954.3
,"85+ years","85+","Tennessee","47","2016","2016","Female","F",1486,77388,1920.2
,"85+ years","85+","Tennessee","47","2016","2016","Male","M",1067,38319,2784.5
,"85+ years","85+","Tennessee","47","2017","2017","Female","F",1515,78448,1931.2
,"85+ years","85+","Tennessee","47","2017","2017","Male","M",1125,39455,2851.3
,"85+ years","85+","Tennessee","47","2018","2018","Female","F",1485,79400,1870.3
,"85+ years","85+","Tennessee","47","2018","2018","Male","M",1154,40662,2838.0
,"85+ years","85+","Tennessee","47","2019","2019","Female","F",1411,79896,1766.0
,"85+ years","85+","Tennessee","47","2019","2019","Male","M",1116,41873,2665.2
,"85+ years","85+","Tennessee","47","2020","2020","Female","F",1488,80981,1837.5
,"85+ years","85+","Tennessee","47","2020","2020","Male","M",1178,42940,2743.4
,"85+ years","85+","Texas","48","1999","1999","Female","F",6857,167430,4095.4
,"85+ years","85+","Texas","48","1999","1999","Male","M",3196,66337,4817.8
,"85+ years","85+","Texas","48","2000","2000","Female","F",6768,169720,3987.7
,"85+ years","85+","Texas","48","2000","2000","Male","M",3195,68220,4683.4
,"85+ years","85+","Texas","48","2001","2001","Female","F",6437,169344,3801.1
,"85+ years","85+","Texas","48","2001","2001","Male","M",3171,69069,4591.1
,"85+ years","85+","Texas","48","2002","2002","Female","F",6312,168790,3739.6
,"85+ years","85+","Texas","48","2002","2002","Male","M",3241,69748,4646.7
,"85+ years","85+","Texas","48","2003","2003","Female","F",6031,170564,3535.9
,"85+ years","85+","Texas","48","2003","2003","Male","M",2918,72055,4049.7
,"85+ years","85+","Texas","48","2004","2004","Female","F",5466,171804,3181.5
,"85+ years","85+","Texas","48","2004","2004","Male","M",2906,74272,3912.6
,"85+ years","85+","Texas","48","2005","2005","Female","F",5457,177125,3080.9
,"85+ years","85+","Texas","48","2005","2005","Male","M",3051,78755,3874.0
,"85+ years","85+","Texas","48","2006","2006","Female","F",4935,182870,2698.6
,"85+ years","85+","Texas","48","2006","2006","Male","M",2881,83598,3446.3
,"85+ years","85+","Texas","48","2007","2007","Female","F",4843,188210,2573.2
,"85+ years","85+","Texas","48","2007","2007","Male","M",2906,88196,3294.9
,"85+ years","85+","Texas","48","2008","2008","Female","F",4666,192848,2419.5
,"85+ years","85+","Texas","48","2008","2008","Male","M",2861,92863,3080.9
,"85+ years","85+","Texas","48","2009","2009","Female","F",4344,199210,2180.6
,"85+ years","85+","Texas","48","2009","2009","Male","M",2816,97557,2886.5
,"85+ years","85+","Texas","48","2010","2010","Female","F",4299,204208,2105.2
,"85+ years","85+","Texas","48","2010","2010","Male","M",2979,100971,2950.4
,"85+ years","85+","Texas","48","2011","2011","Female","F",4192,214548,1953.9
,"85+ years","85+","Texas","48","2011","2011","Male","M",2773,108256,2561.5
,"85+ years","85+","Texas","48","2012","2012","Female","F",4076,221928,1836.6
,"85+ years","85+","Texas","48","2012","2012","Male","M",2947,113704,2591.8
,"85+ years","85+","Texas","48","2013","2013","Female","F",4108,228831,1795.2
,"85+ years","85+","Texas","48","2013","2013","Male","M",3011,119061,2529.0
,"85+ years","85+","Texas","48","2014","2014","Female","F",3995,235944,1693.2
,"85+ years","85+","Texas","48","2014","2014","Male","M",3021,125558,2406.1
,"85+ years","85+","Texas","48","2015","2015","Female","F",3950,243146,1624.5
,"85+ years","85+","Texas","48","2015","2015","Male","M",3098,131293,2359.6
,"85+ years","85+","Texas","48","2016","2016","Female","F",3908,251025,1556.8
,"85+ years","85+","Texas","48","2016","2016","Male","M",3221,136765,2355.1
,"85+ years","85+","Texas","48","2017","2017","Female","F",3918,254079,1542.0
,"85+ years","85+","Texas","48","2017","2017","Male","M",3248,141312,2298.5
,"85+ years","85+","Texas","48","2018","2018","Female","F",3963,255566,1550.7
,"85+ years","85+","Texas","48","2018","2018","Male","M",3333,144933,2299.7
,"85+ years","85+","Texas","48","2019","2019","Female","F",3937,258904,1520.6
,"85+ years","85+","Texas","48","2019","2019","Male","M",3317,149555,2217.9
,"85+ years","85+","Texas","48","2020","2020","Female","F",4057,261265,1552.8
,"85+ years","85+","Texas","48","2020","2020","Male","M",3608,152665,2363.3
,"85+ years","85+","Utah","49","1999","1999","Female","F",298,14280,2086.8
,"85+ years","85+","Utah","49","1999","1999","Male","M",247,6877,3591.7
,"85+ years","85+","Utah","49","2000","2000","Female","F",307,14574,2106.5
,"85+ years","85+","Utah","49","2000","2000","Male","M",214,7177,2981.7
,"85+ years","85+","Utah","49","2001","2001","Female","F",314,14919,2104.7
,"85+ years","85+","Utah","49","2001","2001","Male","M",206,7465,2759.5
,"85+ years","85+","Utah","49","2002","2002","Female","F",276,15181,1818.1
,"85+ years","85+","Utah","49","2002","2002","Male","M",221,7771,2843.9
,"85+ years","85+","Utah","49","2003","2003","Female","F",337,15429,2184.2
,"85+ years","85+","Utah","49","2003","2003","Male","M",236,8136,2900.7
,"85+ years","85+","Utah","49","2004","2004","Female","F",287,15761,1821.0
,"85+ years","85+","Utah","49","2004","2004","Male","M",260,8367,3107.4
,"85+ years","85+","Utah","49","2005","2005","Female","F",279,16309,1710.7
,"85+ years","85+","Utah","49","2005","2005","Male","M",217,8861,2448.9
,"85+ years","85+","Utah","49","2006","2006","Female","F",258,17167,1502.9
,"85+ years","85+","Utah","49","2006","2006","Male","M",241,9468,2545.4
,"85+ years","85+","Utah","49","2007","2007","Female","F",255,17747,1436.9
,"85+ years","85+","Utah","49","2007","2007","Male","M",228,10024,2274.5
,"85+ years","85+","Utah","49","2008","2008","Female","F",285,18458,1544.0
,"85+ years","85+","Utah","49","2008","2008","Male","M",252,10464,2408.3
,"85+ years","85+","Utah","49","2009","2009","Female","F",246,19217,1280.1
,"85+ years","85+","Utah","49","2009","2009","Male","M",228,10933,2085.4
,"85+ years","85+","Utah","49","2010","2010","Female","F",247,19681,1255.0
,"85+ years","85+","Utah","49","2010","2010","Male","M",226,11310,1998.2
,"85+ years","85+","Utah","49","2011","2011","Female","F",326,20478,1592.0
,"85+ years","85+","Utah","49","2011","2011","Male","M",258,12226,2110.3
,"85+ years","85+","Utah","49","2012","2012","Female","F",267,20887,1278.3
,"85+ years","85+","Utah","49","2012","2012","Male","M",263,12570,2092.3
,"85+ years","85+","Utah","49","2013","2013","Female","F",303,21091,1436.6
,"85+ years","85+","Utah","49","2013","2013","Male","M",274,13108,2090.3
,"85+ years","85+","Utah","49","2014","2014","Female","F",282,21134,1334.3
,"85+ years","85+","Utah","49","2014","2014","Male","M",306,13624,2246.0
,"85+ years","85+","Utah","49","2015","2015","Female","F",334,21540,1550.6
,"85+ years","85+","Utah","49","2015","2015","Male","M",303,14168,2138.6
,"85+ years","85+","Utah","49","2016","2016","Female","F",300,21788,1376.9
,"85+ years","85+","Utah","49","2016","2016","Male","M",328,14590,2248.1
,"85+ years","85+","Utah","49","2017","2017","Female","F",306,22078,1386.0
,"85+ years","85+","Utah","49","2017","2017","Male","M",299,15197,1967.5
,"85+ years","85+","Utah","49","2018","2018","Female","F",284,22291,1274.1
,"85+ years","85+","Utah","49","2018","2018","Male","M",315,15485,2034.2
,"85+ years","85+","Utah","49","2019","2019","Female","F",263,22667,1160.3
,"85+ years","85+","Utah","49","2019","2019","Male","M",314,15907,1974.0
,"85+ years","85+","Utah","49","2020","2020","Female","F",304,23142,1313.6
,"85+ years","85+","Utah","49","2020","2020","Male","M",345,16381,2106.1
,"85+ years","85+","Vermont","50","1999","1999","Female","F",247,7161,3449.2
,"85+ years","85+","Vermont","50","1999","1999","Male","M",108,2693,4010.4
,"85+ years","85+","Vermont","50","2000","2000","Female","F",245,7230,3388.7
,"85+ years","85+","Vermont","50","2000","2000","Male","M",120,2766,4338.4
,"85+ years","85+","Vermont","50","2001","2001","Female","F",248,7351,3373.7
,"85+ years","85+","Vermont","50","2001","2001","Male","M",133,2842,4679.8
,"85+ years","85+","Vermont","50","2002","2002","Female","F",242,7392,3273.8
,"85+ years","85+","Vermont","50","2002","2002","Male","M",110,2926,3759.4
,"85+ years","85+","Vermont","50","2003","2003","Female","F",260,7558,3440.1
,"85+ years","85+","Vermont","50","2003","2003","Male","M",120,3044,3942.2
,"85+ years","85+","Vermont","50","2004","2004","Female","F",226,7574,2983.9
,"85+ years","85+","Vermont","50","2004","2004","Male","M",123,3175,3874.0
,"85+ years","85+","Vermont","50","2005","2005","Female","F",216,7691,2808.5
,"85+ years","85+","Vermont","50","2005","2005","Male","M",135,3256,4146.2
,"85+ years","85+","Vermont","50","2006","2006","Female","F",217,7951,2729.2
,"85+ years","85+","Vermont","50","2006","2006","Male","M",121,3459,3498.1
,"85+ years","85+","Vermont","50","2007","2007","Female","F",206,8139,2531.0
,"85+ years","85+","Vermont","50","2007","2007","Male","M",117,3602,3248.2
,"85+ years","85+","Vermont","50","2008","2008","Female","F",195,8381,2326.7
,"85+ years","85+","Vermont","50","2008","2008","Male","M",136,3782,3596.0
,"85+ years","85+","Vermont","50","2009","2009","Female","F",206,8627,2387.9
,"85+ years","85+","Vermont","50","2009","2009","Male","M",115,3935,2922.5
,"85+ years","85+","Vermont","50","2010","2010","Female","F",186,8694,2139.4
,"85+ years","85+","Vermont","50","2010","2010","Male","M",130,4103,3168.4
,"85+ years","85+","Vermont","50","2011","2011","Female","F",169,9064,1864.5
,"85+ years","85+","Vermont","50","2011","2011","Male","M",122,4273,2855.1
,"85+ years","85+","Vermont","50","2012","2012","Female","F",186,9099,2044.2
,"85+ years","85+","Vermont","50","2012","2012","Male","M",143,4403,3247.8
,"85+ years","85+","Vermont","50","2013","2013","Female","F",175,9240,1893.9
,"85+ years","85+","Vermont","50","2013","2013","Male","M",145,4598,3153.5
,"85+ years","85+","Vermont","50","2014","2014","Female","F",188,9354,2009.8
,"85+ years","85+","Vermont","50","2014","2014","Male","M",137,4753,2882.4
,"85+ years","85+","Vermont","50","2015","2015","Female","F",183,9528,1920.7
,"85+ years","85+","Vermont","50","2015","2015","Male","M",166,4846,3425.5
,"85+ years","85+","Vermont","50","2016","2016","Female","F",174,9445,1842.2
,"85+ years","85+","Vermont","50","2016","2016","Male","M",156,4838,3224.5
,"85+ years","85+","Vermont","50","2017","2017","Female","F",167,9344,1787.2
,"85+ years","85+","Vermont","50","2017","2017","Male","M",160,4928,3246.8
,"85+ years","85+","Vermont","50","2018","2018","Female","F",147,9368,1569.2
,"85+ years","85+","Vermont","50","2018","2018","Male","M",135,5053,2671.7
,"85+ years","85+","Vermont","50","2019","2019","Female","F",151,9277,1627.7
,"85+ years","85+","Vermont","50","2019","2019","Male","M",132,5160,2558.1
,"85+ years","85+","Vermont","50","2020","2020","Female","F",169,9235,1830.0
,"85+ years","85+","Vermont","50","2020","2020","Male","M",168,5122,3280.0
,"85+ years","85+","Virginia","51","1999","1999","Female","F",1884,62754,3002.2
,"85+ years","85+","Virginia","51","1999","1999","Male","M",863,22452,3843.8
,"85+ years","85+","Virginia","51","2000","2000","Female","F",1975,64052,3083.4
,"85+ years","85+","Virginia","51","2000","2000","Male","M",860,23214,3704.7
,"85+ years","85+","Virginia","51","2001","2001","Female","F",1962,64852,3025.4
,"85+ years","85+","Virginia","51","2001","2001","Male","M",883,24163,3654.3
,"85+ years","85+","Virginia","51","2002","2002","Female","F",1928,65956,2923.2
,"85+ years","85+","Virginia","51","2002","2002","Male","M",911,25250,3607.9
,"85+ years","85+","Virginia","51","2003","2003","Female","F",1850,67358,2746.5
,"85+ years","85+","Virginia","51","2003","2003","Male","M",948,26561,3569.1
,"85+ years","85+","Virginia","51","2004","2004","Female","F",1816,68700,2643.4
,"85+ years","85+","Virginia","51","2004","2004","Male","M",877,27695,3166.6
,"85+ years","85+","Virginia","51","2005","2005","Female","F",1736,70746,2453.8
,"85+ years","85+","Virginia","51","2005","2005","Male","M",908,29321,3096.8
,"85+ years","85+","Virginia","51","2006","2006","Female","F",1666,73826,2256.7
,"85+ years","85+","Virginia","51","2006","2006","Male","M",945,31197,3029.1
,"85+ years","85+","Virginia","51","2007","2007","Female","F",1545,76546,2018.4
,"85+ years","85+","Virginia","51","2007","2007","Male","M",938,33235,2822.3
,"85+ years","85+","Virginia","51","2008","2008","Female","F",1606,78857,2036.6
,"85+ years","85+","Virginia","51","2008","2008","Male","M",929,34951,2658.0
,"85+ years","85+","Virginia","51","2009","2009","Female","F",1513,81961,1846.0
,"85+ years","85+","Virginia","51","2009","2009","Male","M",924,37076,2492.2
,"85+ years","85+","Virginia","51","2010","2010","Female","F",1551,83957,1847.4
,"85+ years","85+","Virginia","51","2010","2010","Male","M",992,38446,2580.2
,"85+ years","85+","Virginia","51","2011","2011","Female","F",1533,87289,1756.2
,"85+ years","85+","Virginia","51","2011","2011","Male","M",970,40758,2379.9
,"85+ years","85+","Virginia","51","2012","2012","Female","F",1492,89753,1662.3
,"85+ years","85+","Virginia","51","2012","2012","Male","M",995,42467,2343.0
,"85+ years","85+","Virginia","51","2013","2013","Female","F",1540,91474,1683.5
,"85+ years","85+","Virginia","51","2013","2013","Male","M",985,44273,2224.8
,"85+ years","85+","Virginia","51","2014","2014","Female","F",1432,92760,1543.8
,"85+ years","85+","Virginia","51","2014","2014","Male","M",1030,46080,2235.2
,"85+ years","85+","Virginia","51","2015","2015","Female","F",1408,94568,1488.9
,"85+ years","85+","Virginia","51","2015","2015","Male","M",1039,47944,2167.1
,"85+ years","85+","Virginia","51","2016","2016","Female","F",1350,95870,1408.2
,"85+ years","85+","Virginia","51","2016","2016","Male","M",991,49457,2003.8
,"85+ years","85+","Virginia","51","2017","2017","Female","F",1335,97125,1374.5
,"85+ years","85+","Virginia","51","2017","2017","Male","M",1041,51409,2024.9
,"85+ years","85+","Virginia","51","2018","2018","Female","F",1255,98754,1270.8
,"85+ years","85+","Virginia","51","2018","2018","Male","M",947,53138,1782.2
,"85+ years","85+","Virginia","51","2019","2019","Female","F",1305,99694,1309.0
,"85+ years","85+","Virginia","51","2019","2019","Male","M",988,54791,1803.2
,"85+ years","85+","Virginia","51","2020","2020","Female","F",1244,100494,1237.9
,"85+ years","85+","Virginia","51","2020","2020","Male","M",1084,56142,1930.8
,"85+ years","85+","Washington","53","1999","1999","Female","F",1867,56787,3287.7
,"85+ years","85+","Washington","53","1999","1999","Male","M",1093,25446,4295.4
,"85+ years","85+","Washington","53","2000","2000","Female","F",1860,57868,3214.2
,"85+ years","85+","Washington","53","2000","2000","Male","M",1118,26217,4264.4
,"85+ years","85+","Washington","53","2001","2001","Female","F",1751,59268,2954.4
,"85+ years","85+","Washington","53","2001","2001","Male","M",1117,27486,4063.9
,"85+ years","85+","Washington","53","2002","2002","Female","F",1795,60476,2968.1
,"85+ years","85+","Washington","53","2002","2002","Male","M",1172,28254,4148.1
,"85+ years","85+","Washington","53","2003","2003","Female","F",1895,61986,3057.1
,"85+ years","85+","Washington","53","2003","2003","Male","M",1172,29463,3977.9
,"85+ years","85+","Washington","53","2004","2004","Female","F",1668,63664,2620.0
,"85+ years","85+","Washington","53","2004","2004","Male","M",1108,30515,3631.0
,"85+ years","85+","Washington","53","2005","2005","Female","F",1750,65589,2668.1
,"85+ years","85+","Washington","53","2005","2005","Male","M",1131,32079,3525.7
,"85+ years","85+","Washington","53","2006","2006","Female","F",1680,68670,2446.5
,"85+ years","85+","Washington","53","2006","2006","Male","M",1122,34112,3289.2
,"85+ years","85+","Washington","53","2007","2007","Female","F",1717,70984,2418.9
,"85+ years","85+","Washington","53","2007","2007","Male","M",1193,35920,3321.3
,"85+ years","85+","Washington","53","2008","2008","Female","F",1749,72871,2400.1
,"85+ years","85+","Washington","53","2008","2008","Male","M",1234,37205,3316.8
,"85+ years","85+","Washington","53","2009","2009","Female","F",1716,75748,2265.4
,"85+ years","85+","Washington","53","2009","2009","Male","M",1204,38922,3093.4
,"85+ years","85+","Washington","53","2010","2010","Female","F",1581,77188,2048.2
,"85+ years","85+","Washington","53","2010","2010","Male","M",1232,40083,3073.6
,"85+ years","85+","Washington","53","2011","2011","Female","F",1513,80304,1884.1
,"85+ years","85+","Washington","53","2011","2011","Male","M",1182,42302,2794.2
,"85+ years","85+","Washington","53","2012","2012","Female","F",1333,81486,1635.9
,"85+ years","85+","Washington","53","2012","2012","Male","M",1186,43112,2751.0
,"85+ years","85+","Washington","53","2013","2013","Female","F",1319,82185,1604.9
,"85+ years","85+","Washington","53","2013","2013","Male","M",1186,43992,2695.9
,"85+ years","85+","Washington","53","2014","2014","Female","F",1312,83395,1573.2
,"85+ years","85+","Washington","53","2014","2014","Male","M",1179,45293,2603.1
,"85+ years","85+","Washington","53","2015","2015","Female","F",1224,84496,1448.6
,"85+ years","85+","Washington","53","2015","2015","Male","M",1214,46488,2611.4
,"85+ years","85+","Washington","53","2016","2016","Female","F",1195,85063,1404.8
,"85+ years","85+","Washington","53","2016","2016","Male","M",1102,47426,2323.6
,"85+ years","85+","Washington","53","2017","2017","Female","F",1242,83946,1479.5
,"85+ years","85+","Washington","53","2017","2017","Male","M",1141,47471,2403.6
,"85+ years","85+","Washington","53","2018","2018","Female","F",1183,84959,1392.4
,"85+ years","85+","Washington","53","2018","2018","Male","M",1181,48424,2438.9
,"85+ years","85+","Washington","53","2019","2019","Female","F",1184,85068,1391.8
,"85+ years","85+","Washington","53","2019","2019","Male","M",1158,49510,2338.9
,"85+ years","85+","Washington","53","2020","2020","Female","F",1097,84941,1291.5
,"85+ years","85+","Washington","53","2020","2020","Male","M",1106,50440,2192.7
,"85+ years","85+","West Virginia","54","1999","1999","Female","F",1066,22748,4686.1
,"85+ years","85+","West Virginia","54","1999","1999","Male","M",458,8687,5272.2
,"85+ years","85+","West Virginia","54","2000","2000","Female","F",977,22904,4265.6
,"85+ years","85+","West Virginia","54","2000","2000","Male","M",465,8875,5239.4
,"85+ years","85+","West Virginia","54","2001","2001","Female","F",988,22761,4340.8
,"85+ years","85+","West Virginia","54","2001","2001","Male","M",446,8946,4985.5
,"85+ years","85+","West Virginia","54","2002","2002","Female","F",917,22629,4052.3
,"85+ years","85+","West Virginia","54","2002","2002","Male","M",478,8933,5350.9
,"85+ years","85+","West Virginia","54","2003","2003","Female","F",896,22626,3960.0
,"85+ years","85+","West Virginia","54","2003","2003","Male","M",403,8977,4489.3
,"85+ years","85+","West Virginia","54","2004","2004","Female","F",813,22564,3603.1
,"85+ years","85+","West Virginia","54","2004","2004","Male","M",417,9129,4567.9
,"85+ years","85+","West Virginia","54","2005","2005","Female","F",764,22675,3369.3
,"85+ years","85+","West Virginia","54","2005","2005","Male","M",425,9281,4579.2
,"85+ years","85+","West Virginia","54","2006","2006","Female","F",684,23150,2954.6
,"85+ years","85+","West Virginia","54","2006","2006","Male","M",378,9695,3898.9
,"85+ years","85+","West Virginia","54","2007","2007","Female","F",749,23688,3161.9
,"85+ years","85+","West Virginia","54","2007","2007","Male","M",356,10211,3486.4
,"85+ years","85+","West Virginia","54","2008","2008","Female","F",751,23764,3160.2
,"85+ years","85+","West Virginia","54","2008","2008","Male","M",429,10561,4062.1
,"85+ years","85+","West Virginia","54","2009","2009","Female","F",642,24279,2644.3
,"85+ years","85+","West Virginia","54","2009","2009","Male","M",392,11105,3529.9
,"85+ years","85+","West Virginia","54","2010","2010","Female","F",607,24505,2477.0
,"85+ years","85+","West Virginia","54","2010","2010","Male","M",383,11416,3354.9
,"85+ years","85+","West Virginia","54","2011","2011","Female","F",630,24870,2533.2
,"85+ years","85+","West Virginia","54","2011","2011","Male","M",379,12024,3152.0
,"85+ years","85+","West Virginia","54","2012","2012","Female","F",595,25281,2353.5
,"85+ years","85+","West Virginia","54","2012","2012","Male","M",369,12452,2963.4
,"85+ years","85+","West Virginia","54","2013","2013","Female","F",568,25419,2234.5
,"85+ years","85+","West Virginia","54","2013","2013","Male","M",366,12985,2818.6
,"85+ years","85+","West Virginia","54","2014","2014","Female","F",555,25568,2170.7
,"85+ years","85+","West Virginia","54","2014","2014","Male","M",417,13167,3167.0
,"85+ years","85+","West Virginia","54","2015","2015","Female","F",574,25744,2229.6
,"85+ years","85+","West Virginia","54","2015","2015","Male","M",440,13520,3254.4
,"85+ years","85+","West Virginia","54","2016","2016","Female","F",607,25685,2363.2
,"85+ years","85+","West Virginia","54","2016","2016","Male","M",389,13637,2852.5
,"85+ years","85+","West Virginia","54","2017","2017","Female","F",628,25993,2416.0
,"85+ years","85+","West Virginia","54","2017","2017","Male","M",419,13817,3032.5
,"85+ years","85+","West Virginia","54","2018","2018","Female","F",578,25963,2226.2
,"85+ years","85+","West Virginia","54","2018","2018","Male","M",440,13937,3157.1
,"85+ years","85+","West Virginia","54","2019","2019","Female","F",618,25841,2391.5
,"85+ years","85+","West Virginia","54","2019","2019","Male","M",418,14295,2924.1
,"85+ years","85+","West Virginia","54","2020","2020","Female","F",520,25809,2014.8
,"85+ years","85+","West Virginia","54","2020","2020","Male","M",429,14501,2958.4
,"85+ years","85+","Wisconsin","55","1999","1999","Female","F",2299,67491,3406.4
,"85+ years","85+","Wisconsin","55","1999","1999","Male","M",1145,26675,4292.4
,"85+ years","85+","Wisconsin","55","2000","2000","Female","F",2318,68374,3390.2
,"85+ years","85+","Wisconsin","55","2000","2000","Male","M",1184,27251,4344.8
,"85+ years","85+","Wisconsin","55","2001","2001","Female","F",2139,69178,3092.0
,"85+ years","85+","Wisconsin","55","2001","2001","Male","M",1119,28057,3988.3
,"85+ years","85+","Wisconsin","55","2002","2002","Female","F",2084,70274,2965.5
,"85+ years","85+","Wisconsin","55","2002","2002","Male","M",1199,28854,4155.4
,"85+ years","85+","Wisconsin","55","2003","2003","Female","F",2005,71614,2799.7
,"85+ years","85+","Wisconsin","55","2003","2003","Male","M",1118,29711,3762.9
,"85+ years","85+","Wisconsin","55","2004","2004","Female","F",1841,72867,2526.5
,"85+ years","85+","Wisconsin","55","2004","2004","Male","M",1050,30448,3448.5
,"85+ years","85+","Wisconsin","55","2005","2005","Female","F",1883,74166,2538.9
,"85+ years","85+","Wisconsin","55","2005","2005","Male","M",1127,31386,3590.8
,"85+ years","85+","Wisconsin","55","2006","2006","Female","F",1726,75635,2282.0
,"85+ years","85+","Wisconsin","55","2006","2006","Male","M",1080,32692,3303.6
,"85+ years","85+","Wisconsin","55","2007","2007","Female","F",1663,77324,2150.7
,"85+ years","85+","Wisconsin","55","2007","2007","Male","M",990,33784,2930.4
,"85+ years","85+","Wisconsin","55","2008","2008","Female","F",1684,78576,2143.1
,"85+ years","85+","Wisconsin","55","2008","2008","Male","M",1121,35285,3177.0
,"85+ years","85+","Wisconsin","55","2009","2009","Female","F",1492,79920,1866.9
,"85+ years","85+","Wisconsin","55","2009","2009","Male","M",1076,36465,2950.8
,"85+ years","85+","Wisconsin","55","2010","2010","Female","F",1583,81055,1953.0
,"85+ years","85+","Wisconsin","55","2010","2010","Male","M",1055,37450,2817.1
,"85+ years","85+","Wisconsin","55","2011","2011","Female","F",1595,82928,1923.4
,"85+ years","85+","Wisconsin","55","2011","2011","Male","M",1053,39034,2697.6
,"85+ years","85+","Wisconsin","55","2012","2012","Female","F",1524,83781,1819.0
,"85+ years","85+","Wisconsin","55","2012","2012","Male","M",1140,40399,2821.9
,"85+ years","85+","Wisconsin","55","2013","2013","Female","F",1422,84153,1689.8
,"85+ years","85+","Wisconsin","55","2013","2013","Male","M",1195,41862,2854.6
,"85+ years","85+","Wisconsin","55","2014","2014","Female","F",1430,84976,1682.8
,"85+ years","85+","Wisconsin","55","2014","2014","Male","M",1080,43120,2504.6
,"85+ years","85+","Wisconsin","55","2015","2015","Female","F",1373,85392,1607.9
,"85+ years","85+","Wisconsin","55","2015","2015","Male","M",1097,43865,2500.9
,"85+ years","85+","Wisconsin","55","2016","2016","Female","F",1303,84921,1534.4
,"85+ years","85+","Wisconsin","55","2016","2016","Male","M",1162,44363,2619.3
,"85+ years","85+","Wisconsin","55","2017","2017","Female","F",1299,84297,1541.0
,"85+ years","85+","Wisconsin","55","2017","2017","Male","M",1142,44551,2563.4
,"85+ years","85+","Wisconsin","55","2018","2018","Female","F",1310,83902,1561.3
,"85+ years","85+","Wisconsin","55","2018","2018","Male","M",1100,44734,2459.0
,"85+ years","85+","Wisconsin","55","2019","2019","Female","F",1236,83013,1488.9
,"85+ years","85+","Wisconsin","55","2019","2019","Male","M",1156,45296,2552.1
,"85+ years","85+","Wisconsin","55","2020","2020","Female","F",1280,81458,1571.4
,"85+ years","85+","Wisconsin","55","2020","2020","Male","M",1113,45211,2461.8
,"85+ years","85+","Wyoming","56","1999","1999","Female","F",133,4600,2891.3
,"85+ years","85+","Wyoming","56","1999","1999","Male","M",79,1948,4055.4
,"85+ years","85+","Wyoming","56","2000","2000","Female","F",117,4718,2479.9
,"85+ years","85+","Wyoming","56","2000","2000","Male","M",73,2017,3619.2
,"85+ years","85+","Wyoming","56","2001","2001","Female","F",134,4800,2791.7
,"85+ years","85+","Wyoming","56","2001","2001","Male","M",83,2092,3967.5
,"85+ years","85+","Wyoming","56","2002","2002","Female","F",110,4785,2298.9
,"85+ years","85+","Wyoming","56","2002","2002","Male","M",88,2134,4123.7
,"85+ years","85+","Wyoming","56","2003","2003","Female","F",109,4829,2257.2
,"85+ years","85+","Wyoming","56","2003","2003","Male","M",61,2229,2736.7
,"85+ years","85+","Wyoming","56","2004","2004","Female","F",118,4878,2419.0
,"85+ years","85+","Wyoming","56","2004","2004","Male","M",70,2310,3030.3
,"85+ years","85+","Wyoming","56","2005","2005","Female","F",100,5005,1998.0
,"85+ years","85+","Wyoming","56","2005","2005","Male","M",68,2460,2764.2
,"85+ years","85+","Wyoming","56","2006","2006","Female","F",106,5194,2040.8
,"85+ years","85+","Wyoming","56","2006","2006","Male","M",64,2527,2532.6
,"85+ years","85+","Wyoming","56","2007","2007","Female","F",85,5225,1626.8
,"85+ years","85+","Wyoming","56","2007","2007","Male","M",66,2660,2481.2
,"85+ years","85+","Wyoming","56","2008","2008","Female","F",88,5337,1648.9
,"85+ years","85+","Wyoming","56","2008","2008","Male","M",69,2814,2452.0
,"85+ years","85+","Wyoming","56","2009","2009","Female","F",79,5439,1452.5
,"85+ years","85+","Wyoming","56","2009","2009","Male","M",90,2968,3032.3
,"85+ years","85+","Wyoming","56","2010","2010","Female","F",95,5549,1712.0
,"85+ years","85+","Wyoming","56","2010","2010","Male","M",75,3053,2456.6
,"85+ years","85+","Wyoming","56","2011","2011","Female","F",77,5747,1339.8
,"85+ years","85+","Wyoming","56","2011","2011","Male","M",82,3186,2573.8
,"85+ years","85+","Wyoming","56","2012","2012","Female","F",81,5832,1388.9
,"85+ years","85+","Wyoming","56","2012","2012","Male","M",94,3389,2773.7
,"85+ years","85+","Wyoming","56","2013","2013","Female","F",60,6142,976.9
,"85+ years","85+","Wyoming","56","2013","2013","Male","M",72,3601,1999.4
,"85+ years","85+","Wyoming","56","2014","2014","Female","F",107,6264,1708.2
,"85+ years","85+","Wyoming","56","2014","2014","Male","M",71,3783,1876.8
,"85+ years","85+","Wyoming","56","2015","2015","Female","F",85,6400,1328.1
,"85+ years","85+","Wyoming","56","2015","2015","Male","M",70,3864,1811.6
,"85+ years","85+","Wyoming","56","2016","2016","Female","F",88,6562,1341.1
,"85+ years","85+","Wyoming","56","2016","2016","Male","M",98,3973,2466.6
,"85+ years","85+","Wyoming","56","2017","2017","Female","F",87,6542,1329.9
,"85+ years","85+","Wyoming","56","2017","2017","Male","M",91,3967,2293.9
,"85+ years","85+","Wyoming","56","2018","2018","Female","F",81,6680,1212.6
,"85+ years","85+","Wyoming","56","2018","2018","Male","M",84,4001,2099.5
,"85+ years","85+","Wyoming","56","2019","2019","Female","F",77,6863,1122.0
,"85+ years","85+","Wyoming","56","2019","2019","Male","M",94,4128,2277.1
,"85+ years","85+","Wyoming","56","2020","2020","Female","F",82,6810,1204.1
,"85+ years","85+","Wyoming","56","2020","2020","Male","M",79,4204,1879.2
"---"
"Dataset: Underlying Cause of Death, 1999-2020"
"Query Parameters:"
"ICD-10 113 Cause List: Ischemic heart diseases (I20-I25)"
"Ten-Year Age Groups: 55-64 years; 65-74 years; 75-84 years; 85+ years"
"Group By: Ten-Year Age Groups; State; Year; Sex"
"Show Totals: Disabled"
"Show Zero Values: True"
"Show Suppressed: True"
"Calculate Rates Per: 100,000"
"Rate Options: Default intercensal populations for years 2001-2009 (except Infant Age Groups)"
"---"
"Help: See http://wonder.cdc.gov/wonder/help/ucd.html for more information."
"---"
"Query Date: May 4, 2026 6:08:46 PM"
"---"
"Suggested Citation: Centers for Disease Control and Prevention, National Center for Health Statistics. National Vital Statistics"
"System, Mortality 1999-2020 on CDC WONDER Online Database, released in 2021. Data are from the Multiple Cause of Death Files,"
"1999-2020, as compiled from data provided by the 57 vital statistics jurisdictions through the Vital Statistics Cooperative"
"Program. Accessed at http://wonder.cdc.gov/ucd-icd10.html on May 4, 2026 6:08:46 PM"
"---"
Messages:
"1. Totals are not available for these results due to suppression constraints. More Information:"
"http://wonder.cdc.gov/wonder/help/faq.html#Privacy."
"---"
Caveats:
"1. As of April 3, 2017, the underlying cause of death has been revised for 125 deaths in 2014. More information:"
"http://wonder.cdc.gov/wonder/help/ucd.html#2014-Revision."
"2. Circumstances in Georgia for the years 2008 and 2009 have resulted in unusually high death counts for the ICD-10 cause of"
"death code R99, ""Other ill-defined and unspecified causes of mortality."" Caution should be used in interpreting these data."
"More information: http://wonder.cdc.gov/wonder/help/ucd.html#Georgia-Reporting-Anomalies."
"3. Circumstances in New Jersey for the year 2009 have resulted in unusually high death counts for the ICD-10 cause of death code"
"R99, ""Other ill-defined and unspecified causes of mortality"" and therefore unusually low death counts in other ICD-10 codes,"
"most notably R95, ""Sudden Infant Death Syndrome"" and X40-X49, ""Unintentional poisoning."" Caution should be used in"
"interpreting these data. More information: http://wonder.cdc.gov/wonder/help/ucd.html#New-Jersey-Reporting-Anomalies."
"4. Circumstances in California resulted in unusually high death counts for the ICD-10 cause of death code R99, ""Other"
"ill-defined and unspecified causes of mortality"" for deaths occurring in years 2000 and 2001. Caution should be used in"
"interpreting these data. More information: http://wonder.cdc.gov/wonder/help/ucd.html#California-Reporting-Anomalies."
"5. Data are Suppressed when the data meet the criteria for confidentiality constraints. More information:"
"http://wonder.cdc.gov/wonder/help/ucd.html#Assurance of Confidentiality."
"6. Death rates are flagged as Unreliable when the rate is calculated with a numerator of 20 or less. More information:"
"http://wonder.cdc.gov/wonder/help/ucd.html#Unreliable."
"7. Deaths of persons with Age ""Not Stated"" are included in ""All"" counts and rates, but are not distributed among age groups,"
"so are not included in age-specific counts, age-specific rates or in any age-adjusted rates. More information:"
"http://wonder.cdc.gov/wonder/help/ucd.html#Not Stated."
"8. The population figures for year 2020 are bridged-race estimates of the July 1 resident population, from the Vintage 2020"
"postcensal series released by NCHS on September 22, 2021. The population figures for year 2019 are bridged-race estimates of the"
"July 1 resident population, from the Vintage 2019 postcensal series released by NCHS on July 9, 2020. The population figures for"
"year 2018 are bridged-race estimates of the July 1 resident population, from the Vintage 2018 postcensal series released by NCHS"
"on June 25, 2019. The population figures for year 2017 are bridged-race estimates of the July 1 resident population, from the"
"Vintage 2017 postcensal series released by NCHS on June 27, 2018. The population figures for year 2016 are bridged-race"
"estimates of the July 1 resident population, from the Vintage 2016 postcensal series released by NCHS on June 26, 2017. The"
"population figures for year 2015 are bridged-race estimates of the July 1 resident population, from the Vintage 2015 postcensal"
"series released by NCHS on June 28, 2016. The population figures for year 2014 are bridged-race estimates of the July 1 resident"
"population, from the Vintage 2014 postcensal series released by NCHS on June 30, 2015. The population figures for year 2013 are"
"bridged-race estimates of the July 1 resident population, from the Vintage 2013 postcensal series released by NCHS on June 26,"
"2014. The population figures for year 2012 are bridged-race estimates of the July 1 resident population, from the Vintage 2012"
"postcensal series released by NCHS on June 13, 2013. The population figures for year 2011 are bridged-race estimates of the July"
"1 resident population, from the Vintage 2011 postcensal series released by NCHS on July 18, 2012. Population figures for 2010"
"are April 1 Census counts. The population figures for years 2001 - 2009 are bridged-race estimates of the July 1 resident"
"population, from the revised intercensal county-level 2000 - 2009 series released by NCHS on October 26, 2012. Population"
"figures for 2000 are April 1 Census counts. Population figures for 1999 are from the 1990-1999 intercensal series of July 1"
"estimates. Population figures for the infant age groups are the number of live births. <br/><b>Note:</b> Rates and population"
"figures for years 2001 - 2009 differ slightly from previously published reports, due to use of the population estimates which"
"were available at the time of release."